timestamp,slug,working_filename,pile,status,attempts,elapsed_s,cost_usd,size_kb,error
2026-07-29T18:10:59.830620,best-asphalt-driveway-sealer-top-products-for-2026,hero-freshly-sealed-asphalt-sheen.webp,A_REPLACE_PRIORITY,rendered,1,0,0.04,182.5,
2026-07-29T18:19:51.475394,heated-driveway-systems-cost-vs-benefit-analysis,hero-concrete-strip-melting-snow.webp,A_REPLACE_PRIORITY,rendered,1,0,0.04,102.1,
2026-07-29T18:19:55.392411,asphalt-rejuvenator-products-review,hero-faded-gray-asphalt-closeup.webp,A_REPLACE_PRIORITY,rendered,1,0,0.04,526.0,
2026-07-29T18:19:58.504975,driveway-permits-and-regulations-in-tennessee,hero-new-concrete-garage-drive.webp,A_REPLACE_PRIORITY,rendered,1,0,0.04,351.6,
2026-07-29T18:20:02.226449,tar-and-chip-driveway-vs-asphalt-comparison,hero-chip-seal-rural-approach.webp,A_REPLACE_PRIORITY,rendered,1,0,0.04,169.9,
2026-07-29T18:20:05.957712,best-driveway-material-for-alabama-homes,hero-herringbone-paver-frontage.webp,A_REPLACE_PRIORITY,rendered,1,0,0.04,366.4,
2026-07-29T18:20:09.275590,best-driveway-material-for-texas-homes,hero-tire-worn-gravel-tracks.webp,A_REPLACE_PRIORITY,rendered,1,0,0.04,441.1,
2026-07-29T18:20:12.888465,percolation-test-for-driveway-drainage-planning,hero-soil-percolation-test-hole.webp,A_REPLACE_PRIORITY,rendered,1,0,0.04,277.3,
2026-07-29T18:30:07.115442,best-driveway-material-for-wisconsin-homes,hero-sealed-concrete-after-rain.webp,A_REPLACE_PRIORITY,rendered,1,0,0.04,204.6,
2026-07-29T18:30:11.719316,best-driveway-material-for-missouri-homes,hero-new-asphalt-golden-hour.webp,A_REPLACE_PRIORITY,rendered,1,0,0.04,223.1,
2026-07-29T18:30:14.917837,how-to-get-accurate-driveway-quotes-from-contractors,hero-fresh-concrete-repair-patch.webp,A_REPLACE_PRIORITY,rendered,1,0,0.04,137.8,
2026-07-29T18:32:40.706458,best-driveway-material-for-kentucky-homes,hero-weathered-cobblestone-moss-joints.webp,A_REPLACE_PRIORITY,rendered,3,5.0,0.04,420.5,
2026-07-29T18:32:44.064240,concrete-vs-asphalt-driveway-the-ultimate-2026-comparison,hero-concrete-meets-asphalt-curb.webp,A_REPLACE_PRIORITY,rendered,1,2.8,0.04,230.8,
2026-07-29T18:32:47.923385,driveway-contractor-email-marketing-staying-in-touch,hero-sealed-paver-border-drive.webp,A_REPLACE_PRIORITY,rendered,1,3.4,0.04,162.2,
2026-07-29T18:32:51.403954,best-driveway-material-for-florida-homes,hero-broomed-concrete-expansion-joints.webp,A_REPLACE_PRIORITY,rendered,1,3.0,0.04,146.4,
2026-07-29T18:32:55.167913,driveway-permits-and-regulations-in-idaho,hero-long-gravel-fence-line.webp,A_REPLACE_PRIORITY,rendered,1,3.3,0.04,335.7,
2026-07-29T18:32:58.399338,best-de-icing-products-for-driveways-salt-vs-chemical-vs-natural,hero-rock-salt-icy-concrete.webp,A_REPLACE_PRIORITY,rendered,1,2.7,0.04,137.2,
2026-07-29T18:33:02.175853,driveway-material-comparison-cost-rankings,hero-crushed-stone-aggregate-detail.webp,A_REPLACE_PRIORITY,rendered,1,3.3,0.04,153.2,
2026-07-29T18:33:05.345315,driveway-polymer-overlay-decorative-and-protective,hero-stamped-resin-stone-pattern.webp,A_REPLACE_PRIORITY,rendered,1,2.7,0.04,130.9,
2026-07-29T18:33:09.818870,concrete-driveway-cost-in-michigan-2026-price-guide,hero-fresh-broom-finish-texture.webp,A_REPLACE_PRIORITY,rendered,1,4.0,0.04,113.7,
2026-07-29T18:33:13.867164,best-driveway-material-for-michigan-homes,hero-cracked-asphalt-rain-patches.webp,A_REPLACE_PRIORITY,rendered,1,3.5,0.04,252.5,
2026-07-29T18:33:17.970033,asphalt-driveway-cost-in-louisiana-local-pricing,hero-cracked-asphalt-crumbling-edges.webp,A_REPLACE_PRIORITY,rendered,1,3.6,0.04,167.0,
2026-07-29T18:33:22.376421,best-driveway-material-for-illinois-homes,hero-weathered-clay-paver-drive.webp,A_REPLACE_PRIORITY,rendered,1,3.9,0.04,383.4,
2026-07-29T18:33:25.824435,best-driveway-material-for-new-york-homes,hero-stamped-concrete-sunset-glow.webp,A_REPLACE_PRIORITY,rendered,1,2.9,0.04,312.2,
2026-07-29T18:33:29.282423,best-driveway-material-for-south-carolina-homes,hero-wet-chip-seal-rural-drive.webp,A_REPLACE_PRIORITY,rendered,1,2.9,0.04,228.0,
2026-07-29T18:33:32.459882,best-material-long-rural-driveway,hero-gravel-drive-open-meadow.webp,A_REPLACE_PRIORITY,rendered,1,2.7,0.04,303.3,
2026-07-29T18:33:36.330924,driveway-signage-stop-signs-speed-limits-and-address-markers,hero-paver-apron-street-entry.webp,A_REPLACE_PRIORITY,rendered,1,3.4,0.04,134.0,
2026-07-29T18:33:39.836004,driveway-expert-witness-when-disputes-need-professional-opinion,hero-cracked-concrete-slab-detail.webp,A_REPLACE_PRIORITY,rendered,1,3.0,0.04,217.1,
2026-07-29T18:33:42.983462,best-driveway-material-for-heavy-snow-regions-longevity-focus,hero-wet-sealed-concrete-drive.webp,A_REPLACE_PRIORITY,rendered,1,2.6,0.04,144.5,
2026-07-29T18:33:46.120162,asphalt-driveway-cost-in-connecticut-local-pricing,hero-fresh-asphalt-texture-closeup.webp,A_REPLACE_PRIORITY,rendered,1,2.6,0.04,165.5,
2026-07-29T18:33:49.799714,chip-seal-driveways-costs-and-longevity,hero-chip-seal-stone-texture.webp,A_REPLACE_PRIORITY,rendered,1,3.2,0.04,126.6,
2026-07-29T18:33:53.947639,driveway-permits-and-regulations-in-wisconsin,hero-staked-driveway-excavation-site.webp,A_REPLACE_PRIORITY,rendered,1,3.6,0.04,286.1,
2026-07-29T18:33:57.137966,property-tax-impact-of-driveway-improvements,hero-new-paver-drive-lawn.webp,A_REPLACE_PRIORITY,rendered,1,2.7,0.04,152.1,
2026-07-29T18:34:02.436272,driveway-base-subgrade,hero-compacted-gravel-base-layer.webp,A_REPLACE_PRIORITY,rendered,1,4.8,0.04,551.2,
2026-07-29T18:34:07.017708,best-driveway-material-for-ohio-homes,hero-smooth-concrete-suburban-drive.webp,A_REPLACE_PRIORITY,rendered,1,4.1,0.04,229.5,
2026-07-29T18:34:10.710084,driveway-pothole-repair-step-by-step-fix-guide,hero-pothole-fresh-patch-asphalt.webp,A_REPLACE_PRIORITY,rendered,1,3.2,0.04,158.9,
2026-07-29T18:34:14.759607,resin-bound-driveway-cost-per-square-foot-guide,hero-resin-bound-aggregate-texture.webp,A_REPLACE_PRIORITY,rendered,1,3.5,0.04,179.7,
2026-07-29T18:34:17.903530,resin-vs-block-paving-driveway-a-full-comparison,hero-resin-meets-paver-edge.webp,A_REPLACE_PRIORITY,rendered,1,2.6,0.04,100.4,
2026-07-29T18:34:21.223643,best-driveway-material-for-washington-homes,hero-rain-dark-asphalt-frontage.webp,A_REPLACE_PRIORITY,rendered,1,2.8,0.04,150.4,
2026-07-29T18:34:26.215970,budget-driveway-small-urban-lot,hero-ribbon-driveway-grass-median.webp,A_REPLACE_PRIORITY,rendered,1,4.5,0.04,263.7,
2026-07-29T18:34:29.782300,channel-drain-options-for-driveways,hero-channel-drain-grate-concrete.webp,A_REPLACE_PRIORITY,rendered,1,3.1,0.04,156.3,
2026-07-29T18:34:34.049838,driveway-roi-how-much-does-a-new-driveway-add-to-home-value,hero-evening-light-paver-drive.webp,A_REPLACE_PRIORITY,rendered,1,3.8,0.04,184.5,
2026-07-29T18:34:37.458537,best-driveway-material-for-california-homes,hero-sunlit-concrete-drive-entry.webp,A_REPLACE_PRIORITY,rendered,1,2.9,0.04,389.1,
2026-07-29T18:34:41.625303,driveway-sealing-cost-diy-vs-professional,hero-half-sealed-asphalt-drive.webp,A_REPLACE_PRIORITY,rendered,1,3.7,0.04,185.0,
2026-07-29T18:34:45.743291,best-driveway-material-for-virginia-homes,hero-weathered-asphalt-country-lane.webp,A_REPLACE_PRIORITY,rendered,1,3.6,0.04,408.9,
2026-07-29T18:34:49.810573,concrete-driveway-cost-in-north-carolina-2026-price-guide,hero-new-concrete-sawn-joints.webp,A_REPLACE_PRIORITY,rendered,1,3.6,0.04,258.2,
2026-07-29T18:34:53.385692,concrete-driveway-cost-in-ohio-2026-price-guide,hero-fresh-concrete-pour-forms.webp,A_REPLACE_PRIORITY,rendered,1,3.1,0.04,363.8,
2026-07-29T18:34:57.117077,driveway-slurry-seal-thin-protective-layer-application,hero-slurry-coated-asphalt-surface.webp,A_REPLACE_PRIORITY,rendered,1,3.2,0.04,425.5,
2026-07-29T18:35:00.855946,best-driveway-material-for-new-hampshire-homes,hero-weathered-paver-front-entry.webp,A_REPLACE_PRIORITY,rendered,1,3.2,0.04,109.6,
2026-07-29T18:35:04.773685,best-driveway-material-for-north-carolina-homes,hero-cobblestone-drive-evening-glow.webp,A_REPLACE_PRIORITY,rendered,1,3.4,0.04,303.0,
2026-07-29T18:35:08.622864,driveway-permits-and-regulations-in-kentucky,hero-concrete-apron-at-curb-cut.webp,A_REPLACE_PRIORITY,rendered,1,3.3,0.04,302.4,
2026-07-29T18:35:12.458647,driveway-sealing,hero-sealcoat-glossy-wet-edge.webp,A_REPLACE_PRIORITY,rendered,1,3.3,0.04,267.8,
2026-07-29T18:35:16.244995,driveway-water-absorption-rate-material-porosity-comparison,hero-water-beads-sealed-concrete.webp,A_REPLACE_PRIORITY,rendered,1,3.3,0.04,244.4,
2026-07-29T18:35:20.509952,accessible-driveway-design-ada-considerations,hero-wide-flush-concrete-entry-ramp.webp,A_REPLACE_PRIORITY,rendered,1,3.8,0.04,387.8,
2026-07-29T18:35:23.829541,asphalt-driveway-cost-in-arizona-local-pricing,hero-fresh-asphalt-mat-texture.webp,A_REPLACE_PRIORITY,rendered,1,2.8,0.04,177.8,
2026-07-29T18:35:27.716896,asphalt-driveway-cost-in-west-virginia-local-pricing,hero-cracked-asphalt-exposed-aggregate-stones.webp,A_REPLACE_PRIORITY,rendered,1,3.4,0.04,240.4,
2026-07-29T18:35:31.442962,asphalt-sealing-best-products-and-application-tips,hero-sealcoat-brush-strokes-blacktop.webp,A_REPLACE_PRIORITY,rendered,1,3.2,0.04,308.6,
2026-07-29T18:35:35.160009,best-budget-driveway-material-for-hot-climates,hero-gravel-lane-dry-sun.webp,A_REPLACE_PRIORITY,rendered,1,3.2,0.04,314.2,
2026-07-29T18:35:40.187106,best-driveway-material-for-coastal-and-salt-air-environments,hero-salt-stained-weathered-concrete.webp,A_REPLACE_PRIORITY,rendered,1,4.5,0.04,376.2,
2026-07-29T18:35:44.323121,best-driveway-material-for-hot-climates-longevity-focus,hero-brick-pavers-harsh-midday-sun.webp,A_REPLACE_PRIORITY,rendered,1,3.6,0.04,145.5,
2026-07-29T18:35:49.296658,best-driveway-material-for-west-virginia-homes,hero-gravel-bend-open-pasture.webp,A_REPLACE_PRIORITY,rendered,1,4.5,0.04,289.8,
2026-07-29T18:35:53.511306,coastal-regions-best-driveway-materials-for-california,hero-cobblestone-rounded-stones-dusk-light.webp,A_REPLACE_PRIORITY,rendered,1,3.7,0.04,177.8,
2026-07-29T18:35:57.296177,cold-climates-best-driveway-materials-for-michigan,hero-frost-dusted-concrete-morning.webp,A_REPLACE_PRIORITY,rendered,1,3.3,0.04,306.0,
2026-07-29T18:36:01.085854,driveway-before-and-after-concrete-transformation-gallery,hero-weathered-meets-fresh-concrete-pour.webp,A_REPLACE_PRIORITY,rendered,1,3.3,0.04,356.2,
2026-07-29T18:36:05.136103,driveway-concrete-reinforcement-methods-compared,hero-steel-rebar-grid-gravel-base.webp,A_REPLACE_PRIORITY,rendered,1,3.5,0.04,570.9,
2026-07-29T18:36:10.435593,driveway-paint-remover-safe-options-for-different-surfaces,hero-faded-paint-stain-concrete.webp,A_REPLACE_PRIORITY,rendered,1,4.8,0.04,277.2,
2026-07-29T18:36:14.696863,driveway-permits-and-regulations-in-arkansas,hero-driveway-apron-sidewalk-crossing.webp,A_REPLACE_PRIORITY,rendered,1,3.8,0.04,392.9,
2026-07-29T18:36:18.451065,driveway-permits-and-regulations-in-utah,hero-wide-curb-cut-entry.webp,A_REPLACE_PRIORITY,rendered,1,3.3,0.04,268.1,
2026-07-29T18:36:22.731035,driveway-weed-barrier-installation-under-pavers-and-gravel,hero-weed-barrier-fabric-gravel-base.webp,A_REPLACE_PRIORITY,rendered,1,3.8,0.04,419.9,
2026-07-29T18:36:27.288998,gravel-vs-paved-driveway-which-is-right-for-you,hero-loose-gravel-asphalt-edge.webp,A_REPLACE_PRIORITY,rendered,1,4.1,0.04,123.3,
2026-07-29T18:36:30.716691,hot-climates-best-driveway-materials-for-arizona,hero-pale-concrete-harsh-sun.webp,A_REPLACE_PRIORITY,rendered,1,2.9,0.04,219.0,
2026-07-29T18:36:34.337175,understanding-driveway-warranties-whats-covered,hero-cracked-concrete-slab-golden-light.webp,A_REPLACE_PRIORITY,rendered,1,3.1,0.04,247.1,
2026-07-29T18:36:38.940382,when-can-you-drive-and-park-on-a-new-driveway,hero-fresh-concrete-curing-sheen.webp,A_REPLACE_PRIORITY,rendered,1,4.1,0.04,249.5,
2026-07-29T18:36:43.255922,acid-staining-a-concrete-driveway-unique-effects,hero-acid-stained-swirl-pattern.webp,B_REPLACE_BULK,rendered,1,3.8,0.04,221.9,
2026-07-29T18:36:47.401228,airbnb-driveway-requirements-parking-for-short-term-rentals,hero-wide-paver-parking-apron.webp,B_REPLACE_BULK,rendered,1,3.6,0.04,402.4,
2026-07-29T18:36:51.243234,annual-driveway-maintenance-costs-by-material-type,hero-sealant-band-half-finished-asphalt.webp,B_REPLACE_BULK,rendered,1,3.3,0.04,250.6,
2026-07-29T18:36:54.884672,ant-hill-prevention-in-paver-driveways,hero-ant-hill-sand-mounds-pavers.webp,B_REPLACE_BULK,rendered,1,3.1,0.04,154.2,
2026-07-29T18:36:58.055818,anti-ice-coatings-for-driveways,hero-glossy-anti-ice-coating-concrete.webp,B_REPLACE_BULK,rendered,1,2.7,0.04,154.1,
2026-07-29T18:37:01.356905,apartment-complex-driveway-design,hero-wide-asphalt-entry-parking-bays.webp,B_REPLACE_BULK,rendered,1,2.8,0.04,364.2,
2026-07-29T18:37:04.819443,asphalt-compaction-tools-and-techniques,hero-plate-compactor-fresh-asphalt-mat.webp,B_REPLACE_BULK,rendered,1,3.0,0.04,217.7,
2026-07-29T18:37:09.642360,asphalt-driveway-alligator-cracking-what-it-means-and-how-to-fix-it,hero-alligator-crack-pattern-asphalt.webp,B_REPLACE_BULK,rendered,1,4.3,0.04,350.5,
2026-07-29T18:37:12.917369,asphalt-driveway-cost-in-alabama-local-pricing,hero-fresh-asphalt-aggregate-texture.webp,B_REPLACE_BULK,rendered,1,2.8,0.04,284.6,
2026-07-29T18:37:16.668898,asphalt-driveway-cost-in-alaska-local-pricing,hero-asphalt-edge-form-board.webp,B_REPLACE_BULK,rendered,1,3.2,0.04,233.3,
2026-07-29T18:37:22.447005,asphalt-driveway-cost-in-arkansas-local-pricing,hero-long-asphalt-drive-sunset.webp,B_REPLACE_BULK,rendered,1,5.3,0.04,380.2,
2026-07-29T18:37:27.339768,asphalt-driveway-cost-in-california-local-pricing,hero-rain-beaded-sealed-asphalt.webp,B_REPLACE_BULK,rendered,1,4.4,0.04,189.3,
2026-07-29T18:37:31.246325,asphalt-driveway-cost-in-colorado-local-pricing,hero-asphalt-patch-seam-detail.webp,B_REPLACE_BULK,rendered,1,3.4,0.04,232.7,
2026-07-29T18:37:35.076696,asphalt-driveway-cost-in-delaware-local-pricing,hero-new-asphalt-crisp-lawn-edge.webp,B_REPLACE_BULK,rendered,1,3.3,0.04,190.9,
2026-07-29T18:37:38.884983,asphalt-driveway-cost-in-florida-local-pricing,hero-oil-spotted-faded-asphalt.webp,B_REPLACE_BULK,rendered,1,3.3,0.04,261.9,
2026-07-29T18:37:43.377533,asphalt-driveway-cost-in-georgia-local-pricing,hero-asphalt-meets-gravel-shoulder.webp,B_REPLACE_BULK,rendered,1,4.0,0.04,112.8,
2026-07-29T18:37:47.192293,asphalt-driveway-cost-in-idaho-local-pricing,hero-tack-coat-milled-joint.webp,B_REPLACE_BULK,rendered,1,3.3,0.04,191.4,
2026-07-29T18:37:51.180857,asphalt-driveway-cost-in-illinois-local-pricing,hero-wet-sealed-asphalt-reflections.webp,B_REPLACE_BULK,rendered,1,3.5,0.04,180.7,
2026-07-29T18:37:56.415593,asphalt-driveway-cost-in-indiana-local-pricing,hero-hairline-cracks-gray-asphalt.webp,B_REPLACE_BULK,rendered,1,4.7,0.04,206.9,
2026-07-29T18:38:01.880029,asphalt-driveway-cost-in-iowa-local-pricing,hero-weathered-asphalt-field-lane.webp,B_REPLACE_BULK,rendered,1,5.0,0.04,313.9,
2026-07-29T18:38:06.317064,asphalt-driveway-cost-in-kansas-local-pricing,hero-roller-marks-fresh-asphalt.webp,B_REPLACE_BULK,rendered,1,3.9,0.04,182.5,
2026-07-29T18:38:10.198495,asphalt-driveway-cost-in-kentucky-local-pricing,hero-patched-tire-paths-asphalt.webp,B_REPLACE_BULK,rendered,1,3.4,0.04,213.1,
2026-07-29T18:38:13.387306,asphalt-driveway-cost-in-maine-local-pricing,hero-fresh-asphalt-rain-sheen.webp,B_REPLACE_BULK,rendered,1,2.7,0.04,198.1,
2026-07-29T18:38:16.816011,asphalt-driveway-cost-in-maryland-local-pricing,hero-new-asphalt-curb-apron.webp,B_REPLACE_BULK,rendered,1,2.9,0.04,200.2,
2026-07-29T18:38:21.045322,asphalt-driveway-cost-in-massachusetts-local-pricing,hero-grass-edged-weathered-asphalt.webp,B_REPLACE_BULK,rendered,1,3.7,0.04,571.7,
2026-07-29T18:38:24.247688,asphalt-driveway-cost-in-michigan-local-pricing,hero-crack-sealant-ribbon-damp.webp,B_REPLACE_BULK,rendered,1,2.7,0.04,206.7,
2026-07-29T18:38:28.508827,asphalt-driveway-cost-in-minnesota-local-pricing,hero-cracked-drive-bright-sun.webp,B_REPLACE_BULK,rendered,1,3.8,0.04,290.6,
2026-07-29T18:38:32.056271,asphalt-driveway-cost-in-mississippi-local-pricing,hero-fresh-asphalt-sawn-edge.webp,B_REPLACE_BULK,rendered,1,3.0,0.04,95.6,
2026-07-29T18:38:35.251325,asphalt-driveway-cost-in-missouri-local-pricing,hero-fresh-asphalt-mat-overcast.webp,B_REPLACE_BULK,rendered,1,2.7,0.04,332.5,
2026-07-29T18:38:38.885514,asphalt-driveway-cost-in-montana-local-pricing,hero-asphalt-drive-open-fields.webp,B_REPLACE_BULK,rendered,1,3.1,0.04,219.4,
2026-07-29T18:38:42.069007,asphalt-driveway-cost-in-nebraska-local-pricing,hero-faded-asphalt-exposed-stones.webp,B_REPLACE_BULK,rendered,1,2.7,0.04,198.0,
2026-07-29T18:38:45.331325,asphalt-driveway-cost-in-nevada-local-pricing,hero-sun-baked-asphalt-frontage.webp,B_REPLACE_BULK,rendered,1,2.8,0.04,199.6,
2026-07-29T18:38:49.510993,asphalt-driveway-cost-in-new-hampshire-local-pricing,hero-asphalt-edge-form-boards.webp,B_REPLACE_BULK,rendered,1,3.7,0.04,158.4,
2026-07-29T18:38:53.113497,asphalt-driveway-cost-in-new-jersey-local-pricing,hero-sealed-asphalt-wet-sheen.webp,B_REPLACE_BULK,rendered,1,3.1,0.04,155.1,
2026-07-29T18:38:57.874990,asphalt-driveway-cost-in-new-mexico-local-pricing,hero-cracked-asphalt-dry-grass.webp,B_REPLACE_BULK,rendered,1,4.3,0.04,255.1,
2026-07-29T18:39:01.976002,asphalt-driveway-cost-in-new-york-local-pricing,hero-asphalt-patch-repair-closeup.webp,B_REPLACE_BULK,rendered,1,3.6,0.04,259.1,
2026-07-29T18:39:05.197113,asphalt-driveway-cost-in-north-carolina-local-pricing,hero-curved-asphalt-drive-midday.webp,B_REPLACE_BULK,rendered,1,2.7,0.04,400.4,
2026-07-29T18:39:08.976603,asphalt-driveway-cost-in-north-dakota-local-pricing,hero-straight-asphalt-rural-lane.webp,B_REPLACE_BULK,rendered,1,3.3,0.04,175.6,
2026-07-29T18:39:13.993031,asphalt-driveway-cost-in-oklahoma-local-pricing,hero-asphalt-crack-filler-line.webp,B_REPLACE_BULK,rendered,1,4.5,0.04,240.4,
2026-07-29T18:39:22.432400,asphalt-driveway-cost-in-oregon-local-pricing,hero-rain-beaded-asphalt-closeup.webp,B_REPLACE_BULK,rendered,1,7.9,0.04,247.0,
2026-07-29T18:39:26.392661,asphalt-driveway-cost-in-pennsylvania-local-pricing,hero-asphalt-lute-fresh-mat.webp,B_REPLACE_BULK,rendered,1,3.5,0.04,266.2,
2026-07-29T18:39:30.381215,asphalt-driveway-cost-in-rhode-island-local-pricing,hero-short-sealed-asphalt-drive.webp,B_REPLACE_BULK,rendered,1,3.5,0.04,165.2,
2026-07-29T18:39:34.565795,asphalt-driveway-cost-in-south-carolina-local-pricing,hero-roller-marked-fresh-asphalt.webp,B_REPLACE_BULK,rendered,1,3.7,0.04,210.8,
2026-07-29T18:39:39.525313,asphalt-driveway-cost-in-south-dakota-local-pricing,hero-weathered-asphalt-fence-posts.webp,B_REPLACE_BULK,rendered,1,4.5,0.04,156.0,
2026-07-29T18:39:43.230382,asphalt-driveway-cost-in-tennessee-local-pricing,hero-crumbling-asphalt-edge-closeup.webp,B_REPLACE_BULK,rendered,1,3.2,0.04,149.0,
2026-07-29T18:39:47.365376,asphalt-driveway-cost-in-texas-local-pricing,hero-wide-asphalt-drive-midday.webp,B_REPLACE_BULK,rendered,1,3.6,0.04,423.2,
2026-07-29T18:39:51.552870,asphalt-driveway-cost-in-utah-local-pricing,hero-old-new-asphalt-joint.webp,B_REPLACE_BULK,rendered,1,3.7,0.04,179.0,
2026-07-29T18:39:55.545614,asphalt-driveway-cost-in-vermont-local-pricing,hero-asphalt-lane-fallen-leaves.webp,B_REPLACE_BULK,rendered,1,3.5,0.04,468.0,
2026-07-29T18:39:59.099874,asphalt-driveway-cost-in-virginia-local-pricing,hero-clean-edged-sealed-drive.webp,B_REPLACE_BULK,rendered,1,3.0,0.04,306.6,
2026-07-29T18:40:02.630415,asphalt-driveway-cost-in-washington-local-pricing,hero-wet-asphalt-gray-reflection.webp,B_REPLACE_BULK,rendered,1,3.0,0.04,145.7,
2026-07-29T18:40:06.702037,asphalt-driveway-cost-in-wisconsin-local-pricing,hero-cold-patch-pothole-repair.webp,B_REPLACE_BULK,rendered,1,3.6,0.04,215.3,
2026-07-29T18:40:10.629236,asphalt-driveway-cost-in-wyoming-local-pricing,hero-asphalt-ribbon-open-horizon.webp,B_REPLACE_BULK,rendered,1,3.4,0.04,314.0,
2026-07-29T18:40:16.777624,asphalt-driveway-cost-per-square-foot-guide,hero-asphalt-fine-aggregate-texture.webp,B_REPLACE_BULK,rendered,1,5.6,0.04,312.9,
2026-07-29T18:40:20.709852,asphalt-driveway-crack-repair-diy-methods-that-work,hero-asphalt-crack-sealant-line.webp,B_REPLACE_BULK,rendered,1,3.4,0.04,162.3,
2026-07-29T18:40:24.776496,asphalt-driveway-installation-step-by-step-guide,hero-fresh-asphalt-mat-screed-edge.webp,B_REPLACE_BULK,rendered,1,3.6,0.04,247.8,
2026-07-29T18:40:28.040979,asphalt-driveway-lifespan-factors-that-affect-longevity,hero-weathered-asphalt-faded-frontage.webp,B_REPLACE_BULK,rendered,1,2.8,0.04,173.5,
2026-07-29T18:40:31.586160,asphalt-driveway-thickness-residential-vs-commercial,hero-asphalt-layer-edge-profile.webp,B_REPLACE_BULK,rendered,1,3.0,0.04,134.6,
2026-07-29T18:40:36.482556,asphalt-oil-price-impact-on-driveway-costs,hero-asphalt-sealcoat-roller-marks.webp,B_REPLACE_BULK,rendered,1,4.4,0.04,213.1,
2026-07-29T18:40:40.237377,asphalt-overlay-costs-and-considerations,hero-overlay-meets-old-asphalt.webp,B_REPLACE_BULK,rendered,1,3.2,0.04,135.1,
2026-07-29T18:40:43.463737,asphalt-overlay-on-concrete-driveway-can-it-be-done,hero-asphalt-overlay-concrete-joint.webp,B_REPLACE_BULK,rendered,1,2.7,0.04,135.9,
2026-07-29T18:40:47.288481,asphalt-vs-concrete-in-hot-climates-heat-and-uv-resistance,hero-half-asphalt-half-concrete.webp,B_REPLACE_BULK,rendered,1,3.3,0.04,362.9,
2026-07-29T18:40:50.985413,asphalt-vs-gravel-driveway-long-term-cost-analysis,hero-asphalt-edge-meets-gravel.webp,B_REPLACE_BULK,rendered,1,3.2,0.04,106.4,
2026-07-29T18:40:54.745614,average-driveway-replacement-cost-by-material,hero-broken-concrete-slab-edge.webp,B_REPLACE_BULK,rendered,1,3.3,0.04,330.7,
2026-07-29T18:40:57.877023,basalt-driveway,hero-dark-basalt-paver-drive.webp,B_REPLACE_BULK,rendered,1,2.6,0.04,180.1,
2026-07-29T18:41:01.736394,before-and-after-driveway-renovation-photo-gallery-ideas,hero-concrete-half-resurfaced-drive.webp,B_REPLACE_BULK,rendered,1,3.4,0.04,214.9,
2026-07-29T18:41:06.627743,best-budget-driveway-for-clay-soil,hero-gravel-drive-clay-verge.webp,B_REPLACE_BULK,rendered,1,4.4,0.04,237.7,
2026-07-29T18:41:10.187400,best-budget-driveway-for-coastal-homes,hero-shell-gravel-frontage.webp,B_REPLACE_BULK,rendered,1,3.1,0.04,102.6,
2026-07-29T18:41:13.929230,best-budget-driveway-for-sandy-soil,hero-gravel-drive-sandy-shoulder.webp,B_REPLACE_BULK,rendered,1,3.2,0.04,188.4,
2026-07-29T18:41:17.196218,best-budget-driveway-material-for-heavy-snow-regions,hero-broomed-concrete-snow-dusting.webp,B_REPLACE_BULK,rendered,1,2.8,0.04,397.3,
2026-07-29T18:41:22.107310,best-concrete-driveway-sealer-penetrating-vs-film-forming,hero-sealed-concrete-half-sheen.webp,B_REPLACE_BULK,rendered,1,4.4,0.04,232.9,
2026-07-29T18:41:25.818313,best-driveway-designs-on-pinterest-inspiration-board,hero-paver-fan-pattern-frontage.webp,B_REPLACE_BULK,rendered,1,3.2,0.04,129.3,
2026-07-29T18:41:29.912646,best-driveway-for-desert-heat-and-sun-exposure,hero-faded-pale-concrete-sun.webp,B_REPLACE_BULK,rendered,1,3.6,0.04,188.5,
2026-07-29T18:41:33.335188,best-driveway-for-florida-heat-and-humidity,hero-damp-sealed-concrete-drive.webp,B_REPLACE_BULK,rendered,1,2.9,0.04,253.6,
2026-07-29T18:41:38.045241,best-driveway-for-rainy-and-wet-climates,hero-permeable-paver-rain-joints.webp,B_REPLACE_BULK,rendered,1,4.2,0.04,179.5,
2026-07-29T18:41:41.256572,best-driveway-for-texas-heat-and-expansive-clay-soil,hero-sun-baked-cracked-concrete.webp,B_REPLACE_BULK,rendered,1,2.7,0.04,213.5,
2026-07-29T18:41:45.444745,best-driveway-hoa-neighborhoods,hero-neat-sealed-paver-frontage.webp,B_REPLACE_BULK,rendered,1,3.7,0.04,347.1,
2026-07-29T18:41:48.737374,best-driveway-luxury-homes,hero-cobblestone-curved-estate-drive.webp,B_REPLACE_BULK,rendered,1,2.8,0.04,309.0,
2026-07-29T18:41:52.353640,best-driveway-material-for-alaska-homes,hero-sealed-asphalt-snow-cleared-edges.webp,B_REPLACE_BULK,rendered,1,3.1,0.04,77.6,
2026-07-29T18:41:55.583538,best-driveway-material-for-arizona-homes,hero-pale-concrete-drive-bright-sun.webp,B_REPLACE_BULK,rendered,1,2.7,0.04,325.8,
2026-07-29T18:41:59.669246,best-driveway-material-for-arkansas-homes,hero-damp-asphalt-drive-rain-sheen.webp,B_REPLACE_BULK,rendered,1,3.6,0.04,173.8,
2026-07-29T18:42:03.552905,best-driveway-material-for-clay-soil-longevity-focus,hero-compacted-gravel-base-clay-subgrade.webp,B_REPLACE_BULK,rendered,1,3.4,0.04,385.0,
2026-07-29T18:42:07.131130,best-driveway-material-for-colorado-homes,hero-paver-drive-snow-dusted-joints.webp,B_REPLACE_BULK,rendered,1,3.1,0.04,178.8,
2026-07-29T18:42:10.357110,best-driveway-material-for-connecticut-homes,hero-cobblestone-apron-meets-asphalt-drive.webp,B_REPLACE_BULK,rendered,1,2.7,0.04,320.1,
2026-07-29T18:42:14.499360,best-driveway-material-for-delaware-homes,hero-resin-bound-pebble-surface-detail.webp,B_REPLACE_BULK,rendered,1,3.6,0.04,414.4,
2026-07-29T18:42:18.547073,best-driveway-material-for-georgia-homes,hero-new-concrete-drive-tree-shade.webp,B_REPLACE_BULK,rendered,1,3.5,0.04,438.1,
2026-07-29T18:42:23.392168,best-driveway-material-for-hawaii-homes,hero-rain-washed-concrete-drive-puddles.webp,B_REPLACE_BULK,rendered,1,4.3,0.04,157.5,
2026-07-29T18:42:27.303669,best-driveway-material-for-high-water-table-areas,hero-open-graded-gravel-drainage-base.webp,B_REPLACE_BULK,rendered,1,3.4,0.04,344.0,
2026-07-29T18:42:31.025490,best-driveway-material-for-idaho-homes,hero-gravel-drive-ranch-gate-approach.webp,B_REPLACE_BULK,rendered,1,3.2,0.04,214.8,
2026-07-29T18:42:34.309468,best-driveway-material-for-indiana-homes,hero-sealed-asphalt-drive-evening-light.webp,B_REPLACE_BULK,rendered,1,2.8,0.04,189.7,
2026-07-29T18:42:38.009244,best-driveway-material-for-iowa-homes,hero-wide-new-concrete-front-drive.webp,B_REPLACE_BULK,rendered,1,3.2,0.04,217.6,
2026-07-29T18:42:41.533299,best-driveway-material-for-kansas-homes,hero-chip-seal-gravel-shoulder-detail.webp,B_REPLACE_BULK,rendered,1,3.0,0.04,221.0,
2026-07-29T18:42:45.550834,best-driveway-material-for-louisiana-homes,hero-cracked-asphalt-standing-water.webp,B_REPLACE_BULK,rendered,1,3.5,0.04,144.3,
2026-07-29T18:42:49.353670,best-driveway-material-for-maine-homes,hero-gravel-drive-stone-edging.webp,B_REPLACE_BULK,rendered,1,3.3,0.04,445.9,
2026-07-29T18:42:52.670919,best-driveway-material-for-maryland-homes,hero-sealed-brick-paver-entry-drive.webp,B_REPLACE_BULK,rendered,1,2.8,0.04,170.1,
2026-07-29T18:42:57.188985,best-driveway-material-for-massachusetts-homes,hero-tumbled-paver-surface-closeup.webp,B_REPLACE_BULK,rendered,1,4.0,0.04,505.1,
2026-07-29T18:43:01.421525,best-driveway-material-for-minnesota-homes,hero-frost-cracked-concrete-panel-closeup.webp,B_REPLACE_BULK,rendered,1,3.7,0.04,334.8,
2026-07-29T18:43:05.827229,best-driveway-material-for-montana-homes,hero-freshly-graded-gravel-rural-drive.webp,B_REPLACE_BULK,rendered,1,3.9,0.04,266.4,
2026-07-29T18:43:09.715921,best-driveway-material-for-nebraska-homes,hero-fresh-asphalt-mat-compaction.webp,B_REPLACE_BULK,rendered,1,3.4,0.04,292.5,
2026-07-29T18:43:13.478751,best-driveway-material-for-nevada-homes,hero-light-paver-drive-harsh-sun.webp,B_REPLACE_BULK,rendered,1,3.3,0.04,285.3,
2026-07-29T18:43:17.297867,best-driveway-material-for-new-jersey-homes,hero-concrete-drive-brick-edging-strip.webp,B_REPLACE_BULK,rendered,1,3.3,0.04,217.1,
2026-07-29T18:43:21.721879,best-driveway-material-for-new-mexico-homes,hero-decomposed-granite-rural-drive.webp,B_REPLACE_BULK,rendered,1,3.9,0.04,414.5,
2026-07-29T18:43:25.336460,best-driveway-material-for-north-dakota-homes,hero-concrete-drive-snow-cleared-path.webp,B_REPLACE_BULK,rendered,1,3.1,0.04,93.6,
2026-07-29T18:43:30.218254,best-driveway-material-for-oklahoma-homes,hero-tan-paver-frontage-lawn.webp,B_REPLACE_BULK,rendered,1,4.4,0.04,212.5,
2026-07-29T18:43:34.593825,best-driveway-material-for-oregon-homes,hero-smooth-concrete-overcast-frontage.webp,B_REPLACE_BULK,rendered,1,3.9,0.04,137.2,
2026-07-29T18:43:38.389329,best-driveway-material-for-pennsylvania-homes,hero-fresh-asphalt-midday-frontage.webp,B_REPLACE_BULK,rendered,1,3.3,0.04,307.1,
2026-07-29T18:43:41.836293,best-driveway-material-for-resale-value,hero-cobblestone-golden-hour-frontage.webp,B_REPLACE_BULK,rendered,1,2.9,0.04,197.8,
2026-07-29T18:43:45.355851,best-driveway-material-for-rhode-island-homes,hero-weathered-concrete-low-angle.webp,B_REPLACE_BULK,rendered,1,3.0,0.04,237.7,
2026-07-29T18:43:50.370811,best-driveway-material-for-sandy-soil,hero-gravel-over-pale-sand.webp,B_REPLACE_BULK,rendered,1,4.5,0.04,278.7,
2026-07-29T18:43:54.177443,best-driveway-material-for-south-dakota-homes,hero-straight-gravel-rural-approach.webp,B_REPLACE_BULK,rendered,1,3.3,0.04,235.3,
2026-07-29T18:43:58.269717,best-driveway-material-for-steep-slopes-and-hills,hero-broomed-concrete-steep-incline.webp,B_REPLACE_BULK,rendered,1,3.6,0.04,169.2,
2026-07-29T18:44:02.096467,best-driveway-material-for-tennessee-homes,hero-sealed-asphalt-wet-reflections.webp,B_REPLACE_BULK,rendered,1,3.3,0.04,248.0,
2026-07-29T18:44:06.836953,best-driveway-material-for-utah-homes,hero-interlocking-pavers-midday-low-angle.webp,B_REPLACE_BULK,rendered,1,4.2,0.04,289.2,
2026-07-29T18:44:11.465729,best-driveway-material-for-vermont-homes,hero-weathered-gravel-frontage-shrubs.webp,B_REPLACE_BULK,rendered,1,4.1,0.04,278.0,
2026-07-29T18:44:15.412294,best-driveway-material-for-wyoming-homes,hero-open-grassland-gravel-drive.webp,B_REPLACE_BULK,rendered,1,3.4,0.04,263.4,
2026-07-29T18:44:19.020154,best-driveway-rental-property,hero-plain-concrete-modest-frontage.webp,B_REPLACE_BULK,rendered,1,3.1,0.04,179.7,
2026-07-29T18:44:22.343748,best-time-of-year-to-install-a-driveway-for-lower-costs,hero-fresh-concrete-between-forms.webp,B_REPLACE_BULK,rendered,1,2.8,0.04,172.0,
2026-07-29T18:44:26.560275,better-business-bureau-for-driveway-complaints-how-it-works,hero-alligator-cracked-asphalt-detail.webp,B_REPLACE_BULK,rendered,1,3.7,0.04,146.5,
2026-07-29T18:44:30.334176,black-driveway-vs-light-driveway-heat-absorption-and-curb-appeal,hero-dark-asphalt-light-concrete-joint.webp,B_REPLACE_BULK,rendered,1,3.3,0.04,264.1,
2026-07-29T18:44:34.337401,bluerock-driveway-installation-guide,hero-blue-gray-crushed-stone-piles.webp,B_REPLACE_BULK,rendered,1,3.5,0.04,246.9,
2026-07-29T18:44:38.469186,boat-ramp-driveway-modifications,hero-concrete-ramp-to-water-edge.webp,B_REPLACE_BULK,rendered,1,3.6,0.04,385.7,
2026-07-29T18:44:42.201439,bonded-vs-unbonded-driveway-contractors-whats-the-difference,hero-paver-install-edge-restraints.webp,B_REPLACE_BULK,rendered,1,3.2,0.04,353.3,
2026-07-29T18:44:45.480922,brick-driveway-installation-and-maintenance,hero-red-brick-paver-closeup.webp,B_REPLACE_BULK,rendered,1,2.8,0.04,111.8,
2026-07-29T18:44:49.395509,budget-driveway-flood-prone,hero-wet-gravel-puddle-drainage.webp,B_REPLACE_BULK,rendered,1,3.4,0.04,158.0,
2026-07-29T18:44:52.693958,budget-driveway-house-flippers,hero-new-asphalt-plain-home-frontage.webp,B_REPLACE_BULK,rendered,1,2.8,0.04,279.2,
2026-07-29T18:44:55.887099,budget-driveway-makeover-ideas-under-500,hero-fresh-crack-sealant-line.webp,B_REPLACE_BULK,rendered,1,2.7,0.04,165.5,
2026-07-29T18:45:00.411798,budget-long-rural-driveway,hero-winding-gravel-potholes-gray-skies.webp,B_REPLACE_BULK,rendered,1,4.0,0.04,189.7,
2026-07-29T18:45:05.239442,bulk-material-discounts-how-to-save-on-driveway-supplies,hero-aggregate-stockpile-beside-drive.webp,B_REPLACE_BULK,rendered,1,4.3,0.04,182.8,
2026-07-29T18:45:09.558167,carbon-footprint-of-different-driveway-materials,hero-concrete-asphalt-joint-low-angle.webp,B_REPLACE_BULK,rendered,1,3.8,0.04,258.9,
2026-07-29T18:45:14.239837,chip-seal-driveway,hero-fresh-chip-seal-stone-spread.webp,B_REPLACE_BULK,rendered,1,4.2,0.04,240.9,
2026-07-29T18:45:18.053376,circular-driveway-design-and-layout-guide,hero-curved-paver-loop-frontage.webp,B_REPLACE_BULK,rendered,1,3.3,0.04,151.8,
2026-07-29T18:45:22.181564,coastal-regions-best-driveway-materials-for-north-carolina,hero-shell-gravel-sandy-verge.webp,B_REPLACE_BULK,rendered,1,3.6,0.04,347.5,
2026-07-29T18:45:26.763250,cobblestone-driveway-traditional-style-guide,hero-weathered-cobblestone-fan-pattern.webp,B_REPLACE_BULK,rendered,1,4.1,0.04,374.0,
2026-07-29T18:45:31.288397,cobblestone-driveway,hero-cobblestones-set-sand-bed.webp,B_REPLACE_BULK,rendered,1,4.0,0.04,171.0,
2026-07-29T18:45:35.213455,cold-climates-best-driveway-materials-for-minnesota,hero-cracked-asphalt-snow-banks.webp,B_REPLACE_BULK,rendered,1,3.4,0.04,259.1,
2026-07-29T18:45:39.094424,cold-climates-best-driveway-materials-for-new-york,hero-light-snow-brick-paver-drive.webp,B_REPLACE_BULK,rendered,1,3.4,0.04,378.1,
2026-07-29T18:45:44.256746,cold-climates-best-driveway-materials-for-wisconsin,hero-icy-glaze-sealed-concrete.webp,B_REPLACE_BULK,rendered,1,4.7,0.04,237.7,
2026-07-29T18:45:49.395660,colonial-home-driveways-traditional-materials,hero-weathered-brick-paver-frontage.webp,B_REPLACE_BULK,rendered,1,4.6,0.04,209.8,
2026-07-29T18:45:53.250953,colored-concrete-driveways-options-and-durability,hero-terracotta-tinted-concrete-texture.webp,B_REPLACE_BULK,rendered,1,3.4,0.04,141.9,
2026-07-29T18:45:56.414799,commercial-driveway-requirements,hero-thick-concrete-slab-edge.webp,B_REPLACE_BULK,rendered,1,2.7,0.04,111.3,
2026-07-29T18:46:00.396118,common-driveway-project-mistakes-and-how-to-avoid-them,hero-spalled-pitted-concrete-closeup.webp,B_REPLACE_BULK,rendered,1,3.5,0.04,520.0,
2026-07-29T18:46:04.396810,complete-driveway-buying-guide-for-first-time-homeowners,hero-new-concrete-neat-lawn-edges.webp,B_REPLACE_BULK,rendered,1,3.5,0.04,291.8,
2026-07-29T18:46:08.439435,concrete-driveway-air-entrainment-freeze-thaw-protection,hero-concrete-surface-pinhole-voids.webp,B_REPLACE_BULK,rendered,1,3.5,0.04,285.9,
2026-07-29T18:46:12.529136,concrete-driveway-color-hardener-application-and-benefits,hero-pigment-dusted-fresh-concrete.webp,B_REPLACE_BULK,rendered,1,3.6,0.04,184.6,
2026-07-29T18:46:16.302258,concrete-driveway-cost-in-alabama-2026-price-guide,hero-screed-board-wet-concrete.webp,B_REPLACE_BULK,rendered,1,3.3,0.04,92.7,
2026-07-29T18:46:20.443308,concrete-driveway-cost-in-alaska-2026-price-guide,hero-broom-lines-fresh-concrete.webp,B_REPLACE_BULK,rendered,1,3.6,0.04,263.3,
2026-07-29T18:46:23.965961,concrete-driveway-cost-in-arizona-2026-price-guide,hero-fresh-sawn-control-joint.webp,B_REPLACE_BULK,rendered,1,3.0,0.04,87.0,
2026-07-29T18:46:28.012352,concrete-driveway-cost-in-arkansas-2026-price-guide,hero-curing-blanket-half-slab.webp,B_REPLACE_BULK,rendered,1,3.5,0.04,117.5,
2026-07-29T18:46:31.360863,concrete-driveway-cost-in-california-2026-price-guide,hero-trowel-sweeps-fresh-concrete.webp,B_REPLACE_BULK,rendered,1,2.8,0.04,124.4,
2026-07-29T18:46:34.646789,concrete-driveway-cost-in-colorado-2026-price-guide,hero-wood-forms-fresh-pour-edge.webp,B_REPLACE_BULK,rendered,1,2.8,0.04,155.1,
2026-07-29T18:46:38.415241,concrete-driveway-cost-in-connecticut-2026-price-guide,hero-low-angle-damp-concrete-sheen.webp,B_REPLACE_BULK,rendered,1,3.3,0.04,131.7,
2026-07-29T18:46:42.312391,concrete-driveway-cost-in-delaware-2026-price-guide,hero-edging-groove-fresh-concrete.webp,B_REPLACE_BULK,rendered,1,3.4,0.04,167.9,
2026-07-29T18:46:45.471609,concrete-driveway-cost-in-florida-2026-price-guide,hero-puddles-new-concrete-slab.webp,B_REPLACE_BULK,rendered,1,2.7,0.04,150.3,
2026-07-29T18:46:49.163676,concrete-driveway-cost-in-georgia-2026-price-guide,hero-screed-board-fresh-pour.webp,B_REPLACE_BULK,rendered,1,3.2,0.04,145.0,
2026-07-29T18:46:53.698362,concrete-driveway-cost-in-hawaii-2026-price-guide,hero-steel-trowel-arcs-wet-slab.webp,B_REPLACE_BULK,rendered,1,4.0,0.04,108.1,
2026-07-29T18:46:58.397137,concrete-driveway-cost-in-idaho-2026-price-guide,hero-matte-sealed-concrete-frontage.webp,B_REPLACE_BULK,rendered,1,4.2,0.04,201.6,
2026-07-29T18:47:01.760553,concrete-driveway-cost-in-illinois-2026-price-guide,hero-lumber-forms-awaiting-pour.webp,B_REPLACE_BULK,rendered,1,2.9,0.04,275.0,
2026-07-29T18:47:06.839915,concrete-driveway-cost-in-iowa-2026-price-guide,hero-hairline-shrinkage-cracks-closeup.webp,B_REPLACE_BULK,rendered,1,4.6,0.04,270.3,
2026-07-29T18:47:10.496455,concrete-driveway-cost-in-kansas-2026-price-guide,hero-golden-light-smooth-drive-lawn.webp,B_REPLACE_BULK,rendered,1,3.1,0.04,102.2,
2026-07-29T18:47:14.714071,concrete-driveway-cost-in-kentucky-2026-price-guide,hero-bull-float-wet-slab.webp,B_REPLACE_BULK,rendered,1,3.7,0.04,147.7,
2026-07-29T18:47:18.633523,concrete-driveway-cost-in-louisiana-2026-price-guide,hero-moist-sheen-sealed-slab.webp,B_REPLACE_BULK,rendered,1,3.4,0.04,261.7,
2026-07-29T18:47:22.478777,concrete-driveway-cost-in-maine-2026-price-guide,hero-weathered-concrete-grass-verge.webp,B_REPLACE_BULK,rendered,1,3.3,0.04,230.7,
2026-07-29T18:47:26.816023,concrete-driveway-cost-in-massachusetts-2026-price-guide,hero-sawn-joints-shadow-lines.webp,B_REPLACE_BULK,rendered,1,3.8,0.04,379.4,
2026-07-29T18:47:30.711984,concrete-driveway-cost-in-minnesota-2026-price-guide,hero-spalled-concrete-surface-detail.webp,B_REPLACE_BULK,rendered,1,3.4,0.04,131.8,
2026-07-29T18:47:35.149921,concrete-driveway-cost-in-mississippi-2026-price-guide,hero-sealed-drive-shallow-puddles.webp,B_REPLACE_BULK,rendered,1,3.9,0.04,130.4,
2026-07-29T18:47:39.611977,concrete-driveway-cost-in-missouri-2026-price-guide,hero-fresh-slab-exposed-form-edge.webp,B_REPLACE_BULK,rendered,1,4.0,0.04,109.6,
2026-07-29T18:47:43.941619,concrete-driveway-cost-in-montana-2026-price-guide,hero-weathered-slab-open-rangeland.webp,B_REPLACE_BULK,rendered,1,3.8,0.04,312.8,
2026-07-29T18:47:48.070472,concrete-driveway-cost-in-nebraska-2026-price-guide,hero-joint-sealant-bead-closeup.webp,B_REPLACE_BULK,rendered,1,3.6,0.04,124.7,
2026-07-29T18:47:51.773785,concrete-driveway-cost-in-nevada-2026-price-guide,hero-stamped-border-plain-slab.webp,B_REPLACE_BULK,rendered,1,3.2,0.04,329.2,
2026-07-29T18:47:55.063962,concrete-driveway-cost-in-new-hampshire-2026-price-guide,hero-chipped-slab-corner-crack.webp,B_REPLACE_BULK,rendered,1,2.8,0.04,212.7,
2026-07-29T18:47:58.631242,concrete-driveway-cost-in-new-jersey-2026-price-guide,hero-sky-reflection-sealed-slab.webp,B_REPLACE_BULK,rendered,1,3.1,0.04,152.3,
2026-07-29T18:48:03.077120,concrete-driveway-cost-in-new-mexico-2026-price-guide,hero-broom-lines-long-shadows.webp,B_REPLACE_BULK,rendered,1,3.9,0.04,327.4,
2026-07-29T18:48:07.545286,concrete-driveway-cost-in-new-york-2026-price-guide,hero-wire-mesh-on-chairs.webp,B_REPLACE_BULK,rendered,1,4.0,0.04,363.4,
2026-07-29T18:48:11.507851,concrete-driveway-cost-in-north-dakota-2026-price-guide,hero-damp-concrete-farm-track.webp,B_REPLACE_BULK,rendered,1,3.5,0.04,259.8,
2026-07-29T18:48:15.261407,concrete-driveway-cost-in-oklahoma-2026-price-guide,hero-branch-crack-warm-light.webp,B_REPLACE_BULK,rendered,1,3.2,0.04,169.6,
2026-07-29T18:48:18.662756,concrete-driveway-cost-in-oregon-2026-price-guide,hero-patch-edge-feathered-joint.webp,B_REPLACE_BULK,rendered,1,2.9,0.04,118.3,
2026-07-29T18:48:22.379986,concrete-driveway-cost-in-pennsylvania-2026-price-guide,hero-sun-faded-concrete-lane.webp,B_REPLACE_BULK,rendered,1,3.2,0.04,300.2,
2026-07-29T18:48:25.830627,concrete-driveway-cost-in-rhode-island-2026-price-guide,hero-evening-glow-sealed-frontage.webp,B_REPLACE_BULK,rendered,1,2.9,0.04,266.7,
2026-07-29T18:48:29.018506,concrete-driveway-cost-in-south-carolina-2026-price-guide,hero-brushed-concrete-joint-closeup.webp,B_REPLACE_BULK,rendered,1,2.7,0.04,244.8,
2026-07-29T18:48:33.102861,concrete-driveway-cost-in-south-dakota-2026-price-guide,hero-weathered-concrete-pore-texture.webp,B_REPLACE_BULK,rendered,1,3.6,0.04,352.1,
2026-07-29T18:48:38.002782,concrete-driveway-cost-in-tennessee-2026-price-guide,hero-screeded-slab-form-stakes.webp,B_REPLACE_BULK,rendered,1,4.4,0.04,197.7,
2026-07-29T18:48:41.643244,concrete-driveway-cost-in-texas-2026-price-guide,hero-glossy-sealer-coating-closeup.webp,B_REPLACE_BULK,rendered,1,3.1,0.04,171.4,
2026-07-29T18:48:45.213638,concrete-driveway-cost-in-utah-2026-price-guide,hero-bull-float-fresh-slab.webp,B_REPLACE_BULK,rendered,1,3.1,0.04,115.6,
2026-07-29T18:48:49.103485,concrete-driveway-cost-in-vermont-2026-price-guide,hero-sealed-concrete-evening-glow.webp,B_REPLACE_BULK,rendered,1,3.4,0.04,286.0,
2026-07-29T18:48:52.989597,concrete-driveway-cost-in-virginia-2026-price-guide,hero-faded-trowel-arc-texture.webp,B_REPLACE_BULK,rendered,1,3.4,0.04,131.8,
2026-07-29T18:48:57.006536,concrete-driveway-cost-in-washington-2026-price-guide,hero-damp-control-joint-concrete.webp,B_REPLACE_BULK,rendered,1,3.5,0.04,177.8,
2026-07-29T18:49:00.196360,concrete-driveway-cost-in-west-virginia-2026-price-guide,hero-cracked-concrete-lane-fields.webp,B_REPLACE_BULK,rendered,1,2.7,0.04,244.0,
2026-07-29T18:49:04.154340,concrete-driveway-cost-in-wisconsin-2026-price-guide,hero-crisp-sealed-concrete-frontage.webp,B_REPLACE_BULK,rendered,1,3.5,0.04,153.1,
2026-07-29T18:49:08.331191,concrete-driveway-cost-in-wyoming-2026-price-guide,hero-fresh-concrete-rural-approach.webp,B_REPLACE_BULK,rendered,1,3.7,0.04,186.7,
2026-07-29T18:49:12.582402,concrete-driveway-cost-per-square-foot-guide,hero-tape-measure-slab-edge.webp,B_REPLACE_BULK,rendered,1,3.7,0.04,487.4,
2026-07-29T18:49:15.757132,concrete-driveway-crack-repair-causes-and-solutions,hero-deep-crack-concrete-panel.webp,B_REPLACE_BULK,rendered,1,2.7,0.04,241.8,
2026-07-29T18:49:19.324938,concrete-driveway-forms-and-framing-guide,hero-staked-wooden-forms-gravel-trench.webp,B_REPLACE_BULK,rendered,1,3.1,0.04,391.3,
2026-07-29T18:49:23.036191,concrete-driveway-installation-step-by-step-guide,hero-chute-pouring-wet-concrete.webp,B_REPLACE_BULK,rendered,1,3.2,0.04,152.1,
2026-07-29T18:49:26.931295,concrete-driveway-lifespan-how-long-will-it-last,hero-fine-cracks-aged-concrete-drive.webp,B_REPLACE_BULK,rendered,1,3.4,0.04,394.7,
2026-07-29T18:49:31.066615,concrete-driveway-load-testing-structural-verification,hero-thick-slab-corner-profile.webp,B_REPLACE_BULK,rendered,1,3.6,0.04,314.0,
2026-07-29T18:49:34.580367,concrete-driveway-overlays-thin-resurfacing-options,hero-thin-overlay-spread-old-slab.webp,B_REPLACE_BULK,rendered,1,3.0,0.04,94.1,
2026-07-29T18:49:38.403862,concrete-driveway-resurfacing-overlay-options-and-costs,hero-resurfacer-coat-meets-old-concrete.webp,B_REPLACE_BULK,rendered,1,3.3,0.04,231.0,
2026-07-29T18:49:42.380344,concrete-driveway-spalling-causes-prevention-and-repair,hero-spalled-pitted-concrete-surface.webp,B_REPLACE_BULK,rendered,1,3.5,0.04,277.3,
2026-07-29T18:49:46.246608,concrete-driveway-thickness-how-it-affects-cost-and-durability,hero-6-inch-slab-edge-profile.webp,B_REPLACE_BULK,rendered,1,3.4,0.04,167.9,
2026-07-29T18:49:49.980357,concrete-driveway-vs-asphalt-which-is-better-for-your-region,hero-pale-slab-meets-blacktop-seam.webp,B_REPLACE_BULK,rendered,1,3.2,0.04,175.2,
2026-07-29T18:49:53.674782,concrete-driveway-wire-mesh-placement-proper-technique,hero-wire-mesh-grid-over-base.webp,B_REPLACE_BULK,rendered,1,3.2,0.04,179.8,
2026-07-29T18:49:56.866946,concrete-finishing-techniques-for-driveways,hero-edger-groove-fresh-slab-edge.webp,B_REPLACE_BULK,rendered,1,2.7,0.04,114.7,
2026-07-29T18:50:01.064981,concrete-mix-ratios-for-driveways,hero-sand-gravel-cement-mounds.webp,B_REPLACE_BULK,rendered,1,3.7,0.04,341.6,
2026-07-29T18:50:04.682999,concrete-over-asphalt-driveway-feasibility-and-process,hero-concrete-cap-over-asphalt-edge.webp,B_REPLACE_BULK,rendered,1,3.1,0.04,149.2,
2026-07-29T18:50:08.497600,concrete-overlay-options-for-existing-driveways,hero-thin-overlay-sawn-line-detail.webp,B_REPLACE_BULK,rendered,1,3.3,0.04,268.3,
2026-07-29T18:50:12.749064,concrete-polishing-for-residential-driveways,hero-polished-concrete-warm-sheen.webp,B_REPLACE_BULK,rendered,1,3.7,0.04,182.5,
2026-07-29T18:50:17.796057,concrete-price-trends-how-material-costs-affect-your-project,hero-wet-concrete-chute-pour-closeup.webp,B_REPLACE_BULK,rendered,1,4.5,0.04,334.4,
2026-07-29T18:50:21.381034,concrete-repair,hero-repair-mortar-concrete-crack.webp,B_REPLACE_BULK,rendered,1,3.1,0.04,200.6,
2026-07-29T18:50:26.294169,concrete-sealing-how-often-and-why-it-matters,hero-glossy-sealer-concrete-apron.webp,B_REPLACE_BULK,rendered,1,4.4,0.04,218.2,
2026-07-29T18:50:29.799993,concrete-vs-asphalt-vs-gravel-which-driveway-is-best-for-your-home,hero-concrete-slab-meets-gravel-verge.webp,B_REPLACE_BULK,rendered,1,3.0,0.04,234.5,
2026-07-29T18:50:33.513518,concrete-vs-asphalt-vs-gravel,hero-gravel-lane-meets-concrete-apron.webp,B_REPLACE_BULK,rendered,1,3.2,0.04,498.5,
2026-07-29T18:50:36.848159,concrete-vs-pavers-for-cold-climates-which-holds-up-better,hero-concrete-meets-pavers-frost.webp,B_REPLACE_BULK,rendered,1,2.8,0.04,355.6,
2026-07-29T18:50:40.005913,connecting-a-new-driveway-to-an-existing-one,hero-new-slab-ties-into-old-drive.webp,B_REPLACE_BULK,rendered,1,2.7,0.04,116.6,
2026-07-29T18:50:45.020997,craftsman-home-driveways-arts-and-crafts-style,hero-brick-band-concrete-frontage.webp,B_REPLACE_BULK,rendered,1,4.5,0.04,188.3,
2026-07-29T18:50:48.801456,crushed-concrete-driveways-budget-friendly-option,hero-pale-crushed-aggregate-closeup.webp,B_REPLACE_BULK,rendered,1,3.3,0.04,109.8,
2026-07-29T18:50:53.089296,crushed-granite-driveways-installation-and-care,hero-crushed-granite-country-drive.webp,B_REPLACE_BULK,rendered,1,3.8,0.04,256.0,
2026-07-29T18:50:56.773272,crushed-limestone-base-for-driveways-benefits-and-installation,hero-limestone-base-graded-layer.webp,B_REPLACE_BULK,rendered,1,3.2,0.04,161.1,
2026-07-29T18:51:00.738393,culvert-installation-for-driveway-entrances,hero-culvert-pipe-gravel-entrance.webp,B_REPLACE_BULK,rendered,1,3.5,0.04,275.5,
2026-07-29T18:51:04.928358,curb-cut-requirements-and-regulations,hero-sloped-apron-gutter-curb.webp,B_REPLACE_BULK,rendered,1,3.7,0.04,209.3,
2026-07-29T18:51:09.469365,curing-a-concrete-driveway-timing-methods-and-common-mistakes,hero-misted-fresh-concrete-slab.webp,B_REPLACE_BULK,rendered,1,4.0,0.04,56.7,
2026-07-29T18:51:13.178843,curing-concrete-driveway,hero-curing-blanket-over-slab.webp,B_REPLACE_BULK,rendered,1,3.2,0.04,99.2,
2026-07-29T18:51:16.848300,de-icer-damage-prevention-for-driveways,hero-salt-spalled-concrete-flaking.webp,B_REPLACE_BULK,rendered,1,3.2,0.04,337.3,
2026-07-29T18:51:21.124011,decomposed-granite-vs-gravel-driveways,hero-decomposed-granite-meets-gravel.webp,B_REPLACE_BULK,rendered,1,3.8,0.04,197.0,
2026-07-29T18:51:24.357836,decorative-concrete-driveway-ideas-and-costs,hero-stamped-ashlar-slate-pattern.webp,B_REPLACE_BULK,rendered,1,2.7,0.04,131.3,
2026-07-29T18:51:28.162512,delivery-truck-access-driveway-reinforcement,hero-thick-concrete-slab-edge-profile.webp,B_REPLACE_BULK,rendered,1,3.3,0.04,129.5,
2026-07-29T18:51:32.060933,desert-driveways-new-mexico-and-arizona-tips,hero-gravel-drive-arid-scrubland.webp,B_REPLACE_BULK,rendered,1,3.4,0.04,309.0,
2026-07-29T18:51:37.069264,disposing-of-driveway-debris-properly,hero-concrete-rubble-disposal-pile.webp,B_REPLACE_BULK,rendered,1,4.5,0.04,253.8,
2026-07-29T18:51:40.832933,dispute-resolution-with-driveway-contractors,hero-uneven-trowel-marks-concrete.webp,B_REPLACE_BULK,rendered,1,3.3,0.04,121.8,
2026-07-29T18:51:44.563627,diy-driveway-projects-that-dont-require-a-contractor,hero-garden-rake-fresh-gravel.webp,B_REPLACE_BULK,rendered,1,3.2,0.04,186.6,
2026-07-29T18:51:47.980307,diy-vs-professional-driveway-installation-cost-comparison,hero-rough-patch-smooth-asphalt-joint.webp,B_REPLACE_BULK,rendered,1,2.9,0.04,167.1,
2026-07-29T18:51:52.074555,does-a-new-driveway-increase-home-appraisal-value,hero-warm-light-new-concrete-drive.webp,B_REPLACE_BULK,rendered,1,3.6,0.04,309.8,
2026-07-29T18:51:55.327503,does-rock-salt-damage-concrete-driveways-what-to-use-instead,hero-salt-pitted-concrete-spalling.webp,B_REPLACE_BULK,rendered,1,2.7,0.04,367.3,
2026-07-29T18:51:59.419771,drainage-solutions-for-sloped-driveways,hero-trench-drain-sloped-asphalt.webp,B_REPLACE_BULK,rendered,1,3.6,0.04,162.7,
2026-07-29T18:52:03.186937,driveway-30-year-total-cost-material-lifecycle-comparison,hero-sun-weathered-concrete-hairline-cracks.webp,B_REPLACE_BULK,rendered,1,3.3,0.04,513.3,
2026-07-29T18:52:06.897636,driveway-3d-scanning-creating-digital-twin-of-your-surface,hero-clean-concrete-drive-high-view.webp,B_REPLACE_BULK,rendered,1,3.2,0.04,238.2,
2026-07-29T18:52:11.065090,driveway-abrasion-resistance-how-surfaces-wear-over-time,hero-worn-smooth-aggregate-concrete.webp,B_REPLACE_BULK,rendered,1,3.7,0.04,197.9,
2026-07-29T18:52:14.296695,driveway-access-permit-municipal-street-connection,hero-rolled-curb-apron-gutter.webp,B_REPLACE_BULK,rendered,1,2.7,0.04,166.3,
2026-07-29T18:52:18.568492,driveway-acoustic-emission-testing-crack-detection,hero-fine-crack-map-concrete-panel.webp,B_REPLACE_BULK,rendered,1,3.8,0.04,446.3,
2026-07-29T18:52:22.290938,driveway-acrylic-sealer-water-based-protection,hero-glossy-sealed-stamped-concrete.webp,B_REPLACE_BULK,rendered,1,3.2,0.04,152.7,
2026-07-29T18:52:25.983935,driveway-ada-transition-plan-municipal-accessibility-upgrades,hero-flush-sidewalk-apron-transition.webp,B_REPLACE_BULK,rendered,1,3.2,0.04,264.0,
2026-07-29T18:52:30.526168,driveway-aggregate-color-options-regional-stone-varieties,hero-multicolor-exposed-aggregate-detail.webp,B_REPLACE_BULK,rendered,1,4.0,0.04,154.8,
2026-07-29T18:52:37.259028,driveway-aggregate-size-guide-fine-medium-and-coarse,hero-coarse-beside-fine-gravel.webp,B_REPLACE_BULK,rendered,1,6.2,0.04,381.0,
2026-07-29T18:52:40.939075,driveway-airport-proximity-faa-height-restrictions,hero-gravel-lane-wide-open-sky.webp,B_REPLACE_BULK,rendered,1,3.2,0.04,147.6,
2026-07-29T18:52:44.848464,driveway-alarm-systems-and-motion-sensors,hero-dusk-lit-paver-drive-entry.webp,B_REPLACE_BULK,rendered,1,3.4,0.04,381.3,
2026-07-29T18:52:48.525762,driveway-alexa-and-google-home-compatible-lights,hero-ground-lights-paver-border-dusk.webp,B_REPLACE_BULK,rendered,1,3.2,0.04,100.0,
2026-07-29T18:52:51.798333,driveway-algae-prevention-treatments-and-surface-options,hero-green-algae-film-concrete.webp,B_REPLACE_BULK,rendered,1,2.8,0.04,142.6,
2026-07-29T18:52:55.846341,driveway-and-garage-floor-connection-seamless-design,hero-drive-slab-meets-garage-floor.webp,B_REPLACE_BULK,rendered,1,3.5,0.04,302.5,
2026-07-29T18:52:59.508212,driveway-and-landscaping-integration-cohesive-property-design,hero-paver-drive-planted-beds.webp,B_REPLACE_BULK,rendered,1,3.2,0.04,256.2,
2026-07-29T18:53:03.496732,driveway-and-power-line-clearance-overhead-utilities,hero-gravel-drive-utility-poles.webp,B_REPLACE_BULK,rendered,1,3.5,0.04,267.2,
2026-07-29T18:53:07.681465,driveway-and-retaining-wall-integration-design-principles,hero-asphalt-edge-stone-retaining-wall.webp,B_REPLACE_BULK,rendered,1,3.7,0.04,319.3,
2026-07-29T18:53:11.037873,driveway-and-walkway-coordination,hero-paver-walkway-meets-concrete-drive.webp,B_REPLACE_BULK,rendered,1,2.9,0.04,243.0,
2026-07-29T18:53:14.729156,driveway-annual-maintenance-cost-comparison-all-materials,hero-fresh-sealcoat-squeegee-lines.webp,B_REPLACE_BULK,rendered,1,3.2,0.04,145.2,
2026-07-29T18:53:18.805858,driveway-ant-killer-keeping-insects-out-of-paver-joints,hero-ant-sand-paver-joints-closeup.webp,B_REPLACE_BULK,rendered,1,3.6,0.04,134.0,
2026-07-29T18:53:22.942311,driveway-apron-design-street-to-property-transition,hero-concrete-apron-meets-asphalt-street.webp,B_REPLACE_BULK,rendered,1,3.6,0.04,206.3,
2026-07-29T18:53:27.973336,driveway-archaeological-survey-historic-area-requirements,hero-weathered-cobblestone-lane-rain.webp,B_REPLACE_BULK,rendered,1,4.5,0.04,186.7,
2026-07-29T18:53:33.065314,driveway-as-built-documentation-app-recording-final-product,hero-finished-concrete-drive-clean-lines.webp,B_REPLACE_BULK,rendered,1,4.6,0.04,170.0,
2026-07-29T18:53:36.241437,driveway-as-built-survey-documenting-what-was-built,hero-measuring-wheel-new-asphalt.webp,B_REPLACE_BULK,rendered,1,2.7,0.04,196.0,
2026-07-29T18:53:39.831084,driveway-asphalt-binder-grades-pg-system-explained,hero-dense-asphalt-binder-texture.webp,B_REPLACE_BULK,rendered,1,3.1,0.04,121.0,
2026-07-29T18:53:44.769686,driveway-asset-management-municipal-and-hoa-best-practices,hero-cracked-drives-suburban-street.webp,B_REPLACE_BULK,rendered,1,4.4,0.04,259.2,
2026-07-29T18:53:49.378530,driveway-augmented-reality-overlay-seeing-design-in-real-space,hero-stakes-string-mark-planned-drive.webp,B_REPLACE_BULK,rendered,1,4.1,0.04,191.7,
2026-07-29T18:53:53.380779,driveway-autonomous-vehicle-considerations-preparing-for-the-future,hero-wide-smooth-concrete-drive-straight.webp,B_REPLACE_BULK,rendered,1,3.5,0.04,327.7,
2026-07-29T18:53:57.784007,driveway-award-winning-designs-recognizing-excellence,hero-curved-paver-drive-golden-light.webp,B_REPLACE_BULK,rendered,1,3.9,0.04,341.0,
2026-07-29T18:54:01.751990,driveway-base-and-subgrade-why-they-matter-more-than-the-surface,hero-excavated-base-awaiting-gravel-fill.webp,B_REPLACE_BULK,rendered,1,3.5,0.04,221.3,
2026-07-29T18:54:04.914592,driveway-base-depth-how-much-gravel-do-you-need,hero-gravel-base-4-inch-layer-profile.webp,B_REPLACE_BULK,rendered,1,2.7,0.04,117.6,
2026-07-29T18:54:08.487136,driveway-basics-types-costs-and-lifespan-explained,hero-concrete-edge-meets-gravel-drive.webp,B_REPLACE_BULK,rendered,1,3.1,0.04,181.0,
2026-07-29T18:54:12.561705,driveway-basics-types-costs-lifespan,hero-paver-band-crosses-concrete-drive.webp,B_REPLACE_BULK,rendered,1,3.6,0.04,282.7,
2026-07-29T18:54:15.796365,driveway-basketball-court-integration,hero-wide-flat-concrete-court-drive.webp,B_REPLACE_BULK,rendered,1,2.7,0.04,260.8,
2026-07-29T18:54:19.757285,driveway-before-and-after-asphalt-renovation-examples,hero-fresh-overlay-old-asphalt-boundary.webp,B_REPLACE_BULK,rendered,1,3.5,0.04,260.8,
2026-07-29T18:54:23.859186,driveway-before-and-after-gravel-to-paved-upgrade,hero-fresh-asphalt-meets-gravel-lane-edge.webp,B_REPLACE_BULK,rendered,1,3.6,0.04,194.4,
2026-07-29T18:54:27.550364,driveway-before-and-after-paver-installation-showcase,hero-sealed-paver-drive-warm-dusk.webp,B_REPLACE_BULK,rendered,1,3.2,0.04,153.8,
2026-07-29T18:54:31.675823,driveway-bid-comparison-spreadsheet-evaluating-offers,hero-screed-board-fresh-concrete-pour.webp,B_REPLACE_BULK,rendered,1,3.6,0.04,158.9,
2026-07-29T18:54:36.795981,driveway-blog-topics-for-contractors-content-marketing-ideas,hero-damp-asphalt-aggregate-macro.webp,B_REPLACE_BULK,rendered,1,4.6,0.04,190.6,
2026-07-29T18:54:40.706791,driveway-bonded-concrete-overlay-thin-layer-resurfacing,hero-thin-overlay-old-concrete-slab.webp,B_REPLACE_BULK,rendered,1,3.4,0.04,179.1,
2026-07-29T18:54:44.849290,driveway-border-ideas-edging-and-accents,hero-granite-sett-edging-concrete-drive.webp,B_REPLACE_BULK,rendered,1,3.6,0.04,178.6,
2026-07-29T18:54:50.072892,driveway-budget-forecasting-model-predicting-future-costs,hero-map-cracked-gray-asphalt-closeup.webp,B_REPLACE_BULK,rendered,1,4.7,0.04,274.7,
2026-07-29T18:54:53.640618,driveway-builders-risk-insurance-during-construction-coverage,hero-formed-driveway-excavation-overcast.webp,B_REPLACE_BULK,rendered,1,3.1,0.04,197.6,
2026-07-29T18:54:57.649267,driveway-building-information-modeling-bim-for-paving,hero-grade-stakes-leveled-drive-base.webp,B_REPLACE_BULK,rendered,1,3.5,0.04,177.0,
2026-07-29T18:55:01.753755,driveway-cable-and-fiber-optic-protection-shallow-utility-concerns,hero-narrow-trench-along-drive-edge.webp,B_REPLACE_BULK,rendered,1,3.6,0.04,194.1,
2026-07-29T18:55:05.457721,driveway-callback-repair-contractors-responsibility,hero-sawn-edges-failed-asphalt.webp,B_REPLACE_BULK,rendered,1,3.2,0.04,265.1,
2026-07-29T18:55:09.108018,driveway-camera-and-security-integration,hero-camera-post-concrete-frontage.webp,B_REPLACE_BULK,rendered,1,3.1,0.04,72.5,
2026-07-29T18:55:12.601913,driveway-cape-seal-combined-chip-and-slurry-treatment,hero-cape-seal-slurry-chip-texture.webp,B_REPLACE_BULK,rendered,1,3.0,0.04,244.3,
2026-07-29T18:55:15.789672,driveway-capital-improvement-planning-big-project-budgeting,hero-graded-base-awaiting-paving.webp,B_REPLACE_BULK,rendered,1,2.7,0.04,323.5,
2026-07-29T18:55:20.110565,driveway-carbon-footprint-calculator-measuring-environmental-impact,hero-permeable-gravel-greenery-drive.webp,B_REPLACE_BULK,rendered,1,3.8,0.04,373.6,
2026-07-29T18:55:23.860214,driveway-carbon-sequestration-how-some-materials-absorb-co2,hero-grass-joints-paver-closeup.webp,B_REPLACE_BULK,rendered,1,3.2,0.04,157.0,
2026-07-29T18:55:27.686106,driveway-cement-types-portland-blended-and-specialty,hero-smooth-cement-surface-detail.webp,B_REPLACE_BULK,rendered,1,3.3,0.04,360.1,
2026-07-29T18:55:32.265706,driveway-certificate-of-completion-municipal-approval,hero-finished-concrete-drive-dusk.webp,B_REPLACE_BULK,rendered,1,4.1,0.04,351.3,
2026-07-29T18:55:35.532087,driveway-certification-programs-becoming-a-qualified-installer,hero-screed-board-fresh-concrete.webp,B_REPLACE_BULK,rendered,1,2.8,0.04,228.3,
2026-07-29T18:55:39.403701,driveway-change-order-template-documenting-modifications,hero-form-boards-partly-poured-drive.webp,B_REPLACE_BULK,rendered,1,3.4,0.04,433.0,
2026-07-29T18:55:43.550799,driveway-channel-drain-types-and-installation-guide,hero-trench-drain-grate-drive.webp,B_REPLACE_BULK,rendered,1,3.6,0.04,137.7,
2026-07-29T18:55:48.641718,driveway-chemical-resistance-oil-gas-and-de-icer-effects,hero-oil-stain-marks-asphalt-detail.webp,B_REPLACE_BULK,rendered,1,4.6,0.04,295.8,
2026-07-29T18:55:52.216741,driveway-chip-seal-surface-treatment-process,hero-loose-chips-on-binder.webp,B_REPLACE_BULK,rendered,1,3.1,0.04,189.2,
2026-07-29T18:55:56.012918,driveway-climate-adaptation-strategy-building-for-future-conditions,hero-puddled-sealed-concrete-drive.webp,B_REPLACE_BULK,rendered,1,3.3,0.04,142.4,
2026-07-29T18:55:59.700987,driveway-coating-products-comparison,hero-coated-uncoated-asphalt-boundary.webp,B_REPLACE_BULK,rendered,1,3.2,0.04,234.1,
2026-07-29T18:56:04.321285,driveway-coefficient-of-friction-measuring-slip-resistance,hero-broom-texture-grip-closeup.webp,B_REPLACE_BULK,rendered,1,4.1,0.04,272.0,
2026-07-29T18:56:07.684446,driveway-cold-in-place-recycling-budget-friendly-rehabilitation,hero-milled-asphalt-rural-lane.webp,B_REPLACE_BULK,rendered,1,2.9,0.04,162.4,
2026-07-29T18:56:11.127207,driveway-cold-pour-crack-filler-diy-application-guide,hero-gray-filler-wide-crack.webp,B_REPLACE_BULK,rendered,1,2.9,0.04,142.9,
2026-07-29T18:56:14.481925,driveway-color-fading-how-to-restore-and-protect,hero-sun-faded-asphalt-pale-patches.webp,B_REPLACE_BULK,rendered,1,2.8,0.04,525.4,
2026-07-29T18:56:17.880107,driveway-color-restoration-techniques,hero-color-stain-half-applied.webp,B_REPLACE_BULK,rendered,1,2.9,0.04,223.8,
2026-07-29T18:56:22.935751,driveway-community-design-standards-neighborhood-harmony,hero-matching-paver-drives-street.webp,B_REPLACE_BULK,rendered,1,4.6,0.04,186.7,
2026-07-29T18:56:26.550381,driveway-compaction-testing-standards-and-methods,hero-plate-compactor-gravel-base.webp,B_REPLACE_BULK,rendered,1,3.1,0.04,301.5,
2026-07-29T18:56:30.309998,driveway-compaction-testing-why-it-matters,hero-rutted-wheel-paths-asphalt.webp,B_REPLACE_BULK,rendered,1,3.3,0.04,130.6,
2026-07-29T18:56:34.429117,driveway-complete-streets-integration-multi-modal-access,hero-apron-sidewalk-painted-lane.webp,B_REPLACE_BULK,rendered,1,3.6,0.04,252.4,
2026-07-29T18:56:38.469815,driveway-completed-operations-coverage-post-project-protection,hero-finished-sealed-drive-evening.webp,B_REPLACE_BULK,rendered,1,3.5,0.04,164.7,
2026-07-29T18:56:42.100194,driveway-compressive-strength-test-concrete-quality-check,hero-concrete-core-sample-slab.webp,B_REPLACE_BULK,rendered,1,3.1,0.04,124.1,
2026-07-29T18:56:46.095088,driveway-concrete-burns-protecting-skin-during-installation,hero-steel-trowel-resting-wet-cement.webp,B_REPLACE_BULK,rendered,1,3.5,0.04,92.1,
2026-07-29T18:56:49.771838,driveway-concrete-pigment-adding-color-to-your-mix,hero-pigment-color-strips-fresh-concrete.webp,B_REPLACE_BULK,rendered,1,3.2,0.04,204.0,
2026-07-29T18:56:53.881819,driveway-concrete-polishing-outdoors-is-it-practical,hero-polished-slab-reflecting-sky.webp,B_REPLACE_BULK,rendered,1,3.6,0.04,187.7,
2026-07-29T18:59:20.533846,driveway-concrete-slump-test-what-it-tells-you,hero-slump-cone-fresh-concrete-mound.webp,B_REPLACE_BULK,rendered,2,3.6,0.04,135.8,
2026-07-29T18:59:24.849441,driveway-concrete-vs-asphalt-in-your-climate-zone,hero-frosty-concrete-asphalt-seam.webp,B_REPLACE_BULK,rendered,1,3.8,0.04,269.3,
2026-07-29T18:59:29.131465,driveway-condition-and-home-inspection-what-buyers-look-for,hero-cracked-patched-asphalt-frontage.webp,B_REPLACE_BULK,rendered,1,3.8,0.04,344.9,
2026-07-29T18:59:33.418031,driveway-condition-assessment-protocol-standardized-evaluation,hero-measuring-wheel-weathered-concrete.webp,B_REPLACE_BULK,rendered,1,3.8,0.04,421.6,
2026-07-29T18:59:37.059102,driveway-condition-survey-form-annual-documentation,hero-damp-weathered-concrete-elevated-view.webp,B_REPLACE_BULK,rendered,1,3.1,0.04,186.9,
2026-07-29T18:59:40.246348,driveway-connected-home-integration-linking-to-smart-systems,hero-bollard-lights-sealed-drive-dusk.webp,B_REPLACE_BULK,rendered,1,2.7,0.04,143.8,
2026-07-29T18:59:43.984005,driveway-construction-bond-financial-guarantee-requirements,hero-wooden-forms-raked-gravel-bed.webp,B_REPLACE_BULK,rendered,1,3.2,0.04,421.6,
2026-07-29T18:59:48.490267,driveway-continuing-education-staying-current-with-technology,hero-laser-level-fresh-slab.webp,B_REPLACE_BULK,rendered,1,4.0,0.04,106.7,
2026-07-29T18:59:52.157480,driveway-contract-dispute-resolution-mediation-vs-arbitration,hero-cracked-slab-partial-patch-repair.webp,B_REPLACE_BULK,rendered,1,3.2,0.04,124.8,
2026-07-29T18:59:57.169700,driveway-contract-template-standard-terms-and-conditions,hero-sealed-asphalt-golden-glow.webp,B_REPLACE_BULK,rendered,1,4.5,0.04,337.8,
2026-07-29T19:00:00.636139,driveway-contractor-arbitration-resolving-quality-disputes,hero-rough-finish-ridges-concrete-closeup.webp,B_REPLACE_BULK,rendered,1,3.0,0.04,247.4,
2026-07-29T19:00:05.694355,driveway-contractor-bond-verification-ensuring-protection,hero-sealed-concrete-crisp-lawn-edges.webp,B_REPLACE_BULK,rendered,1,4.6,0.04,384.0,
2026-07-29T19:00:09.515730,driveway-contractor-business-insurance-coverage-you-need,hero-wheelbarrow-fresh-concrete-forms.webp,B_REPLACE_BULK,rendered,1,3.3,0.04,150.2,
2026-07-29T19:00:13.120961,driveway-contractor-insurance-what-homeowners-should-verify,hero-hairline-cracked-drive-quiet-frontage.webp,B_REPLACE_BULK,rendered,1,3.1,0.04,123.7,
2026-07-29T19:00:17.204143,driveway-contractor-insurance-what-they-should-carry,hero-hand-tamper-compacted-gravel.webp,B_REPLACE_BULK,rendered,1,3.6,0.04,211.6,
2026-07-29T19:00:20.524216,driveway-contractor-interview-questions-what-to-ask,hero-sunlit-weathered-gravel-approach.webp,B_REPLACE_BULK,rendered,1,2.8,0.04,238.1,
2026-07-29T19:00:24.718086,driveway-contractor-license-verification-how-to-check,hero-smooth-troweled-finish-closeup.webp,B_REPLACE_BULK,rendered,1,3.7,0.04,281.2,
2026-07-29T19:00:28.585677,driveway-contractor-licensing-requirements-by-state,hero-aged-asphalt-drive-hedge-line.webp,B_REPLACE_BULK,rendered,1,3.4,0.04,415.3,
2026-07-29T19:00:32.946599,driveway-contractor-red-flags-to-avoid,hero-delaminated-concrete-flakes-closeup.webp,B_REPLACE_BULK,rendered,1,3.9,0.04,471.9,
2026-07-29T19:00:36.919227,driveway-contractor-scheduling-app-coordinating-crews,hero-tools-staged-resurfaced-slab-dawn.webp,B_REPLACE_BULK,rendered,1,3.5,0.04,107.2,
2026-07-29T19:00:41.994646,driveway-contractor-seo-how-paving-companies-get-found-online,hero-resin-bound-drive-frontage-midday.webp,B_REPLACE_BULK,rendered,1,4.6,0.04,494.4,
2026-07-29T19:00:48.634558,driveway-contractor-social-media-building-trust-with-photos,hero-sealed-asphalt-plain-frontage-dusk.webp,B_REPLACE_BULK,rendered,1,6.1,0.04,140.9,
2026-07-29T19:00:53.848413,driveway-contractor-truck-setup-tools-and-organization,hero-equipment-tailgate-fresh-asphalt.webp,B_REPLACE_BULK,rendered,1,4.7,0.04,406.1,
2026-07-29T19:00:57.835397,driveway-contractor-website-must-haves-winning-online,hero-basketweave-pavers-soft-morning-light.webp,B_REPLACE_BULK,rendered,1,3.5,0.04,323.5,
2026-07-29T19:01:00.976834,driveway-contractors-in-albuquerque-nm-how-to-choose,hero-broomed-concrete-quiet-frontage.webp,B_REPLACE_BULK,rendered,1,2.6,0.04,85.1,
2026-07-29T19:01:05.064878,driveway-contractors-in-anchorage-ak-how-to-choose,hero-wet-gravel-rural-turnoff.webp,B_REPLACE_BULK,rendered,1,3.6,0.04,248.9,
2026-07-29T19:01:08.945693,driveway-contractors-in-atlanta-ga-how-to-choose,hero-paver-joint-sand-closeup.webp,B_REPLACE_BULK,rendered,1,3.4,0.04,125.7,
2026-07-29T19:01:13.155223,driveway-contractors-in-austin-tx-how-to-choose,hero-dusty-gravel-track-open-pasture.webp,B_REPLACE_BULK,rendered,1,3.7,0.04,442.0,
2026-07-29T19:01:16.560782,driveway-contractors-in-baltimore-md-how-to-choose,hero-branching-cracks-dull-asphalt.webp,B_REPLACE_BULK,rendered,1,2.9,0.04,323.0,
2026-07-29T19:01:20.764614,driveway-contractors-in-birmingham-al-how-to-choose,hero-long-crack-bisecting-concrete-panel.webp,B_REPLACE_BULK,rendered,1,3.7,0.04,443.7,
2026-07-29T19:01:24.923789,driveway-contractors-in-boise-id-how-to-choose,hero-drum-roller-fresh-blacktop.webp,B_REPLACE_BULK,rendered,1,3.7,0.04,220.9,
2026-07-29T19:01:28.197407,driveway-contractors-in-boston-ma-how-to-choose,hero-dark-sealed-drive-late-light.webp,B_REPLACE_BULK,rendered,1,2.8,0.04,259.8,
2026-07-29T19:01:31.869659,driveway-contractors-in-buffalo-ny-how-to-choose,hero-gray-asphalt-melting-snowline.webp,B_REPLACE_BULK,rendered,1,3.2,0.04,160.7,
2026-07-29T19:01:36.083155,driveway-contractors-in-charleston-sc-how-to-choose,hero-cobblestone-warm-morning-frontage.webp,B_REPLACE_BULK,rendered,1,3.7,0.04,405.7,
2026-07-29T19:01:40.163281,driveway-contractors-in-charlotte-nc-how-to-choose,hero-clean-new-slab-bright-midday.webp,B_REPLACE_BULK,rendered,1,3.6,0.04,194.4,
2026-07-29T19:01:44.448653,driveway-contractors-in-chicago-il-how-to-choose,hero-square-sawn-patch-asphalt.webp,B_REPLACE_BULK,rendered,1,3.8,0.04,196.2,
2026-07-29T19:01:48.172146,driveway-contractors-in-cleveland-oh-how-to-choose,hero-rain-slick-sealed-slab.webp,B_REPLACE_BULK,rendered,1,3.2,0.04,121.7,
2026-07-29T19:01:52.284799,driveway-contractors-in-columbus-oh-how-to-choose,hero-newly-graded-gravel-farm-lane.webp,B_REPLACE_BULK,rendered,1,3.6,0.04,378.2,
2026-07-29T19:01:55.545908,driveway-contractors-in-dallas-tx-how-to-choose,hero-string-lines-over-paver-sand-bed.webp,B_REPLACE_BULK,rendered,1,2.8,0.04,229.1,
2026-07-29T19:01:59.655686,driveway-contractors-in-denver-co-how-to-choose,hero-resin-pebbles-damp-sheen-closeup.webp,B_REPLACE_BULK,rendered,1,3.6,0.04,96.8,
2026-07-29T19:02:04.535731,driveway-contractors-in-des-moines-ia-how-to-choose,hero-cracked-lane-tall-grass-dusk.webp,B_REPLACE_BULK,rendered,1,4.4,0.04,208.3,
2026-07-29T19:02:08.590500,driveway-contractors-in-detroit-mi-how-to-choose,hero-stained-concrete-frontage-gray-sky.webp,B_REPLACE_BULK,rendered,1,3.5,0.04,433.4,
2026-07-29T19:02:11.867028,driveway-contractors-in-hartford-ct-how-to-choose,hero-mortar-patch-beside-weathered-slab.webp,B_REPLACE_BULK,rendered,1,2.8,0.04,202.0,
2026-07-29T19:02:15.762625,driveway-contractors-in-houston-tx-how-to-choose,hero-chip-seal-track-dry-pasture.webp,B_REPLACE_BULK,rendered,1,3.4,0.04,310.0,
2026-07-29T19:02:19.381886,driveway-contractors-in-indianapolis-in-how-to-choose,hero-dark-fresh-blacktop-flat-sky.webp,B_REPLACE_BULK,rendered,1,3.1,0.04,52.4,
2026-07-29T19:02:23.540545,driveway-contractors-in-jacksonville-fl-how-to-choose,hero-glossy-pavers-warm-evening-light.webp,B_REPLACE_BULK,rendered,1,3.7,0.04,167.7,
2026-07-29T19:02:27.660497,driveway-contractors-in-kansas-city-ks-how-to-choose,hero-wood-forms-open-excavation.webp,B_REPLACE_BULK,rendered,1,3.6,0.04,375.8,
2026-07-29T19:02:30.942344,driveway-contractors-in-kansas-city-mo-how-to-choose,hero-wet-concrete-leveling-pass.webp,B_REPLACE_BULK,rendered,1,2.8,0.04,136.0,
2026-07-29T19:02:34.979778,driveway-contractors-in-las-vegas-nv-how-to-choose,hero-sealcoat-strokes-midday-light.webp,B_REPLACE_BULK,rendered,1,3.5,0.04,344.6,
2026-07-29T19:02:38.850325,driveway-contractors-in-las-vegas-nv-local-guide,hero-warm-light-paver-front-drive.webp,B_REPLACE_BULK,rendered,1,3.4,0.04,398.4,
2026-07-29T19:02:42.357810,driveway-contractors-in-little-rock-ar-how-to-choose,hero-rutted-gravel-lane-gray-sky.webp,B_REPLACE_BULK,rendered,1,3.0,0.04,228.0,
2026-07-29T19:02:45.935138,driveway-contractors-in-los-angeles-ca-how-to-choose,hero-evening-light-new-concrete-drive.webp,B_REPLACE_BULK,rendered,1,3.1,0.04,227.9,
2026-07-29T19:02:49.627945,driveway-contractors-in-madison-wi-how-to-choose,hero-rain-pooled-crack-asphalt.webp,B_REPLACE_BULK,rendered,1,3.2,0.04,231.2,
2026-07-29T19:02:53.302994,driveway-contractors-in-memphis-tn-how-to-choose,hero-fresh-chip-seal-evening-light.webp,B_REPLACE_BULK,rendered,1,3.2,0.04,268.5,
2026-07-29T19:02:56.999796,driveway-contractors-in-miami-fl-how-to-choose,hero-resin-pebbles-bright-sun.webp,B_REPLACE_BULK,rendered,1,3.2,0.04,163.5,
2026-07-29T19:03:00.705329,driveway-contractors-in-milwaukee-wi-how-to-choose,hero-rebar-mesh-over-graded-base.webp,B_REPLACE_BULK,rendered,1,3.2,0.04,518.4,
2026-07-29T19:03:04.167904,driveway-contractors-in-minneapolis-mn-how-to-choose,hero-rain-glossed-asphalt-entry.webp,B_REPLACE_BULK,rendered,1,3.0,0.04,253.2,
2026-07-29T19:03:07.608825,driveway-contractors-in-nashville-tn-how-to-choose,hero-mossy-cobblestone-warm-light.webp,B_REPLACE_BULK,rendered,1,2.9,0.04,382.0,
2026-07-29T19:03:11.634362,driveway-contractors-in-new-orleans-la-how-to-choose,hero-half-laid-pavers-sand-bed.webp,B_REPLACE_BULK,rendered,1,3.5,0.04,237.3,
2026-07-29T19:03:15.319656,driveway-contractors-in-new-york-city-ny-how-to-choose,hero-broom-finish-midday-closeup.webp,B_REPLACE_BULK,rendered,1,3.2,0.04,103.2,
2026-07-29T19:03:18.734779,driveway-contractors-in-newark-nj-how-to-choose,hero-faded-asphalt-plain-frontage.webp,B_REPLACE_BULK,rendered,1,2.9,0.04,221.0,
2026-07-29T19:03:22.596948,driveway-contractors-in-oklahoma-city-ok-how-to-choose,hero-smooth-graded-gravel-approach.webp,B_REPLACE_BULK,rendered,1,3.4,0.04,312.5,
2026-07-29T19:03:25.781809,driveway-contractors-in-omaha-ne-how-to-choose,hero-saw-cut-lines-fresh-slab.webp,B_REPLACE_BULK,rendered,1,2.7,0.04,154.1,
2026-07-29T19:03:29.352359,driveway-contractors-in-orlando-fl-how-to-choose,hero-wet-sealed-pavers-entry.webp,B_REPLACE_BULK,rendered,1,3.1,0.04,227.8,
2026-07-29T19:03:32.740185,driveway-contractors-in-philadelphia-pa-how-to-choose,hero-aged-brick-paver-drive.webp,B_REPLACE_BULK,rendered,1,2.9,0.04,430.7,
2026-07-29T19:03:36.526382,driveway-contractors-in-phoenix-az-how-to-choose,hero-heat-cracked-concrete-closeup.webp,B_REPLACE_BULK,rendered,1,3.3,0.04,433.0,
2026-07-29T19:03:39.978683,driveway-contractors-in-pittsburgh-pa-how-to-choose,hero-fresh-overlay-rolled-edge.webp,B_REPLACE_BULK,rendered,1,2.9,0.04,170.3,
2026-07-29T19:03:43.187824,driveway-contractors-in-raleigh-nc-how-to-choose,hero-dusk-glow-sealed-drive.webp,B_REPLACE_BULK,rendered,1,2.7,0.04,106.5,
2026-07-29T19:03:46.409345,driveway-contractors-in-richmond-va-how-to-choose,hero-wet-cobblestone-lane-low.webp,B_REPLACE_BULK,rendered,1,2.7,0.04,232.5,
2026-07-29T19:03:50.187458,driveway-contractors-in-salt-lake-city-ut-how-to-choose,hero-angular-crushed-stone-closeup.webp,B_REPLACE_BULK,rendered,1,3.3,0.04,118.4,
2026-07-29T19:03:54.046111,driveway-contractors-in-san-antonio-tx-how-to-choose,hero-fresh-blacktop-warm-evening.webp,B_REPLACE_BULK,rendered,1,3.4,0.04,398.3,
2026-07-29T19:03:57.322396,driveway-contractors-in-san-diego-ca-how-to-choose,hero-broomed-concrete-evening-light.webp,B_REPLACE_BULK,rendered,1,2.8,0.04,276.7,
2026-07-29T19:04:00.897277,driveway-contractors-in-san-francisco-ca-how-to-choose,hero-smooth-asphalt-midday-sunlight.webp,B_REPLACE_BULK,rendered,1,3.1,0.04,399.7,
2026-07-29T19:04:05.886223,driveway-contractors-in-san-jose-ca-how-to-choose,hero-sealed-paver-joints-overcast.webp,B_REPLACE_BULK,rendered,1,4.5,0.04,150.7,
2026-07-29T19:04:09.131335,driveway-contractors-in-savannah-ga-how-to-choose,hero-rain-darkened-concrete-frontage.webp,B_REPLACE_BULK,rendered,1,2.7,0.04,125.5,
2026-07-29T19:04:12.947673,driveway-contractors-in-seattle-wa-how-to-choose,hero-gray-weathered-concrete-low-view.webp,B_REPLACE_BULK,rendered,1,3.3,0.04,273.0,
2026-07-29T19:04:17.123643,driveway-contractors-in-spokane-wa-how-to-choose,hero-gravel-approach-evening-glow.webp,B_REPLACE_BULK,rendered,1,3.7,0.04,317.2,
2026-07-29T19:04:20.893295,driveway-contractors-in-st-louis-mo-how-to-choose,hero-sealed-asphalt-bright-midday.webp,B_REPLACE_BULK,rendered,1,3.3,0.04,252.6,
2026-07-29T19:04:24.697137,driveway-contractors-in-tampa-fl-how-to-choose,hero-warm-paver-frontage-sunset.webp,B_REPLACE_BULK,rendered,1,3.3,0.04,391.1,
2026-07-29T19:04:28.196898,driveway-contractors-in-tulsa-ok-how-to-choose,hero-plain-new-concrete-gray-day.webp,B_REPLACE_BULK,rendered,1,3.0,0.04,94.5,
2026-07-29T19:04:31.517286,driveway-contractors-in-virginia-beach-va-how-to-choose,hero-wet-paver-drive-low-view.webp,B_REPLACE_BULK,rendered,1,2.8,0.04,129.5,
2026-07-29T19:04:34.724468,driveway-core-sample-testing-thickness-verification,hero-drilled-core-cylinder-on-slab.webp,B_REPLACE_BULK,rendered,1,2.7,0.04,252.8,
2026-07-29T19:04:38.852346,driveway-corrective-maintenance-planning-addressing-existing-issues,hero-multiple-patches-weathered-asphalt.webp,B_REPLACE_BULK,rendered,1,3.6,0.04,315.1,
2026-07-29T19:04:42.629740,driveway-cost-breakdown-labor-materials-and-equipment,hero-partly-spread-gravel-base.webp,B_REPLACE_BULK,rendered,1,3.3,0.04,315.0,
2026-07-29T19:04:45.936325,driveway-cost-calculator-estimate-your-project-in-minutes,hero-stacked-paver-pallets-on-base.webp,B_REPLACE_BULK,rendered,1,2.8,0.04,301.1,
2026-07-29T19:04:49.198226,driveway-cost-comparison-worksheet-budget-planning-tool,hero-slab-blacktop-meeting-line-closeup.webp,B_REPLACE_BULK,rendered,1,2.8,0.04,246.0,
2026-07-29T19:04:52.429077,driveway-cost-estimator-breaking-down-material-and-labor,hero-closeup-asphalt-stone-matrix.webp,B_REPLACE_BULK,rendered,1,2.7,0.04,120.0,
2026-07-29T19:04:57.358260,driveway-cost-plus-contract-transparent-pricing-model,hero-wet-concrete-patch-between-forms.webp,B_REPLACE_BULK,rendered,1,4.4,0.04,291.2,
2026-07-29T19:05:00.561117,driveway-covenant-compliance-meeting-hoa-design-guidelines,hero-uniform-concrete-drive-neat-edges.webp,B_REPLACE_BULK,rendered,1,2.7,0.04,306.0,
2026-07-29T19:05:04.056796,driveway-crack-filler-best-products-reviewed-for-2026,hero-long-crack-asphalt-closeup.webp,B_REPLACE_BULK,rendered,1,3.0,0.04,173.4,
2026-07-29T19:05:07.906461,driveway-crack-filling-products-and-techniques,hero-rubberized-filler-crack-macro.webp,B_REPLACE_BULK,rendered,1,3.3,0.04,122.4,
2026-07-29T19:05:11.695218,driveway-crack-routing-preparing-for-sealant-application,hero-routed-crack-groove-asphalt.webp,B_REPLACE_BULK,rendered,1,3.3,0.04,182.0,
2026-07-29T19:05:15.852997,driveway-crack-sealing-vs-crack-filling-whats-different,hero-sealed-crack-beside-filled-crack.webp,B_REPLACE_BULK,rendered,1,3.7,0.04,369.8,
2026-07-29T19:05:20.517749,driveway-craftsmanship-what-separates-good-from-great,hero-flawless-broom-texture-smooth-slab.webp,B_REPLACE_BULK,rendered,1,4.2,0.04,176.8,
2026-07-29T19:05:23.720811,driveway-crew-safety-osha-requirements-for-paving,hero-saw-cut-edge-cracked-asphalt.webp,B_REPLACE_BULK,rendered,1,2.7,0.04,201.1,
2026-07-29T19:05:27.868152,driveway-critical-path-method-project-scheduling-technique,hero-staked-string-over-cracked-asphalt.webp,B_REPLACE_BULK,rendered,1,3.6,0.04,202.0,
2026-07-29T19:05:31.924419,driveway-curb-appeal-for-selling-your-home,hero-glossy-paver-drive-warm-glow.webp,B_REPLACE_BULK,rendered,1,3.6,0.04,253.3,
2026-07-29T19:05:35.661682,driveway-customer-communication-setting-expectations,hero-gravel-base-awaiting-first-pour.webp,B_REPLACE_BULK,rendered,1,3.2,0.04,391.1,
2026-07-29T19:05:39.466535,driveway-damage-after-construction-getting-contractors-to-pay,hero-deep-tire-gouge-cracked-slab.webp,B_REPLACE_BULK,rendered,1,3.3,0.04,189.2,
2026-07-29T19:05:43.251556,driveway-damage-from-garbage-trucks-filing-for-repairs,hero-crushed-slab-corner-heavy-load.webp,B_REPLACE_BULK,rendered,1,3.3,0.04,491.7,
2026-07-29T19:05:47.163407,driveway-defect-notification-reporting-problems-promptly,hero-spreading-crack-wet-asphalt-closeup.webp,B_REPLACE_BULK,rendered,1,3.4,0.04,125.0,
2026-07-29T19:05:50.355231,driveway-deflection-testing-measuring-structural-capacity,hero-straightedge-across-concrete-slab.webp,B_REPLACE_BULK,rendered,1,2.7,0.04,64.2,
2026-07-29T19:05:53.695611,driveway-degreaser-best-products-for-stubborn-stains,hero-dark-oil-stains-gray-concrete.webp,B_REPLACE_BULK,rendered,1,2.8,0.04,515.8,
2026-07-29T19:05:57.459770,driveway-demolition-and-removal-cost-and-process,hero-broken-slab-chunks-removal-site.webp,B_REPLACE_BULK,rendered,1,3.3,0.04,140.8,
2026-07-29T19:06:01.550599,driveway-demolition-and-removal-costs,hero-torn-up-asphalt-chunks-pile.webp,B_REPLACE_BULK,rendered,1,3.6,0.04,207.9,
2026-07-29T19:06:06.820839,driveway-demolition-permit-removing-existing-pavement,hero-excavated-drive-footprint-string-lines.webp,B_REPLACE_BULK,rendered,1,4.8,0.04,384.6,
2026-07-29T19:06:10.530898,driveway-density-test-confirming-proper-compaction,hero-firmly-compacted-gravel-surface-texture.webp,B_REPLACE_BULK,rendered,1,3.2,0.04,255.8,
2026-07-29T19:06:13.784439,driveway-deposit-amount-how-much-is-too-much,hero-new-broomed-surface-macro-detail.webp,B_REPLACE_BULK,rendered,1,2.7,0.04,169.7,
2026-07-29T19:06:18.865574,driveway-design-build-contract-one-stop-shop-approach,hero-form-lumber-stakes-evening-base.webp,B_REPLACE_BULK,rendered,1,4.6,0.04,206.4,
2026-07-29T19:06:22.522793,driveway-design-ideas-from-hgtv-what-works-in-real-life,hero-basketweave-paver-frontage-evening.webp,B_REPLACE_BULK,rendered,1,3.1,0.04,378.6,
2026-07-29T19:06:26.265637,driveway-design-mistakes-that-lower-your-home-value,hero-stained-weathered-drive-uneven-panels.webp,B_REPLACE_BULK,rendered,1,3.2,0.04,321.0,
2026-07-29T19:06:29.996074,driveway-do-nothing-alternative-when-waiting-is-smart,hero-aged-asphalt-drive-still-intact.webp,B_REPLACE_BULK,rendered,1,3.2,0.04,287.3,
2026-07-29T19:06:33.514356,driveway-drainage-problems-causes-and-fixes,hero-standing-water-low-spot-drive.webp,B_REPLACE_BULK,rendered,1,3.0,0.04,270.1,
2026-07-29T19:06:38.595706,driveway-drone-photography-aerial-view-of-your-property,hero-high-view-concrete-drive-lawn-stripes.webp,B_REPLACE_BULK,rendered,1,4.6,0.04,273.1,
2026-07-29T19:06:43.944191,driveway-edge-crumbling-causes-and-repair-solutions,hero-crumbling-concrete-edge-gravel-verge.webp,B_REPLACE_BULK,rendered,1,4.8,0.04,228.9,
2026-07-29T19:06:47.128845,driveway-edging-options-and-installation-guide,hero-soldier-course-paver-edging.webp,B_REPLACE_BULK,rendered,1,2.7,0.04,95.2,
2026-07-29T19:06:50.898042,driveway-electric-scooter-and-bike-access-micro-mobility-design,hero-wide-smooth-drive-gentle-curve.webp,B_REPLACE_BULK,rendered,1,3.3,0.04,189.3,
2026-07-29T19:06:54.182931,driveway-emergency-repair-contact-list-be-prepared,hero-water-filled-pothole-asphalt-drive.webp,B_REPLACE_BULK,rendered,1,2.8,0.04,206.9,
2026-07-29T19:06:57.493846,driveway-emergency-vehicle-access-width-and-turn-requirements,hero-extra-wide-sealed-rural-drive.webp,B_REPLACE_BULK,rendered,1,2.8,0.04,273.1,
2026-07-29T19:07:02.399866,driveway-encroachment-permit-when-you-cross-property-lines,hero-wide-concrete-apron-street-walk.webp,B_REPLACE_BULK,rendered,1,4.4,0.04,307.6,
2026-07-29T19:07:06.589270,driveway-encroachment-what-to-do,hero-neighboring-drives-shared-seam.webp,B_REPLACE_BULK,rendered,1,3.7,0.04,282.8,
2026-07-29T19:07:11.845910,driveway-engraved-concrete-custom-designs-after-installation,hero-carved-pattern-concrete-slab.webp,B_REPLACE_BULK,rendered,1,4.8,0.04,482.9,
2026-07-29T19:07:17.055298,driveway-environmental-assessment-contaminated-soil-check,hero-sample-hole-bare-earth-strip.webp,B_REPLACE_BULK,rendered,1,4.7,0.04,441.8,
2026-07-29T19:07:20.613617,driveway-estimating-mistakes-contractors-make,hero-uneven-form-boards-gravel-base.webp,B_REPLACE_BULK,rendered,1,3.1,0.04,122.5,
2026-07-29T19:07:24.138279,driveway-estimation-software-digital-bidding-tools,hero-damp-broom-lines-fresh-pour.webp,B_REPLACE_BULK,rendered,1,3.0,0.04,184.1,
2026-07-29T19:07:28.102525,driveway-excavation-and-site-preparation,hero-excavated-strip-string-lines.webp,B_REPLACE_BULK,rendered,1,3.5,0.04,191.3,
2026-07-29T19:07:31.296495,driveway-excavation-grading,hero-graded-gravel-base-slope.webp,B_REPLACE_BULK,rendered,1,2.7,0.04,234.8,
2026-07-29T19:07:34.737169,driveway-expansion-joint-repair-and-replacement,hero-old-filler-wide-joint-gap.webp,B_REPLACE_BULK,rendered,1,2.9,0.04,339.7,
2026-07-29T19:07:38.541630,driveway-expansion-joints-and-control-joints-explained,hero-sawn-grooves-wide-gaps-slab.webp,B_REPLACE_BULK,rendered,1,3.3,0.04,324.3,
2026-07-29T19:07:41.772921,driveway-exposed-aggregate-sealing-protecting-the-finish,hero-wet-sheen-pebbled-concrete.webp,B_REPLACE_BULK,rendered,1,2.7,0.04,96.0,
2026-07-29T19:07:45.843089,driveway-failure-analysis-root-cause-identification,hero-settled-slab-deep-cracks.webp,B_REPLACE_BULK,rendered,1,3.6,0.04,317.6,
2026-07-29T19:07:49.928655,driveway-fall-preparation-leaf-removal-and-pre-winter-care,hero-autumn-leaves-concrete-strip.webp,B_REPLACE_BULK,rendered,1,3.6,0.04,286.6,
2026-07-29T19:07:53.161693,driveway-faq-most-common-questions-answered,hero-dark-sealed-drive-plain-garage.webp,B_REPLACE_BULK,rendered,1,2.7,0.04,255.8,
2026-07-29T19:07:56.388845,driveway-fence-setback-at-entry-visibility-requirements,hero-gravel-opening-low-wooden-rails.webp,B_REPLACE_BULK,rendered,1,2.7,0.04,259.1,
2026-07-29T19:08:00.060938,driveway-fiber-reinforced-overlay-enhanced-crack-resistance,hero-thin-resurfacing-coat-aged-drive.webp,B_REPLACE_BULK,rendered,1,3.2,0.04,103.5,
2026-07-29T19:08:04.125862,driveway-final-completion-when-everything-is-done,hero-finished-new-slab-evening-light.webp,B_REPLACE_BULK,rendered,1,3.6,0.04,274.6,
2026-07-29T19:08:07.825939,driveway-final-inspection-checklist-passing-municipal-review,hero-straight-sawn-grooves-from-above.webp,B_REPLACE_BULK,rendered,1,3.2,0.04,355.5,
2026-07-29T19:08:12.160399,driveway-final-payment-when-to-release-the-last-check,hero-raindrops-freshly-sealed-surface.webp,B_REPLACE_BULK,rendered,1,3.8,0.04,97.1,
2026-07-29T19:08:16.115937,driveway-financing-options-for-homeowners,hero-fine-broom-texture-bright-sun.webp,B_REPLACE_BULK,rendered,1,3.4,0.04,236.0,
2026-07-29T19:08:19.834335,driveway-fire-access-requirements-meeting-fire-code,hero-wide-gravel-approach-open-sides.webp,B_REPLACE_BULK,rendered,1,3.2,0.04,207.6,
2026-07-29T19:08:24.037054,driveway-flexural-strength-bending-resistance-of-concrete,hero-thick-slab-edge-gravel-base.webp,B_REPLACE_BULK,rendered,1,3.7,0.04,149.3,
2026-07-29T19:08:27.795723,driveway-fog-seal-light-application-asphalt-preservation,hero-sealant-mist-half-blacktop.webp,B_REPLACE_BULK,rendered,1,3.3,0.04,188.6,
2026-07-29T19:08:31.703217,driveway-for-climate-zone-1-extreme-cold-materials,hero-snow-lined-concrete-gray-sky.webp,B_REPLACE_BULK,rendered,1,3.4,0.04,226.7,
2026-07-29T19:08:35.579424,driveway-for-climate-zone-2-cold-winter-materials,hero-melting-frost-fine-cracks.webp,B_REPLACE_BULK,rendered,1,3.4,0.04,216.0,
2026-07-29T19:08:39.686622,driveway-for-climate-zone-3-mixed-climate-materials,hero-paver-half-sun-half-shade.webp,B_REPLACE_BULK,rendered,1,3.6,0.04,351.6,
2026-07-29T19:08:43.455919,driveway-for-climate-zone-4-mild-winter-materials,hero-sunlit-gravel-frontage-low-shrubs.webp,B_REPLACE_BULK,rendered,1,3.3,0.04,459.8,
2026-07-29T19:08:47.062020,driveway-for-climate-zone-5-hot-and-humid-materials,hero-humid-shine-sealed-concrete-drive.webp,B_REPLACE_BULK,rendered,1,3.1,0.04,170.6,
2026-07-29T19:08:50.328359,driveway-for-climate-zone-6-hot-and-dry-materials,hero-dry-dusty-asphalt-rural-approach.webp,B_REPLACE_BULK,rendered,1,2.8,0.04,275.0,
2026-07-29T19:08:54.147035,driveway-for-rental-properties-best-materials-for-durability,hero-plain-asphalt-drive-overcast-frontage.webp,B_REPLACE_BULK,rendered,1,3.3,0.04,386.0,
2026-07-29T19:08:58.419964,driveway-force-majeure-when-nature-stops-construction,hero-rain-puddles-unfinished-gravel-base.webp,B_REPLACE_BULK,rendered,1,3.8,0.04,417.5,
2026-07-29T19:09:01.649471,driveway-forensic-investigation-determining-cause-of-failure,hero-deep-branching-cracks-gray-asphalt.webp,B_REPLACE_BULK,rendered,1,2.7,0.04,249.1,
2026-07-29T19:09:05.687296,driveway-freeze-thaw-testing-astm-c666-method,hero-freeze-damaged-scaled-concrete-closeup.webp,B_REPLACE_BULK,rendered,1,3.5,0.04,470.0,
2026-07-29T19:09:09.472430,driveway-full-depth-reclamation-rebuilding-from-the-ground-up,hero-pulverized-reclaimed-drive-base.webp,B_REPLACE_BULK,rendered,1,3.3,0.04,406.9,
2026-07-29T19:09:13.568211,driveway-garage-sale-setup-protecting-surface-from-display-items,hero-foam-mats-sealed-concrete-drive.webp,B_REPLACE_BULK,rendered,1,3.6,0.04,87.9,
2026-07-29T19:09:17.200856,driveway-garden-adjacent-design-protecting-both-zones,hero-gravel-drive-flowering-garden-border.webp,B_REPLACE_BULK,rendered,1,3.1,0.04,332.0,
2026-07-29T19:09:20.995369,driveway-gas-line-proximity-safety-setbacks,hero-locate-flags-along-gravel-edge.webp,B_REPLACE_BULK,rendered,1,3.3,0.04,174.2,
2026-07-29T19:09:25.049591,driveway-gates-and-security-features,hero-closed-metal-gate-asphalt-lane.webp,B_REPLACE_BULK,rendered,1,3.5,0.04,263.7,
2026-07-29T19:09:28.601830,driveway-general-liability-insurance-what-contractors-need,hero-wet-pour-between-wood-forms.webp,B_REPLACE_BULK,rendered,1,3.0,0.04,63.5,
2026-07-29T19:09:32.479452,driveway-geographic-information-system-gis-mapping-for-maintenance,hero-weathered-asphalt-drive-elevated-view.webp,B_REPLACE_BULK,rendered,1,3.4,0.04,219.7,
2026-07-29T19:09:35.998557,driveway-geotechnical-assessment-soil-conditions-matter,hero-open-test-pit-soil-layers.webp,B_REPLACE_BULK,rendered,1,3.0,0.04,221.8,
2026-07-29T19:09:39.584235,driveway-geotechnical-report-when-you-need-professional-soil-analysis,hero-damp-clay-subgrade-closeup.webp,B_REPLACE_BULK,rendered,1,3.1,0.04,397.0,
2026-07-29T19:09:43.359757,driveway-glossary-terms-every-homeowner-should-know,hero-low-angle-broomed-concrete-joint.webp,B_REPLACE_BULK,rendered,1,3.3,0.04,536.9,
2026-07-29T19:09:47.154458,driveway-gps-staking-precise-layout-from-digital-plans,hero-layout-stakes-bright-string-lines.webp,B_REPLACE_BULK,rendered,1,3.3,0.04,302.6,
2026-07-29T19:09:51.771661,driveway-grade-and-slope-regulations,hero-steep-asphalt-drive-bright-sun.webp,B_REPLACE_BULK,rendered,1,4.1,0.04,444.5,
2026-07-29T19:09:57.297542,driveway-grading-cost-leveling-before-installation,hero-leveled-gravel-bed-screed-rails.webp,B_REPLACE_BULK,rendered,1,5.0,0.04,245.4,
2026-07-29T19:10:00.878177,driveway-grading-permit-when-earthwork-requires-approval,hero-fresh-earth-cut-drive-site.webp,B_REPLACE_BULK,rendered,1,3.1,0.04,279.4,
2026-07-29T19:10:04.672332,driveway-graffiti-removal-protecting-your-property,hero-pressure-washed-stripe-gray-concrete.webp,B_REPLACE_BULK,rendered,1,3.3,0.04,374.3,
2026-07-29T19:10:08.191488,driveway-ground-penetrating-radar-subsurface-investigation,hero-chalk-grid-weathered-asphalt-scan.webp,B_REPLACE_BULK,rendered,1,3.0,0.04,255.2,
2026-07-29T19:10:11.818031,driveway-guaranteed-maximum-price-budget-protection,hero-string-grid-over-graded-base.webp,B_REPLACE_BULK,rendered,1,3.1,0.04,297.7,
2026-07-29T19:10:15.900723,driveway-habitat-impact-environmental-review-requirements,hero-gravel-edge-tall-native-grasses.webp,B_REPLACE_BULK,rendered,1,3.6,0.04,258.6,
2026-07-29T19:10:19.996407,driveway-heaving-and-buckling-causes-and-repair-options,hero-lifted-concrete-slab-buckled-joint.webp,B_REPLACE_BULK,rendered,1,3.6,0.04,293.4,
2026-07-29T19:10:23.575045,driveway-heavy-equipment-safety-avoiding-accidents,hero-ride-on-roller-fresh-mat-edge.webp,B_REPLACE_BULK,rendered,1,3.1,0.04,311.5,
2026-07-29T19:10:28.457457,driveway-historic-preservation-standards-secretary-of-interior-guidelines,hero-worn-cobblestone-wheel-tracks.webp,B_REPLACE_BULK,rendered,1,4.4,0.04,231.5,
2026-07-29T19:10:33.071418,driveway-holdback-protecting-against-incomplete-work,hero-partly-poured-slab-wood-forms.webp,B_REPLACE_BULK,rendered,1,4.1,0.04,282.6,
2026-07-29T19:10:36.893380,driveway-holiday-decorating-tips-protecting-your-surface,hero-string-lights-sealed-drive-dusk.webp,B_REPLACE_BULK,rendered,1,3.3,0.04,146.4,
2026-07-29T19:10:40.400245,driveway-hot-asphalt-burns-worker-safety-protocols,hero-steam-rising-fresh-asphalt.webp,B_REPLACE_BULK,rendered,1,3.0,0.04,188.2,
2026-07-29T19:10:45.317002,driveway-hot-in-place-recycling-repurposing-existing-asphalt,hero-milled-asphalt-grooves-closeup.webp,B_REPLACE_BULK,rendered,1,4.4,0.04,217.2,
2026-07-29T19:10:48.955728,driveway-hot-pour-crack-sealant-professional-application,hero-glossy-sealant-filled-crack.webp,B_REPLACE_BULK,rendered,1,3.1,0.04,233.7,
2026-07-29T19:10:53.343226,driveway-hot-tire-marks-on-sealcoated-asphalt,hero-tire-scuff-marks-sealed-asphalt.webp,B_REPLACE_BULK,rendered,1,3.9,0.04,375.6,
2026-07-29T19:10:57.066141,driveway-ideas-for-selling-your-home-fast,hero-tidy-paver-drive-sunset-glow.webp,B_REPLACE_BULK,rendered,1,3.2,0.04,163.0,
2026-07-29T19:11:02.106589,driveway-illumination-requirements-municipal-lighting-standards,hero-path-lights-concrete-drive-dusk.webp,B_REPLACE_BULK,rendered,1,4.5,0.04,109.9,
2026-07-29T19:11:06.244763,driveway-impact-resistance-handling-dropped-objects,hero-impact-chip-concrete-surface.webp,B_REPLACE_BULK,rendered,1,3.6,0.04,310.6,
2026-07-29T19:11:11.283232,driveway-improvement-priorities-what-to-fix-first,hero-weathered-asphalt-frontage-fine-cracks.webp,B_REPLACE_BULK,rendered,1,4.5,0.04,476.6,
2026-07-29T19:11:15.254127,driveway-in-buffer-zone-environmental-setback-requirements,hero-gravel-lane-reed-lined-verge.webp,B_REPLACE_BULK,rendered,1,3.5,0.04,273.4,
2026-07-29T19:11:18.902878,driveway-industry-associations-napa-acpa-and-icpi,hero-crushed-stone-stockpile-graded-base.webp,B_REPLACE_BULK,rendered,1,3.1,0.04,233.7,
2026-07-29T19:11:22.390952,driveway-infrared-thermography-detecting-subsurface-voids,hero-chalk-survey-marks-weathered-concrete.webp,B_REPLACE_BULK,rendered,1,3.0,0.04,264.4,
2026-07-29T19:11:27.474753,driveway-inland-marine-insurance-equipment-and-materials,hero-excavator-bucket-graded-gravel-base.webp,B_REPLACE_BULK,rendered,1,4.6,0.04,391.5,
2026-07-29T19:11:32.492573,driveway-inspection-during-home-purchase-what-to-look-for,hero-weathered-concrete-frontage-after-rain.webp,B_REPLACE_BULK,rendered,1,4.5,0.04,359.1,
2026-07-29T19:11:35.809202,driveway-inspection-fees-and-what-they-cover,hero-settlement-crack-across-slab.webp,B_REPLACE_BULK,rendered,1,2.8,0.04,412.0,
2026-07-29T19:11:39.940942,driveway-inspection-report-template-professional-assessment,hero-neat-paver-drive-elevated-view.webp,B_REPLACE_BULK,rendered,1,3.6,0.04,173.6,
2026-07-29T19:11:44.096893,driveway-inspection-scheduling-municipal-review-process,hero-stakes-string-graded-approach-corner.webp,B_REPLACE_BULK,rendered,1,3.6,0.04,193.8,
2026-07-29T19:11:47.595097,driveway-installation-checklist-dont-miss-these-steps,hero-level-string-compacted-gravel-base.webp,B_REPLACE_BULK,rendered,1,3.0,0.04,106.5,
2026-07-29T19:11:51.217915,driveway-installation-over-utility-easements,hero-locate-flags-new-concrete-edge.webp,B_REPLACE_BULK,rendered,1,3.1,0.04,135.9,
2026-07-29T19:11:55.009132,driveway-insurance-claims-documenting-damage-for-coverage,hero-wide-crack-concrete-wet-rain.webp,B_REPLACE_BULK,rendered,1,3.3,0.04,199.0,
2026-07-29T19:11:59.340226,driveway-joint-sand-replacement-step-by-step,hero-fresh-sand-swept-paver-joints.webp,B_REPLACE_BULK,rendered,1,3.8,0.04,113.8,
2026-07-29T19:12:03.055189,driveway-landscaping-borders-and-plantings,hero-concrete-drive-low-planting-borders.webp,B_REPLACE_BULK,rendered,1,3.2,0.04,374.7,
2026-07-29T19:12:07.444411,driveway-last-mile-delivery-design-e-commerce-era-access,hero-wide-concrete-apron-turning-space.webp,B_REPLACE_BULK,rendered,1,3.9,0.04,302.3,
2026-07-29T19:12:11.414705,driveway-latent-defect-hidden-problems-that-appear-later,hero-faint-hairline-crack-concrete-closeup.webp,B_REPLACE_BULK,rendered,1,3.5,0.04,416.7,
2026-07-29T19:12:14.570900,driveway-latex-modified-overlay-flexible-resurfacing,hero-flexible-overlay-squeegee-pass.webp,B_REPLACE_BULK,rendered,1,2.6,0.04,171.8,
2026-07-29T19:12:19.026974,driveway-layouts-straight-l-shaped-circular-and-more,hero-curved-concrete-loop-drive.webp,B_REPLACE_BULK,rendered,1,4.0,0.04,409.6,
2026-07-29T19:12:23.953458,driveway-lead-generation-for-contractors-getting-more-jobs,hero-staged-paving-equipment-job-site.webp,B_REPLACE_BULK,rendered,1,4.4,0.04,182.9,
2026-07-29T19:12:28.305682,driveway-letter-of-completion-formal-project-closeout,hero-finished-drive-clean-edges-gray-sky.webp,B_REPLACE_BULK,rendered,1,3.8,0.04,163.1,
2026-07-29T19:12:32.421067,driveway-leveling-when-and-how-to-fix-uneven-surfaces,hero-offset-slab-joint-height-gap.webp,B_REPLACE_BULK,rendered,1,3.6,0.04,199.8,
2026-07-29T19:12:36.299913,driveway-lien-rights-protecting-yourself-from-non-payment-claims,hero-rain-glossed-sealed-drive-frontage.webp,B_REPLACE_BULK,rendered,1,3.4,0.04,166.6,
2026-07-29T19:12:39.902185,driveway-lifecycle-extension-strategies-getting-more-years-from-your-surface,hero-older-sealed-asphalt-rural-lane.webp,B_REPLACE_BULK,rendered,1,3.1,0.04,230.4,
2026-07-29T19:12:43.167553,driveway-lighting-types-installation-and-costs,hero-recessed-lights-concrete-drive-edge.webp,B_REPLACE_BULK,rendered,1,2.8,0.04,77.8,
2026-07-29T19:12:46.976207,driveway-lump-sum-contract-fixed-price-agreements,hero-smooth-fresh-slab-sunlit-texture.webp,B_REPLACE_BULK,rendered,1,3.3,0.04,395.6,
2026-07-29T19:12:51.792980,driveway-maintenance-agreement-template-service-contracts,hero-beaded-rain-sealed-asphalt-high-view.webp,B_REPLACE_BULK,rendered,1,4.3,0.04,124.8,
2026-07-29T19:12:56.697951,driveway-maintenance-binder-organizing-all-your-records,hero-long-gravel-drive-hedgerow.webp,B_REPLACE_BULK,rendered,1,4.4,0.04,352.2,
2026-07-29T19:13:01.727830,driveway-maintenance-calendar-by-season,hero-frost-lined-paver-joints.webp,B_REPLACE_BULK,rendered,1,4.5,0.04,131.3,
2026-07-29T19:13:05.546403,driveway-maintenance-calendar-month-by-month-tasks,hero-sealed-slab-after-rain-shower.webp,B_REPLACE_BULK,rendered,1,3.3,0.04,320.8,
2026-07-29T19:13:09.073109,driveway-maintenance-for-landlords-protecting-your-investment,hero-plain-weathered-asphalt-frontage.webp,B_REPLACE_BULK,rendered,1,3.0,0.04,243.0,
2026-07-29T19:13:13.447042,driveway-maintenance-log-tracking-work-over-time,hero-patch-sequence-weathered-asphalt.webp,B_REPLACE_BULK,rendered,1,3.9,0.04,446.4,
2026-07-29T19:13:17.139714,driveway-maintenance-schedule-year-by-year-guide,hero-evening-sun-sealed-paver-drive.webp,B_REPLACE_BULK,rendered,1,3.2,0.04,111.1,
2026-07-29T19:13:20.652970,driveway-material-comparison-aesthetic-rankings,hero-paver-apron-meets-concrete-drive.webp,B_REPLACE_BULK,rendered,1,3.0,0.04,131.6,
2026-07-29T19:13:24.860335,driveway-material-comparison-durability-rankings,hero-blacktop-meets-pale-slab-low-angle.webp,B_REPLACE_BULK,rendered,1,3.7,0.04,356.3,
2026-07-29T19:13:28.472431,driveway-material-comparison-environmental-rankings,hero-permeable-pavers-draining-rainwater-joints.webp,B_REPLACE_BULK,rendered,1,3.1,0.04,146.1,
2026-07-29T19:13:32.058944,driveway-material-comparison-maintenance-rankings,hero-resin-surface-meets-concrete-border.webp,B_REPLACE_BULK,rendered,1,3.1,0.04,89.1,
2026-07-29T19:13:36.265685,driveway-material-identification-guide-what-do-i-have,hero-exposed-aggregate-macro-texture.webp,B_REPLACE_BULK,rendered,1,3.7,0.04,537.4,
2026-07-29T19:13:39.811582,driveway-material-msds-safety-data-sheets-you-should-keep,hero-sealcoat-spread-wet-band.webp,B_REPLACE_BULK,rendered,1,3.0,0.04,141.2,
2026-07-29T19:13:44.436740,driveway-material-price-forecast-2026-and-beyond,hero-crushed-stone-piles-bright-sun.webp,B_REPLACE_BULK,rendered,1,4.1,0.04,277.6,
2026-07-29T19:13:48.773920,driveway-material-sample-keeping-reference-for-future-repairs,hero-material-samples-on-concrete-slab.webp,B_REPLACE_BULK,rendered,1,3.8,0.04,515.0,
2026-07-29T19:13:52.478003,driveway-material-selection-flowchart-find-your-best-match,hero-brick-paver-meets-loose-gravel.webp,B_REPLACE_BULK,rendered,1,3.2,0.04,124.0,
2026-07-29T19:13:56.658801,driveway-material-selection-for-extreme-weather-regions,hero-ice-patches-weathered-concrete-drive.webp,B_REPLACE_BULK,rendered,1,3.7,0.04,332.0,
2026-07-29T19:14:00.422834,driveway-material-substitution-when-alternatives-are-needed,hero-fresh-gravel-over-old-concrete-slab.webp,B_REPLACE_BULK,rendered,1,3.3,0.04,318.6,
2026-07-29T19:14:04.115303,driveway-material-testing-app-smartphone-field-tools,hero-thin-crack-network-aged-asphalt.webp,B_REPLACE_BULK,rendered,1,3.2,0.04,198.6,
2026-07-29T19:14:07.866672,driveway-material-testing-labs-verifying-quality,hero-row-of-core-samples-on-slab.webp,B_REPLACE_BULK,rendered,1,3.2,0.04,126.9,
2026-07-29T19:14:11.847548,driveway-material-warranty-comparison-whats-covered,hero-glossy-meets-dull-concrete-seam.webp,B_REPLACE_BULK,rendered,1,3.5,0.04,83.9,
2026-07-29T19:14:15.438552,driveway-mechanics-lien-what-homeowners-need-to-know,hero-neat-asphalt-drive-gray-garage-door.webp,B_REPLACE_BULK,rendered,1,3.1,0.04,298.5,
2026-07-29T19:14:19.655327,driveway-metallic-epoxy-coating-high-gloss-options,hero-metallic-swirl-glossy-concrete-closeup.webp,B_REPLACE_BULK,rendered,1,3.7,0.04,256.4,
2026-07-29T19:14:23.675554,driveway-microsurfacing-advanced-preventive-maintenance,hero-fresh-micro-coat-spread-asphalt.webp,B_REPLACE_BULK,rendered,1,3.5,0.04,278.5,
2026-07-29T19:14:27.507071,driveway-moss-killer-products-and-natural-solutions,hero-moss-filled-paver-joints-closeup.webp,B_REPLACE_BULK,rendered,1,3.3,0.04,315.5,
2026-07-29T19:14:31.697968,driveway-moving-day-protection-heavy-load-precautions,hero-plywood-sheets-over-concrete-drive.webp,B_REPLACE_BULK,rendered,1,3.7,0.04,355.0,
2026-07-29T19:14:35.861523,driveway-myths-debunked-common-misconceptions,hero-cracked-asphalt-lane-open-field.webp,B_REPLACE_BULK,rendered,1,3.7,0.04,377.1,
2026-07-29T19:14:40.319910,driveway-near-cell-tower-access-and-easement-issues,hero-gravel-drive-distant-lattice-tower.webp,B_REPLACE_BULK,rendered,1,3.9,0.04,123.6,
2026-07-29T19:14:45.608998,driveway-near-railroad-crossing-sight-distance-requirements,hero-asphalt-lane-ending-at-rail-tracks.webp,B_REPLACE_BULK,rendered,1,4.8,0.04,242.0,
2026-07-29T19:14:49.814165,driveway-negotiation-points-in-home-sales,hero-well-kept-brick-paver-frontage.webp,B_REPLACE_BULK,rendered,1,3.7,0.04,291.2,
2026-07-29T19:14:53.456083,driveway-neighbor-communication-telling-them-about-your-project,hero-staked-forms-along-gravel-drive-bed.webp,B_REPLACE_BULK,rendered,1,3.1,0.04,409.4,
2026-07-29T19:14:57.038457,driveway-net-zero-paving-achieving-carbon-neutrality,hero-permeable-pavers-green-joint-lines.webp,B_REPLACE_BULK,rendered,1,3.1,0.04,245.7,
2026-07-29T19:15:01.503666,driveway-noise-impact-study-traffic-and-construction-noise,hero-concrete-drive-along-quiet-street.webp,B_REPLACE_BULK,rendered,1,4.0,0.04,140.3,
2026-07-29T19:15:04.690700,driveway-occupancy-requirement-when-driveway-affects-building-use,hero-new-concrete-drive-plain-garage-doors.webp,B_REPLACE_BULK,rendered,1,2.7,0.04,166.4,
2026-07-29T19:15:09.488425,driveway-oil-absorbent-products-kitty-litter-vs-commercial,hero-granules-over-dark-oil-stain-concrete.webp,B_REPLACE_BULK,rendered,1,4.3,0.04,190.9,
2026-07-29T19:15:12.794065,driveway-owner-builder-managing-your-own-project,hero-partly-formed-gravel-drive-bed.webp,B_REPLACE_BULK,rendered,1,2.8,0.04,294.3,
2026-07-29T19:15:17.475984,driveway-package-delivery-notification-smart-camera-alerts,hero-wall-mounted-camera-above-drive.webp,B_REPLACE_BULK,rendered,1,4.2,0.04,113.5,
2026-07-29T19:15:21.174257,driveway-party-and-event-setup-temporary-protection-ideas,hero-protective-mats-over-paver-drive.webp,B_REPLACE_BULK,rendered,1,3.2,0.04,346.3,
2026-07-29T19:15:24.775845,driveway-pavement-management-system-data-driven-decisions,hero-chalk-section-lines-weathered-asphalt.webp,B_REPLACE_BULK,rendered,1,3.1,0.04,276.3,
2026-07-29T19:15:29.186908,driveway-paver-lifting-and-resetting-repair-guide,hero-lifted-paver-reset-sand-bed.webp,B_REPLACE_BULK,rendered,1,3.9,0.04,167.8,
2026-07-29T19:15:32.350037,driveway-paver-replacement-matching-colors-and-sizes,hero-new-paver-samples-weathered-units.webp,B_REPLACE_BULK,rendered,1,2.7,0.04,189.0,
2026-07-29T19:15:35.576086,driveway-payment-application-template-tracking-costs,hero-sealed-asphalt-gutter-line.webp,B_REPLACE_BULK,rendered,1,2.7,0.04,173.2,
2026-07-29T19:15:40.321548,driveway-payment-bond-protecting-against-non-payment,hero-mixer-chute-over-wood-forms.webp,B_REPLACE_BULK,rendered,1,4.2,0.04,156.5,
2026-07-29T19:15:44.041200,driveway-performance-bond-ensuring-project-completion,hero-washed-aggregate-finish-closeup.webp,B_REPLACE_BULK,rendered,1,3.2,0.04,236.9,
2026-07-29T19:15:47.195546,driveway-permits-and-regulations-in-alabama,hero-new-concrete-single-story-frontage.webp,B_REPLACE_BULK,rendered,1,2.6,0.04,244.8,
2026-07-29T19:15:50.343646,driveway-permits-and-regulations-in-alaska,hero-rain-dark-gravel-rural-approach.webp,B_REPLACE_BULK,rendered,1,2.6,0.04,182.5,
2026-07-29T19:15:53.761443,driveway-permits-and-regulations-in-arizona,hero-dark-sealed-drive-sunny-frontage.webp,B_REPLACE_BULK,rendered,1,2.9,0.04,237.6,
2026-07-29T19:15:57.439048,driveway-permits-and-regulations-in-california,hero-new-paver-drive-dusk-lawn-edge.webp,B_REPLACE_BULK,rendered,1,3.2,0.04,153.0,
2026-07-29T19:16:00.711549,driveway-permits-and-regulations-in-colorado,hero-weathered-asphalt-lane-gray-overcast.webp,B_REPLACE_BULK,rendered,1,2.8,0.04,302.0,
2026-07-29T19:16:04.004045,driveway-permits-and-regulations-in-connecticut,hero-cracked-concrete-panels-quiet-frontage.webp,B_REPLACE_BULK,rendered,1,2.8,0.04,217.3,
2026-07-29T19:16:07.670050,driveway-permits-and-regulations-in-delaware,hero-rain-beaded-sealed-paver-closeup.webp,B_REPLACE_BULK,rendered,1,3.2,0.04,124.6,
2026-07-29T19:16:11.365329,driveway-permits-and-regulations-in-florida,hero-new-blacktop-frontage-harsh-midday.webp,B_REPLACE_BULK,rendered,1,3.2,0.04,238.7,
2026-07-29T19:16:15.600712,driveway-permits-and-regulations-in-georgia,hero-weathered-gravel-lane-evening-light.webp,B_REPLACE_BULK,rendered,1,3.7,0.04,223.6,
2026-07-29T19:16:20.575407,driveway-permits-and-regulations-in-hawaii,hero-sealed-slab-frontage-after-rain.webp,B_REPLACE_BULK,rendered,1,4.5,0.04,166.2,
2026-07-29T19:16:24.222359,driveway-permits-and-regulations-in-iowa,hero-cracked-asphalt-lane-low-view.webp,B_REPLACE_BULK,rendered,1,3.1,0.04,141.8,
2026-07-29T19:16:28.068646,driveway-permits-and-regulations-in-louisiana,hero-fresh-patch-beside-open-pothole.webp,B_REPLACE_BULK,rendered,1,3.3,0.04,210.5,
2026-07-29T19:16:31.827033,driveway-permits-and-regulations-in-maine,hero-weathered-cobblestone-frontage-gray-day.webp,B_REPLACE_BULK,rendered,1,3.3,0.04,184.2,
2026-07-29T19:16:35.119097,driveway-permits-and-regulations-in-maryland,hero-new-slab-frontage-elevated-midday.webp,B_REPLACE_BULK,rendered,1,2.8,0.04,257.7,
2026-07-29T19:16:38.620671,driveway-permits-and-regulations-in-massachusetts,hero-sealed-pavers-golden-hour-frontage.webp,B_REPLACE_BULK,rendered,1,3.0,0.04,221.4,
2026-07-29T19:16:42.753489,driveway-permits-and-regulations-in-michigan,hero-half-graded-gravel-rural-lane.webp,B_REPLACE_BULK,rendered,1,3.6,0.04,270.2,
2026-07-29T19:16:46.500718,driveway-permits-and-regulations-in-minnesota,hero-cracked-slab-low-angle-midday.webp,B_REPLACE_BULK,rendered,1,3.2,0.04,373.1,
2026-07-29T19:16:50.252711,driveway-permits-and-regulations-in-mississippi,hero-damp-gravel-track-low-view.webp,B_REPLACE_BULK,rendered,1,3.2,0.04,157.6,
2026-07-29T19:16:54.069595,driveway-permits-and-regulations-in-missouri,hero-sealed-blacktop-frontage-evening-glow.webp,B_REPLACE_BULK,rendered,1,3.3,0.04,172.0,
2026-07-29T19:16:58.486816,driveway-permits-and-regulations-in-montana,hero-new-chip-seal-open-rangeland.webp,B_REPLACE_BULK,rendered,1,3.9,0.04,303.5,
2026-07-29T19:17:02.188083,driveway-permits-and-regulations-in-nebraska,hero-clean-new-drive-gray-sky.webp,B_REPLACE_BULK,rendered,1,3.2,0.04,219.1,
2026-07-29T19:17:06.039112,driveway-permits-and-regulations-in-nevada,hero-faded-blacktop-harsh-sun-frontage.webp,B_REPLACE_BULK,rendered,1,3.3,0.04,368.9,
2026-07-29T19:17:10.181787,driveway-permits-and-regulations-in-new-hampshire,hero-weathered-gravel-curve-evening.webp,B_REPLACE_BULK,rendered,1,3.6,0.04,384.0,
2026-07-29T19:17:13.822863,driveway-permits-and-regulations-in-new-jersey,hero-sealed-pavers-after-rain-above.webp,B_REPLACE_BULK,rendered,1,3.1,0.04,270.8,
2026-07-29T19:17:18.006414,driveway-permits-and-regulations-in-new-mexico,hero-chip-seal-drive-dry-land-low.webp,B_REPLACE_BULK,rendered,1,3.7,0.04,306.1,
2026-07-29T19:17:21.734618,driveway-permits-and-regulations-in-new-york,hero-gray-concrete-crack-low-view.webp,B_REPLACE_BULK,rendered,1,3.2,0.04,160.4,
2026-07-29T19:17:25.792960,driveway-permits-and-regulations-in-north-carolina,hero-warm-glow-sealed-blacktop-drive.webp,B_REPLACE_BULK,rendered,1,3.6,0.04,232.5,
2026-07-29T19:17:29.822244,driveway-permits-and-regulations-in-north-dakota,hero-graded-gravel-lane-high-view.webp,B_REPLACE_BULK,rendered,1,3.5,0.04,264.1,
2026-07-29T19:17:33.939320,driveway-permits-and-regulations-in-ohio,hero-aged-concrete-drive-from-above.webp,B_REPLACE_BULK,rendered,1,3.6,0.04,426.4,
2026-07-29T19:17:37.437569,driveway-permits-and-regulations-in-oklahoma,hero-fresh-mat-compactor-low-angle.webp,B_REPLACE_BULK,rendered,1,3.0,0.04,213.4,
2026-07-29T19:17:41.013257,driveway-permits-and-regulations-in-oregon,hero-new-interlocking-pavers-evening.webp,B_REPLACE_BULK,rendered,1,3.1,0.04,137.9,
2026-07-29T19:17:44.753029,driveway-permits-and-regulations-in-pennsylvania,hero-rain-soaked-crack-concrete-closeup.webp,B_REPLACE_BULK,rendered,1,3.2,0.04,118.4,
2026-07-29T19:17:49.080797,driveway-permits-and-regulations-in-rhode-island,hero-cobblestone-low-view-late-light.webp,B_REPLACE_BULK,rendered,1,3.8,0.04,176.7,
2026-07-29T19:17:52.870430,driveway-permits-and-regulations-in-south-carolina,hero-new-blacktop-bright-sun-above.webp,B_REPLACE_BULK,rendered,1,3.3,0.04,450.6,
2026-07-29T19:17:57.716944,driveway-permits-and-regulations-in-south-dakota,hero-tire-rutted-gravel-open-fields.webp,B_REPLACE_BULK,rendered,1,4.3,0.04,379.9,
2026-07-29T19:18:01.478134,driveway-permits-and-regulations-in-texas,hero-glossy-concrete-drive-bright-sun.webp,B_REPLACE_BULK,rendered,1,3.3,0.04,143.1,
2026-07-29T19:18:04.985472,driveway-permits-and-regulations-in-vermont,hero-cracked-lane-golden-hour-low.webp,B_REPLACE_BULK,rendered,1,3.0,0.04,174.4,
2026-07-29T19:18:08.774294,driveway-permits-and-regulations-in-virginia,hero-aged-paver-drive-high-view.webp,B_REPLACE_BULK,rendered,1,3.3,0.04,376.3,
2026-07-29T19:18:12.328907,driveway-permits-and-regulations-in-washington,hero-damp-concrete-stains-closeup.webp,B_REPLACE_BULK,rendered,1,3.0,0.04,466.1,
2026-07-29T19:18:16.155671,driveway-permits-and-regulations-in-west-virginia,hero-wet-asphalt-winding-lane-above.webp,B_REPLACE_BULK,rendered,1,3.3,0.04,251.5,
2026-07-29T19:18:19.744717,driveway-permits-and-regulations-in-wyoming,hero-fresh-gravel-open-rangeland-sun.webp,B_REPLACE_BULK,rendered,1,3.1,0.04,279.2,
2026-07-29T19:18:24.399604,driveway-permits-how-much-do-they-cost,hero-crack-mortar-fill-closeup-low.webp,B_REPLACE_BULK,rendered,1,4.1,0.04,133.9,
2026-07-29T19:18:29.179504,driveway-permits-what-you-need-before-starting,hero-marked-drive-layout-gravel-base.webp,B_REPLACE_BULK,rendered,1,4.3,0.04,413.5,
2026-07-29T19:18:43.052965,driveway-pet-area-design-creating-a-safe-space,hero-paver-drive-grassy-side-yard.webp,B_REPLACE_BULK,rendered,3,3.1,0.04,220.7,
2026-07-29T19:18:57.674472,driveway-photo-documentation-before-during-and-after,hero-partly-poured-drive-warm-light.webp,B_REPLACE_BULK,rendered,3,4.0,0.04,183.7,
2026-07-29T19:19:12.242627,driveway-photo-history-documenting-changes-and-aging,hero-faded-cracked-asphalt-aging-drive.webp,B_REPLACE_BULK,rendered,3,3.9,0.04,413.0,
2026-07-29T19:19:26.366348,driveway-photography-tips-capturing-the-best-angles-for-listings,hero-low-view-paver-drive-warm-light.webp,B_REPLACE_BULK,rendered,3,3.4,0.04,317.2,
2026-07-29T19:19:42.034918,driveway-planning-for-new-home-construction,hero-form-stakes-freshly-graded-bed.webp,B_REPLACE_BULK,rendered,3,5.0,0.04,271.1,
2026-07-29T19:19:50.909554,driveway-pollution-liability-environmental-coverage,hero-oily-sheen-rain-wet-asphalt.webp,B_REPLACE_BULK,rendered,2,3.3,0.04,203.3,
2026-07-29T19:20:04.420507,driveway-polyaspartic-coating-fast-cure-alternative,hero-glossy-coating-half-applied-apron.webp,B_REPLACE_BULK,rendered,3,2.9,0.04,342.8,
2026-07-29T19:20:19.285047,driveway-power-washing-before-home-sale-worth-the-cost,hero-wide-clean-stripe-dingy-slab.webp,B_REPLACE_BULK,rendered,3,4.0,0.04,430.5,
2026-07-29T19:20:33.257632,driveway-power-washing-frequency-guide,hero-half-washed-damp-concrete-drive.webp,B_REPLACE_BULK,rendered,3,3.3,0.04,92.4,
2026-07-29T19:20:47.271303,driveway-power-washing-tips-for-a-clean-surface,hero-freshly-washed-concrete-uniform-finish.webp,B_REPLACE_BULK,rendered,3,3.4,0.04,113.0,
2026-07-29T19:21:01.876589,driveway-ppe-requirements-protective-equipment-for-workers,hero-safety-gear-laid-on-slab.webp,B_REPLACE_BULK,rendered,3,3.9,0.04,85.7,
2026-07-29T19:21:16.303334,driveway-pressure-washing-mistakes-that-cause-damage,hero-etched-wand-marks-concrete-closeup.webp,B_REPLACE_BULK,rendered,3,3.7,0.04,181.1,
2026-07-29T19:21:30.379795,driveway-preventive-maintenance-program-saving-money-long-term,hero-sealed-lane-between-open-fields.webp,B_REPLACE_BULK,rendered,3,3.3,0.04,225.9,
2026-07-29T19:21:45.303386,driveway-prime-coat-preparing-base-for-asphalt,hero-dark-prime-coat-gravel-base.webp,B_REPLACE_BULK,rendered,3,4.3,0.04,123.0,
2026-07-29T19:21:59.946326,driveway-problem-diagnosis-guide-identifying-issues-by-symptom,hero-cracked-stained-asphalt-overview.webp,B_REPLACE_BULK,rendered,3,4.0,0.04,484.5,
2026-07-29T19:22:13.882010,driveway-product-innovation-new-materials-and-methods,hero-seamless-resin-pebble-surface.webp,B_REPLACE_BULK,rendered,3,3.3,0.04,138.4,
2026-07-29T19:22:27.583468,driveway-professional-liability-design-error-protection,hero-buckled-joint-raised-slab-edge.webp,B_REPLACE_BULK,rendered,3,2.8,0.04,143.8,
2026-07-29T19:22:42.665553,driveway-progress-payment-paying-as-work-completes,hero-half-poured-slab-meets-base.webp,B_REPLACE_BULK,rendered,3,4.4,0.04,195.6,
2026-07-29T19:22:51.373296,driveway-project-case-studies-before-and-after,hero-light-overlay-meets-aged-slab.webp,B_REPLACE_BULK,rendered,2,3.2,0.04,175.2,
2026-07-29T19:23:05.897527,driveway-project-checklist-for-homeowners-free-pdf,hero-squared-new-slab-bright-lawn.webp,B_REPLACE_BULK,rendered,3,3.9,0.04,366.0,
2026-07-29T19:23:19.784840,driveway-project-delay-causes-weather-permits-and-supply,hero-puddled-base-under-gray-sky.webp,B_REPLACE_BULK,rendered,3,3.2,0.04,227.8,
2026-07-29T19:23:34.936598,driveway-project-management-software-tracking-progress,hero-partly-laid-pavers-stacked-bundles.webp,B_REPLACE_BULK,rendered,3,4.5,0.04,399.6,
2026-07-29T19:23:43.964609,driveway-project-management-timeline-budget-and-quality-control,hero-chalk-line-smooth-fresh-slab.webp,B_REPLACE_BULK,rendered,2,3.5,0.04,88.2,
2026-07-29T19:23:57.898423,driveway-project-management-working-with-your-contractor,hero-screed-rails-wet-pour-forms.webp,B_REPLACE_BULK,rendered,3,3.2,0.04,170.4,
2026-07-29T19:24:11.849471,driveway-project-scope-creep-staying-on-budget,hero-extra-excavated-strip-beyond-strings.webp,B_REPLACE_BULK,rendered,3,3.3,0.04,354.8,
2026-07-29T19:24:27.096578,driveway-project-timeline-from-planning-to-completion,hero-graded-gravel-lane-flat-fields.webp,B_REPLACE_BULK,rendered,3,4.6,0.04,144.5,
2026-07-29T19:24:37.411636,driveway-project-timeline-template-from-planning-to-completion,hero-blanket-peeled-fresh-slab-corner.webp,B_REPLACE_BULK,rendered,2,4.7,0.04,203.4,
2026-07-29T19:24:46.235386,driveway-property-survey-verifying-boundaries-before-building,hero-corner-stakes-string-layout.webp,B_REPLACE_BULK,rendered,2,3.3,0.04,254.3,
2026-07-29T19:25:02.234068,driveway-pros-and-cons-by-material-complete-breakdown,hero-brick-paver-meets-gravel-edge.webp,B_REPLACE_BULK,rendered,3,5.3,0.04,308.2,
2026-07-29T19:25:10.989804,driveway-protective-coating-for-new-installations,hero-fresh-sealant-gloss-new-drive.webp,B_REPLACE_BULK,rendered,2,3.2,0.04,91.0,
2026-07-29T19:25:25.547263,driveway-punch-list-template-final-inspection-form,hero-spirit-level-new-concrete-slab.webp,B_REPLACE_BULK,rendered,3,3.9,0.04,158.1,
2026-07-29T19:25:39.797200,driveway-quality-control-ensuring-consistent-results,hero-uniform-broom-finish-sawn-joints.webp,B_REPLACE_BULK,rendered,3,3.5,0.04,143.5,
2026-07-29T19:25:56.342699,driveway-quick-fixes-before-listing-your-home,hero-filled-cracks-tidy-asphalt-frontage.webp,B_REPLACE_BULK,rendered,3,5.9,0.04,220.8,
2026-07-29T19:26:05.270796,driveway-rain-sensor-automatic-irrigation-shutoff-near-pavement,hero-rain-sensor-wet-drive-edge.webp,B_REPLACE_BULK,rendered,2,3.4,0.04,109.8,
2026-07-29T19:26:19.130225,driveway-reconstruction-vs-rehabilitation-making-the-right-call,hero-stripped-lane-beside-intact-asphalt.webp,B_REPLACE_BULK,rendered,3,3.2,0.04,151.2,
2026-07-29T19:26:33.648180,driveway-reference-check-template-verifying-contractor-quality,hero-clean-jointed-drive-straight-edges.webp,B_REPLACE_BULK,rendered,3,3.8,0.04,114.6,
2026-07-29T19:26:47.420767,driveway-reflectors-and-markers,hero-reflector-posts-gravel-drive-edge.webp,B_REPLACE_BULK,rendered,3,3.1,0.04,145.2,
2026-07-29T19:27:01.409186,driveway-refresh-ideas-under-2000,hero-cleaned-stripe-dingy-pavers.webp,B_REPLACE_BULK,rendered,3,3.3,0.04,444.2,
2026-07-29T19:27:15.838624,driveway-reinforcement,hero-fiber-strands-wet-concrete-closeup.webp,B_REPLACE_BULK,rendered,3,3.7,0.04,91.1,
2026-07-29T19:27:31.201063,driveway-remediation-plan-steps-to-fix-major-problems,hero-heaved-slabs-deep-wide-cracks.webp,B_REPLACE_BULK,rendered,3,4.7,0.04,408.9,
2026-07-29T19:27:40.240196,driveway-renovation-before-selling-your-home,hero-glossy-sealed-drive-tidy-lawn.webp,B_REPLACE_BULK,rendered,2,3.3,0.04,223.2,
2026-07-29T19:27:55.132449,driveway-repair-decision-tree-fix-it-or-replace-it,hero-patched-section-crumbling-asphalt-edge.webp,B_REPLACE_BULK,rendered,3,4.2,0.04,249.5,
2026-07-29T19:28:09.708071,driveway-replacement-after-home-purchase-planning-guide,hero-compacted-base-awaiting-new-slab.webp,B_REPLACE_BULK,rendered,3,3.9,0.04,203.1,
2026-07-29T19:28:19.308503,driveway-request-for-proposal-template-rfp-for-contractors,hero-plain-cracked-concrete-gray-sky.webp,B_REPLACE_BULK,rendered,2,4.0,0.04,116.5,
2026-07-29T19:28:33.400508,driveway-research-and-development-university-studies,hero-sample-panels-finish-test-strip.webp,B_REPLACE_BULK,rendered,3,3.4,0.04,213.1,
2026-07-29T19:28:47.298379,driveway-resilience-planning-preparing-for-extreme-weather,hero-rain-sheeting-sealed-drive-drain.webp,B_REPLACE_BULK,rendered,3,3.2,0.04,201.5,
2026-07-29T19:29:00.996388,driveway-resurfacing-vs-replacement-when-to-choose-each,hero-overlay-boundary-straight-sawn-line.webp,B_REPLACE_BULK,rendered,3,3.0,0.04,259.0,
2026-07-29T19:29:15.997127,driveway-retainage-holding-back-for-quality-assurance,hero-smooth-sealed-drive-clean-apron.webp,B_REPLACE_BULK,rendered,3,4.4,0.04,229.0,
2026-07-29T19:29:30.995029,driveway-retaining-wall-height-limits-code-requirements,hero-block-retaining-wall-gravel-drive.webp,B_REPLACE_BULK,rendered,3,4.3,0.04,207.3,
2026-07-29T19:29:44.885892,driveway-return-on-investment-by-neighborhood-type,hero-glowing-paver-drive-trimmed-hedges.webp,B_REPLACE_BULK,rendered,3,3.2,0.04,283.8,
2026-07-29T19:29:58.611177,driveway-right-of-way-and-easements-what-homeowners-need-to-know,hero-gravel-drive-meets-paved-road.webp,B_REPLACE_BULK,rendered,3,3.1,0.04,272.4,
2026-07-29T19:30:13.709935,driveway-robotic-total-station-automated-survey-layout,hero-survey-instrument-tripod-staked-site.webp,B_REPLACE_BULK,rendered,3,4.4,0.04,140.8,
2026-07-29T19:30:28.869911,driveway-roi-calculator-how-much-value-does-it-add,hero-fresh-sealed-drive-golden-light.webp,B_REPLACE_BULK,rendered,3,4.5,0.04,358.1,
2026-07-29T19:30:37.730061,driveway-safety-for-children,hero-even-concrete-drive-to-garage.webp,B_REPLACE_BULK,rendered,2,3.3,0.04,182.1,
2026-07-29T19:30:51.499711,driveway-safety-slip-resistance-in-wet-and-icy-conditions,hero-rain-beaded-broom-finish.webp,B_REPLACE_BULK,rendered,3,3.0,0.04,161.3,
2026-07-29T19:31:06.855100,driveway-sand-types-washed-mason-and-utility,hero-graded-sand-piles-paver-bed.webp,B_REPLACE_BULK,rendered,3,4.7,0.04,417.9,
2026-07-29T19:31:17.135385,driveway-scaling-resistance-test-astm-c672-method,hero-flaking-scaled-concrete-closeup.webp,B_REPLACE_BULK,rendered,2,4.7,0.04,307.4,
2026-07-29T19:31:26.094659,driveway-schedule-of-values-breaking-down-project-cost,hero-graded-base-with-lumber-forms.webp,B_REPLACE_BULK,rendered,2,3.3,0.04,322.5,
2026-07-29T19:31:40.543138,driveway-school-zone-requirements-safety-near-schools,hero-sealed-drive-open-sight-lines.webp,B_REPLACE_BULK,rendered,3,3.5,0.04,336.8,
2026-07-29T19:31:55.176765,driveway-scope-of-work-defining-the-project-clearly,hero-measuring-tape-across-gravel-base.webp,B_REPLACE_BULK,rendered,3,3.6,0.04,133.5,
2026-07-29T19:32:09.637613,driveway-sealcoat-failure-common-causes-and-remedies,hero-peeling-sealcoat-fine-cracks.webp,B_REPLACE_BULK,rendered,3,3.8,0.04,239.2,
2026-07-29T19:32:23.539615,driveway-sealcoating-when-why-and-how-often,hero-wet-sealcoat-gloss-closeup.webp,B_REPLACE_BULK,rendered,3,3.2,0.04,147.7,
2026-07-29T19:32:38.303405,driveway-seasonal-checklist-printable-four-season-guide,hero-fallen-leaves-sealed-drive.webp,B_REPLACE_BULK,rendered,3,4.1,0.04,284.9,
2026-07-29T19:32:53.029206,driveway-seasonal-material-sales-when-to-buy-for-savings,hero-bulk-gravel-pile-ready-delivery.webp,B_REPLACE_BULK,rendered,1,0,0.04,315.1,
2026-07-29T19:33:06.465296,driveway-sewer-line-access-maintaining-utility-access,hero-flush-utility-cover-concrete-slab.webp,B_REPLACE_BULK,rendered,1,0,0.04,129.4,
2026-07-29T19:33:20.597242,driveway-silica-dust-exposure-health-risks-and-prevention,hero-dusty-saw-cut-concrete-groove.webp,B_REPLACE_BULK,rendered,1,0,0.04,147.8,
2026-07-29T19:33:34.409772,driveway-slope-and-drainage-minimum-codes-and-best-practice,hero-runoff-flowing-tilted-concrete.webp,B_REPLACE_BULK,rendered,1,0,0.04,156.1,
2026-07-29T19:33:48.724603,driveway-slope-drainage,hero-wet-asphalt-incline-puddles.webp,B_REPLACE_BULK,rendered,1,0,0.04,155.8,
2026-07-29T19:34:03.483723,driveway-smart-city-connection-iot-sensors-in-pavement,hero-flush-sensor-puck-asphalt.webp,B_REPLACE_BULK,rendered,1,0,0.04,243.6,
2026-07-29T19:34:17.990836,driveway-smart-irrigation-controller-protecting-pavement-edges,hero-sprinkler-mist-concrete-drive-edge.webp,B_REPLACE_BULK,rendered,1,0,0.04,301.1,
2026-07-29T19:34:32.057125,driveway-smart-lock-gate-remote-access-control,hero-metal-gate-gravel-drive-entry.webp,B_REPLACE_BULK,rendered,1,0,0.04,319.8,
2026-07-29T19:34:47.136727,driveway-snow-removal-equipment-blowers-plows-and-shovels-compared,hero-snow-blower-cleared-drive.webp,B_REPLACE_BULK,rendered,1,0,0.04,283.3,
2026-07-29T19:34:56.835250,driveway-snow-stakes-and-edge-markers,hero-marker-stakes-snowy-drive-edge.webp,B_REPLACE_BULK,rendered,1,0,0.04,103.0,
2026-07-29T19:35:10.765706,driveway-soil-testing-why-its-essential-before-construction,hero-auger-soil-cores-test-hole.webp,B_REPLACE_BULK,rendered,1,0,0.04,279.3,
2026-07-29T19:35:25.942297,driveway-specification-writing-describing-what-you-want,hero-paver-sample-boards-on-gravel.webp,B_REPLACE_BULK,rendered,1,0,0.04,143.1,
2026-07-29T19:35:34.923693,driveway-spray-applied-overlay-fast-installation-option,hero-sprayed-thin-overlay-concrete.webp,B_REPLACE_BULK,rendered,1,0,0.04,242.0,
2026-07-29T19:35:49.116320,driveway-spring-assessment-post-winter-damage-check,hero-salt-stained-cracked-concrete.webp,B_REPLACE_BULK,rendered,1,0,0.04,165.4,
2026-07-29T19:36:03.836008,driveway-staged-construction-building-in-phases,hero-staged-pour-form-boards-slab.webp,B_REPLACE_BULK,rendered,1,0,0.04,311.7,
2026-07-29T19:36:17.839585,driveway-stamped-overlay-adding-decorative-patterns,hero-stamped-overlay-fan-closeup.webp,B_REPLACE_BULK,rendered,1,0,0.04,107.7,
2026-07-29T19:36:33.221968,driveway-statute-of-limitations-time-to-file-a-claim,hero-aging-concrete-drive-gray-sky.webp,B_REPLACE_BULK,rendered,1,0,0.04,304.6,
2026-07-29T19:36:43.178326,driveway-statute-of-repose-ultimate-deadline-for-claims,hero-weathered-concrete-rural-approach.webp,B_REPLACE_BULK,rendered,1,0,0.04,354.4,
2026-07-29T19:36:57.202570,driveway-stenciling-and-pattern-techniques,hero-stenciled-pattern-concrete-closeup.webp,B_REPLACE_BULK,rendered,1,0,0.04,106.1,
2026-07-29T19:37:10.915728,driveway-stone-dust-uses-and-application-guide,hero-fine-stone-dust-spread-closeup.webp,B_REPLACE_BULK,rendered,1,0,0.04,181.7,
2026-07-29T19:37:24.830230,driveway-stop-notice-protecting-subcontractor-payments,hero-quiet-asphalt-lane-overcast-sky.webp,B_REPLACE_BULK,rendered,1,0,0.04,143.5,
2026-07-29T20:00:35.874917,driveway-structural-evaluation-when-to-call-an-engineer,hero-crack-gauge-concrete-slab-closeup.webp,B_REPLACE_BULK,rendered,1,0,0.04,382.0,
2026-07-29T20:00:50.586983,driveway-sub-base-construction-best-practices,hero-vibratory-roller-gravel-base.webp,B_REPLACE_BULK,rendered,1,0,0.04,309.8,
2026-07-29T20:19:10.624062,driveway-sub-base-materials-choosing-the-right-foundation,hero-assorted-base-aggregate-piles.webp,B_REPLACE_BULK,rendered,1,2.9,0.04,316.1,
2026-07-29T20:19:23.038882,driveway-subcontractor-vs-general-contractor-who-to-hire,hero-concrete-mixer-at-drive-site.webp,B_REPLACE_BULK,rendered,1,4.4,0.04,172.6,
2026-07-29T20:19:35.748710,driveway-substantial-completion-when-the-project-is-usable,hero-completed-concrete-drive-sunset.webp,B_REPLACE_BULK,rendered,1,4.7,0.04,282.7,
2026-07-29T20:19:47.000215,driveway-summer-protection-uv-and-heat-mitigation,hero-heat-haze-over-asphalt-drive.webp,B_REPLACE_BULK,rendered,1,3.2,0.04,148.1,
2026-07-29T20:19:58.355033,driveway-surface-course-vs-base-course-understanding-layers,hero-two-course-asphalt-edge-profile.webp,B_REPLACE_BULK,rendered,1,3.3,0.04,107.1,
2026-07-29T20:20:09.570190,driveway-surface-drainage-rate-how-fast-water-clears,hero-rain-runoff-sealed-concrete-drive.webp,B_REPLACE_BULK,rendered,1,3.2,0.04,140.0,
2026-07-29T20:20:21.133571,driveway-sustainability-certifications-greenroads-and-envision,hero-permeable-paver-drive-planted-verge.webp,B_REPLACE_BULK,rendered,1,3.6,0.04,276.7,
2026-07-29T20:20:32.806676,driveway-tack-coat-application-bonding-asphalt-layers,hero-glossy-tack-coat-asphalt-closeup.webp,B_REPLACE_BULK,rendered,1,3.7,0.04,115.2,
2026-07-29T20:20:43.535768,driveway-temporary-surface-short-term-solutions,hero-temporary-gravel-track-bare-soil.webp,B_REPLACE_BULK,rendered,1,2.7,0.04,163.1,
2026-07-29T20:20:55.204760,driveway-tensile-strength-how-concrete-resists-pulling-forces,hero-tension-crack-concrete-slab-closeup.webp,B_REPLACE_BULK,rendered,1,3.7,0.04,394.6,
2026-07-29T20:21:07.702189,driveway-thermal-expansion-why-joints-matter,hero-fresh-expansion-joint-groove-closeup.webp,B_REPLACE_BULK,rendered,1,4.5,0.04,183.4,
2026-07-29T20:21:19.955138,driveway-thermal-shock-resistance-rapid-temperature-changes,hero-frost-patch-sunny-concrete-slab.webp,B_REPLACE_BULK,rendered,1,4.2,0.04,141.7,
2026-07-29T20:21:31.217893,driveway-thickness-guide-for-cars-trucks-and-rvs,hero-8-inch-thick-slab-edge.webp,B_REPLACE_BULK,rendered,1,3.3,0.04,150.3,
2026-07-29T20:21:41.930077,driveway-thickness-guide,hero-slab-edge-beside-asphalt-mat.webp,B_REPLACE_BULK,rendered,1,2.7,0.04,136.7,
2026-07-29T20:21:53.596824,driveway-time-and-materials-contract-flexible-pricing,hero-shovel-spreading-wet-concrete.webp,B_REPLACE_BULK,rendered,1,3.7,0.04,143.0,
2026-07-29T20:22:04.775624,driveway-time-lapse-camera-documenting-construction,hero-tripod-camera-overlooking-drive-site.webp,B_REPLACE_BULK,rendered,1,3.2,0.04,81.7,
2026-07-29T20:22:16.010113,driveway-tire-track-prevention-on-new-concrete,hero-unmarked-new-concrete-texture.webp,B_REPLACE_BULK,rendered,1,3.2,0.04,122.3,
2026-07-29T20:22:27.577044,driveway-to-patio-transition-material-and-design-options,hero-paver-patio-joins-concrete-slab.webp,B_REPLACE_BULK,rendered,1,3.6,0.04,206.2,
2026-07-29T20:22:40.404545,driveway-to-walkway-connection-maintaining-visual-flow,hero-concrete-walk-meets-asphalt-drive.webp,B_REPLACE_BULK,rendered,1,4.8,0.04,436.1,
2026-07-29T20:22:53.348496,driveway-topographic-survey-mapping-your-property-for-grading,hero-contour-stakes-sloped-bare-ground.webp,B_REPLACE_BULK,rendered,1,4.9,0.04,222.2,
2026-07-29T20:23:04.685011,driveway-trade-shows-and-conferences-industry-events,hero-paver-sample-boards-display-row.webp,B_REPLACE_BULK,rendered,1,3.3,0.04,227.1,
2026-07-29T20:23:17.186728,driveway-traffic-control-during-construction-flagging-and-cones,hero-cones-lined-fresh-asphalt-edge.webp,B_REPLACE_BULK,rendered,1,4.5,0.04,98.5,
2026-07-29T20:23:29.724883,driveway-traffic-study-required-for-commercial-properties,hero-broad-asphalt-apron-street-view.webp,B_REPLACE_BULK,rendered,1,4.5,0.04,331.6,
2026-07-29T20:23:41.515219,driveway-transformation-stories-real-homeowner-case-studies,hero-weathered-half-renewed-slab-line.webp,B_REPLACE_BULK,rendered,1,3.8,0.04,304.3,
2026-07-29T20:23:52.580872,driveway-transition-strips-where-driveway-meets-garage,hero-metal-strip-garage-slab-joint.webp,B_REPLACE_BULK,rendered,1,3.1,0.04,75.7,
2026-07-29T20:24:04.031837,driveway-tree-preservation-working-around-protected-trees,hero-curved-slab-around-tree-trunk.webp,B_REPLACE_BULK,rendered,1,3.4,0.04,324.9,
2026-07-29T20:24:15.428975,driveway-trends-from-home-and-garden-shows,hero-two-tone-paver-frontage-design.webp,B_REPLACE_BULK,rendered,1,3.4,0.04,290.6,
2026-07-29T20:24:27.392940,driveway-turnarounds-design-and-dimensions,hero-circular-concrete-turnaround-court.webp,B_REPLACE_BULK,rendered,1,4.0,0.04,292.9,
2026-07-29T20:24:38.625097,driveway-ultra-thin-whitetopping-minimal-depth-concrete-overlay,hero-pale-overlay-over-dark-asphalt.webp,B_REPLACE_BULK,rendered,1,3.2,0.04,118.3,
2026-07-29T20:24:49.706607,driveway-umbrella-policy-extra-liability-protection,hero-clean-sealed-drive-fenced-yard.webp,B_REPLACE_BULK,rendered,1,3.1,0.04,235.4,
2026-07-29T20:25:00.780613,driveway-unbonded-concrete-overlay-structural-restoration,hero-new-overlay-poured-over-old.webp,B_REPLACE_BULK,rendered,1,3.1,0.04,101.8,
2026-07-29T20:25:12.134177,driveway-unit-price-contract-pay-per-square-foot,hero-chalk-grid-marked-cracked-slab.webp,B_REPLACE_BULK,rendered,1,3.3,0.04,481.4,
2026-07-29T20:25:22.859962,driveway-upgrade-priority-when-to-invest-in-improvements,hero-aging-lane-minor-cracks-fields.webp,B_REPLACE_BULK,rendered,1,2.7,0.04,297.4,
2026-07-29T20:25:34.075280,driveway-urban-planning-role-impervious-surface-regulations,hero-rain-sheet-flowing-off-slab.webp,B_REPLACE_BULK,rendered,1,3.2,0.04,127.0,
2026-07-29T20:25:45.459251,driveway-utility-locating-underground-line-detection,hero-colored-flags-asphalt-drive-edge.webp,B_REPLACE_BULK,rendered,1,3.4,0.04,146.8,
2026-07-29T20:25:56.934988,driveway-uv-resistance-how-materials-handle-sunlight,hero-sun-bleached-contrast-shaded-slab.webp,B_REPLACE_BULK,rendered,1,3.5,0.04,404.5,
2026-07-29T20:26:09.395564,driveway-value-engineering-getting-more-for-your-money,hero-prepped-base-wood-forms-dawn.webp,B_REPLACE_BULK,rendered,1,4.5,0.04,197.6,
2026-07-29T20:26:20.692291,driveway-vapor-barrier-when-to-use-plastic-sheeting,hero-plastic-sheeting-over-gravel-base.webp,B_REPLACE_BULK,rendered,1,3.3,0.04,202.5,
2026-07-29T20:26:32.357984,driveway-vehicle-recognition-camera-whos-arriving,hero-entry-camera-post-asphalt-drive.webp,B_REPLACE_BULK,rendered,1,3.7,0.04,162.7,
2026-07-29T20:26:43.603207,driveway-vehicle-to-infrastructure-communication-future-tech,hero-flush-lights-asphalt-drive-dusk.webp,B_REPLACE_BULK,rendered,1,3.2,0.04,150.5,
2026-07-29T20:26:55.158331,driveway-video-doorbell-integration-entry-monitoring,hero-camera-pillar-paver-drive-entry.webp,B_REPLACE_BULK,rendered,1,3.5,0.04,220.8,
2026-07-29T20:27:07.799832,driveway-video-marketing-for-contractors-before-and-after-content,hero-weathered-meets-sealcoated-asphalt-half.webp,B_REPLACE_BULK,rendered,1,4.6,0.04,199.9,
2026-07-29T20:27:19.155981,driveway-video-pipe-inspection-checking-underground-drains,hero-camera-cable-culvert-pipe.webp,B_REPLACE_BULK,rendered,1,3.3,0.04,166.1,
2026-07-29T20:27:32.757302,driveway-virtual-reality-walkthrough-pre-construction-preview,hero-string-stakes-bare-drive-footprint.webp,B_REPLACE_BULK,rendered,1,5.6,0.04,154.5,
2026-07-29T20:27:44.010549,driveway-warranty-claims-how-to-file-successfully,hero-cracked-asphalt-drive-gray-frontage.webp,B_REPLACE_BULK,rendered,1,3.2,0.04,142.6,
2026-07-29T20:27:55.931693,driveway-warranty-period-start-date-when-coverage-begins,hero-just-finished-concrete-front-drive.webp,B_REPLACE_BULK,rendered,1,3.9,0.04,316.8,
2026-07-29T20:28:07.229146,driveway-warranty-tracking-digital-record-keeping,hero-tablet-on-sealed-concrete.webp,B_REPLACE_BULK,rendered,1,3.3,0.04,89.7,
2026-07-29T20:28:19.505017,driveway-water-main-location-protecting-underground-infrastructure,hero-utility-flags-asphalt-edge.webp,B_REPLACE_BULK,rendered,1,4.3,0.04,141.3,
2026-07-29T20:28:30.182800,driveway-water-quality-impact-reducing-pollution-from-runoff,hero-runoff-sheeting-sealed-drive.webp,B_REPLACE_BULK,rendered,1,2.7,0.04,142.3,
2026-07-29T20:28:41.962915,driveway-weather-day-policy-contract-terms-for-delays,hero-soaked-base-between-form-boards.webp,B_REPLACE_BULK,rendered,1,3.8,0.04,486.4,
2026-07-29T20:28:53.305753,driveway-weather-insurance-rain-delay-coverage,hero-plastic-sheeted-slab-drizzle.webp,B_REPLACE_BULK,rendered,1,3.3,0.04,179.6,
2026-07-29T20:29:04.586202,driveway-weed-control-preventing-growth-between-cracks-and-joints,hero-weeds-sprouting-paver-joints.webp,B_REPLACE_BULK,rendered,1,3.3,0.04,132.9,
2026-07-29T20:29:15.715438,driveway-weight-limits-and-heavy-vehicles,hero-crushed-corner-cracked-slab-closeup.webp,B_REPLACE_BULK,rendered,1,3.1,0.04,407.8,
2026-07-29T20:29:28.259436,driveway-weight-limits,hero-thick-edged-new-concrete-drive.webp,B_REPLACE_BULK,rendered,1,4.5,0.04,435.8,
2026-07-29T20:29:40.659564,driveway-wetland-regulations-building-near-protected-areas,hero-gravel-drive-beside-marsh-reeds.webp,B_REPLACE_BULK,rendered,1,4.4,0.04,403.2,
2026-07-29T20:29:52.924036,driveway-whitetopping-concrete-over-existing-asphalt,hero-fresh-concrete-layer-over-asphalt.webp,B_REPLACE_BULK,rendered,1,4.3,0.04,273.1,
2026-07-29T20:30:04.619619,driveway-width-requirements-by-municipality,hero-tape-stretched-across-driveway-width.webp,B_REPLACE_BULK,rendered,1,3.7,0.04,96.5,
2026-07-29T20:30:15.972238,driveway-winter-patch-cold-weather-emergency-repairs,hero-fresh-patch-snow-rimmed-pothole.webp,B_REPLACE_BULK,rendered,1,3.3,0.04,189.5,
2026-07-29T20:30:27.407706,driveway-workers-compensation-protecting-against-liability,hero-safety-cones-fresh-pour-zone.webp,B_REPLACE_BULK,rendered,1,3.4,0.04,178.2,
2026-07-29T20:30:38.689258,driveway-workmanship-warranty-standard-vs-extended,hero-sealed-unsealed-concrete-seam.webp,B_REPLACE_BULK,rendered,1,3.3,0.04,142.1,
2026-07-29T20:30:51.594802,driveway-written-estimate-requirements-what-should-be-included,hero-measuring-wheel-paver-drive.webp,B_REPLACE_BULK,rendered,1,4.9,0.04,506.4,
2026-07-29T20:31:02.926272,easement-issues-affecting-driveways,hero-two-drives-shared-center-seam.webp,B_REPLACE_BULK,rendered,1,3.3,0.04,381.7,
2026-07-29T20:31:15.567089,eco-friendly-driveway-options-pros-cons-and-costs,hero-permeable-pavers-grass-joint-grid.webp,B_REPLACE_BULK,rendered,1,4.6,0.04,345.3,
2026-07-29T20:31:26.934807,emergency-vehicle-access-driveway-specifications,hero-extra-wide-clear-concrete-approach.webp,B_REPLACE_BULK,rendered,1,3.4,0.04,320.1,
2026-07-29T20:31:38.706881,environmental-permits-for-driveway-projects,hero-silt-fence-along-graded-site.webp,B_REPLACE_BULK,rendered,1,3.8,0.04,161.6,
2026-07-29T20:31:49.979224,ev-charging-station-integration-in-driveways,hero-charging-pedestal-paver-drive-edge.webp,B_REPLACE_BULK,rendered,1,3.3,0.04,149.8,
2026-07-29T20:32:02.594375,excavation-cost-for-driveways-what-to-expect,hero-excavated-drive-bed-earth-walls.webp,B_REPLACE_BULK,rendered,1,4.6,0.04,470.0,
2026-07-29T20:32:13.711167,expansion-control-joints,hero-fiberboard-joint-between-slab-panels.webp,B_REPLACE_BULK,rendered,1,3.1,0.04,177.7,
2026-07-29T20:32:26.266171,exposed-aggregate-concrete-driveway-guide,hero-seeded-pebble-finish-warm-light.webp,B_REPLACE_BULK,rendered,1,4.5,0.04,192.4,
2026-07-29T20:32:38.413135,extending-a-driveway-planning-and-costs,hero-excavated-strip-beside-existing-slab.webp,B_REPLACE_BULK,rendered,1,4.1,0.04,298.2,
2026-07-29T20:32:49.745854,fall-driveway-prep-getting-ready-for-winter,hero-fallen-leaves-sealed-asphalt-drive.webp,B_REPLACE_BULK,rendered,1,3.3,0.04,165.5,
2026-07-29T20:33:02.487892,fall-driveway-preparation-guide,hero-wet-leaves-cracked-concrete-drive.webp,B_REPLACE_BULK,rendered,1,4.7,0.04,333.2,
2026-07-29T20:33:13.622883,farmhouse-style-driveways-rustic-options,hero-rustic-gravel-lane-split-rail-fence.webp,B_REPLACE_BULK,rendered,1,3.1,0.04,353.3,
2026-07-29T20:33:25.404984,fiber-mesh-vs-rebar-in-concrete-driveways,hero-steel-bars-grid-over-drive-base.webp,B_REPLACE_BULK,rendered,1,3.8,0.04,519.7,
2026-07-29T20:33:37.736062,fire-access-requirements-for-driveways,hero-extra-wide-concrete-drive-clear-sides.webp,B_REPLACE_BULK,rendered,1,4.3,0.04,317.7,
2026-07-29T20:33:49.176684,first-impressions-driveway-design-for-curb-appeal,hero-inviting-paver-drive-tidy-lawn.webp,B_REPLACE_BULK,rendered,1,3.4,0.04,265.1,
2026-07-29T20:34:00.319892,first-impressions-why-your-driveway-matters-to-homebuyers,hero-spotless-concrete-drive-entry-walk.webp,B_REPLACE_BULK,rendered,1,3.1,0.04,249.6,
2026-07-29T20:34:11.488312,first-time-homeowner-driveway-guide-where-to-start,hero-worn-asphalt-drive-modest-entry.webp,B_REPLACE_BULK,rendered,1,3.2,0.04,150.1,
2026-07-29T20:34:22.679375,flagstone-driveway-natural-stone-options,hero-flat-stone-slabs-warm-light.webp,B_REPLACE_BULK,rendered,1,3.2,0.04,128.5,
2026-07-29T20:34:33.507564,fly-ash-in-concrete-driveways-sustainable-additive,hero-uniform-gray-fresh-slab-texture.webp,B_REPLACE_BULK,rendered,1,2.8,0.04,380.8,
2026-07-29T20:34:45.833178,french-drain-installation-along-a-driveway,hero-perforated-pipe-trench-drive-edge.webp,B_REPLACE_BULK,rendered,1,4.3,0.04,275.2,
2026-07-29T20:34:58.570210,french-drain-installation-for-driveways,hero-gravel-backfill-drain-trench-closeup.webp,B_REPLACE_BULK,rendered,1,4.7,0.04,129.9,
2026-07-29T20:35:09.800287,front-yard-design-integrating-driveways,hero-sealed-paver-drive-mulched-beds.webp,B_REPLACE_BULK,rendered,1,3.2,0.04,134.5,
2026-07-29T20:35:21.093935,garbage-truck-access-considerations,hero-thick-apron-slab-heavy-duty.webp,B_REPLACE_BULK,rendered,1,3.3,0.04,352.7,
2026-07-29T20:35:32.182551,geotextile-fabric-in-driveway-construction,hero-black-fabric-over-graded-soil.webp,B_REPLACE_BULK,rendered,1,3.1,0.04,273.8,
2026-07-29T20:35:43.368489,grass-pavers-vs-permeable-pavers-which-is-greener,hero-grass-grid-meets-solid-pavers.webp,B_REPLACE_BULK,rendered,1,3.2,0.04,205.6,
2026-07-29T20:35:56.562418,gravel-driveway-cost-per-square-foot-guide,hero-damp-compacted-gravel-texture.webp,B_REPLACE_BULK,rendered,1,5.2,0.04,207.4,
2026-07-29T20:36:07.796325,gravel-driveway-installation-step-by-step-guide,hero-fresh-gravel-spread-between-forms.webp,B_REPLACE_BULK,rendered,1,3.2,0.04,176.2,
2026-07-29T20:36:19.638863,gravel-driveway-lifespan-how-long-before-you-need-to-refresh,hero-thin-worn-gravel-bare-spots.webp,B_REPLACE_BULK,rendered,1,3.8,0.04,220.1,
2026-07-29T20:36:30.967117,gravel-driveway-maintenance-raking-grading-and-refilling,hero-fresh-rake-lines-groomed-gravel.webp,B_REPLACE_BULK,rendered,1,3.3,0.04,205.1,
2026-07-29T20:36:42.040258,heaving-and-frost-damage-repair,hero-frost-lifted-slabs-jagged-gaps.webp,B_REPLACE_BULK,rendered,1,3.1,0.04,122.9,
2026-07-29T20:36:53.289739,hidden-costs-in-driveway-projects-you-should-know,hero-staked-forms-compacted-gravel-bed.webp,B_REPLACE_BULK,rendered,1,3.2,0.04,321.7,
2026-07-29T20:37:04.751714,hidden-costs-of-driveway-installation-you-should-know-about,hero-gravel-base-layer-depth-profile.webp,B_REPLACE_BULK,rendered,1,3.5,0.04,281.9,
2026-07-29T20:37:16.278740,high-altitude-driveways-colorado-considerations,hero-frost-lined-concrete-pasture-lane.webp,B_REPLACE_BULK,rendered,1,3.5,0.04,364.9,
2026-07-29T20:37:28.847120,historic-home-driveways-period-appropriate-materials,hero-aged-cobblestone-brick-edged-frontage.webp,B_REPLACE_BULK,rendered,1,4.6,0.04,187.7,
2026-07-29T20:37:41.203548,hoa-driveway-rules-and-approval-process,hero-uniform-sealed-drive-neat-verge.webp,B_REPLACE_BULK,rendered,1,4.4,0.04,397.1,
2026-07-29T20:37:52.943689,home-inspector-driveway-report-understanding-the-findings,hero-chalk-circled-crack-concrete-panel.webp,B_REPLACE_BULK,rendered,1,3.7,0.04,115.7,
2026-07-29T20:38:04.017687,home-value-impact-driveway-condition-assessment,hero-worn-asphalt-drive-tidy-lawn.webp,B_REPLACE_BULK,rendered,1,3.1,0.04,142.3,
2026-07-29T20:38:15.827060,hot-climates-best-driveway-materials-for-nevada,hero-pale-pavers-glaring-midday-sun.webp,B_REPLACE_BULK,rendered,1,3.8,0.04,278.2,
2026-07-29T20:38:27.102714,hot-climates-best-driveway-materials-for-texas,hero-light-broomed-drive-sun-glare.webp,B_REPLACE_BULK,rendered,1,3.3,0.04,116.7,
2026-07-29T20:38:39.764598,how-google-reviews-impact-driveway-contractor-business,hero-freshly-sealed-drive-evening-garage.webp,B_REPLACE_BULK,rendered,1,4.6,0.04,284.4,
2026-07-29T20:38:51.051155,how-long-does-a-new-driveway-last-by-material,hero-asphalt-concrete-centerline-joint.webp,B_REPLACE_BULK,rendered,1,3.3,0.04,159.0,
2026-07-29T20:39:03.072515,how-long-driveway-last,hero-aged-concrete-lane-open-land.webp,B_REPLACE_BULK,rendered,1,4.0,0.04,272.8,
2026-07-29T20:39:14.314859,how-many-pavers-do-you-need-for-a-driveway-sizing-guide,hero-herringbone-paver-field-overhead.webp,B_REPLACE_BULK,rendered,1,3.2,0.04,508.5,
2026-07-29T20:39:26.787635,how-much-concrete-do-you-need-for-a-driveway-calculator-and-tips,hero-partly-filled-pour-footprint-forms.webp,B_REPLACE_BULK,rendered,1,4.5,0.04,238.0,
2026-07-29T20:39:38.703074,how-much-does-a-new-driveway-cost-in-2026,hero-leveled-base-ready-for-pour.webp,B_REPLACE_BULK,rendered,1,3.9,0.04,385.6,
2026-07-29T20:39:51.593691,how-often-should-you-seal-your-driveway,hero-mirror-sheen-sealed-blacktop.webp,B_REPLACE_BULK,rendered,1,4.9,0.04,129.2,
2026-07-29T20:40:03.279195,how-realtors-evaluate-driveway-condition,hero-presentable-sealed-drive-trimmed-lawn.webp,B_REPLACE_BULK,rendered,1,3.7,0.04,218.8,
2026-07-29T20:40:14.935661,how-to-calculate-driveway-material-needs,hero-crushed-stone-delivery-pile.webp,B_REPLACE_BULK,rendered,1,3.7,0.04,234.0,
2026-07-29T20:40:27.261538,how-to-choose-a-driveway-material-when-youre-overwhelmed,hero-paver-strip-meets-smooth-concrete.webp,B_REPLACE_BULK,rendered,1,4.3,0.04,103.4,
2026-07-29T20:40:38.769530,how-to-file-a-complaint-against-a-driveway-contractor,hero-early-cracks-rough-trowel-slab.webp,B_REPLACE_BULK,rendered,1,3.5,0.04,197.0,
2026-07-29T20:40:49.826132,how-to-fix-a-driveway-that-slopes-toward-your-house,hero-channel-drain-before-garage.webp,B_REPLACE_BULK,rendered,1,3.1,0.04,119.6,
2026-07-29T20:41:01.022952,how-to-fix-a-sinking-driveway-mudjacking-vs-polyurethane-foam,hero-sunken-slab-lifted-back-level.webp,B_REPLACE_BULK,rendered,1,3.2,0.04,149.8,
2026-07-29T20:41:13.635317,how-to-fix-driveway-cracks-concrete-asphalt-and-paver-repair,hero-fresh-filler-winding-crack.webp,B_REPLACE_BULK,rendered,1,4.6,0.04,139.8,
2026-07-29T20:41:24.864541,how-to-fix-paver-driveways-settling-and-shifting-issues,hero-settled-pavers-lifted-fresh-sand.webp,B_REPLACE_BULK,rendered,1,3.2,0.04,175.6,
2026-07-29T20:41:36.643080,how-to-level-sunken-paver-driveways,hero-sunken-pavers-exposed-sand-bed.webp,B_REPLACE_BULK,rendered,1,3.8,0.04,151.8,
2026-07-29T20:41:49.341046,how-to-negotiate-with-driveway-contractors,hero-measuring-tape-broomed-slab-edge.webp,B_REPLACE_BULK,rendered,1,4.7,0.04,103.2,
2026-07-29T20:42:00.982302,how-to-patch-and-repair-asphalt-driveways,hero-cold-patch-tamped-into-pothole.webp,B_REPLACE_BULK,rendered,1,3.6,0.04,303.5,
2026-07-29T20:42:12.629986,how-to-patch-and-repair-concrete-driveways,hero-wet-patch-mortar-crack-fill.webp,B_REPLACE_BULK,rendered,1,3.6,0.04,176.4,
2026-07-29T20:42:26.357215,how-to-prepare-your-property-for-driveway-installation,hero-staked-string-bare-lawn-layout.webp,B_REPLACE_BULK,rendered,1,5.7,0.04,217.4,
2026-07-29T20:42:37.586869,how-to-protect-your-driveway-from-tree-roots,hero-root-lifted-slab-edge-shadow.webp,B_REPLACE_BULK,rendered,1,3.2,0.04,234.6,
2026-07-29T20:42:48.737272,how-to-read-a-driveway-installation-contract,hero-wet-pour-flowing-into-forms.webp,B_REPLACE_BULK,rendered,1,3.1,0.04,157.1,
2026-07-29T20:43:00.609999,how-to-remove-an-old-driveway-before-installing-a-new-one,hero-broken-slab-chunks-beside-trench.webp,B_REPLACE_BULK,rendered,1,3.9,0.04,246.9,
2026-07-29T20:43:13.191599,how-to-remove-ice-from-your-driveway-safely,hero-icy-sheet-over-concrete-drive.webp,B_REPLACE_BULK,rendered,1,4.6,0.04,163.0,
2026-07-29T20:43:24.591592,how-to-remove-oil-stains-from-a-concrete-driveway,hero-oil-stain-ring-gray-concrete.webp,B_REPLACE_BULK,rendered,1,3.4,0.04,243.5,
2026-07-29T20:43:36.090071,how-to-remove-oil-stains-from-an-asphalt-driveway,hero-dark-oil-blotch-faded-asphalt.webp,B_REPLACE_BULK,rendered,1,3.5,0.04,242.6,
2026-07-29T20:43:47.330217,how-to-remove-paint-from-a-driveway,hero-paint-drips-weathered-concrete.webp,B_REPLACE_BULK,rendered,1,3.2,0.04,464.2,
2026-07-29T20:43:58.811727,how-to-resurface-an-asphalt-driveway-on-a-budget,hero-black-overlay-meets-gray-blacktop.webp,B_REPLACE_BULK,rendered,1,3.5,0.04,249.3,
2026-07-29T20:44:10.063085,how-to-stain-a-concrete-driveway-colors-and-techniques,hero-warm-brown-stain-half-slab.webp,B_REPLACE_BULK,rendered,1,3.2,0.04,247.8,
2026-07-29T20:44:23.614662,how-to-vet-a-driveway-contractor-questions-to-ask,hero-crisp-new-slab-elevated-view.webp,B_REPLACE_BULK,rendered,1,5.5,0.04,368.4,
2026-07-29T20:44:35.936842,how-to-widen-an-existing-driveway,hero-dug-strip-along-concrete-drive.webp,B_REPLACE_BULK,rendered,1,4.3,0.04,208.6,
2026-07-29T20:44:47.691979,how-to-winterize-your-driveway-before-the-first-freeze,hero-frost-rimed-sealed-asphalt-lane.webp,B_REPLACE_BULK,rendered,1,3.7,0.04,150.7,
2026-07-29T20:44:58.921512,how-your-soil-type-affects-driveway-material-choice,hero-layered-soil-test-pit-edge.webp,B_REPLACE_BULK,rendered,1,3.2,0.04,468.7,
2026-07-29T20:45:10.675149,hurricane-zones-driveway-design-for-resilience,hero-rainwater-off-sealed-drive-drain.webp,B_REPLACE_BULK,rendered,1,3.8,0.04,207.0,
2026-07-29T20:45:21.979261,impervious-surface-limits-and-driveways,hero-rain-soaking-wide-paver-joints.webp,B_REPLACE_BULK,rendered,1,3.3,0.04,128.9,
2026-07-29T20:45:33.931423,insurance-considerations-for-driveway-projects,hero-flawless-sealed-concrete-frontage.webp,B_REPLACE_BULK,rendered,1,3.9,0.04,407.4,
2026-07-29T20:45:45.806015,integral-color-vs-surface-applied-concrete-driveway-color,hero-two-tone-concrete-color-boundary.webp,B_REPLACE_BULK,rendered,1,3.9,0.04,274.6,
2026-07-29T20:45:57.324826,investment-property-driveway-balancing-cost-and-quality,hero-modest-broomed-lane-open-pasture.webp,B_REPLACE_BULK,rendered,1,3.5,0.04,175.4,
2026-07-29T20:46:08.636196,joint-sand-vs-polymeric-sand-for-pavers,hero-dry-dark-joint-sand-boundary.webp,B_REPLACE_BULK,rendered,1,3.3,0.04,180.9,
2026-07-29T20:46:20.264132,labor-shortage-impact-on-driveway-installation-costs,hero-empty-job-site-forms-waiting.webp,B_REPLACE_BULK,rendered,1,3.6,0.04,333.9,
2026-07-29T20:46:31.649663,large-driveway-cost-pricing-for-1000-square-feet,hero-sweeping-wide-concrete-drive-above.webp,B_REPLACE_BULK,rendered,1,3.4,0.04,404.3,
2026-07-29T20:46:44.149643,leaf-stain-prevention-and-removal,hero-tannin-stains-fallen-leaves.webp,B_REPLACE_BULK,rendered,1,4.5,0.04,189.3,
2026-07-29T20:46:55.423835,liability-issues-driveway-injuries-and-accidents,hero-raised-slab-edge-trip-hazard.webp,B_REPLACE_BULK,rendered,1,3.3,0.04,345.0,
2026-07-29T20:47:06.173136,low-maintenance-driveway-materials-ranked,hero-even-sealed-drive-gray-skies.webp,B_REPLACE_BULK,rendered,1,2.7,0.04,327.9,
2026-07-29T20:47:18.125252,matching-your-driveway-to-home-architecture,hero-warm-paver-drive-home-front.webp,B_REPLACE_BULK,rendered,1,3.9,0.04,317.5,
2026-07-29T20:47:29.607356,mediterranean-home-driveways-tile-and-stone,hero-terracotta-stone-pavers-courtyard.webp,B_REPLACE_BULK,rendered,1,3.5,0.04,265.5,
2026-07-29T20:47:41.416511,microtopping-for-driveways-ultra-thin-concrete-overlay,hero-squeegee-thin-gray-coat-slab.webp,B_REPLACE_BULK,rendered,1,3.8,0.04,205.9,
2026-07-29T20:47:53.914006,mid-budget-driveway-renovation-5000-to-10000,hero-half-resurfaced-drive-overcast.webp,B_REPLACE_BULK,rendered,1,4.5,0.04,140.3,
2026-07-29T20:48:05.274185,modern-home-driveways-contemporary-design-ideas,hero-sawn-grid-new-concrete-drive.webp,B_REPLACE_BULK,rendered,1,3.4,0.04,400.3,
2026-07-29T20:48:17.217171,mold-and-mildew-prevention-on-driveways,hero-dark-mildew-blotches-damp-concrete.webp,B_REPLACE_BULK,rendered,1,3.9,0.04,142.3,
2026-07-29T20:48:28.303901,moss-and-algae-on-driveways-removal-and-prevention,hero-green-moss-patches-concrete-joints.webp,B_REPLACE_BULK,rendered,1,3.1,0.04,156.5,
2026-07-29T20:48:41.055398,moss-and-algae-removal-from-driveways,hero-cleaned-stripe-mossy-concrete.webp,B_REPLACE_BULK,rendered,1,4.7,0.04,210.6,
2026-07-29T20:48:52.175830,neighbor-disputes-over-driveway-access,hero-adjacent-drives-shared-seam.webp,B_REPLACE_BULK,rendered,1,3.1,0.04,440.4,
2026-07-29T20:49:03.726402,new-construction-when-to-install-your-driveway-in-the-build-process,hero-formed-drive-base-beside-build.webp,B_REPLACE_BULK,rendered,1,3.5,0.04,164.4,
2026-07-29T20:49:14.520726,new-driveway-vs-driveway-overlay-which-saves-more-money,hero-fresh-overlay-edge-aged-slab.webp,B_REPLACE_BULK,rendered,1,2.8,0.04,273.8,
2026-07-29T20:49:25.480792,new-homeowner-driveway-assessment-what-to-check-first,hero-hairline-cracks-stains-aged-slab.webp,B_REPLACE_BULK,rendered,1,3.0,0.04,483.7,
2026-07-29T20:49:36.186815,nighttime-driveway-safety-features,hero-low-edge-lights-dusk-drive.webp,B_REPLACE_BULK,rendered,1,2.7,0.04,161.1,
2026-07-29T20:49:47.884604,non-slip-surfaces-for-wet-conditions,hero-rain-darkened-broom-texture.webp,B_REPLACE_BULK,rendered,1,3.7,0.04,302.7,
2026-07-29T20:49:59.247471,off-season-driveway-installation-save-money-in-winter,hero-frost-dusted-forms-gravel-base.webp,B_REPLACE_BULK,rendered,1,3.4,0.04,211.0,
2026-07-29T20:50:11.002401,oil-stain-removal-from-asphalt-driveways,hero-oil-soaked-patch-faded-asphalt.webp,B_REPLACE_BULK,rendered,1,3.7,0.04,420.5,
2026-07-29T20:50:40.030441,oil-stain-removal-from-concrete-driveways,hero-greasy-blotch-pale-concrete-slab.webp,B_REPLACE_BULK,rendered,2,3.6,0.04,248.9,
2026-07-29T20:50:50.851862,oyster-shell-driveway,hero-crushed-shell-rural-lane.webp,B_REPLACE_BULK,rendered,1,2.8,0.04,295.2,
2026-07-29T20:51:03.549678,parking-pads-adding-extra-parking-space,hero-gravel-pad-country-approach.webp,B_REPLACE_BULK,rendered,1,4.7,0.04,325.9,
2026-07-29T20:51:14.826663,paver-base-material-selection-guide,hero-layered-stone-base-bed.webp,B_REPLACE_BULK,rendered,1,3.3,0.04,264.2,
2026-07-29T20:51:25.535976,paver-driveway-cost-per-square-foot-guide,hero-interlocked-pavers-midday-closeup.webp,B_REPLACE_BULK,rendered,1,2.7,0.04,139.2,
2026-07-29T20:51:37.959843,paver-driveway-installation-step-by-step-guide,hero-partly-set-pavers-screeded-bed.webp,B_REPLACE_BULK,rendered,1,4.4,0.04,217.0,
2026-07-29T20:51:50.397745,paver-driveway-lifespan-what-to-expect-over-30-years,hero-aged-pavers-low-angle-dusk.webp,B_REPLACE_BULK,rendered,1,4.4,0.04,159.2,
2026-07-29T20:52:01.669539,paver-sealing-pros-cons-and-best-practices,hero-glossy-sealed-paver-sheen.webp,B_REPLACE_BULK,rendered,1,3.3,0.04,110.9,
2026-07-29T20:52:13.184866,pavers-vs-concrete-driveway-cost-durability-and-aesthetics,hero-pavers-meet-plain-concrete-joint.webp,B_REPLACE_BULK,rendered,1,3.5,0.04,186.2,
2026-07-29T20:52:24.764075,permeable-vs-standard-driveways-environmental-impact,hero-permeable-pavers-beside-solid-slab.webp,B_REPLACE_BULK,rendered,1,3.6,0.04,231.7,
2026-07-29T20:52:35.977731,permeable-vs-traditional-driveways-pros-cons-and-costs,hero-gravel-meets-asphalt-lane-boundary.webp,B_REPLACE_BULK,rendered,1,3.2,0.04,109.5,
2026-07-29T20:52:47.411669,permeable-vs-traditional,hero-grass-jointed-paver-front-drive.webp,B_REPLACE_BULK,rendered,1,3.4,0.04,110.2,
2026-07-29T20:52:59.096105,pet-safety-considerations-in-driveway-design,hero-light-gray-sealed-drive-shade.webp,B_REPLACE_BULK,rendered,1,3.7,0.04,286.3,
2026-07-29T20:53:10.014131,planning-a-driveway-for-heavy-vehicles-and-work-trucks,hero-deep-slab-edge-closeup.webp,B_REPLACE_BULK,rendered,1,2.9,0.04,158.3,
2026-07-29T20:53:25.749024,polymer-concrete-overlay-for-driveway-repair,hero-smooth-overlay-spread-over-slab.webp,B_REPLACE_BULK,rendered,1,7.7,0.04,117.0,
2026-07-29T20:53:38.362675,post-installation-driveway-care-the-first-30-days,hero-new-slab-curing-under-sheeting.webp,B_REPLACE_BULK,rendered,1,4.6,0.04,162.3,
2026-07-29T20:53:49.962207,pothole-repair-diy-vs-professional,hero-open-pothole-broken-asphalt-edges.webp,B_REPLACE_BULK,rendered,1,3.6,0.04,188.5,
2026-07-29T20:54:01.721141,premium-driveway-renovation-15000-and-above,hero-stamped-border-inlaid-band-detail.webp,B_REPLACE_BULK,rendered,1,3.8,0.04,147.7,
2026-07-29T20:54:12.997966,pressure-washing-your-driveway-best-practices,hero-clean-pass-across-dingy-concrete.webp,B_REPLACE_BULK,rendered,1,3.3,0.04,167.5,
2026-07-29T20:54:25.198126,property-line-disputes-and-driveways,hero-survey-stakes-drive-edge-string.webp,B_REPLACE_BULK,rendered,1,4.2,0.04,151.5,
2026-07-29T20:54:36.460931,rainwater-harvesting-driveways-design-and-installation,hero-rain-flowing-into-channel-drain.webp,B_REPLACE_BULK,rendered,1,3.3,0.04,133.3,
2026-07-29T20:54:48.097230,rainy-climates-best-driveway-materials-for-oregon,hero-rain-soaked-asphalt-drive-gray.webp,B_REPLACE_BULK,rendered,1,3.6,0.04,115.1,
2026-07-29T20:54:59.266618,rainy-climates-best-driveway-materials-for-washington,hero-broomed-drive-wet-rain-sheen.webp,B_REPLACE_BULK,rendered,1,3.2,0.04,129.9,
2026-07-29T20:55:10.839122,real-estate-agent-tips-how-driveways-impact-home-sales,hero-neat-paver-drive-evening-lawn.webp,B_REPLACE_BULK,rendered,1,3.6,0.04,236.3,
2026-07-29T20:55:23.949865,real-estate-staging-driveway-curb-appeal-tips,hero-sealed-drive-manicured-frontage.webp,B_REPLACE_BULK,rendered,1,5.1,0.04,122.3,
2026-07-29T20:55:35.019401,rebar-and-wire-mesh-for-concrete-driveways,hero-rebar-cage-over-gravel-bed.webp,B_REPLACE_BULK,rendered,1,3.1,0.04,148.9,
2026-07-29T20:55:47.715913,recycled-concrete-aggregate-for-driveway-base,hero-graded-recycled-aggregate-layer.webp,B_REPLACE_BULK,rendered,1,4.7,0.04,265.5,
2026-07-29T20:55:58.452664,recycled-glass-driveway,hero-glass-flecked-resin-surface-closeup.webp,B_REPLACE_BULK,rendered,1,2.7,0.04,153.6,
2026-07-29T20:56:09.780854,recycled-material-driveways-types-and-benefits,hero-mixed-aggregate-lane-overcast.webp,B_REPLACE_BULK,rendered,1,3.3,0.04,269.4,
2026-07-29T20:56:22.293972,recycling-old-driveway-materials,hero-rubble-pile-beside-excavated-drive.webp,B_REPLACE_BULK,rendered,1,4.5,0.04,391.1,
2026-07-29T20:56:34.562447,resurfacing-vs-replacement,hero-fresh-coat-meets-aged-slab.webp,B_REPLACE_BULK,rendered,1,4.3,0.04,150.6,
2026-07-29T20:56:45.680477,retaining-walls-and-driveways-design-integration,hero-rounded-stone-wall-paver-drive.webp,B_REPLACE_BULK,rendered,1,3.1,0.04,180.1,
2026-07-29T20:56:57.850989,rubber-driveway-pavers-recycled-material-options,hero-interlocking-rubber-paver-grid.webp,B_REPLACE_BULK,rendered,1,4.2,0.04,339.6,
2026-07-29T20:57:09.143035,rust-stain-removal-from-concrete-driveways,hero-orange-rust-streaks-concrete.webp,B_REPLACE_BULK,rendered,1,3.3,0.04,383.8,
2026-07-29T20:57:20.906774,rv-parking-pad-design-and-requirements,hero-deep-concrete-parking-pad-lawn.webp,B_REPLACE_BULK,rendered,1,3.8,0.04,256.9,
2026-07-29T20:57:31.659577,salt-damage-repair-for-concrete-driveways,hero-salt-eaten-pits-concrete-panel.webp,B_REPLACE_BULK,rendered,1,2.7,0.04,244.2,
2026-07-29T20:57:42.889730,school-bus-turnaround-requirements,hero-wide-asphalt-turnaround-apron.webp,B_REPLACE_BULK,rendered,1,3.2,0.04,390.3,
2026-07-29T20:57:54.508353,seasonal-driveway-problems-and-solutions,hero-thin-snow-cracked-concrete-drive.webp,B_REPLACE_BULK,rendered,1,3.6,0.04,95.9,
2026-07-29T20:58:05.866500,seasonal-pricing-for-driveway-projects,hero-wooden-stakes-string-bare-gravel-bed.webp,B_REPLACE_BULK,rendered,1,3.4,0.04,180.0,
2026-07-29T20:58:16.616182,septic-system-considerations-for-driveways,hero-quiet-gravel-lane-open-turf.webp,B_REPLACE_BULK,rendered,1,2.7,0.04,290.4,
2026-07-29T20:58:28.848519,setback-requirements-for-driveways,hero-concrete-drive-wide-grass-margin.webp,B_REPLACE_BULK,rendered,1,4.2,0.04,143.1,
2026-07-29T20:58:40.066211,shared-driveway-agreements-legal-considerations,hero-matched-asphalt-drives-center-joint.webp,B_REPLACE_BULK,rendered,1,3.2,0.04,197.8,
2026-07-29T20:58:52.354978,shell-driveways-coastal-and-southern-options,hero-crushed-shell-drive-bright-sun.webp,B_REPLACE_BULK,rendered,1,4.3,0.04,213.7,
2026-07-29T20:59:06.442002,signs-your-driveway-needs-replacing-a-visual-guide,hero-faded-cracked-blacktop-plain-entry.webp,B_REPLACE_BULK,rendered,1,6.1,0.04,211.8,
2026-07-29T20:59:17.973748,silica-fume-concrete-for-driveways-ultra-high-strength,hero-dense-fine-gray-concrete-macro.webp,B_REPLACE_BULK,rendered,1,3.5,0.04,492.5,
2026-07-29T20:59:28.958208,sinking-driveway-repair-options,hero-dipped-slab-mortar-leveling-repair.webp,B_REPLACE_BULK,rendered,1,3.0,0.04,82.1,
2026-07-29T20:59:39.950184,small-claims-court-for-driveway-disputes-a-guide,hero-chalk-arrows-cracked-blacktop.webp,B_REPLACE_BULK,rendered,1,3.0,0.04,473.5,
2026-07-29T20:59:51.460878,small-driveway-cost-budget-for-under-500-square-feet,hero-compact-broomed-concrete-pad.webp,B_REPLACE_BULK,rendered,1,3.5,0.04,257.0,
2026-07-29T21:00:02.738052,smart-driveway-technology-sensors-and-automation,hero-embedded-sensor-paver-drive-edge.webp,B_REPLACE_BULK,rendered,1,3.3,0.04,159.1,
2026-07-29T21:00:15.274912,snow-melting-driveway-systems-radiant-heat-options,hero-bare-wet-concrete-strip-snow.webp,B_REPLACE_BULK,rendered,1,4.5,0.04,126.1,
2026-07-29T21:00:26.778940,snow-plow-damage-to-driveways-prevention-and-repair,hero-plow-gouges-chipped-asphalt-edge.webp,B_REPLACE_BULK,rendered,1,3.5,0.04,124.8,
2026-07-29T21:00:38.023287,solar-powered-driveway-features,hero-solar-capped-post-lights-drive.webp,B_REPLACE_BULK,rendered,1,3.2,0.04,120.2,
2026-07-29T21:00:48.993550,solar-reflective-driveway-materials-to-reduce-heat,hero-cool-light-gray-coating-closeup.webp,B_REPLACE_BULK,rendered,1,3.0,0.04,135.8,
2026-07-29T21:00:59.919045,spring-driveway-inspection-checklist,hero-post-winter-concrete-drive-scan.webp,B_REPLACE_BULK,rendered,1,2.9,0.04,210.1,
2026-07-29T21:01:11.519727,spring-driveway-maintenance-checklist-for-homeowners,hero-newly-sanded-paver-drive-frontage.webp,B_REPLACE_BULK,rendered,1,3.6,0.04,424.4,
2026-07-29T21:01:24.236729,stagging-your-driveway-for-open-house-events,hero-gleaming-sealed-drive-flower-pots.webp,B_REPLACE_BULK,rendered,1,4.7,0.04,316.4,
2026-07-29T21:01:34.992398,stamped-concrete-driveways-patterns-and-costs,hero-stamped-fan-pattern-closeup.webp,B_REPLACE_BULK,rendered,1,2.7,0.04,173.8,
2026-07-29T21:01:46.033846,stamped-concrete-vs-natural-stone-driveway,hero-stamped-slab-meets-stone-flags.webp,B_REPLACE_BULK,rendered,1,3.0,0.04,185.9,
2026-07-29T21:01:57.675901,standard-driveway-dimensions-width-length-and-size-guide,hero-measuring-wheel-gravel-lane-width.webp,B_REPLACE_BULK,rendered,1,3.6,0.04,216.2,
2026-07-29T21:02:09.195915,standard-driveway-dimensions,hero-tape-across-fresh-blacktop-width.webp,B_REPLACE_BULK,rendered,1,3.5,0.04,247.8,
2026-07-29T21:02:20.261358,stormwater-regulations-affecting-driveways,hero-runoff-streaming-off-slab-edge.webp,B_REPLACE_BULK,rendered,1,3.1,0.04,154.9,
2026-07-29T21:02:32.929975,summer-driveway-care-heat-protection-tips,hero-harsh-sun-sealed-blacktop-frontage.webp,B_REPLACE_BULK,rendered,1,4.7,0.04,383.7,
2026-07-29T21:02:44.431401,summer-driveway-care-protecting-against-uv-and-heat-damage,hero-bleached-asphalt-patches-closeup.webp,B_REPLACE_BULK,rendered,1,3.5,0.04,356.4,
2026-07-29T21:02:55.854505,summer-driveway-maintenance-tasks,hero-clean-swept-asphalt-morning-light.webp,B_REPLACE_BULK,rendered,1,3.4,0.04,181.2,
2026-07-29T21:03:06.757267,supply-chain-issues-affecting-driveway-material-prices,hero-bulk-aggregate-piles-overcast-yard.webp,B_REPLACE_BULK,rendered,1,2.9,0.04,302.7,
2026-07-29T21:03:18.292593,tar-and-chip-vs-gravel-driveway-pros-and-cons,hero-chip-seal-meets-loose-gravel.webp,B_REPLACE_BULK,rendered,1,3.5,0.04,142.7,
2026-07-29T21:03:30.645473,three-car-driveway-width-length-and-price-estimates,hero-three-bay-broomed-concrete-court.webp,B_REPLACE_BULK,rendered,1,4.3,0.04,232.3,
2026-07-29T21:03:41.945565,tire-mark-removal-from-concrete,hero-tire-scuff-marks-gray-concrete.webp,B_REPLACE_BULK,rendered,1,3.3,0.04,243.5,
2026-07-29T21:03:53.095912,top-10-driveway-contractors-in-city-guide-template,hero-idle-paving-machine-graded-base.webp,B_REPLACE_BULK,rendered,1,3.1,0.04,344.8,
2026-07-29T21:04:05.206911,top-10-driveway-mistakes-new-homeowners-make,hero-weeds-cracks-neglected-asphalt-drive.webp,B_REPLACE_BULK,rendered,1,4.1,0.04,79.4,
2026-07-29T21:04:16.576031,tree-removal-permits-for-driveway-projects,hero-mature-tree-staked-drive-footprint.webp,B_REPLACE_BULK,rendered,1,3.4,0.04,423.6,
2026-07-29T21:04:27.422584,tree-root-damage-to-driveways-prevention-and-repair,hero-root-buckled-concrete-panel-crack.webp,B_REPLACE_BULK,rendered,1,2.8,0.04,271.4,
2026-07-29T21:04:39.363092,turf-block-driveways-green-alternative-guide,hero-grass-grid-drive-bright-sun.webp,B_REPLACE_BULK,rendered,1,3.9,0.04,281.9,
2026-07-29T21:04:52.565313,two-car-driveway-dimensions-and-cost-guide,hero-double-wide-new-concrete-drive.webp,B_REPLACE_BULK,rendered,1,5.2,0.04,306.9,
2026-07-29T21:05:03.771357,ultimate-guide-to-driveways-everything-you-need-to-know-in-2026,hero-straight-concrete-drive-morning-glow.webp,B_REPLACE_BULK,rendered,1,3.2,0.04,192.7,
2026-07-29T21:05:15.026571,utility-line-locating-before-driveway-work,hero-utility-flags-bare-soil-strip.webp,B_REPLACE_BULK,rendered,1,3.2,0.04,58.3,
2026-07-29T21:05:27.245087,visibility-and-sight-lines-at-driveway-entrances,hero-clear-view-drive-entry-street.webp,B_REPLACE_BULK,rendered,1,4.2,0.04,181.6,
2026-07-29T21:05:39.753455,weed-control-for-gravel-and-paver-driveways,hero-weeds-pushing-through-pale-gravel.webp,B_REPLACE_BULK,rendered,1,4.5,0.04,105.8,
2026-07-29T21:05:51.024003,well-protection-when-installing-driveways,hero-well-head-beside-gravel-drive.webp,B_REPLACE_BULK,rendered,1,3.3,0.04,117.1,
2026-07-29T21:06:02.207937,wetland-considerations-for-driveway-installation,hero-raised-gravel-causeway-marsh-reeds.webp,B_REPLACE_BULK,rendered,1,3.2,0.04,375.6,
2026-07-29T21:06:14.509757,what-is-a-driveway-apron-and-why-does-it-matter,hero-broomed-apron-flush-with-street.webp,B_REPLACE_BULK,rendered,1,4.3,0.04,147.4,
2026-07-29T21:06:25.751617,what-to-expect-during-driveway-construction-day-by-day,hero-leveling-wet-pour-late-light.webp,B_REPLACE_BULK,rendered,1,3.2,0.04,122.6,
2026-07-29T21:06:37.501448,when-a-permit-is-required-for-driveway-work,hero-orange-stakes-string-bare-lot.webp,B_REPLACE_BULK,rendered,1,3.7,0.04,163.8,
2026-07-29T21:06:48.779295,when-can-you-drive,hero-unmarked-curing-slab-low-view.webp,B_REPLACE_BULK,rendered,1,3.3,0.04,111.3,
2026-07-29T21:06:59.975441,when-to-hire-a-professional-for-driveway-repairs,hero-deep-crack-aging-asphalt-closeup.webp,B_REPLACE_BULK,rendered,1,3.2,0.04,149.9,
2026-07-29T21:07:12.248038,when-to-replace-vs-repair-your-driveway,hero-crumbling-slab-beside-fresh-pour.webp,B_REPLACE_BULK,rendered,1,4.3,0.04,148.2,
2026-07-29T21:07:23.909065,why-driveway-quotes-vary-so-much-understanding-pricing-factors,hero-staged-aggregate-piles-job-site.webp,B_REPLACE_BULK,rendered,1,3.7,0.04,412.3,
2026-07-29T21:07:35.161997,winter-driveway-maintenance-de-icing-snow-removal-and-damage-prevention,hero-salt-granules-frosted-slab.webp,B_REPLACE_BULK,rendered,1,3.2,0.04,128.6,
2026-07-29T21:07:47.075093,winter-driveway-maintenance-salt-sand-and-snow-removal,hero-sand-spread-icy-drive.webp,B_REPLACE_BULK,rendered,1,3.9,0.04,181.3,
2026-07-29T21:07:59.059381,winter-driveway-survival-guide,hero-plowed-snow-banks-sealed-lane.webp,B_REPLACE_BULK,rendered,1,4.0,0.04,340.4,
