url,page_title,h1,hero_filename,hero_alt,reuse_count,pile,gsc_clicks,gsc_impressions,gsc_position,http_status_code,is_guide
https://drivewayzusa.co/guides/5-signs-your-driveway-needs-replacement/,5 Signs Your Driveway Needs Replacement: A Practical Guide for Homeowners,5 Signs Your Driveway Needs Replacement: A Practical Guide for Homeowners,logov3-640.png,Drivewayz USA,1,D_LEAVE,0.0,0.0,0.0,200,True
https://drivewayzusa.co/guides/accessible-driveway-design-ada-considerations/,Accessible Driveway Design: ADA Considerations,Accessible Driveway Design: ADA Considerations,pexels-pixabay-221540.webp,Accessible Driveway Design: ADA Considerations — Drivewayz USA,253,A_REPLACE_PRIORITY,0.0,1.0,58.0,200,True
https://drivewayzusa.co/guides/acid-staining-a-concrete-driveway-unique-effects/,Acid Staining a Concrete Driveway: Unique Effects,Acid Staining a Concrete Driveway: Unique Effects,pexels-pixabay-221540.webp,Acid Staining a Concrete Driveway: Unique Effects — Drivewayz USA,253,B_REPLACE_BULK,0.0,0.0,0.0,200,True
https://drivewayzusa.co/guides/airbnb-driveway-requirements-parking-for-short-term-rentals/,Airbnb Driveway Requirements,Airbnb Driveway Requirements: Parking for Short-Term Rentals,pexels-pixabay-221540.webp,Airbnb Driveway Requirements: Parking for Short-Term Rentals — Drivewayz USA,253,B_REPLACE_BULK,0.0,0.0,0.0,200,True
https://drivewayzusa.co/guides/annual-driveway-maintenance-costs-by-material-type/,Annual Driveway Maintenance Costs by Material Type,Annual Driveway Maintenance Costs by Material Type,pexels-artbovich-8134848.webp,Annual Driveway Maintenance Costs by Material Type — Drivewayz USA,58,B_REPLACE_BULK,0.0,0.0,0.0,200,True
https://drivewayzusa.co/guides/ant-hill-prevention-in-paver-driveways/,Ant Hill Prevention in Paver Driveways,Ant Hill Prevention in Paver Driveways,pexels-pixabay-221540.webp,Ant Hill Prevention in Paver Driveways — Drivewayz USA,253,B_REPLACE_BULK,0.0,0.0,0.0,200,True
https://drivewayzusa.co/guides/anti-ice-coatings-for-driveways/,Anti-Ice Coatings for Driveways,Anti-Ice Coatings for Driveways,pexels-pixabay-221540.webp,Anti-Ice Coatings for Driveways — Drivewayz USA,253,B_REPLACE_BULK,0.0,0.0,0.0,200,True
https://drivewayzusa.co/guides/apartment-complex-driveway-design/,Apartment Complex Driveway Design,Apartment Complex Driveway Design,pexels-pixabay-221540.webp,Apartment Complex Driveway Design — Drivewayz USA,253,B_REPLACE_BULK,0.0,0.0,0.0,200,True
https://drivewayzusa.co/guides/asphalt-compaction-tools-and-techniques/,Asphalt Compaction: Tools and Techniques,Asphalt Compaction: Tools and Techniques,pexels-introspectivedsgn-9890648.webp,Asphalt Compaction: Tools and Techniques — Drivewayz USA,62,B_REPLACE_BULK,0.0,0.0,0.0,200,True
https://drivewayzusa.co/guides/asphalt-driveway-alligator-cracking-what-it-means-and-how-to-fix-it/,Asphalt Driveway Alligator Cracking,Asphalt Driveway Alligator Cracking: What It Means and How to Fix It,pexels-introspectivedsgn-9890648.webp,Asphalt Driveway Alligator Cracking: What It Means and How to Fix It — Drivewayz USA,62,B_REPLACE_BULK,0.0,0.0,0.0,200,True
https://drivewayzusa.co/guides/asphalt-driveway-cost-in-alabama-local-pricing/,Asphalt Driveway Cost in Alabama: Local Pricing,Asphalt Driveway Cost in Alabama: Local Pricing,pexels-introspectivedsgn-9890648.webp,Asphalt Driveway Cost in Alabama: Local Pricing — Drivewayz USA,62,B_REPLACE_BULK,0.0,0.0,0.0,200,True
https://drivewayzusa.co/guides/asphalt-driveway-cost-in-alaska-local-pricing/,Asphalt Driveway Cost in Alaska: Local Pricing,Asphalt Driveway Cost in Alaska: Local Pricing,pexels-introspectivedsgn-9890648.webp,Asphalt Driveway Cost in Alaska: Local Pricing — Drivewayz USA,62,B_REPLACE_BULK,0.0,0.0,0.0,200,True
https://drivewayzusa.co/guides/asphalt-driveway-cost-in-arizona-local-pricing/,Asphalt Driveway Cost in Arizona: Local Pricing,Asphalt Driveway Cost in Arizona: Local Pricing,pexels-introspectivedsgn-9890648.webp,Asphalt Driveway Cost in Arizona: Local Pricing — Drivewayz USA,62,A_REPLACE_PRIORITY,0.0,1.0,9.0,200,True
https://drivewayzusa.co/guides/asphalt-driveway-cost-in-arkansas-local-pricing/,Asphalt Driveway Cost in Arkansas: Local Pricing Guide for Homeowners,Asphalt Driveway Cost in Arkansas: Local Pricing Guide for Homeowners,pexels-introspectivedsgn-9890648.webp,Asphalt Driveway Cost in Arkansas: Local Pricing — Drivewayz USA,62,B_REPLACE_BULK,0.0,0.0,0.0,200,True
https://drivewayzusa.co/guides/asphalt-driveway-cost-in-california-local-pricing/,Asphalt Driveway Cost in California: Local Pricing,Asphalt Driveway Cost in California: Local Pricing,pexels-introspectivedsgn-9890648.webp,Asphalt Driveway Cost in California: Local Pricing — Drivewayz USA,62,B_REPLACE_BULK,0.0,0.0,0.0,200,True
https://drivewayzusa.co/guides/asphalt-driveway-cost-in-colorado-local-pricing/,Asphalt Driveway Cost in Colorado: Local Pricing,Asphalt Driveway Cost in Colorado: Local Pricing,pexels-introspectivedsgn-9890648.webp,Asphalt Driveway Cost in Colorado: Local Pricing — Drivewayz USA,62,B_REPLACE_BULK,0.0,0.0,0.0,200,True
https://drivewayzusa.co/guides/asphalt-driveway-cost-in-connecticut-local-pricing/,Asphalt Driveway Cost in Connecticut: Local Pricing,Asphalt Driveway Cost in Connecticut: Local Pricing,pexels-introspectivedsgn-9890648.webp,Asphalt Driveway Cost in Connecticut: Local Pricing — Drivewayz USA,62,A_REPLACE_PRIORITY,0.0,8.0,91.63,200,True
https://drivewayzusa.co/guides/asphalt-driveway-cost-in-delaware-local-pricing/,Asphalt Driveway Cost in Delaware: Local Pricing,Asphalt Driveway Cost in Delaware: Local Pricing,pexels-introspectivedsgn-9890648.webp,Asphalt Driveway Cost in Delaware: Local Pricing — Drivewayz USA,62,B_REPLACE_BULK,0.0,0.0,0.0,200,True
https://drivewayzusa.co/guides/asphalt-driveway-cost-in-florida-local-pricing/,Asphalt Driveway Cost in Florida: Local Pricing,Asphalt Driveway Cost in Florida: Local Pricing,pexels-introspectivedsgn-9890648.webp,Asphalt Driveway Cost in Florida: Local Pricing — Drivewayz USA,62,B_REPLACE_BULK,0.0,0.0,0.0,200,True
https://drivewayzusa.co/guides/asphalt-driveway-cost-in-georgia-local-pricing/,Asphalt Driveway Cost in Georgia: Local Pricing,Asphalt Driveway Cost in Georgia: Local Pricing,pexels-introspectivedsgn-9890648.webp,Asphalt Driveway Cost in Georgia: Local Pricing — Drivewayz USA,62,B_REPLACE_BULK,0.0,0.0,0.0,200,True
https://drivewayzusa.co/guides/asphalt-driveway-cost-in-idaho-local-pricing/,Asphalt Driveway Cost in Idaho: Local Pricing,Asphalt Driveway Cost in Idaho: Local Pricing,pexels-introspectivedsgn-9890648.webp,Asphalt Driveway Cost in Idaho: Local Pricing — Drivewayz USA,62,B_REPLACE_BULK,0.0,0.0,0.0,200,True
https://drivewayzusa.co/guides/asphalt-driveway-cost-in-illinois-local-pricing/,Asphalt Driveway Cost in Illinois: Local Pricing,Asphalt Driveway Cost in Illinois: Local Pricing,pexels-introspectivedsgn-9890648.webp,Asphalt Driveway Cost in Illinois: Local Pricing — Drivewayz USA,62,B_REPLACE_BULK,0.0,0.0,0.0,200,True
https://drivewayzusa.co/guides/asphalt-driveway-cost-in-indiana-local-pricing/,Asphalt Driveway Cost in Indiana: Local Pricing,Asphalt Driveway Cost in Indiana: Local Pricing,pexels-introspectivedsgn-9890648.webp,Asphalt Driveway Cost in Indiana: Local Pricing — Drivewayz USA,62,B_REPLACE_BULK,0.0,0.0,0.0,200,True
https://drivewayzusa.co/guides/asphalt-driveway-cost-in-iowa-local-pricing/,Asphalt Driveway Cost in Iowa: Local Pricing,Asphalt Driveway Cost in Iowa: Local Pricing,pexels-introspectivedsgn-9890648.webp,Asphalt Driveway Cost in Iowa: Local Pricing — Drivewayz USA,62,B_REPLACE_BULK,0.0,0.0,0.0,200,True
https://drivewayzusa.co/guides/asphalt-driveway-cost-in-kansas-local-pricing/,Asphalt Driveway Cost in Kansas: Local Pricing,Asphalt Driveway Cost in Kansas: Local Pricing,pexels-introspectivedsgn-9890648.webp,Asphalt Driveway Cost in Kansas: Local Pricing — Drivewayz USA,62,B_REPLACE_BULK,0.0,0.0,0.0,200,True
https://drivewayzusa.co/guides/asphalt-driveway-cost-in-kentucky-local-pricing/,Asphalt Driveway Cost in Kentucky: Local Pricing,Asphalt Driveway Cost in Kentucky: Local Pricing,pexels-introspectivedsgn-9890648.webp,Asphalt Driveway Cost in Kentucky: Local Pricing — Drivewayz USA,62,B_REPLACE_BULK,0.0,0.0,0.0,200,True
https://drivewayzusa.co/guides/asphalt-driveway-cost-in-louisiana-local-pricing/,Asphalt Driveway Cost in Louisiana: Local Pricing,Asphalt Driveway Cost in Louisiana: Local Pricing,pexels-introspectivedsgn-9890648.webp,Asphalt Driveway Cost in Louisiana: Local Pricing — Drivewayz USA,62,A_REPLACE_PRIORITY,0.0,15.0,18.33,200,True
https://drivewayzusa.co/guides/asphalt-driveway-cost-in-maine-local-pricing/,Asphalt Driveway Cost in Maine: Local Pricing,Asphalt Driveway Cost in Maine: Local Pricing,pexels-introspectivedsgn-9890648.webp,Asphalt Driveway Cost in Maine: Local Pricing — Drivewayz USA,62,B_REPLACE_BULK,0.0,0.0,0.0,200,True
https://drivewayzusa.co/guides/asphalt-driveway-cost-in-maryland-local-pricing/,Asphalt Driveway Cost in Maryland: Local Pricing,Asphalt Driveway Cost in Maryland: Local Pricing,pexels-introspectivedsgn-9890648.webp,Asphalt Driveway Cost in Maryland: Local Pricing — Drivewayz USA,62,B_REPLACE_BULK,0.0,0.0,0.0,200,True
https://drivewayzusa.co/guides/asphalt-driveway-cost-in-massachusetts-local-pricing/,Asphalt Driveway Cost in Massachusetts: Local Pricing,Asphalt Driveway Cost in Massachusetts: Local Pricing,pexels-introspectivedsgn-9890648.webp,Asphalt Driveway Cost in Massachusetts: Local Pricing — Drivewayz USA,62,B_REPLACE_BULK,0.0,0.0,0.0,200,True
https://drivewayzusa.co/guides/asphalt-driveway-cost-in-michigan-local-pricing/,Asphalt Driveway Cost in Michigan: Local Pricing,Asphalt Driveway Cost in Michigan: Local Pricing,pexels-introspectivedsgn-9890648.webp,Asphalt Driveway Cost in Michigan: Local Pricing — Drivewayz USA,62,B_REPLACE_BULK,0.0,0.0,0.0,200,True
https://drivewayzusa.co/guides/asphalt-driveway-cost-in-minnesota-local-pricing/,Asphalt Driveway Cost in Minnesota: Local Pricing,Asphalt Driveway Cost in Minnesota: Local Pricing,pexels-introspectivedsgn-9890648.webp,Asphalt Driveway Cost in Minnesota: Local Pricing — Drivewayz USA,62,B_REPLACE_BULK,0.0,0.0,0.0,200,True
https://drivewayzusa.co/guides/asphalt-driveway-cost-in-mississippi-local-pricing/,Asphalt Driveway Cost in Mississippi: Local Pricing,Asphalt Driveway Cost in Mississippi: Local Pricing,pexels-introspectivedsgn-9890648.webp,Asphalt Driveway Cost in Mississippi: Local Pricing — Drivewayz USA,62,B_REPLACE_BULK,0.0,0.0,0.0,200,True
https://drivewayzusa.co/guides/asphalt-driveway-cost-in-missouri-local-pricing/,Asphalt Driveway Cost in Missouri: Local Pricing,Asphalt Driveway Cost in Missouri: Local Pricing,pexels-introspectivedsgn-9890648.webp,Asphalt Driveway Cost in Missouri: Local Pricing — Drivewayz USA,62,B_REPLACE_BULK,0.0,0.0,0.0,200,True
https://drivewayzusa.co/guides/asphalt-driveway-cost-in-montana-local-pricing/,Asphalt Driveway Cost in Montana: Local Pricing,Asphalt Driveway Cost in Montana: Local Pricing,pexels-introspectivedsgn-9890648.webp,Asphalt Driveway Cost in Montana: Local Pricing — Drivewayz USA,62,B_REPLACE_BULK,0.0,0.0,0.0,200,True
https://drivewayzusa.co/guides/asphalt-driveway-cost-in-nebraska-local-pricing/,Asphalt Driveway Cost in Nebraska: Local Pricing,Asphalt Driveway Cost in Nebraska: Local Pricing,pexels-introspectivedsgn-9890648.webp,Asphalt Driveway Cost in Nebraska: Local Pricing — Drivewayz USA,62,B_REPLACE_BULK,0.0,0.0,0.0,200,True
https://drivewayzusa.co/guides/asphalt-driveway-cost-in-nevada-local-pricing/,Asphalt Driveway Cost in Nevada: Local Pricing,Asphalt Driveway Cost in Nevada: Local Pricing,pexels-introspectivedsgn-9890648.webp,Asphalt Driveway Cost in Nevada: Local Pricing — Drivewayz USA,62,B_REPLACE_BULK,0.0,0.0,0.0,200,True
https://drivewayzusa.co/guides/asphalt-driveway-cost-in-new-hampshire-local-pricing/,Asphalt Driveway Cost in New Hampshire: Local Pricing,Asphalt Driveway Cost in New Hampshire: Local Pricing,pexels-introspectivedsgn-9890648.webp,Asphalt Driveway Cost in New Hampshire: Local Pricing — Drivewayz USA,62,B_REPLACE_BULK,0.0,0.0,0.0,200,True
https://drivewayzusa.co/guides/asphalt-driveway-cost-in-new-jersey-local-pricing/,Asphalt Driveway Cost in New Jersey: Local Pricing,Asphalt Driveway Cost in New Jersey: Local Pricing,pexels-introspectivedsgn-9890648.webp,Asphalt Driveway Cost in New Jersey: Local Pricing — Drivewayz USA,62,B_REPLACE_BULK,0.0,0.0,0.0,200,True
https://drivewayzusa.co/guides/asphalt-driveway-cost-in-new-mexico-local-pricing/,Asphalt Driveway Cost in New Mexico: Local Pricing,Asphalt Driveway Cost in New Mexico: Local Pricing,pexels-introspectivedsgn-9890648.webp,Asphalt Driveway Cost in New Mexico: Local Pricing — Drivewayz USA,62,B_REPLACE_BULK,0.0,0.0,0.0,200,True
https://drivewayzusa.co/guides/asphalt-driveway-cost-in-new-york-local-pricing/,Asphalt Driveway Cost in New York: Local Pricing,Asphalt Driveway Cost in New York: Local Pricing,pexels-introspectivedsgn-9890648.webp,Asphalt Driveway Cost in New York: Local Pricing — Drivewayz USA,62,B_REPLACE_BULK,0.0,0.0,0.0,200,True
https://drivewayzusa.co/guides/asphalt-driveway-cost-in-north-carolina-local-pricing/,Asphalt Driveway Cost in North Carolina: A Complete Guide for Tar-Heel Homeowners,Asphalt Driveway Cost in North Carolina: A Complete Guide for Tar-Heel Homeowners,pexels-introspectivedsgn-9890648.webp,Asphalt Driveway Cost in North Carolina: Local Pricing — Drivewayz USA,62,B_REPLACE_BULK,0.0,0.0,0.0,200,True
https://drivewayzusa.co/guides/asphalt-driveway-cost-in-north-dakota-local-pricing/,Asphalt Driveway Cost in North Dakota: A Complete Local Pricing Guide,Asphalt Driveway Cost in North Dakota: A Complete Local Pricing Guide,pexels-introspectivedsgn-9890648.webp,Asphalt Driveway Cost in North Dakota: Local Pricing — Drivewayz USA,62,B_REPLACE_BULK,0.0,0.0,0.0,200,True
https://drivewayzusa.co/guides/asphalt-driveway-cost-in-oklahoma-local-pricing/,Asphalt Driveway Cost in Oklahoma: Local Pricing,Asphalt Driveway Cost in Oklahoma: Local Pricing,pexels-introspectivedsgn-9890648.webp,Asphalt Driveway Cost in Oklahoma: Local Pricing — Drivewayz USA,62,B_REPLACE_BULK,0.0,0.0,0.0,200,True
https://drivewayzusa.co/guides/asphalt-driveway-cost-in-oregon-local-pricing/,Asphalt Driveway Cost in Oregon: Local Pricing,Asphalt Driveway Cost in Oregon: Local Pricing,pexels-introspectivedsgn-9890648.webp,Asphalt Driveway Cost in Oregon: Local Pricing — Drivewayz USA,62,B_REPLACE_BULK,0.0,0.0,0.0,200,True
https://drivewayzusa.co/guides/asphalt-driveway-cost-in-pennsylvania-local-pricing/,Asphalt Driveway Cost in Pennsylvania: Local Pricing Guide for 2026,Asphalt Driveway Cost in Pennsylvania: Local Pricing Guide for 2026,pexels-introspectivedsgn-9890648.webp,Asphalt Driveway Cost in Pennsylvania: Local Pricing — Drivewayz USA,62,B_REPLACE_BULK,0.0,0.0,0.0,200,True
https://drivewayzusa.co/guides/asphalt-driveway-cost-in-rhode-island-local-pricing/,Asphalt Driveway Cost in Rhode Island: Local Pricing,Asphalt Driveway Cost in Rhode Island: Local Pricing,pexels-introspectivedsgn-9890648.webp,Asphalt Driveway Cost in Rhode Island: Local Pricing — Drivewayz USA,62,B_REPLACE_BULK,0.0,0.0,0.0,200,True
https://drivewayzusa.co/guides/asphalt-driveway-cost-in-south-carolina-local-pricing/,Asphalt Driveway Cost in South Carolina: Local Pricing,Asphalt Driveway Cost in South Carolina: Local Pricing,pexels-introspectivedsgn-9890648.webp,Asphalt Driveway Cost in South Carolina: Local Pricing — Drivewayz USA,62,B_REPLACE_BULK,0.0,0.0,0.0,200,True
https://drivewayzusa.co/guides/asphalt-driveway-cost-in-south-dakota-local-pricing/,Asphalt Driveway Cost in South Dakota: Local Pricing,Asphalt Driveway Cost in South Dakota: Local Pricing,pexels-introspectivedsgn-9890648.webp,Asphalt Driveway Cost in South Dakota: Local Pricing — Drivewayz USA,62,B_REPLACE_BULK,0.0,0.0,0.0,200,True
https://drivewayzusa.co/guides/asphalt-driveway-cost-in-tennessee-local-pricing/,Asphalt Driveway Cost in Tennessee: Local Pricing,Asphalt Driveway Cost in Tennessee: Local Pricing,pexels-introspectivedsgn-9890648.webp,Asphalt Driveway Cost in Tennessee: Local Pricing — Drivewayz USA,62,B_REPLACE_BULK,0.0,0.0,0.0,200,True
https://drivewayzusa.co/guides/asphalt-driveway-cost-in-texas-local-pricing/,Asphalt Driveway Cost in Texas: Local Pricing,Asphalt Driveway Cost in Texas: Local Pricing,pexels-introspectivedsgn-9890648.webp,Asphalt Driveway Cost in Texas: Local Pricing — Drivewayz USA,62,B_REPLACE_BULK,0.0,0.0,0.0,200,True
https://drivewayzusa.co/guides/asphalt-driveway-cost-in-utah-local-pricing/,Asphalt Driveway Cost in Utah: Local Pricing,Asphalt Driveway Cost in Utah: Local Pricing,pexels-introspectivedsgn-9890648.webp,Asphalt Driveway Cost in Utah: Local Pricing — Drivewayz USA,62,B_REPLACE_BULK,0.0,0.0,0.0,200,True
https://drivewayzusa.co/guides/asphalt-driveway-cost-in-vermont-local-pricing/,Asphalt Driveway Cost in Vermont: Local Pricing,Asphalt Driveway Cost in Vermont: Local Pricing,pexels-introspectivedsgn-9890648.webp,Asphalt Driveway Cost in Vermont: Local Pricing — Drivewayz USA,62,B_REPLACE_BULK,0.0,0.0,0.0,200,True
https://drivewayzusa.co/guides/asphalt-driveway-cost-in-virginia-local-pricing/,Asphalt Driveway Cost in Virginia: Local Pricing,Asphalt Driveway Cost in Virginia: Local Pricing,pexels-introspectivedsgn-9890648.webp,Asphalt Driveway Cost in Virginia: Local Pricing — Drivewayz USA,62,B_REPLACE_BULK,0.0,0.0,0.0,200,True
https://drivewayzusa.co/guides/asphalt-driveway-cost-in-washington-local-pricing/,Asphalt Driveway Cost in Washington: Local Pricing,Asphalt Driveway Cost in Washington: Local Pricing,pexels-introspectivedsgn-9890648.webp,Asphalt Driveway Cost in Washington: Local Pricing — Drivewayz USA,62,B_REPLACE_BULK,0.0,0.0,0.0,200,True
https://drivewayzusa.co/guides/asphalt-driveway-cost-in-west-virginia-local-pricing/,Asphalt Driveway Cost in West Virginia: Local Pricing,Asphalt Driveway Cost in West Virginia: Local Pricing,pexels-introspectivedsgn-9890648.webp,Asphalt Driveway Cost in West Virginia: Local Pricing — Drivewayz USA,62,A_REPLACE_PRIORITY,0.0,1.0,5.0,200,True
https://drivewayzusa.co/guides/asphalt-driveway-cost-in-wisconsin-local-pricing/,Asphalt Driveway Cost in Wisconsin: Local Pricing,Asphalt Driveway Cost in Wisconsin: Local Pricing,pexels-introspectivedsgn-9890648.webp,Asphalt Driveway Cost in Wisconsin: Local Pricing — Drivewayz USA,62,B_REPLACE_BULK,0.0,0.0,0.0,200,True
https://drivewayzusa.co/guides/asphalt-driveway-cost-in-wyoming-local-pricing/,Asphalt Driveway Cost in Wyoming: Local Pricing,Asphalt Driveway Cost in Wyoming: Local Pricing,pexels-introspectivedsgn-9890648.webp,Asphalt Driveway Cost in Wyoming: Local Pricing — Drivewayz USA,62,B_REPLACE_BULK,0.0,0.0,0.0,200,True
https://drivewayzusa.co/guides/asphalt-driveway-cost-per-square-foot-guide/,Asphalt Driveway Cost per Square Foot Guide,Asphalt Driveway Cost per Square Foot Guide,pexels-introspectivedsgn-9890648.webp,Asphalt Driveway Cost per Square Foot Guide — Drivewayz USA,62,B_REPLACE_BULK,0.0,0.0,0.0,200,True
https://drivewayzusa.co/guides/asphalt-driveway-crack-repair-diy-methods-that-work/,Asphalt Driveway Crack Repair: DIY Methods That Work,Asphalt Driveway Crack Repair: DIY Methods That Work,pexels-introspectivedsgn-9890648.webp,Asphalt Driveway Crack Repair: DIY Methods That Work — Drivewayz USA,62,B_REPLACE_BULK,0.0,0.0,0.0,200,True
https://drivewayzusa.co/guides/asphalt-driveway-installation-step-by-step-guide/,Asphalt Driveway Installation Step-by-Step Guide,Asphalt Driveway Installation Step-by-Step Guide,pexels-introspectivedsgn-9890648.webp,Asphalt Driveway Installation Step-by-Step Guide — Drivewayz USA,62,B_REPLACE_BULK,0.0,0.0,0.0,200,True
https://drivewayzusa.co/guides/asphalt-driveway-lifespan-factors-that-affect-longevity/,Asphalt Driveway Lifespan,Asphalt Driveway Lifespan: Factors That Affect Longevity,pexels-introspectivedsgn-9890648.webp,Asphalt Driveway Lifespan: Factors That Affect Longevity — Drivewayz USA,62,B_REPLACE_BULK,0.0,0.0,0.0,200,True
https://drivewayzusa.co/guides/asphalt-driveway-thickness-residential-vs-commercial/,Asphalt Driveway Thickness: Residential vs Commercial,Asphalt Driveway Thickness: Residential vs Commercial,pexels-introspectivedsgn-9890648.webp,Asphalt Driveway Thickness: Residential vs Commercial — Drivewayz USA,62,B_REPLACE_BULK,0.0,0.0,0.0,200,True
https://drivewayzusa.co/guides/asphalt-oil-price-impact-on-driveway-costs/,Asphalt Oil Price Impact on Driveway Costs,Asphalt Oil Price Impact on Driveway Costs,pexels-introspectivedsgn-9890648.webp,Asphalt Oil Price Impact on Driveway Costs — Drivewayz USA,62,B_REPLACE_BULK,0.0,0.0,0.0,200,True
https://drivewayzusa.co/guides/asphalt-overlay-costs-and-considerations/,Asphalt Overlay: Costs and Considerations,Asphalt Overlay: Costs and Considerations,pexels-introspectivedsgn-9890648.webp,Asphalt Overlay: Costs and Considerations — Drivewayz USA,62,B_REPLACE_BULK,0.0,0.0,0.0,200,True
https://drivewayzusa.co/guides/asphalt-overlay-on-concrete-driveway-can-it-be-done/,Asphalt Overlay on Concrete Driveway: Can It Be Done?,Asphalt Overlay on Concrete Driveway: Can It Be Done?,pexels-introspectivedsgn-9890648.webp,Asphalt Overlay on Concrete Driveway: Can It Be Done? — Drivewayz USA,62,B_REPLACE_BULK,0.0,0.0,0.0,200,True
https://drivewayzusa.co/guides/asphalt-rejuvenator-products-review/,Best Asphalt Rejuvenator Products Reviewed (2026),Asphalt Rejuvenator Products Review,pexels-introspectivedsgn-9890648.webp,Asphalt Rejuvenator Products Review — Drivewayz USA,62,A_REPLACE_PRIORITY,0.0,277.0,30.09,200,True
https://drivewayzusa.co/guides/asphalt-sealing-best-products-and-application-tips/,Asphalt Sealing: Best Products and Application Tips,Asphalt Sealing: Best Products and Application Tips,pexels-introspectivedsgn-9890648.webp,Asphalt Sealing: Best Products and Application Tips — Drivewayz USA,62,A_REPLACE_PRIORITY,0.0,1.0,55.0,200,True
https://drivewayzusa.co/guides/asphalt-vs-concrete-in-hot-climates-heat-and-uv-resistance/,Asphalt vs Concrete in Hot Climates,Asphalt vs Concrete in Hot Climates: Heat and UV Resistance,pexels-introspectivedsgn-9890648.webp,Asphalt vs Concrete in Hot Climates: Heat and UV Resistance — Drivewayz USA,62,B_REPLACE_BULK,0.0,0.0,0.0,200,True
https://drivewayzusa.co/guides/asphalt-vs-gravel-driveway-long-term-cost-analysis/,Asphalt vs Gravel Driveway: Long-Term Cost Analysis for Smart Homeowners,Asphalt vs Gravel Driveway: Long-Term Cost Analysis for Smart Homeowners,pexels-introspectivedsgn-9890648.webp,Asphalt vs Gravel Driveway: Long-Term Cost Analysis — Drivewayz USA,62,B_REPLACE_BULK,0.0,0.0,0.0,200,True
https://drivewayzusa.co/guides/average-driveway-replacement-cost-by-material/,Average Driveway Replacement Cost by Material,Average Driveway Replacement Cost by Material,pexels-pixabay-221540.webp,Average Driveway Replacement Cost by Material — Drivewayz USA,253,B_REPLACE_BULK,0.0,0.0,0.0,200,True
https://drivewayzusa.co/guides/basalt-driveway/,Basalt Driveway: A Durable and Stylish Choice for Modern Homes,Basalt Driveway: A Durable and Stylish Choice for Modern Homes,pexels-pixabay-221540.webp,Basalt Driveway Cost Guide — Drivewayz USA,253,B_REPLACE_BULK,0.0,0.0,0.0,200,True
https://drivewayzusa.co/guides/before-and-after-driveway-renovation-photo-gallery-ideas/,Before and After Driveway Renovation,Before and After Driveway Renovation: Photo Gallery Ideas,pexels-pixabay-221540.webp,Before and After Driveway Renovation: Photo Gallery Ideas — Drivewayz USA,253,B_REPLACE_BULK,0.0,0.0,0.0,200,True
https://drivewayzusa.co/guides/best-asphalt-driveway-sealer-top-products-for-2026/,Best Asphalt Driveway Sealer: Top Products for 2026,Best Asphalt Driveway Sealer: Top Products for 2026,pexels-pixabay-221540.webp,Best Asphalt Driveway Sealer: Top Products for 2026 — Drivewayz USA,253,A_REPLACE_PRIORITY,3.0,450.0,49.43,200,True
https://drivewayzusa.co/guides/best-budget-driveway-for-clay-soil/,Best Budget Driveway for Clay Soil,Best Budget Driveway for Clay Soil,pexels-pixabay-221540.webp,Best Budget Driveway for Clay Soil — Drivewayz USA,253,B_REPLACE_BULK,0.0,0.0,0.0,200,True
https://drivewayzusa.co/guides/best-budget-driveway-for-coastal-homes/,Best Budget Driveway for Coastal Homes,Best Budget Driveway for Coastal Homes,pexels-pixabay-221540.webp,Best Budget Driveway for Coastal Homes — Drivewayz USA,253,B_REPLACE_BULK,0.0,0.0,0.0,200,True
https://drivewayzusa.co/guides/best-budget-driveway-for-sandy-soil/,Best Budget Driveway for Sandy Soil,Best Budget Driveway for Sandy Soil,pexels-pixabay-221540.webp,Best Budget Driveway for Sandy Soil — Drivewayz USA,253,B_REPLACE_BULK,0.0,0.0,0.0,200,True
https://drivewayzusa.co/guides/best-budget-driveway-for-steep-driveways/,Best Budget Driveway for Steep Driveways,Best Budget Driveway for Steep Driveways,hero-best-budget-driveway-steep.webp,Best budget driveway for steep driveways — Drivewayz USA,1,D_LEAVE,0.0,0.0,0.0,200,True
https://drivewayzusa.co/guides/best-budget-driveway-material-for-heavy-snow-regions/,Best Budget Driveway Material for Heavy Snow Regions,Best Budget Driveway Material for Heavy Snow Regions,pexels-sobeslavjan-13838908.webp,Best Budget Driveway Material for Heavy Snow Regions — Drivewayz USA,30,B_REPLACE_BULK,0.0,0.0,0.0,200,True
https://drivewayzusa.co/guides/best-budget-driveway-material-for-hot-climates/,Best Budget Driveway Material for Hot Climates,Best Budget Driveway Material for Hot Climates,pexels-sobeslavjan-13838908.webp,Best Budget Driveway Material for Hot Climates — Drivewayz USA,30,A_REPLACE_PRIORITY,0.0,1.0,54.0,200,True
https://drivewayzusa.co/guides/best-concrete-driveway-sealer-penetrating-vs-film-forming/,Best Concrete Driveway Sealer,Best Concrete Driveway Sealer: Penetrating vs Film-Forming,pexels-pixabay-221540.webp,Best Concrete Driveway Sealer: Penetrating vs Film-Forming — Drivewayz USA,253,B_REPLACE_BULK,0.0,0.0,0.0,200,True
https://drivewayzusa.co/guides/best-de-icing-products-for-driveways-salt-vs-chemical-vs-natural/,Best De-Icing Products for Driveways,Best De-Icing Products for Driveways: Salt vs Chemical vs Natural,pexels-pixabay-221540.webp,Best De-Icing Products for Driveways: Salt vs Chemical vs Natural — Drivewayz USA,253,A_REPLACE_PRIORITY,0.0,20.0,62.15,200,True
https://drivewayzusa.co/guides/best-driveway-designs-on-pinterest-inspiration-board/,Best Driveway Designs on Pinterest: Inspiration Board,Best Driveway Designs on Pinterest: Inspiration Board,pexels-pixabay-221540.webp,Best Driveway Designs on Pinterest: Inspiration Board — Drivewayz USA,253,B_REPLACE_BULK,0.0,0.0,0.0,200,True
https://drivewayzusa.co/guides/best-driveway-for-desert-heat-and-sun-exposure/,Best Driveway for Desert Heat and Sun Exposure,Best Driveway for Desert Heat and Sun Exposure,pexels-sobeslavjan-13838908.webp,Best Driveway for Desert Heat and Sun Exposure — Drivewayz USA,30,B_REPLACE_BULK,0.0,0.0,0.0,200,True
https://drivewayzusa.co/guides/best-driveway-for-florida-heat-and-humidity/,Best Driveway for Florida Heat and Humidity,Best Driveway for Florida Heat and Humidity,pexels-pixabay-221540.webp,Best Driveway for Florida Heat and Humidity — Drivewayz USA,253,B_REPLACE_BULK,0.0,0.0,0.0,200,True
https://drivewayzusa.co/guides/best-driveway-for-rainy-and-wet-climates/,Best Driveway for Rainy and Wet Climates,Best Driveway for Rainy and Wet Climates,pexels-sobeslavjan-13838908.webp,Best Driveway for Rainy and Wet Climates — Drivewayz USA,30,B_REPLACE_BULK,0.0,0.0,0.0,200,True
https://drivewayzusa.co/guides/best-driveway-for-texas-heat-and-expansive-clay-soil/,Best Driveway for Texas Heat and Expansive Clay Soil,Best Driveway for Texas Heat and Expansive Clay Soil,pexels-pixabay-221540.webp,Best Driveway for Texas Heat and Expansive Clay Soil — Drivewayz USA,253,B_REPLACE_BULK,0.0,0.0,0.0,200,True
https://drivewayzusa.co/guides/best-driveway-hoa-neighborhoods/,Best Driveway Materials for HOA Neighborhoods,Best Driveway Material for HOA-Restricted Neighborhoods,pexels-pixabay-221540.webp,Best Driveway Material for HOA-Restricted Neighborhoods — Drivewayz USA,253,B_REPLACE_BULK,0.0,0.0,0.0,200,True
https://drivewayzusa.co/guides/best-driveway-luxury-homes/,Best Driveway Material for Luxury Homes: A Complete Guide,Best Driveway Material for Luxury Homes: A Complete Guide,matt-jones-xpDHTc-pkog-unsplash.webp,Best Driveway Material for Luxury Homes — Drivewayz USA,9,B_REPLACE_BULK,0.0,0.0,0.0,200,True
https://drivewayzusa.co/guides/best-driveway-material-for-alabama-homes/,Best Driveway Material for Alabama Homes: A Complete Guide,Best Driveway Material for Alabama Homes: A Complete Guide,pexels-pixabay-221540.webp,Best Driveway Material for Alabama Homes — Drivewayz USA,253,A_REPLACE_PRIORITY,0.0,184.0,31.29,200,True
https://drivewayzusa.co/guides/best-driveway-material-for-alaska-homes/,Best Driveway Material for Alaska Homes,Best Driveway Material for Alaska Homes,pexels-pixabay-221540.webp,Best Driveway Material for Alaska Homes — Drivewayz USA,253,B_REPLACE_BULK,0.0,0.0,0.0,200,True
https://drivewayzusa.co/guides/best-driveway-material-for-arizona-homes/,Best Driveway Material for Arizona Homes,Best Driveway Material for Arizona Homes,pexels-pixabay-221540.webp,Best Driveway Material for Arizona Homes — Drivewayz USA,253,B_REPLACE_BULK,0.0,0.0,0.0,200,True
https://drivewayzusa.co/guides/best-driveway-material-for-arkansas-homes/,Best Driveway Material for Arkansas Homes,Best Driveway Material for Arkansas Homes,pexels-pixabay-221540.webp,Best Driveway Material for Arkansas Homes — Drivewayz USA,253,B_REPLACE_BULK,0.0,0.0,0.0,200,True
https://drivewayzusa.co/guides/best-driveway-material-for-california-homes/,Best Driveway Material for California Homes: A Practical Guide for Long-Term Performance,Best Driveway Material for California Homes: A Practical Guide for Long-Term Performance,pexels-pixabay-221540.webp,Best Driveway Material for California Homes — Drivewayz USA,253,A_REPLACE_PRIORITY,1.0,4.0,16.75,200,True
https://drivewayzusa.co/guides/best-driveway-material-for-clay-soil-longevity-focus/,Best Driveway Material for Clay Soil (Longevity Focus),Best Driveway Material for Clay Soil (Longevity Focus),pexels-pixabay-221540.webp,Best Driveway Material for Clay Soil (Longevity Focus) — Drivewayz USA,253,B_REPLACE_BULK,0.0,0.0,0.0,200,True
https://drivewayzusa.co/guides/best-driveway-material-for-coastal-and-salt-air-environments/,Best Driveway Material for Coastal and Salt Air Environments,Best Driveway Material for Coastal and Salt Air Environments,pexels-pixabay-221540.webp,Best Driveway Material for Coastal and Salt Air Environments — Drivewayz USA,253,A_REPLACE_PRIORITY,0.0,1.0,9.0,200,True
https://drivewayzusa.co/guides/best-driveway-material-for-colorado-homes/,Choosing the Best Driveway Material for Colorado Homes,Choosing the Best Driveway Material for Colorado Homes,pexels-pixabay-221540.webp,Best Driveway Material for Colorado Homes — Drivewayz USA,253,B_REPLACE_BULK,0.0,0.0,0.0,200,True
https://drivewayzusa.co/guides/best-driveway-material-for-connecticut-homes/,Best Driveway Material for Connecticut Homes,Best Driveway Material for Connecticut Homes,pexels-pixabay-221540.webp,Best Driveway Material for Connecticut Homes — Drivewayz USA,253,B_REPLACE_BULK,0.0,0.0,0.0,200,True
https://drivewayzusa.co/guides/best-driveway-material-for-delaware-homes/,Best Driveway Material for Delaware Homes,Best Driveway Material for Delaware Homes,pexels-pixabay-221540.webp,Best Driveway Material for Delaware Homes — Drivewayz USA,253,B_REPLACE_BULK,0.0,0.0,0.0,200,True
https://drivewayzusa.co/guides/best-driveway-material-for-florida-homes/,Best Driveway Material for Florida Homes,Best Driveway Material for Florida Homes,pexels-pixabay-221540.webp,Best Driveway Material for Florida Homes — Drivewayz USA,253,A_REPLACE_PRIORITY,0.0,22.0,13.82,200,True
https://drivewayzusa.co/guides/best-driveway-material-for-georgia-homes/,Best Driveway Material for Georgia Homes,Best Driveway Material for Georgia Homes,pexels-pixabay-221540.webp,Best Driveway Material for Georgia Homes — Drivewayz USA,253,B_REPLACE_BULK,0.0,0.0,0.0,200,True
https://drivewayzusa.co/guides/best-driveway-material-for-hawaii-homes/,Best Driveway Material for Hawaii Homes: A Complete Guide,Best Driveway Material for Hawaii Homes: A Complete Guide,pexels-pixabay-221540.webp,Best Driveway Material for Hawaii Homes — Drivewayz USA,253,B_REPLACE_BULK,0.0,0.0,0.0,200,True
https://drivewayzusa.co/guides/best-driveway-material-for-heavy-snow-regions-longevity-focus/,Best Driveway Material for Heavy Snow Regions,Best Driveway Material for Heavy Snow Regions (Longevity Focus),pexels-sobeslavjan-13838908.webp,Best Driveway Material for Heavy Snow Regions (Longevity Focus) — Drivewayz USA,30,A_REPLACE_PRIORITY,0.0,9.0,22.89,200,True
https://drivewayzusa.co/guides/best-driveway-material-for-high-water-table-areas/,Best Driveway Material for High Water Table Areas,Best Driveway Material for High Water Table Areas,pexels-pixabay-221540.webp,Best Driveway Material for High Water Table Areas — Drivewayz USA,253,B_REPLACE_BULK,0.0,0.0,0.0,200,True
https://drivewayzusa.co/guides/best-driveway-material-for-hot-climates-longevity-focus/,Best Driveway Material for Hot Climates,Best Driveway Material for Hot Climates (Longevity Focus),pexels-sobeslavjan-13838908.webp,Best Driveway Material for Hot Climates (Longevity Focus) — Drivewayz USA,30,A_REPLACE_PRIORITY,0.0,1.0,57.0,200,True
https://drivewayzusa.co/guides/best-driveway-material-for-idaho-homes/,Best Driveway Material for Idaho Homes: A Practical Guide,Best Driveway Material for Idaho Homes,pexels-pixabay-221540.webp,Best Driveway Material for Idaho Homes — Drivewayz USA,253,B_REPLACE_BULK,0.0,0.0,0.0,200,True
https://drivewayzusa.co/guides/best-driveway-material-for-illinois-homes/,Best Driveway Material for Illinois Homes,Best Driveway Material for Illinois Homes,pexels-pixabay-221540.webp,Best Driveway Material for Illinois Homes — Drivewayz USA,253,A_REPLACE_PRIORITY,0.0,14.0,40.5,200,True
https://drivewayzusa.co/guides/best-driveway-material-for-indiana-homes/,Best Driveway Material for Indiana Homes,Best Driveway Material for Indiana Homes,pexels-pixabay-221540.webp,Best Driveway Material for Indiana Homes — Drivewayz USA,253,B_REPLACE_BULK,0.0,0.0,0.0,200,True
https://drivewayzusa.co/guides/best-driveway-material-for-iowa-homes/,Best Driveway Material for Iowa Homes,Best Driveway Material for Iowa Homes,pexels-pixabay-221540.webp,Best Driveway Material for Iowa Homes — Drivewayz USA,253,B_REPLACE_BULK,0.0,0.0,0.0,200,True
https://drivewayzusa.co/guides/best-driveway-material-for-kansas-homes/,Best Driveway Material for Kansas Homes,Best Driveway Material for Kansas Homes,pexels-pixabay-221540.webp,Best Driveway Material for Kansas Homes — Drivewayz USA,253,B_REPLACE_BULK,0.0,0.0,0.0,200,True
https://drivewayzusa.co/guides/best-driveway-material-for-kentucky-homes/,Best Driveway Material for Kentucky Homes,Best Driveway Material for Kentucky Homes,pexels-pixabay-221540.webp,Best Driveway Material for Kentucky Homes — Drivewayz USA,253,A_REPLACE_PRIORITY,0.0,36.0,20.92,200,True
https://drivewayzusa.co/guides/best-driveway-material-for-louisiana-homes/,Best Driveway Material for Louisiana Homes,Best Driveway Material for Louisiana Homes,pexels-pixabay-221540.webp,Best Driveway Material for Louisiana Homes — Drivewayz USA,253,B_REPLACE_BULK,0.0,0.0,0.0,200,True
https://drivewayzusa.co/guides/best-driveway-material-for-maine-homes/,Best Driveway Material for Maine Homes,Best Driveway Material for Maine Homes,pexels-pixabay-221540.webp,Best Driveway Material for Maine Homes — Drivewayz USA,253,B_REPLACE_BULK,0.0,0.0,0.0,200,True
https://drivewayzusa.co/guides/best-driveway-material-for-maryland-homes/,Best Driveway Material for Maryland Homes,Best Driveway Material for Maryland Homes,pexels-pixabay-221540.webp,Best Driveway Material for Maryland Homes — Drivewayz USA,253,B_REPLACE_BULK,0.0,0.0,0.0,200,True
https://drivewayzusa.co/guides/best-driveway-material-for-massachusetts-homes/,Best Driveway Material for Massachusetts Homes,Best Driveway Material for Massachusetts Homes,pexels-pixabay-221540.webp,Best Driveway Material for Massachusetts Homes — Drivewayz USA,253,B_REPLACE_BULK,0.0,0.0,0.0,200,True
https://drivewayzusa.co/guides/best-driveway-material-for-michigan-homes/,Best Driveway Material for Michigan Homes,Best Driveway Material for Michigan Homes,pexels-pixabay-221540.webp,Best Driveway Material for Michigan Homes — Drivewayz USA,253,A_REPLACE_PRIORITY,0.0,17.0,36.76,200,True
https://drivewayzusa.co/guides/best-driveway-material-for-minnesota-homes/,Best Driveway Material for Minnesota Homes?,Best Driveway Material for Minnesota Homes,pexels-pixabay-221540.webp,Best Driveway Material for Minnesota Homes — Drivewayz USA,253,B_REPLACE_BULK,0.0,0.0,0.0,200,True
https://drivewayzusa.co/guides/best-driveway-material-for-missouri-homes/,Best Driveway Material for Missouri Homes: A Complete Guide,Best Driveway Material for Missouri Homes: A Complete Guide,pexels-pixabay-221540.webp,Best Driveway Material for Missouri Homes — Drivewayz USA,253,A_REPLACE_PRIORITY,0.0,41.0,77.07,200,True
https://drivewayzusa.co/guides/best-driveway-material-for-montana-homes/,Best Driveway Material for Montana Homes,Best Driveway Material for Montana Homes,pexels-pixabay-221540.webp,Best Driveway Material for Montana Homes — Drivewayz USA,253,B_REPLACE_BULK,0.0,0.0,0.0,200,True
https://drivewayzusa.co/guides/best-driveway-material-for-nebraska-homes/,Best Driveway Material for Nebraska Homes,Best Driveway Material for Nebraska Homes,pexels-pixabay-221540.webp,Best Driveway Material for Nebraska Homes — Drivewayz USA,253,B_REPLACE_BULK,0.0,0.0,0.0,200,True
https://drivewayzusa.co/guides/best-driveway-material-for-nevada-homes/,Best Driveway Material for Nevada Homes,Best Driveway Material for Nevada Homes,pexels-pixabay-221540.webp,Best Driveway Material for Nevada Homes — Drivewayz USA,253,B_REPLACE_BULK,0.0,0.0,0.0,200,True
https://drivewayzusa.co/guides/best-driveway-material-for-new-hampshire-homes/,Best Driveway Material for New Hampshire Homes,Best Driveway Material for New Hampshire Homes,pexels-pixabay-221540.webp,Best Driveway Material for New Hampshire Homes — Drivewayz USA,253,A_REPLACE_PRIORITY,0.0,2.0,55.0,200,True
https://drivewayzusa.co/guides/best-driveway-material-for-new-jersey-homes/,Best Driveway Material for New Jersey Homes,Best Driveway Material for New Jersey Homes,pexels-pixabay-221540.webp,Best Driveway Material for New Jersey Homes — Drivewayz USA,253,B_REPLACE_BULK,0.0,0.0,0.0,200,True
https://drivewayzusa.co/guides/best-driveway-material-for-new-mexico-homes/,Best Driveway Material for New Mexico Homes,Best Driveway Material for New Mexico Homes,pexels-pixabay-221540.webp,Best Driveway Material for New Mexico Homes — Drivewayz USA,253,B_REPLACE_BULK,0.0,0.0,0.0,200,True
https://drivewayzusa.co/guides/best-driveway-material-for-new-york-homes/,Best Driveway Material for New York Homes,Best Driveway Material for New York Homes,pexels-pixabay-221540.webp,Best Driveway Material for New York Homes — Drivewayz USA,253,A_REPLACE_PRIORITY,0.0,14.0,27.57,200,True
https://drivewayzusa.co/guides/best-driveway-material-for-north-carolina-homes/,Best Driveway Material for North Carolina Homes,Best Driveway Material for North Carolina Homes,pexels-pixabay-221540.webp,Best Driveway Material for North Carolina Homes — Drivewayz USA,253,A_REPLACE_PRIORITY,0.0,2.0,10.5,200,True
https://drivewayzusa.co/guides/best-driveway-material-for-north-dakota-homes/,Best Driveway Material for North Dakota Homes,Best Driveway Material for North Dakota Homes,pexels-pixabay-221540.webp,Best Driveway Material for North Dakota Homes — Drivewayz USA,253,B_REPLACE_BULK,0.0,0.0,0.0,200,True
https://drivewayzusa.co/guides/best-driveway-material-for-ohio-homes/,Best Driveway Material for Ohio Homes,Best Driveway Material for Ohio Homes,pexels-pixabay-221540.webp,Best Driveway Material for Ohio Homes — Drivewayz USA,253,A_REPLACE_PRIORITY,0.0,6.0,48.17,200,True
https://drivewayzusa.co/guides/best-driveway-material-for-oklahoma-homes/,Best Driveway Material for Oklahoma Homes,Best Driveway Material for Oklahoma Homes,pexels-pixabay-221540.webp,Best Driveway Material for Oklahoma Homes — Drivewayz USA,253,B_REPLACE_BULK,0.0,0.0,0.0,200,True
https://drivewayzusa.co/guides/best-driveway-material-for-oregon-homes/,Best Driveway Material for Oregon Homes,Best Driveway Material for Oregon Homes,pexels-pixabay-221540.webp,Best Driveway Material for Oregon Homes — Drivewayz USA,253,B_REPLACE_BULK,0.0,0.0,0.0,200,True
https://drivewayzusa.co/guides/best-driveway-material-for-pennsylvania-homes/,Best Driveway Material for Pennsylvania Homes,Best Driveway Material for Pennsylvania Homes,pexels-pixabay-221540.webp,Best Driveway Material for Pennsylvania Homes — Drivewayz USA,253,B_REPLACE_BULK,0.0,0.0,0.0,200,True
https://drivewayzusa.co/guides/best-driveway-material-for-resale-value/,Best Driveway Material for Resale Value,Best Driveway Material for Resale Value,pexels-pixabay-221540.webp,Best Driveway Material for Resale Value — Drivewayz USA,253,B_REPLACE_BULK,0.0,0.0,0.0,200,True
https://drivewayzusa.co/guides/best-driveway-material-for-rhode-island-homes/,Best Driveway Material for Rhode Island Homes,Best Driveway Material for Rhode Island Homes,pexels-pixabay-221540.webp,Best Driveway Material for Rhode Island Homes — Drivewayz USA,253,B_REPLACE_BULK,0.0,0.0,0.0,200,True
https://drivewayzusa.co/guides/best-driveway-material-for-sandy-soil/,Best Driveway Material for Sandy Soil,Best Driveway Material for Sandy Soil,pexels-pixabay-221540.webp,Best Driveway Material for Sandy Soil — Drivewayz USA,253,B_REPLACE_BULK,0.0,0.0,0.0,200,True
https://drivewayzusa.co/guides/best-driveway-material-for-south-carolina-homes/,Best Driveway Material for South Carolina Homes,Best Driveway Material for South Carolina Homes,pexels-pixabay-221540.webp,Best Driveway Material for South Carolina Homes — Drivewayz USA,253,A_REPLACE_PRIORITY,0.0,14.0,60.29,200,True
https://drivewayzusa.co/guides/best-driveway-material-for-south-dakota-homes/,Best Driveway Material for South Dakota Homes,Best Driveway Material for South Dakota Homes,pexels-pixabay-221540.webp,Best Driveway Material for South Dakota Homes — Drivewayz USA,253,B_REPLACE_BULK,0.0,0.0,0.0,200,True
https://drivewayzusa.co/guides/best-driveway-material-for-steep-slopes-and-hills/,Best Driveway Material for Steep Slopes and Hills,Best Driveway Material for Steep Slopes and Hills,pexels-pixabay-221540.webp,Best Driveway Material for Steep Slopes and Hills — Drivewayz USA,253,B_REPLACE_BULK,0.0,0.0,0.0,200,True
https://drivewayzusa.co/guides/best-driveway-material-for-tennessee-homes/,Best Driveway Material for Tennessee Homes,Best Driveway Material for Tennessee Homes,pexels-pixabay-221540.webp,Best Driveway Material for Tennessee Homes — Drivewayz USA,253,B_REPLACE_BULK,0.0,0.0,0.0,200,True
https://drivewayzusa.co/guides/best-driveway-material-for-texas-homes/,Best Driveway Material for Texas Homes,Best Driveway Material for Texas Homes,pexels-pixabay-221540.webp,Best Driveway Material for Texas Homes — Drivewayz USA,253,A_REPLACE_PRIORITY,0.0,65.0,49.4,200,True
https://drivewayzusa.co/guides/best-driveway-material-for-utah-homes/,Best Driveway Material for Utah Homes,Best Driveway Material for Utah Homes,pexels-pixabay-221540.webp,Best Driveway Material for Utah Homes — Drivewayz USA,253,B_REPLACE_BULK,0.0,0.0,0.0,200,True
https://drivewayzusa.co/guides/best-driveway-material-for-vermont-homes/,Best Driveway Material for Vermont Homes,Best Driveway Material for Vermont Homes,pexels-pixabay-221540.webp,Best Driveway Material for Vermont Homes — Drivewayz USA,253,B_REPLACE_BULK,0.0,0.0,0.0,200,True
https://drivewayzusa.co/guides/best-driveway-material-for-virginia-homes/,Best Driveway Material for Homes in Virginia,Best Driveway Material for Homes in Virginia,pexels-pixabay-221540.webp,Best Driveway Material for Virginia Homes — Drivewayz USA,253,A_REPLACE_PRIORITY,0.0,3.0,71.67,200,True
https://drivewayzusa.co/guides/best-driveway-material-for-washington-homes/,Best Driveway Material for Washington Homes,Best Driveway Material for Washington Homes,pexels-pixabay-221540.webp,Best Driveway Material for Washington Homes — Drivewayz USA,253,A_REPLACE_PRIORITY,0.0,5.0,10.6,200,True
https://drivewayzusa.co/guides/best-driveway-material-for-west-virginia-homes/,Best Driveway Material for West Virginia Homes,Best Driveway Material for West Virginia Homes,pexels-pixabay-221540.webp,Best Driveway Material for West Virginia Homes — Drivewayz USA,253,A_REPLACE_PRIORITY,0.0,1.0,31.0,200,True
https://drivewayzusa.co/guides/best-driveway-material-for-wisconsin-homes/,Best Driveway Material for Wisconsin Homes: A Practical Guide,Best Driveway Material for Wisconsin Homes: A Practical Guide,pexels-pixabay-221540.webp,Best Driveway Material for Wisconsin Homes — Drivewayz USA,253,A_REPLACE_PRIORITY,0.0,49.0,56.22,200,True
https://drivewayzusa.co/guides/best-driveway-material-for-wyoming-homes/,Best Driveway Material for Wyoming Homes,Best Driveway Material for Wyoming Homes,pexels-pixabay-221540.webp,Best Driveway Material for Wyoming Homes — Drivewayz USA,253,B_REPLACE_BULK,0.0,0.0,0.0,200,True
https://drivewayzusa.co/guides/best-driveway-rental-property/,Best Driveway Material for Rental Properties,Best Driveway Material for Rental Properties,pexels-pixabay-221540.webp,Best Driveway Material for Rental Properties — Drivewayz USA,253,B_REPLACE_BULK,0.0,0.0,0.0,200,True
https://drivewayzusa.co/guides/best-material-long-rural-driveway/,Best Driveway Material for Long Rural Driveways,Best Driveway Material for Long Rural Driveways,pexels-pixabay-221540.webp,Best Driveway Material for Long Rural Driveways — Drivewayz USA,253,A_REPLACE_PRIORITY,0.0,13.0,14.62,200,True
https://drivewayzusa.co/guides/best-time-of-year-to-install-a-driveway-for-lower-costs/,Best Time to Install a Driveway for Lower Costs,Best Time of Year to Install a Driveway for Lower Costs,pexels-pixabay-221540.webp,Best Time of Year to Install a Driveway for Lower Costs — Drivewayz USA,253,B_REPLACE_BULK,0.0,0.0,0.0,200,True
https://drivewayzusa.co/guides/better-business-bureau-for-driveway-complaints-how-it-works/,Better Business Bureau for Driveway Complaints,Better Business Bureau for Driveway Complaints: How It Works,pexels-pixabay-221540.webp,Better Business Bureau for Driveway Complaints: How It Works — Drivewayz USA,253,B_REPLACE_BULK,0.0,0.0,0.0,200,True
https://drivewayzusa.co/guides/black-driveway-vs-light-driveway-heat-absorption-and-curb-appeal/,Black Driveway vs Light Driveway,Black Driveway vs Light Driveway: Heat Absorption and Curb Appeal,matt-jones-xpDHTc-pkog-unsplash.webp,Black Driveway vs Light Driveway: Heat Absorption and Curb Appeal — Drivewayz USA,9,B_REPLACE_BULK,0.0,0.0,0.0,200,True
https://drivewayzusa.co/guides/bluerock-driveway-installation-guide/,Bluerock Driveway Installation Guide,Bluerock Driveway Installation Guide,pexels-pixabay-221540.webp,Bluerock Driveway Installation Guide — Drivewayz USA,253,B_REPLACE_BULK,0.0,0.0,0.0,200,True
https://drivewayzusa.co/guides/boat-ramp-driveway-modifications/,Boat Ramp Driveway Modifications,Boat Ramp Driveway Modifications,pexels-pixabay-221540.webp,Boat Ramp Driveway Modifications — Drivewayz USA,253,B_REPLACE_BULK,0.0,0.0,0.0,200,True
https://drivewayzusa.co/guides/bonded-vs-unbonded-driveway-contractors-whats-the-difference/,Bonded vs Unbonded Driveway Contractors,Bonded vs Unbonded Driveway Contractors: What&#x27;s the Difference?,pexels-pixabay-221540.webp,Bonded vs Unbonded Driveway Contractors: What&amp;#x27;s the Difference? — Drivewayz USA,253,B_REPLACE_BULK,0.0,0.0,0.0,200,True
https://drivewayzusa.co/guides/brick-driveway-installation-and-maintenance/,Brick Driveway Installation and Maintenance,Brick Driveway Installation and Maintenance,pexels-curtis-adams-1694007-3958961.webp,Brick Driveway Installation and Maintenance — Drivewayz USA,7,B_REPLACE_BULK,0.0,0.0,0.0,200,True
https://drivewayzusa.co/guides/budget-driveway-flood-prone/,Best Budget Driveway for Flood-Prone Yards,Best Budget Driveway for Flood-Prone Yards,pexels-pixabay-221540.webp,Best Budget Driveway for Flood-Prone Yards — Drivewayz USA,253,B_REPLACE_BULK,0.0,0.0,0.0,200,True
https://drivewayzusa.co/guides/budget-driveway-house-flippers/,Best Budget Driveway for House Flippers,Best Budget Driveway for House Flippers,pexels-pixabay-221540.webp,Best Budget Driveway for House Flippers — Drivewayz USA,253,B_REPLACE_BULK,0.0,0.0,0.0,200,True
https://drivewayzusa.co/guides/budget-driveway-makeover-ideas-under-500/,Budget Driveway Makeover Ideas Under $500,Budget Driveway Makeover Ideas Under $500,pexels-pixabay-221540.webp,Budget Driveway Makeover Ideas Under $500 — Drivewayz USA,253,B_REPLACE_BULK,0.0,0.0,0.0,200,True
https://drivewayzusa.co/guides/budget-driveway-small-urban-lot/,Best Budget Driveway for Small Urban Lots,Best Budget Driveway for Small Urban Lots,pexels-pixabay-221540.webp,Best Budget Driveway for Small Urban Lots — Drivewayz USA,253,A_REPLACE_PRIORITY,0.0,5.0,31.2,200,True
https://drivewayzusa.co/guides/budget-long-rural-driveway/,Best Budget Driveway for Long Rural Properties,Best Budget Driveway for Long Rural Properties,pexels-pixabay-221540.webp,Best Budget Driveway for Long Rural Properties — Drivewayz USA,253,B_REPLACE_BULK,0.0,0.0,0.0,200,True
https://drivewayzusa.co/guides/bulk-material-discounts-how-to-save-on-driveway-supplies/,Bulk Material Discounts,Bulk Material Discounts: How to Save on Driveway Supplies,pexels-pixabay-221540.webp,Bulk Material Discounts: How to Save on Driveway Supplies — Drivewayz USA,253,B_REPLACE_BULK,0.0,0.0,0.0,200,True
https://drivewayzusa.co/guides/carbon-footprint-of-different-driveway-materials/,Carbon Footprint of Different Driveway Materials,Carbon Footprint of Different Driveway Materials,pexels-pixabay-221540.webp,Carbon Footprint of Different Driveway Materials — Drivewayz USA,253,B_REPLACE_BULK,0.0,0.0,0.0,200,True
https://drivewayzusa.co/guides/channel-drain-options-for-driveways/,Channel Drain Options for Driveways,Channel Drain Options for Driveways,pexels-pixabay-221540.webp,Channel Drain Options for Driveways — Drivewayz USA,253,A_REPLACE_PRIORITY,0.0,5.0,32.2,200,True
https://drivewayzusa.co/guides/chip-seal-driveway/,Chip Seal Driveway: Affordable Asphalt Alternative,Chip Seal Driveway Cost Guide: Affordable Asphalt Alternative,pexels-introspectivedsgn-7475608.webp,Chip Seal Driveway Cost Guide — Drivewayz USA,7,B_REPLACE_BULK,0.0,0.0,0.0,200,True
https://drivewayzusa.co/guides/chip-seal-driveways-costs-and-longevity/,Chip Seal Driveways: Costs and Longevity,Chip Seal Driveways: Costs and Longevity,pexels-introspectivedsgn-7475608.webp,Chip Seal Driveways: Costs and Longevity — Drivewayz USA,7,A_REPLACE_PRIORITY,0.0,8.0,73.25,200,True
https://drivewayzusa.co/guides/circular-driveway-design-and-layout-guide/,Circular Driveway Design and Layout Guide,Circular Driveway Design and Layout Guide,pexels-pixabay-221540.webp,Circular Driveway Design and Layout Guide — Drivewayz USA,253,B_REPLACE_BULK,0.0,0.0,0.0,200,True
https://drivewayzusa.co/guides/coastal-regions-best-driveway-materials-for-california/,Best Driveway Materials for California,Coastal Regions: Best Driveway Materials for California,pexels-pixabay-221540.webp,Coastal Regions: Best Driveway Materials for California — Drivewayz USA,253,A_REPLACE_PRIORITY,0.0,1.0,89.0,200,True
https://drivewayzusa.co/guides/coastal-regions-best-driveway-materials-for-north-carolina/,Best Driveway Materials for North Carolina,Coastal Regions: Best Driveway Materials for North Carolina,pexels-pixabay-221540.webp,Coastal Regions: Best Driveway Materials for North Carolina — Drivewayz USA,253,B_REPLACE_BULK,0.0,0.0,0.0,200,True
https://drivewayzusa.co/guides/cobblestone-driveway-traditional-style-guide/,Cobblestone Driveway: Traditional Style Guide,Cobblestone Driveway: Traditional Style Guide,pexels-curtis-adams-1694007-3958961.webp,Cobblestone Driveway: Traditional Style Guide — Drivewayz USA,7,B_REPLACE_BULK,0.0,0.0,0.0,200,True
https://drivewayzusa.co/guides/cobblestone-driveway/,Cobblestone Driveway Installation Guide,Cobblestone Driveway Installation Guide,logov3.png,,19,B_REPLACE_BULK,0.0,0.0,0.0,200,True
https://drivewayzusa.co/guides/cold-climates-best-driveway-materials-for-michigan/,Best Driveway Materials for Michigan,Cold Climates: Best Driveway Materials for Michigan,pexels-sobeslavjan-13838908.webp,Cold Climates: Best Driveway Materials for Michigan — Drivewayz USA,30,A_REPLACE_PRIORITY,0.0,1.0,10.0,200,True
https://drivewayzusa.co/guides/cold-climates-best-driveway-materials-for-minnesota/,Best Driveway Materials for Minnesota,Cold Climates: Best Driveway Materials for Minnesota,pexels-sobeslavjan-13838908.webp,Cold Climates: Best Driveway Materials for Minnesota — Drivewayz USA,30,B_REPLACE_BULK,0.0,0.0,0.0,200,True
https://drivewayzusa.co/guides/cold-climates-best-driveway-materials-for-new-york/,Best Driveway Materials for New York,Cold Climates: Best Driveway Materials for New York,pexels-sobeslavjan-13838908.webp,Cold Climates: Best Driveway Materials for New York — Drivewayz USA,30,B_REPLACE_BULK,0.0,0.0,0.0,200,True
https://drivewayzusa.co/guides/cold-climates-best-driveway-materials-for-wisconsin/,Best Driveway Materials for Wisconsin,Cold Climates: Best Driveway Materials for Wisconsin,pexels-sobeslavjan-13838908.webp,Cold Climates: Best Driveway Materials for Wisconsin — Drivewayz USA,30,B_REPLACE_BULK,0.0,0.0,0.0,200,True
https://drivewayzusa.co/guides/colonial-home-driveways-traditional-materials/,Colonial Home Driveways: Traditional Materials,Colonial Home Driveways: Traditional Materials,pexels-pixabay-221540.webp,Colonial Home Driveways: Traditional Materials — Drivewayz USA,253,B_REPLACE_BULK,0.0,0.0,0.0,200,True
https://drivewayzusa.co/guides/colored-concrete-driveways-options-and-durability/,Colored Concrete Driveways: Options and Durability,Colored Concrete Driveways: Options and Durability,pexels-pixabay-221540.webp,Colored Concrete Driveways: Options and Durability — Drivewayz USA,253,B_REPLACE_BULK,0.0,0.0,0.0,200,True
https://drivewayzusa.co/guides/commercial-driveway-requirements/,Commercial Driveway Requirements,Commercial Driveway Requirements,pexels-pixabay-221540.webp,Commercial Driveway Requirements — Drivewayz USA,253,B_REPLACE_BULK,0.0,0.0,0.0,200,True
https://drivewayzusa.co/guides/common-driveway-project-mistakes-and-how-to-avoid-them/,Common Driveway Project Mistakes and How to Avoid Them,Common Driveway Project Mistakes and How to Avoid Them,pexels-pixabay-221540.webp,Common Driveway Project Mistakes and How to Avoid Them — Drivewayz USA,253,B_REPLACE_BULK,0.0,0.0,0.0,200,True
https://drivewayzusa.co/guides/complete-driveway-buying-guide-for-first-time-homeowners/,Driveway Buying Guide for First-Time Homeowners,Complete Driveway Buying Guide for First-Time Homeowners,pexels-pixabay-221540.webp,Complete Driveway Buying Guide for First-Time Homeowners — Drivewayz USA,253,B_REPLACE_BULK,0.0,0.0,0.0,200,True
https://drivewayzusa.co/guides/concrete-driveway-air-entrainment-freeze-thaw-protection/,Concrete Driveway Air Entrainment,Concrete Driveway Air Entrainment: Freeze-Thaw Protection,pexels-goodcitizen-1315919.webp,Concrete Driveway Air Entrainment: Freeze-Thaw Protection — Drivewayz USA,75,B_REPLACE_BULK,0.0,0.0,0.0,200,True
https://drivewayzusa.co/guides/concrete-driveway-color-hardener-application-and-benefits/,Concrete Driveway Color Hardener,Concrete Driveway Color Hardener: Application and Benefits,pexels-goodcitizen-1315919.webp,Concrete Driveway Color Hardener: Application and Benefits — Drivewayz USA,75,B_REPLACE_BULK,0.0,0.0,0.0,200,True
https://drivewayzusa.co/guides/concrete-driveway-cost-in-alabama-2026-price-guide/,Concrete Driveway Cost in Alabama: 2026 Price Guide,Concrete Driveway Cost in Alabama: 2026 Price Guide,pexels-goodcitizen-1315919.webp,Concrete Driveway Cost in Alabama: 2026 Price Guide — Drivewayz USA,75,B_REPLACE_BULK,0.0,0.0,0.0,200,True
https://drivewayzusa.co/guides/concrete-driveway-cost-in-alaska-2026-price-guide/,Concrete Driveway Cost in Alaska: 2026 Price Guide,Concrete Driveway Cost in Alaska: 2026 Price Guide,pexels-goodcitizen-1315919.webp,Concrete Driveway Cost in Alaska: 2026 Price Guide — Drivewayz USA,75,B_REPLACE_BULK,0.0,0.0,0.0,200,True
https://drivewayzusa.co/guides/concrete-driveway-cost-in-arizona-2026-price-guide/,Concrete Driveway Cost in Arizona: 2026 Price Guide,Concrete Driveway Cost in Arizona: 2026 Price Guide,pexels-goodcitizen-1315919.webp,Concrete Driveway Cost in Arizona: 2026 Price Guide — Drivewayz USA,75,B_REPLACE_BULK,0.0,0.0,0.0,200,True
https://drivewayzusa.co/guides/concrete-driveway-cost-in-arkansas-2026-price-guide/,Concrete Driveway Cost in Arkansas: 2026 Price Guide,Concrete Driveway Cost in Arkansas: 2026 Price Guide,pexels-goodcitizen-1315919.webp,Concrete Driveway Cost in Arkansas: 2026 Price Guide — Drivewayz USA,75,B_REPLACE_BULK,0.0,0.0,0.0,200,True
https://drivewayzusa.co/guides/concrete-driveway-cost-in-california-2026-price-guide/,Concrete Driveway Cost in California: 2026 Price Guide,Concrete Driveway Cost in California: 2026 Price Guide,pexels-goodcitizen-1315919.webp,Concrete Driveway Cost in California: 2026 Price Guide — Drivewayz USA,75,B_REPLACE_BULK,0.0,0.0,0.0,200,True
https://drivewayzusa.co/guides/concrete-driveway-cost-in-colorado-2026-price-guide/,Concrete Driveway Cost in Colorado: 2026 Price Guide,Concrete Driveway Cost in Colorado: 2026 Price Guide,pexels-goodcitizen-1315919.webp,Concrete Driveway Cost in Colorado: 2026 Price Guide — Drivewayz USA,75,B_REPLACE_BULK,0.0,0.0,0.0,200,True
https://drivewayzusa.co/guides/concrete-driveway-cost-in-connecticut-2026-price-guide/,Concrete Driveway Cost in Connecticut,Concrete Driveway Cost in Connecticut: 2026 Price Guide,pexels-goodcitizen-1315919.webp,Concrete Driveway Cost in Connecticut: 2026 Price Guide — Drivewayz USA,75,B_REPLACE_BULK,0.0,0.0,0.0,200,True
https://drivewayzusa.co/guides/concrete-driveway-cost-in-delaware-2026-price-guide/,Concrete Driveway Cost in Delaware: 2026 Price Guide,Concrete Driveway Cost in Delaware: 2026 Price Guide,pexels-goodcitizen-1315919.webp,Concrete Driveway Cost in Delaware: 2026 Price Guide — Drivewayz USA,75,B_REPLACE_BULK,0.0,0.0,0.0,200,True
https://drivewayzusa.co/guides/concrete-driveway-cost-in-florida-2026-price-guide/,Concrete Driveway Cost in Florida: 2026 Price Guide,Concrete Driveway Cost in Florida: 2026 Price Guide,pexels-goodcitizen-1315919.webp,Concrete Driveway Cost in Florida: 2026 Price Guide — Drivewayz USA,75,B_REPLACE_BULK,0.0,0.0,0.0,200,True
https://drivewayzusa.co/guides/concrete-driveway-cost-in-georgia-2026-price-guide/,Concrete Driveway Cost in Georgia: 2026 Price Guide,Concrete Driveway Cost in Georgia: 2026 Price Guide,pexels-goodcitizen-1315919.webp,Concrete Driveway Cost in Georgia: 2026 Price Guide — Drivewayz USA,75,B_REPLACE_BULK,0.0,0.0,0.0,200,True
https://drivewayzusa.co/guides/concrete-driveway-cost-in-hawaii-2026-price-guide/,Concrete Driveway Cost in Hawaii: 2026 Price Guide,Concrete Driveway Cost in Hawaii: 2026 Price Guide,pexels-goodcitizen-1315919.webp,Concrete Driveway Cost in Hawaii: 2026 Price Guide — Drivewayz USA,75,B_REPLACE_BULK,0.0,0.0,0.0,200,True
https://drivewayzusa.co/guides/concrete-driveway-cost-in-idaho-2026-price-guide/,Concrete Driveway Cost in Idaho: 2026 Price Guide,Concrete Driveway Cost in Idaho: 2026 Price Guide,pexels-goodcitizen-1315919.webp,Concrete Driveway Cost in Idaho: 2026 Price Guide — Drivewayz USA,75,B_REPLACE_BULK,0.0,0.0,0.0,200,True
https://drivewayzusa.co/guides/concrete-driveway-cost-in-illinois-2026-price-guide/,Concrete Driveway Cost in Illinois: 2026 Price Guide,Concrete Driveway Cost in Illinois: 2026 Price Guide,pexels-goodcitizen-1315919.webp,Concrete Driveway Cost in Illinois: 2026 Price Guide — Drivewayz USA,75,B_REPLACE_BULK,0.0,0.0,0.0,200,True
https://drivewayzusa.co/guides/concrete-driveway-cost-in-iowa-2026-price-guide/,Concrete Driveway Cost in Iowa: 2026 Price Guide,Concrete Driveway Cost in Iowa: 2026 Price Guide,pexels-goodcitizen-1315919.webp,Concrete Driveway Cost in Iowa: 2026 Price Guide — Drivewayz USA,75,B_REPLACE_BULK,0.0,0.0,0.0,200,True
https://drivewayzusa.co/guides/concrete-driveway-cost-in-kansas-2026-price-guide/,Concrete Driveway Cost in Kansas: 2026 Price Guide,Concrete Driveway Cost in Kansas: 2026 Price Guide,pexels-goodcitizen-1315919.webp,Concrete Driveway Cost in Kansas: 2026 Price Guide — Drivewayz USA,75,B_REPLACE_BULK,0.0,0.0,0.0,200,True
https://drivewayzusa.co/guides/concrete-driveway-cost-in-kentucky-2026-price-guide/,Concrete Driveway Cost in Kentucky: 2026 Price Guide,Concrete Driveway Cost in Kentucky: 2026 Price Guide,pexels-goodcitizen-1315919.webp,Concrete Driveway Cost in Kentucky: 2026 Price Guide — Drivewayz USA,75,B_REPLACE_BULK,0.0,0.0,0.0,200,True
https://drivewayzusa.co/guides/concrete-driveway-cost-in-louisiana-2026-price-guide/,Concrete Driveway Cost in Louisiana: 2026 Price Guide,Concrete Driveway Cost in Louisiana: 2026 Price Guide,pexels-goodcitizen-1315919.webp,Concrete Driveway Cost in Louisiana: 2026 Price Guide — Drivewayz USA,75,B_REPLACE_BULK,0.0,0.0,0.0,200,True
https://drivewayzusa.co/guides/concrete-driveway-cost-in-maine-2026-price-guide/,Concrete Driveway Cost in Maine 2026: Complete Pricing Guide for Homeowners,Concrete Driveway Cost in Maine 2026: Complete Pricing Guide for Homeowners,pexels-goodcitizen-1315919.webp,Concrete Driveway Cost in Maine: 2026 Price Guide — Drivewayz USA,75,B_REPLACE_BULK,0.0,0.0,0.0,200,True
https://drivewayzusa.co/guides/concrete-driveway-cost-in-maryland-2026-price-guide/,Concrete Driveway Cost in Maryland: 2026 Price Guide,Concrete Driveway Cost in Maryland: 2026 Price Guide,hero-concrete-driveway-cost-maryland.webp,Concrete driveway cost in Maryland — Drivewayz USA,1,D_LEAVE,0.0,0.0,0.0,200,True
https://drivewayzusa.co/guides/concrete-driveway-cost-in-massachusetts-2026-price-guide/,Concrete Driveway Cost in Massachusetts,Concrete Driveway Cost in Massachusetts: 2026 Price Guide,pexels-goodcitizen-1315919.webp,Concrete Driveway Cost in Massachusetts: 2026 Price Guide — Drivewayz USA,75,B_REPLACE_BULK,0.0,0.0,0.0,200,True
https://drivewayzusa.co/guides/concrete-driveway-cost-in-michigan-2026-price-guide/,Concrete Driveway Cost in Michigan: 2026 Price Guide,Concrete Driveway Cost in Michigan: 2026 Price Guide,pexels-goodcitizen-1315919.webp,Concrete Driveway Cost in Michigan: 2026 Price Guide — Drivewayz USA,75,A_REPLACE_PRIORITY,0.0,18.0,9.72,200,True
https://drivewayzusa.co/guides/concrete-driveway-cost-in-minnesota-2026-price-guide/,Concrete Driveway Cost in Minnesota (2026): Complete Pricing Guide for Homeowners,Concrete Driveway Cost in Minnesota (2026): Complete Pricing Guide for Homeowners,pexels-goodcitizen-1315919.webp,Concrete Driveway Cost in Minnesota: 2026 Price Guide — Drivewayz USA,75,B_REPLACE_BULK,0.0,0.0,0.0,200,True
https://drivewayzusa.co/guides/concrete-driveway-cost-in-mississippi-2026-price-guide/,Concrete Driveway Cost in Mississippi (2026): Complete Pricing Guide,Concrete Driveway Cost in Mississippi (2026): Complete Pricing Guide,pexels-goodcitizen-1315919.webp,Concrete Driveway Cost in Mississippi: 2026 Price Guide — Drivewayz USA,75,B_REPLACE_BULK,0.0,0.0,0.0,200,True
https://drivewayzusa.co/guides/concrete-driveway-cost-in-missouri-2026-price-guide/,Concrete Driveway Cost in Missouri: 2026 Price Guide,Concrete Driveway Cost in Missouri: 2026 Price Guide,pexels-goodcitizen-1315919.webp,Concrete Driveway Cost in Missouri: 2026 Price Guide — Drivewayz USA,75,B_REPLACE_BULK,0.0,0.0,0.0,200,True
https://drivewayzusa.co/guides/concrete-driveway-cost-in-montana-2026-price-guide/,Concrete Driveway Cost in Montana: 2026 Price Guide,Concrete Driveway Cost in Montana: 2026 Price Guide,pexels-goodcitizen-1315919.webp,Concrete Driveway Cost in Montana: 2026 Price Guide — Drivewayz USA,75,B_REPLACE_BULK,0.0,0.0,0.0,200,True
https://drivewayzusa.co/guides/concrete-driveway-cost-in-nebraska-2026-price-guide/,Concrete Driveway Costs in Nebraska (2026): Complete Price Guide,Concrete Driveway Costs in Nebraska (2026): Complete Price Guide,pexels-goodcitizen-1315919.webp,Concrete Driveway Cost in Nebraska: 2026 Price Guide — Drivewayz USA,75,B_REPLACE_BULK,0.0,0.0,0.0,200,True
https://drivewayzusa.co/guides/concrete-driveway-cost-in-nevada-2026-price-guide/,Concrete Driveway Cost in Nevada: 2026 Price Guide,Concrete Driveway Cost in Nevada: 2026 Price Guide,pexels-goodcitizen-1315919.webp,Concrete Driveway Cost in Nevada: 2026 Price Guide — Drivewayz USA,75,B_REPLACE_BULK,0.0,0.0,0.0,200,True
https://drivewayzusa.co/guides/concrete-driveway-cost-in-new-hampshire-2026-price-guide/,Concrete Driveway Cost in New Hampshire,Concrete Driveway Cost in New Hampshire: 2026 Price Guide,pexels-goodcitizen-1315919.webp,Concrete Driveway Cost in New Hampshire: 2026 Price Guide — Drivewayz USA,75,B_REPLACE_BULK,0.0,0.0,0.0,200,True
https://drivewayzusa.co/guides/concrete-driveway-cost-in-new-jersey-2026-price-guide/,Concrete Driveway Cost in New Jersey: 2026 Price Guide,Concrete Driveway Cost in New Jersey: 2026 Price Guide,pexels-goodcitizen-1315919.webp,Concrete Driveway Cost in New Jersey: 2026 Price Guide — Drivewayz USA,75,B_REPLACE_BULK,0.0,0.0,0.0,200,True
https://drivewayzusa.co/guides/concrete-driveway-cost-in-new-mexico-2026-price-guide/,Concrete Driveway Cost in New Mexico: 2026 Price Guide,Concrete Driveway Cost in New Mexico: 2026 Price Guide,pexels-goodcitizen-1315919.webp,Concrete Driveway Cost in New Mexico: 2026 Price Guide — Drivewayz USA,75,B_REPLACE_BULK,0.0,0.0,0.0,200,True
https://drivewayzusa.co/guides/concrete-driveway-cost-in-new-york-2026-price-guide/,Concrete Driveway Cost in New York: 2026 Price Guide,Concrete Driveway Cost in New York: 2026 Price Guide,pexels-goodcitizen-1315919.webp,Concrete Driveway Cost in New York: 2026 Price Guide — Drivewayz USA,75,B_REPLACE_BULK,0.0,0.0,0.0,200,True
https://drivewayzusa.co/guides/concrete-driveway-cost-in-north-carolina-2026-price-guide/,Concrete Driveway Cost in North Carolina,Concrete Driveway Cost in North Carolina: 2026 Price Guide,pexels-goodcitizen-1315919.webp,Concrete Driveway Cost in North Carolina: 2026 Price Guide — Drivewayz USA,75,A_REPLACE_PRIORITY,0.0,3.0,7.0,200,True
https://drivewayzusa.co/guides/concrete-driveway-cost-in-north-dakota-2026-price-guide/,Concrete Driveway Cost in North Dakota,Concrete Driveway Cost in North Dakota: 2026 Price Guide,pexels-goodcitizen-1315919.webp,Concrete Driveway Cost in North Dakota: 2026 Price Guide — Drivewayz USA,75,B_REPLACE_BULK,0.0,0.0,0.0,200,True
https://drivewayzusa.co/guides/concrete-driveway-cost-in-ohio-2026-price-guide/,Concrete Driveway Cost in Ohio: 2026 Price Guide,Concrete Driveway Cost in Ohio: 2026 Price Guide,pexels-goodcitizen-1315919.webp,Concrete Driveway Cost in Ohio: 2026 Price Guide — Drivewayz USA,75,A_REPLACE_PRIORITY,0.0,3.0,8.67,200,True
https://drivewayzusa.co/guides/concrete-driveway-cost-in-oklahoma-2026-price-guide/,Concrete Driveway Cost in Oklahoma: 2026 Price Guide,Concrete Driveway Cost in Oklahoma: 2026 Price Guide,pexels-goodcitizen-1315919.webp,Concrete Driveway Cost in Oklahoma: 2026 Price Guide — Drivewayz USA,75,B_REPLACE_BULK,0.0,0.0,0.0,200,True
https://drivewayzusa.co/guides/concrete-driveway-cost-in-oregon-2026-price-guide/,Concrete Driveway Cost in Oregon: 2026 Price Guide,Concrete Driveway Cost in Oregon: 2026 Price Guide,pexels-goodcitizen-1315919.webp,Concrete Driveway Cost in Oregon: 2026 Price Guide — Drivewayz USA,75,B_REPLACE_BULK,0.0,0.0,0.0,200,True
https://drivewayzusa.co/guides/concrete-driveway-cost-in-pennsylvania-2026-price-guide/,Concrete Driveway Cost in Pennsylvania,Concrete Driveway Cost in Pennsylvania: 2026 Price Guide,pexels-goodcitizen-1315919.webp,Concrete Driveway Cost in Pennsylvania: 2026 Price Guide — Drivewayz USA,75,B_REPLACE_BULK,0.0,0.0,0.0,200,True
https://drivewayzusa.co/guides/concrete-driveway-cost-in-rhode-island-2026-price-guide/,Concrete Driveway Cost in Rhode Island,Concrete Driveway Cost in Rhode Island: 2026 Price Guide,pexels-goodcitizen-1315919.webp,Concrete Driveway Cost in Rhode Island: 2026 Price Guide — Drivewayz USA,75,B_REPLACE_BULK,0.0,0.0,0.0,200,True
https://drivewayzusa.co/guides/concrete-driveway-cost-in-south-carolina-2026-price-guide/,Concrete Driveway Cost in South Carolina,Concrete Driveway Cost in South Carolina: 2026 Price Guide,pexels-goodcitizen-1315919.webp,Concrete Driveway Cost in South Carolina: 2026 Price Guide — Drivewayz USA,75,B_REPLACE_BULK,0.0,0.0,0.0,200,True
https://drivewayzusa.co/guides/concrete-driveway-cost-in-south-dakota-2026-price-guide/,Concrete Driveway Cost in South Dakota,Concrete Driveway Cost in South Dakota: 2026 Price Guide,pexels-goodcitizen-1315919.webp,Concrete Driveway Cost in South Dakota: 2026 Price Guide — Drivewayz USA,75,B_REPLACE_BULK,0.0,0.0,0.0,200,True
https://drivewayzusa.co/guides/concrete-driveway-cost-in-tennessee-2026-price-guide/,Concrete Driveway Cost in Tennessee: 2026 Price Guide,Concrete Driveway Cost in Tennessee: 2026 Price Guide,pexels-goodcitizen-1315919.webp,Concrete Driveway Cost in Tennessee: 2026 Price Guide — Drivewayz USA,75,B_REPLACE_BULK,0.0,0.0,0.0,200,True
https://drivewayzusa.co/guides/concrete-driveway-cost-in-texas-2026-price-guide/,Concrete Driveway Cost in Texas: 2026 Price Guide,Concrete Driveway Cost in Texas: 2026 Price Guide,pexels-goodcitizen-1315919.webp,Concrete Driveway Cost in Texas: 2026 Price Guide — Drivewayz USA,75,B_REPLACE_BULK,0.0,0.0,0.0,200,True
https://drivewayzusa.co/guides/concrete-driveway-cost-in-utah-2026-price-guide/,Concrete Driveway Cost in Utah: 2026 Price Guide,Concrete Driveway Cost in Utah: 2026 Price Guide,pexels-goodcitizen-1315919.webp,Concrete Driveway Cost in Utah: 2026 Price Guide — Drivewayz USA,75,B_REPLACE_BULK,0.0,0.0,0.0,200,True
https://drivewayzusa.co/guides/concrete-driveway-cost-in-vermont-2026-price-guide/,Concrete Driveway Cost in Vermont: 2026 Price Guide,Concrete Driveway Cost in Vermont: 2026 Price Guide,pexels-goodcitizen-1315919.webp,Concrete Driveway Cost in Vermont: 2026 Price Guide — Drivewayz USA,75,B_REPLACE_BULK,0.0,0.0,0.0,200,True
https://drivewayzusa.co/guides/concrete-driveway-cost-in-virginia-2026-price-guide/,Concrete Driveway Cost in Virginia: 2026 Price Guide,Concrete Driveway Cost in Virginia: 2026 Price Guide,pexels-goodcitizen-1315919.webp,Concrete Driveway Cost in Virginia: 2026 Price Guide — Drivewayz USA,75,B_REPLACE_BULK,0.0,0.0,0.0,200,True
https://drivewayzusa.co/guides/concrete-driveway-cost-in-washington-2026-price-guide/,Concrete Driveway Cost in Washington: 2026 Price Guide,Concrete Driveway Cost in Washington: 2026 Price Guide,pexels-goodcitizen-1315919.webp,Concrete Driveway Cost in Washington: 2026 Price Guide — Drivewayz USA,75,B_REPLACE_BULK,0.0,0.0,0.0,200,True
https://drivewayzusa.co/guides/concrete-driveway-cost-in-west-virginia-2026-price-guide/,Concrete Driveway Cost in West Virginia,Concrete Driveway Cost in West Virginia: 2026 Price Guide,pexels-goodcitizen-1315919.webp,Concrete Driveway Cost in West Virginia: 2026 Price Guide — Drivewayz USA,75,B_REPLACE_BULK,0.0,0.0,0.0,200,True
https://drivewayzusa.co/guides/concrete-driveway-cost-in-wisconsin-2026-price-guide/,Concrete Driveway Cost in Wisconsin: 2026 Price Guide,Concrete Driveway Cost in Wisconsin: 2026 Price Guide,pexels-goodcitizen-1315919.webp,Concrete Driveway Cost in Wisconsin: 2026 Price Guide — Drivewayz USA,75,B_REPLACE_BULK,0.0,0.0,0.0,200,True
https://drivewayzusa.co/guides/concrete-driveway-cost-in-wyoming-2026-price-guide/,Concrete Driveway Cost in Wyoming: 2026 Price Guide,Concrete Driveway Cost in Wyoming: 2026 Price Guide,pexels-goodcitizen-1315919.webp,Concrete Driveway Cost in Wyoming: 2026 Price Guide — Drivewayz USA,75,B_REPLACE_BULK,0.0,0.0,0.0,200,True
https://drivewayzusa.co/guides/concrete-driveway-cost-per-square-foot-guide/,Concrete Driveway Cost per Square Foot Guide,Concrete Driveway Cost per Square Foot Guide,pexels-goodcitizen-1315919.webp,Concrete Driveway Cost per Square Foot Guide — Drivewayz USA,75,B_REPLACE_BULK,0.0,0.0,0.0,200,True
https://drivewayzusa.co/guides/concrete-driveway-crack-repair-causes-and-solutions/,Concrete Driveway Crack Repair: Causes and Solutions,Concrete Driveway Crack Repair: Causes and Solutions,pexels-goodcitizen-1315919.webp,Concrete Driveway Crack Repair: Causes and Solutions — Drivewayz USA,75,B_REPLACE_BULK,0.0,0.0,0.0,200,True
https://drivewayzusa.co/guides/concrete-driveway-forms-and-framing-guide/,Concrete Driveway Forms and Framing Guide,Concrete Driveway Forms and Framing Guide,pexels-goodcitizen-1315919.webp,Concrete Driveway Forms and Framing Guide — Drivewayz USA,75,B_REPLACE_BULK,0.0,0.0,0.0,200,True
https://drivewayzusa.co/guides/concrete-driveway-installation-step-by-step-guide/,Concrete Driveway Installation Step-by-Step Guide,Concrete Driveway Installation Step-by-Step Guide,pexels-goodcitizen-1315919.webp,Concrete Driveway Installation Step-by-Step Guide — Drivewayz USA,75,B_REPLACE_BULK,0.0,0.0,0.0,200,True
https://drivewayzusa.co/guides/concrete-driveway-lifespan-how-long-will-it-last/,Concrete Driveway Lifespan: How Long Will It Last?,Concrete Driveway Lifespan: How Long Will It Last?,pexels-goodcitizen-1315919.webp,Concrete Driveway Lifespan: How Long Will It Last? — Drivewayz USA,75,B_REPLACE_BULK,0.0,0.0,0.0,200,True
https://drivewayzusa.co/guides/concrete-driveway-load-testing-structural-verification/,Concrete Driveway Load Testing,Concrete Driveway Load Testing: Structural Verification,pexels-goodcitizen-1315919.webp,Concrete Driveway Load Testing: Structural Verification — Drivewayz USA,75,B_REPLACE_BULK,0.0,0.0,0.0,200,True
https://drivewayzusa.co/guides/concrete-driveway-overlays-thin-resurfacing-options/,Concrete Driveway Overlays: Thin Resurfacing Options,Concrete Driveway Overlays: Thin Resurfacing Options,pexels-goodcitizen-1315919.webp,Concrete Driveway Overlays: Thin Resurfacing Options — Drivewayz USA,75,B_REPLACE_BULK,0.0,0.0,0.0,200,True
https://drivewayzusa.co/guides/concrete-driveway-resurfacing-overlay-options-and-costs/,Concrete Driveway Resurfacing,Concrete Driveway Resurfacing: Overlay Options and Costs,pexels-goodcitizen-1315919.webp,Concrete Driveway Resurfacing: Overlay Options and Costs — Drivewayz USA,75,B_REPLACE_BULK,0.0,0.0,0.0,200,True
https://drivewayzusa.co/guides/concrete-driveway-spalling-causes-prevention-and-repair/,Concrete Driveway Spalling,"Concrete Driveway Spalling: Causes, Prevention, and Repair",pexels-goodcitizen-1315919.webp,"Concrete Driveway Spalling: Causes, Prevention, and Repair — Drivewayz USA",75,B_REPLACE_BULK,0.0,0.0,0.0,200,True
https://drivewayzusa.co/guides/concrete-driveway-thickness-how-it-affects-cost-and-durability/,Concrete Driveway Thickness,Concrete Driveway Thickness: How It Affects Cost and Durability,pexels-goodcitizen-1315919.webp,Concrete Driveway Thickness: How It Affects Cost and Durability — Drivewayz USA,75,B_REPLACE_BULK,0.0,0.0,0.0,200,True
https://drivewayzusa.co/guides/concrete-driveway-vs-asphalt-which-is-better-for-your-region/,Concrete Driveway vs Asphalt,Concrete Driveway vs Asphalt: Which Is Better for Your Region?,pexels-goodcitizen-1315919.webp,Concrete Driveway vs Asphalt: Which Is Better for Your Region? — Drivewayz USA,75,B_REPLACE_BULK,0.0,0.0,0.0,200,True
https://drivewayzusa.co/guides/concrete-driveway-wire-mesh-placement-proper-technique/,Concrete Driveway Wire Mesh Placement,Concrete Driveway Wire Mesh Placement: Proper Technique,pexels-goodcitizen-1315919.webp,Concrete Driveway Wire Mesh Placement: Proper Technique — Drivewayz USA,75,B_REPLACE_BULK,0.0,0.0,0.0,200,True
https://drivewayzusa.co/guides/concrete-finishing-techniques-for-driveways/,Concrete Finishing Techniques for Driveways,Concrete Finishing Techniques for Driveways,pexels-goodcitizen-1315919.webp,Concrete Finishing Techniques for Driveways — Drivewayz USA,75,B_REPLACE_BULK,0.0,0.0,0.0,200,True
https://drivewayzusa.co/guides/concrete-mix-ratios-for-driveways/,Concrete Mix Ratios for Driveways,Concrete Mix Ratios for Driveways,pexels-goodcitizen-1315919.webp,Concrete Mix Ratios for Driveways — Drivewayz USA,75,B_REPLACE_BULK,0.0,0.0,0.0,200,True
https://drivewayzusa.co/guides/concrete-over-asphalt-driveway-feasibility-and-process/,Concrete Over Asphalt Driveway,Concrete Over Asphalt Driveway: Feasibility and Process,pexels-goodcitizen-1315919.webp,Concrete Over Asphalt Driveway: Feasibility and Process — Drivewayz USA,75,B_REPLACE_BULK,0.0,0.0,0.0,200,True
https://drivewayzusa.co/guides/concrete-overlay-options-for-existing-driveways/,Concrete Overlay Options for Existing Driveways,Concrete Overlay Options for Existing Driveways,pexels-goodcitizen-1315919.webp,Concrete Overlay Options for Existing Driveways — Drivewayz USA,75,B_REPLACE_BULK,0.0,0.0,0.0,200,True
https://drivewayzusa.co/guides/concrete-polishing-for-residential-driveways/,Concrete Polishing for Residential Driveways,Concrete Polishing for Residential Driveways,pexels-goodcitizen-1315919.webp,Concrete Polishing for Residential Driveways — Drivewayz USA,75,B_REPLACE_BULK,0.0,0.0,0.0,200,True
https://drivewayzusa.co/guides/concrete-price-trends-how-material-costs-affect-your-project/,Concrete Price Trends,Concrete Price Trends: How Material Costs Affect Your Project,pexels-goodcitizen-1315919.webp,Concrete Price Trends: How Material Costs Affect Your Project — Drivewayz USA,75,B_REPLACE_BULK,0.0,0.0,0.0,200,True
https://drivewayzusa.co/guides/concrete-repair/,Concrete Driveway Repair: DIY & Pro Solutions,Concrete Driveway Repair Guide,logov3.png,,19,B_REPLACE_BULK,0.0,0.0,0.0,200,True
https://drivewayzusa.co/guides/concrete-sealing-how-often-and-why-it-matters/,Concrete Sealing: How Often and Why It Matters,Concrete Sealing: How Often and Why It Matters,pexels-goodcitizen-1315919.webp,Concrete Sealing: How Often and Why It Matters — Drivewayz USA,75,B_REPLACE_BULK,0.0,0.0,0.0,200,True
https://drivewayzusa.co/guides/concrete-vs-asphalt-driveway-the-ultimate-2026-comparison/,Concrete vs Asphalt Driveway: The Ultimate 2026 Comparison Guide,Concrete vs Asphalt Driveway: The Ultimate 2026 Comparison Guide,pexels-goodcitizen-1315919.webp,Concrete vs Asphalt Driveway: The Ultimate 2026 Comparison — Drivewayz USA,75,A_REPLACE_PRIORITY,0.0,24.0,83.5,200,True
https://drivewayzusa.co/guides/concrete-vs-asphalt-vs-gravel-which-driveway-is-best-for-your-home/,Concrete vs Asphalt vs Gravel,Concrete vs Asphalt vs Gravel: Which Driveway Is Best for Your Home?,pexels-goodcitizen-1315919.webp,Concrete vs Asphalt vs Gravel: Which Driveway Is Best for Your Home? — Drivewayz USA,75,B_REPLACE_BULK,0.0,0.0,0.0,200,True
https://drivewayzusa.co/guides/concrete-vs-asphalt-vs-gravel/,Concrete vs Asphalt vs Gravel: Complete Comparison,Concrete vs Asphalt vs Gravel: Complete Comparison,logov3.png,,19,B_REPLACE_BULK,0.0,0.0,0.0,200,True
https://drivewayzusa.co/guides/concrete-vs-pavers-for-cold-climates-which-holds-up-better/,Concrete vs Pavers for Cold Climates,Concrete vs Pavers for Cold Climates: Which Holds Up Better?,pexels-goodcitizen-1315919.webp,Concrete vs Pavers for Cold Climates: Which Holds Up Better? — Drivewayz USA,75,B_REPLACE_BULK,0.0,0.0,0.0,200,True
https://drivewayzusa.co/guides/connecting-a-new-driveway-to-an-existing-one/,Connecting a New Driveway to an Existing One,Connecting a New Driveway to an Existing One,pexels-pixabay-221540.webp,Connecting a New Driveway to an Existing One — Drivewayz USA,253,B_REPLACE_BULK,0.0,0.0,0.0,200,True
https://drivewayzusa.co/guides/craftsman-home-driveways-arts-and-crafts-style/,Craftsman Home Driveways: Arts and Crafts Style,Craftsman Home Driveways: Arts and Crafts Style,pexels-pixabay-221540.webp,Craftsman Home Driveways: Arts and Crafts Style — Drivewayz USA,253,B_REPLACE_BULK,0.0,0.0,0.0,200,True
https://drivewayzusa.co/guides/crushed-concrete-driveways-budget-friendly-option/,Crushed Concrete Driveways: Budget-Friendly Option,Crushed Concrete Driveways: Budget-Friendly Option,pexels-pixabay-277667.webp,Crushed Concrete Driveways: Budget-Friendly Option — Drivewayz USA,8,B_REPLACE_BULK,0.0,0.0,0.0,200,True
https://drivewayzusa.co/guides/crushed-granite-driveways-installation-and-care/,Crushed Granite Driveways: Installation and Care,Crushed Granite Driveways: Installation and Care,pexels-pixabay-277667.webp,Crushed Granite Driveways: Installation and Care — Drivewayz USA,8,B_REPLACE_BULK,0.0,0.0,0.0,200,True
https://drivewayzusa.co/guides/crushed-limestone-base-for-driveways-benefits-and-installation/,Crushed Limestone Base for Driveways,Crushed Limestone Base for Driveways: Benefits and Installation,pexels-pixabay-277667.webp,Crushed Limestone Base for Driveways: Benefits and Installation — Drivewayz USA,8,B_REPLACE_BULK,0.0,0.0,0.0,200,True
https://drivewayzusa.co/guides/culvert-installation-for-driveway-entrances/,Culvert Installation for Driveway Entrances,Culvert Installation for Driveway Entrances,pexels-pixabay-221540.webp,Culvert Installation for Driveway Entrances — Drivewayz USA,253,B_REPLACE_BULK,0.0,0.0,0.0,200,True
https://drivewayzusa.co/guides/curb-cut-requirements-and-regulations/,Curb Cut Requirements and Regulations,Curb Cut Requirements and Regulations,pexels-pixabay-221540.webp,Curb Cut Requirements and Regulations — Drivewayz USA,253,B_REPLACE_BULK,0.0,0.0,0.0,200,True
https://drivewayzusa.co/guides/curing-a-concrete-driveway-timing-methods-and-common-mistakes/,Curing a Concrete Driveway,"Curing a Concrete Driveway: Timing, Methods, and Common Mistakes",pexels-goodcitizen-1315919.webp,"Curing a Concrete Driveway: Timing, Methods, and Common Mistakes — Drivewayz USA",75,B_REPLACE_BULK,0.0,0.0,0.0,200,True
https://drivewayzusa.co/guides/curing-concrete-driveway/,Curing a Concrete Driveway: 28-Day Process,Curing Concrete Driveway Guide,logov3.png,,19,B_REPLACE_BULK,0.0,0.0,0.0,200,True
https://drivewayzusa.co/guides/de-icer-damage-prevention-for-driveways/,De-Icer Damage Prevention for Driveways,De-Icer Damage Prevention for Driveways,pexels-pixabay-221540.webp,De-Icer Damage Prevention for Driveways — Drivewayz USA,253,B_REPLACE_BULK,0.0,0.0,0.0,200,True
https://drivewayzusa.co/guides/decomposed-granite-vs-gravel-driveways/,Decomposed Granite vs Gravel Driveways,Decomposed Granite vs Gravel Driveways,pexels-pixabay-221540.webp,Decomposed Granite vs Gravel Driveways — Drivewayz USA,253,B_REPLACE_BULK,0.0,0.0,0.0,200,True
https://drivewayzusa.co/guides/decorative-concrete-driveway-ideas-and-costs/,Decorative Concrete Driveway Ideas and Costs,Decorative Concrete Driveway Ideas and Costs,matt-jones-xpDHTc-pkog-unsplash.webp,Decorative Concrete Driveway Ideas and Costs — Drivewayz USA,9,B_REPLACE_BULK,0.0,0.0,0.0,200,True
https://drivewayzusa.co/guides/delivery-truck-access-driveway-reinforcement/,Delivery Truck Access: Driveway Reinforcement,Delivery Truck Access: Driveway Reinforcement,pexels-pixabay-221540.webp,Delivery Truck Access: Driveway Reinforcement — Drivewayz USA,253,B_REPLACE_BULK,0.0,0.0,0.0,200,True
https://drivewayzusa.co/guides/desert-driveways-new-mexico-and-arizona-tips/,Desert Driveways: New Mexico and Arizona Tips,Desert Driveways: New Mexico and Arizona Tips,pexels-sobeslavjan-13838908.webp,Desert Driveways: New Mexico and Arizona Tips — Drivewayz USA,30,B_REPLACE_BULK,0.0,0.0,0.0,200,True
https://drivewayzusa.co/guides/disposing-of-driveway-debris-properly/,Disposing of Driveway Debris Properly,Disposing of Driveway Debris Properly,pexels-pixabay-221540.webp,Disposing of Driveway Debris Properly — Drivewayz USA,253,B_REPLACE_BULK,0.0,0.0,0.0,200,True
https://drivewayzusa.co/guides/dispute-resolution-with-driveway-contractors/,Dispute Resolution with Driveway Contractors,Dispute Resolution with Driveway Contractors,pexels-pixabay-221540.webp,Dispute Resolution with Driveway Contractors — Drivewayz USA,253,B_REPLACE_BULK,0.0,0.0,0.0,200,True
https://drivewayzusa.co/guides/diy-driveway-projects-that-dont-require-a-contractor/,DIY Driveway Projects Without a Contractor,DIY Driveway Projects That Don&#x27;t Require a Contractor,pexels-pixabay-221540.webp,DIY Driveway Projects That Don&amp;#x27;t Require a Contractor — Drivewayz USA,253,B_REPLACE_BULK,0.0,0.0,0.0,200,True
https://drivewayzusa.co/guides/diy-vs-professional-driveway-installation-cost-comparison/,DIY vs Professional Driveway Installation,DIY vs Professional Driveway Installation: Cost Comparison,pexels-pixabay-221540.webp,DIY vs Professional Driveway Installation: Cost Comparison — Drivewayz USA,253,B_REPLACE_BULK,0.0,0.0,0.0,200,True
https://drivewayzusa.co/guides/does-a-new-driveway-increase-home-appraisal-value/,Does a New Driveway Increase Home Appraisal Value?,Does a New Driveway Increase Home Appraisal Value?,pexels-pixabay-221540.webp,Does a New Driveway Increase Home Appraisal Value? — Drivewayz USA,253,B_REPLACE_BULK,0.0,0.0,0.0,200,True
https://drivewayzusa.co/guides/does-rock-salt-damage-concrete-driveways-what-to-use-instead/,Does Rock Salt Damage Concrete Driveways?,Does Rock Salt Damage Concrete Driveways? What to Use Instead,pexels-pixabay-221540.webp,Does Rock Salt Damage Concrete Driveways? What to Use Instead — Drivewayz USA,253,B_REPLACE_BULK,0.0,0.0,0.0,200,True
https://drivewayzusa.co/guides/drainage-solutions-for-sloped-driveways/,Drainage Solutions for Sloped Driveways,Drainage Solutions for Sloped Driveways,pexels-pixabay-221540.webp,Drainage Solutions for Sloped Driveways — Drivewayz USA,253,B_REPLACE_BULK,0.0,0.0,0.0,200,True
https://drivewayzusa.co/guides/driveway-30-year-total-cost-material-lifecycle-comparison/,Driveway 30-Year Total Cost,Driveway 30-Year Total Cost: Material Lifecycle Comparison,pexels-curtis-adams-1694007-3990589.webp,Driveway 30-Year Total Cost: Material Lifecycle Comparison — Drivewayz USA,475,B_REPLACE_BULK,0.0,0.0,0.0,200,True
https://drivewayzusa.co/guides/driveway-3d-scanning-creating-digital-twin-of-your-surface/,Driveway 3D Scanning,Driveway 3D Scanning: Creating Digital Twin of Your Surface,pexels-curtis-adams-1694007-3990589.webp,Driveway 3D Scanning: Creating Digital Twin of Your Surface — Drivewayz USA,475,B_REPLACE_BULK,0.0,0.0,0.0,200,True
https://drivewayzusa.co/guides/driveway-abrasion-resistance-how-surfaces-wear-over-time/,Driveway Abrasion Resistance,Driveway Abrasion Resistance: How Surfaces Wear Over Time,pexels-curtis-adams-1694007-3990589.webp,Driveway Abrasion Resistance: How Surfaces Wear Over Time — Drivewayz USA,475,B_REPLACE_BULK,0.0,0.0,0.0,200,True
https://drivewayzusa.co/guides/driveway-access-permit-municipal-street-connection/,Driveway Access Permit: Municipal Street Connection,Driveway Access Permit: Municipal Street Connection,pexels-curtis-adams-1694007-3990589.webp,Driveway Access Permit: Municipal Street Connection — Drivewayz USA,475,B_REPLACE_BULK,0.0,0.0,0.0,200,True
https://drivewayzusa.co/guides/driveway-acoustic-emission-testing-crack-detection/,Driveway Acoustic Emission Testing: Crack Detection,Driveway Acoustic Emission Testing: Crack Detection,pexels-artbovich-8134848.webp,Driveway Acoustic Emission Testing: Crack Detection — Drivewayz USA,58,B_REPLACE_BULK,0.0,0.0,0.0,200,True
https://drivewayzusa.co/guides/driveway-acrylic-sealer-water-based-protection/,Driveway Acrylic Sealer: Water-Based Protection,Driveway Acrylic Sealer: Water-Based Protection,pexels-curtis-adams-1694007-3990589.webp,Driveway Acrylic Sealer: Water-Based Protection — Drivewayz USA,475,B_REPLACE_BULK,0.0,0.0,0.0,200,True
https://drivewayzusa.co/guides/driveway-ada-transition-plan-municipal-accessibility-upgrades/,Driveway ADA Transition Plan,Driveway ADA Transition Plan: Municipal Accessibility Upgrades,pexels-curtis-adams-1694007-3990589.webp,Driveway ADA Transition Plan: Municipal Accessibility Upgrades — Drivewayz USA,475,B_REPLACE_BULK,0.0,0.0,0.0,200,True
https://drivewayzusa.co/guides/driveway-aggregate-color-options-regional-stone-varieties/,Driveway Aggregate Color Options,Driveway Aggregate Color Options: Regional Stone Varieties,pexels-curtis-adams-1694007-3990589.webp,Driveway Aggregate Color Options: Regional Stone Varieties — Drivewayz USA,475,B_REPLACE_BULK,0.0,0.0,0.0,200,True
https://drivewayzusa.co/guides/driveway-aggregate-size-guide-fine-medium-and-coarse/,Driveway Aggregate Size Guide,"Driveway Aggregate Size Guide: Fine, Medium, and Coarse",pexels-curtis-adams-1694007-3990589.webp,"Driveway Aggregate Size Guide: Fine, Medium, and Coarse — Drivewayz USA",475,B_REPLACE_BULK,0.0,0.0,0.0,200,True
https://drivewayzusa.co/guides/driveway-airport-proximity-faa-height-restrictions/,Driveway Airport Proximity: FAA Height Restrictions,Driveway Airport Proximity: FAA Height Restrictions,pexels-curtis-adams-1694007-3990589.webp,Driveway Airport Proximity: FAA Height Restrictions — Drivewayz USA,475,B_REPLACE_BULK,0.0,0.0,0.0,200,True
https://drivewayzusa.co/guides/driveway-alarm-systems-and-motion-sensors/,Driveway Alarm Systems and Motion Sensors,Driveway Alarm Systems and Motion Sensors,pexels-curtis-adams-1694007-3990589.webp,Driveway Alarm Systems and Motion Sensors — Drivewayz USA,475,B_REPLACE_BULK,0.0,0.0,0.0,200,True
https://drivewayzusa.co/guides/driveway-alexa-and-google-home-compatible-lights/,Driveway Alexa and Google Home Compatible Lights,Driveway Alexa and Google Home Compatible Lights,pexels-curtis-adams-1694007-3990589.webp,Driveway Alexa and Google Home Compatible Lights — Drivewayz USA,475,B_REPLACE_BULK,0.0,0.0,0.0,200,True
https://drivewayzusa.co/guides/driveway-algae-prevention-treatments-and-surface-options/,Driveway Algae Prevention,Driveway Algae Prevention: Treatments and Surface Options,pexels-curtis-adams-1694007-3990589.webp,Driveway Algae Prevention: Treatments and Surface Options — Drivewayz USA,475,B_REPLACE_BULK,0.0,0.0,0.0,200,True
https://drivewayzusa.co/guides/driveway-and-garage-floor-connection-seamless-design/,Driveway and Garage Floor Connection: Seamless Design,Driveway and Garage Floor Connection: Seamless Design,pexels-curtis-adams-1694007-3990589.webp,Driveway and Garage Floor Connection: Seamless Design — Drivewayz USA,475,B_REPLACE_BULK,0.0,0.0,0.0,200,True
https://drivewayzusa.co/guides/driveway-and-landscaping-integration-cohesive-property-design/,Driveway and Landscaping Integration,Driveway and Landscaping Integration: Cohesive Property Design,pexels-curtis-adams-1694007-3990589.webp,Driveway and Landscaping Integration: Cohesive Property Design — Drivewayz USA,475,B_REPLACE_BULK,0.0,0.0,0.0,200,True
https://drivewayzusa.co/guides/driveway-and-power-line-clearance-overhead-utilities/,Driveway and Power Line Clearance: Overhead Utilities,Driveway and Power Line Clearance: Overhead Utilities,pexels-curtis-adams-1694007-3990589.webp,Driveway and Power Line Clearance: Overhead Utilities — Drivewayz USA,475,B_REPLACE_BULK,0.0,0.0,0.0,200,True
https://drivewayzusa.co/guides/driveway-and-retaining-wall-integration-design-principles/,Driveway and Retaining Wall Integration,Driveway and Retaining Wall Integration: Design Principles,pexels-curtis-adams-1694007-3990589.webp,Driveway and Retaining Wall Integration: Design Principles — Drivewayz USA,475,B_REPLACE_BULK,0.0,0.0,0.0,200,True
https://drivewayzusa.co/guides/driveway-and-walkway-coordination/,Driveway and Walkway Coordination,Driveway and Walkway Coordination,pexels-curtis-adams-1694007-3990589.webp,Driveway and Walkway Coordination — Drivewayz USA,475,B_REPLACE_BULK,0.0,0.0,0.0,200,True
https://drivewayzusa.co/guides/driveway-annual-maintenance-cost-comparison-all-materials/,Driveway Annual Maintenance Cost Comparison,Driveway Annual Maintenance Cost Comparison: All Materials,pexels-artbovich-8134848.webp,Driveway Annual Maintenance Cost Comparison: All Materials — Drivewayz USA,58,B_REPLACE_BULK,0.0,0.0,0.0,200,True
https://drivewayzusa.co/guides/driveway-ant-killer-keeping-insects-out-of-paver-joints/,Driveway Ant Killer,Driveway Ant Killer: Keeping Insects Out of Paver Joints,pexels-curtis-adams-1694007-3990589.webp,Driveway Ant Killer: Keeping Insects Out of Paver Joints — Drivewayz USA,475,B_REPLACE_BULK,0.0,0.0,0.0,200,True
https://drivewayzusa.co/guides/driveway-apron-design-street-to-property-transition/,Driveway Apron Design: Street to Property Transition,Driveway Apron Design: Street to Property Transition,pexels-curtis-adams-1694007-3990589.webp,Driveway Apron Design: Street to Property Transition — Drivewayz USA,475,B_REPLACE_BULK,0.0,0.0,0.0,200,True
https://drivewayzusa.co/guides/driveway-archaeological-survey-historic-area-requirements/,Driveway Archaeological Survey,Driveway Archaeological Survey: Historic Area Requirements,pexels-curtis-adams-1694007-3990589.webp,Driveway Archaeological Survey: Historic Area Requirements — Drivewayz USA,475,B_REPLACE_BULK,0.0,0.0,0.0,200,True
https://drivewayzusa.co/guides/driveway-as-built-documentation-app-recording-final-product/,Driveway As-Built Documentation App: Recording the Final Product the Right Way,Driveway As-Built Documentation App: Recording the Final Product the Right Way,pexels-curtis-adams-1694007-3990589.webp,Driveway As-Built Documentation App: Recording Final Product — Drivewayz USA,475,B_REPLACE_BULK,0.0,0.0,0.0,200,True
https://drivewayzusa.co/guides/driveway-as-built-survey-documenting-what-was-built/,Driveway As-Built Survey: Documenting What Was Built,Driveway As-Built Survey: Documenting What Was Built,pexels-curtis-adams-1694007-3990589.webp,Driveway As-Built Survey: Documenting What Was Built — Drivewayz USA,475,B_REPLACE_BULK,0.0,0.0,0.0,200,True
https://drivewayzusa.co/guides/driveway-asphalt-binder-grades-pg-system-explained/,Driveway Asphalt Binder Grades: PG System Explained,Driveway Asphalt Binder Grades: PG System Explained,pexels-curtis-adams-1694007-3990589.webp,Driveway Asphalt Binder Grades: PG System Explained — Drivewayz USA,475,B_REPLACE_BULK,0.0,0.0,0.0,200,True
https://drivewayzusa.co/guides/driveway-asset-management-municipal-and-hoa-best-practices/,Driveway Asset Management: What Municipalities and HOA Boards Need to Get Right,Driveway Asset Management: What Municipalities and HOA Boards Need to Get Right,pexels-curtis-adams-1694007-3990589.webp,Driveway Asset Management: Municipal and HOA Best Practices — Drivewayz USA,475,B_REPLACE_BULK,0.0,0.0,0.0,200,True
https://drivewayzusa.co/guides/driveway-augmented-reality-overlay-seeing-design-in-real-space/,Driveway Augmented Reality Overlay,Driveway Augmented Reality Overlay: Seeing Design in Real Space,pexels-curtis-adams-1694007-3990589.webp,Driveway Augmented Reality Overlay: Seeing Design in Real Space — Drivewayz USA,475,B_REPLACE_BULK,0.0,0.0,0.0,200,True
https://drivewayzusa.co/guides/driveway-autonomous-vehicle-considerations-preparing-for-the-future/,Driveway Autonomous Vehicle Considerations,Driveway Autonomous Vehicle Considerations: Preparing for the Future,pexels-curtis-adams-1694007-3990589.webp,Driveway Autonomous Vehicle Considerations: Preparing for the Future — Drivewayz USA,475,B_REPLACE_BULK,0.0,0.0,0.0,200,True
https://drivewayzusa.co/guides/driveway-award-winning-designs-recognizing-excellence/,Driveway Award-Winning Designs: Recognizing Excellence,Driveway Award-Winning Designs: Recognizing Excellence,pexels-curtis-adams-1694007-3990589.webp,Driveway Award-Winning Designs: Recognizing Excellence — Drivewayz USA,475,B_REPLACE_BULK,0.0,0.0,0.0,200,True
https://drivewayzusa.co/guides/driveway-base-and-subgrade-why-they-matter-more-than-the-surface/,Why Driveway Base Matters More Than Surface - Drivewayzusa,Driveway Base and Subgrade: Why They Matter More Than the Surface,pexels-curtis-adams-1694007-3990589.webp,Driveway Base and Subgrade: Why They Matter More Than the Surface — Drivewayz USA,475,B_REPLACE_BULK,0.0,0.0,0.0,200,True
https://drivewayzusa.co/guides/driveway-base-depth-how-much-gravel-do-you-need/,Driveway Base Depth: How Much Gravel Do You Need?,Driveway Base Depth: How Much Gravel Do You Need?,pexels-curtis-adams-1694007-3990589.webp,Driveway Base Depth: How Much Gravel Do You Need? — Drivewayz USA,475,B_REPLACE_BULK,0.0,0.0,0.0,200,True
https://drivewayzusa.co/guides/driveway-base-subgrade/,Driveway Base & Subgrade Preparation Guide - Drivewayzusa,Driveway Base and Subgrade: Why They Matter More Than the Surface,logov3.png,,19,A_REPLACE_PRIORITY,0.0,7.0,91.57,200,True
https://drivewayzusa.co/guides/driveway-basics-types-costs-and-lifespan-explained/,Driveway Basics Explained: Types & Costs - Drivewayzusa,"Driveway Basics: Types, Costs, and Lifespan Explained",pexels-curtis-adams-1694007-3990589.webp,"Driveway Basics: Types, Costs, and Lifespan Explained — Drivewayz USA",475,B_REPLACE_BULK,0.0,0.0,0.0,200,True
https://drivewayzusa.co/guides/driveway-basics-types-costs-lifespan/,"Driveway Types, Costs & Lifespan Guide - Drivewayzusa","Driveway Basics: Types, Costs, and Lifespan Explained",pexels-artbovich-8134848.webp,"Driveway Basics: Types, Costs, and Lifespan Explained — Drivewayz USA",58,B_REPLACE_BULK,0.0,0.0,0.0,200,True
https://drivewayzusa.co/guides/driveway-basketball-court-integration/,Driveway Basketball Court Integration,Driveway Basketball Court Integration,pexels-curtis-adams-1694007-3990589.webp,Driveway Basketball Court Integration — Drivewayz USA,475,B_REPLACE_BULK,0.0,0.0,0.0,200,True
https://drivewayzusa.co/guides/driveway-before-and-after-asphalt-renovation-examples/,Driveway Before and After: Asphalt Renovation Examples,Driveway Before and After: Asphalt Renovation Examples,pexels-curtis-adams-1694007-3990589.webp,Driveway Before and After: Asphalt Renovation Examples — Drivewayz USA,475,B_REPLACE_BULK,0.0,0.0,0.0,200,True
https://drivewayzusa.co/guides/driveway-before-and-after-concrete-transformation-gallery/,Driveway Before and After,Driveway Before and After: Concrete Transformation Gallery,pexels-curtis-adams-1694007-3990589.webp,Driveway Before and After: Concrete Transformation Gallery — Drivewayz USA,475,A_REPLACE_PRIORITY,0.0,1.0,6.0,200,True
https://drivewayzusa.co/guides/driveway-before-and-after-gravel-to-paved-upgrade/,Driveway Before and After: Gravel to Paved Upgrade,Driveway Before and After: Gravel to Paved Upgrade,pexels-curtis-adams-1694007-3990589.webp,Driveway Before and After: Gravel to Paved Upgrade — Drivewayz USA,475,B_REPLACE_BULK,0.0,0.0,0.0,200,True
https://drivewayzusa.co/guides/driveway-before-and-after-paver-installation-showcase/,Driveway Before and After: Paver Installation Showcase,Driveway Before and After: Paver Installation Showcase,pexels-curtis-adams-1694007-3990589.webp,Driveway Before and After: Paver Installation Showcase — Drivewayz USA,475,B_REPLACE_BULK,0.0,0.0,0.0,200,True
https://drivewayzusa.co/guides/driveway-bid-comparison-spreadsheet-evaluating-offers/,Driveway Bid Comparison Spreadsheet: Evaluating Offers,Driveway Bid Comparison Spreadsheet: Evaluating Offers,pexels-curtis-adams-1694007-3990589.webp,Driveway Bid Comparison Spreadsheet: Evaluating Offers — Drivewayz USA,475,B_REPLACE_BULK,0.0,0.0,0.0,200,True
https://drivewayzusa.co/guides/driveway-blog-topics-for-contractors-content-marketing-ideas/,Driveway Blog Topics for Contractors,Driveway Blog Topics for Contractors: Content Marketing Ideas,pexels-curtis-adams-1694007-3990589.webp,Driveway Blog Topics for Contractors: Content Marketing Ideas — Drivewayz USA,475,B_REPLACE_BULK,0.0,0.0,0.0,200,True
https://drivewayzusa.co/guides/driveway-bonded-concrete-overlay-thin-layer-resurfacing/,Driveway Bonded Concrete Overlay,Driveway Bonded Concrete Overlay: Thin Layer Resurfacing,pexels-artbovich-8134848.webp,Driveway Bonded Concrete Overlay: Thin Layer Resurfacing — Drivewayz USA,58,B_REPLACE_BULK,0.0,0.0,0.0,200,True
https://drivewayzusa.co/guides/driveway-border-ideas-edging-and-accents/,Driveway Border Ideas: Edging and Accents,Driveway Border Ideas: Edging and Accents,pexels-curtis-adams-1694007-3990589.webp,Driveway Border Ideas: Edging and Accents — Drivewayz USA,475,B_REPLACE_BULK,0.0,0.0,0.0,200,True
https://drivewayzusa.co/guides/driveway-budget-forecasting-model-predicting-future-costs/,Driveway Budget Forecasting Model,Driveway Budget Forecasting Model: Predicting Future Costs,pexels-curtis-adams-1694007-3990589.webp,Driveway Budget Forecasting Model: Predicting Future Costs — Drivewayz USA,475,B_REPLACE_BULK,0.0,0.0,0.0,200,True
https://drivewayzusa.co/guides/driveway-builders-risk-insurance-during-construction-coverage/,Driveway Builder&#x27;s Risk Insurance,Driveway Builder&#x27;s Risk Insurance: During Construction Coverage,pexels-curtis-adams-1694007-3990589.webp,Driveway Builder&amp;#x27;s Risk Insurance: During Construction Coverage — Drivewayz USA,475,B_REPLACE_BULK,0.0,0.0,0.0,200,True
https://drivewayzusa.co/guides/driveway-building-information-modeling-bim-for-paving/,Driveway Building Information Modeling: BIM for Paving,Driveway Building Information Modeling: BIM for Paving,pexels-curtis-adams-1694007-3990589.webp,Driveway Building Information Modeling: BIM for Paving — Drivewayz USA,475,B_REPLACE_BULK,0.0,0.0,0.0,200,True
https://drivewayzusa.co/guides/driveway-cable-and-fiber-optic-protection-shallow-utility-concerns/,Driveway Cable and Fiber Optic Protection,Driveway Cable and Fiber Optic Protection: Shallow Utility Concerns,pexels-curtis-adams-1694007-3990589.webp,Driveway Cable and Fiber Optic Protection: Shallow Utility Concerns — Drivewayz USA,475,B_REPLACE_BULK,0.0,0.0,0.0,200,True
https://drivewayzusa.co/guides/driveway-callback-repair-contractors-responsibility/,Driveway Callback Repair,Driveway Callback Repair: Contractor&#x27;s Responsibility,pexels-artbovich-8134848.webp,Driveway Callback Repair: Contractor&amp;#x27;s Responsibility — Drivewayz USA,58,B_REPLACE_BULK,0.0,0.0,0.0,200,True
https://drivewayzusa.co/guides/driveway-camera-and-security-integration/,Driveway Camera and Security Integration,Driveway Camera and Security Integration,pexels-curtis-adams-1694007-3990589.webp,Driveway Camera and Security Integration — Drivewayz USA,475,B_REPLACE_BULK,0.0,0.0,0.0,200,True
https://drivewayzusa.co/guides/driveway-cape-seal-combined-chip-and-slurry-treatment/,Driveway Cape Seal: Combined Chip and Slurry Treatment,Driveway Cape Seal: Combined Chip and Slurry Treatment,pexels-curtis-adams-1694007-3990589.webp,Driveway Cape Seal: Combined Chip and Slurry Treatment — Drivewayz USA,475,B_REPLACE_BULK,0.0,0.0,0.0,200,True
https://drivewayzusa.co/guides/driveway-capital-improvement-planning-big-project-budgeting/,Driveway Capital Improvement Planning,Driveway Capital Improvement Planning: Big Project Budgeting,pexels-curtis-adams-1694007-3990589.webp,Driveway Capital Improvement Planning: Big Project Budgeting — Drivewayz USA,475,B_REPLACE_BULK,0.0,0.0,0.0,200,True
https://drivewayzusa.co/guides/driveway-carbon-footprint-calculator-measuring-environmental-impact/,Driveway Carbon Footprint Calculator,Driveway Carbon Footprint Calculator: Measuring Environmental Impact,pexels-curtis-adams-1694007-3990589.webp,Driveway Carbon Footprint Calculator: Measuring Environmental Impact — Drivewayz USA,475,B_REPLACE_BULK,0.0,0.0,0.0,200,True
https://drivewayzusa.co/guides/driveway-carbon-sequestration-how-some-materials-absorb-co2/,Driveway Carbon Sequestration,Driveway Carbon Sequestration: How Some Materials Absorb CO2,pexels-curtis-adams-1694007-3990589.webp,Driveway Carbon Sequestration: How Some Materials Absorb CO2 — Drivewayz USA,475,B_REPLACE_BULK,0.0,0.0,0.0,200,True
https://drivewayzusa.co/guides/driveway-cement-types-portland-blended-and-specialty/,Driveway Cement Types,"Driveway Cement Types: Portland, Blended, and Specialty",pexels-curtis-adams-1694007-3990589.webp,"Driveway Cement Types: Portland, Blended, and Specialty — Drivewayz USA",475,B_REPLACE_BULK,0.0,0.0,0.0,200,True
https://drivewayzusa.co/guides/driveway-certificate-of-completion-municipal-approval/,Driveway Certificate of Completion: Municipal Approval,Driveway Certificate of Completion: Municipal Approval,pexels-curtis-adams-1694007-3990589.webp,Driveway Certificate of Completion: Municipal Approval — Drivewayz USA,475,B_REPLACE_BULK,0.0,0.0,0.0,200,True
https://drivewayzusa.co/guides/driveway-certification-programs-becoming-a-qualified-installer/,Driveway Certification Programs,Driveway Certification Programs: Becoming a Qualified Installer,pexels-curtis-adams-1694007-3990589.webp,Driveway Certification Programs: Becoming a Qualified Installer — Drivewayz USA,475,B_REPLACE_BULK,0.0,0.0,0.0,200,True
https://drivewayzusa.co/guides/driveway-change-order-template-documenting-modifications/,Driveway Change Order Template,Driveway Change Order Template: Documenting Modifications,pexels-curtis-adams-1694007-3990589.webp,Driveway Change Order Template: Documenting Modifications — Drivewayz USA,475,B_REPLACE_BULK,0.0,0.0,0.0,200,True
https://drivewayzusa.co/guides/driveway-channel-drain-types-and-installation-guide/,Driveway Channel Drain: Types and Installation Guide,Driveway Channel Drain: Types and Installation Guide,pexels-curtis-adams-1694007-3990589.webp,Driveway Channel Drain: Types and Installation Guide — Drivewayz USA,475,B_REPLACE_BULK,0.0,0.0,0.0,200,True
https://drivewayzusa.co/guides/driveway-chemical-resistance-oil-gas-and-de-icer-effects/,Driveway Chemical Resistance,"Driveway Chemical Resistance: Oil, Gas, and De-Icer Effects",pexels-curtis-adams-1694007-3990589.webp,"Driveway Chemical Resistance: Oil, Gas, and De-Icer Effects — Drivewayz USA",475,B_REPLACE_BULK,0.0,0.0,0.0,200,True
https://drivewayzusa.co/guides/driveway-chip-seal-surface-treatment-process/,Driveway Chip Seal: Surface Treatment Process,Driveway Chip Seal: Surface Treatment Process,pexels-curtis-adams-1694007-3990589.webp,Driveway Chip Seal: Surface Treatment Process — Drivewayz USA,475,B_REPLACE_BULK,0.0,0.0,0.0,200,True
https://drivewayzusa.co/guides/driveway-climate-adaptation-strategy-building-for-future-conditions/,Driveway Climate Adaptation Strategy,Driveway Climate Adaptation Strategy: Building for Future Conditions,pexels-sobeslavjan-13838908.webp,Driveway Climate Adaptation Strategy: Building for Future Conditions — Drivewayz USA,30,B_REPLACE_BULK,0.0,0.0,0.0,200,True
https://drivewayzusa.co/guides/driveway-coating-products-comparison/,Driveway Coating Products Comparison,Driveway Coating Products Comparison,pexels-curtis-adams-1694007-3990589.webp,Driveway Coating Products Comparison — Drivewayz USA,475,B_REPLACE_BULK,0.0,0.0,0.0,200,True
https://drivewayzusa.co/guides/driveway-coefficient-of-friction-measuring-slip-resistance/,Driveway Coefficient of Friction,Driveway Coefficient of Friction: Measuring Slip Resistance,pexels-curtis-adams-1694007-3990589.webp,Driveway Coefficient of Friction: Measuring Slip Resistance — Drivewayz USA,475,B_REPLACE_BULK,0.0,0.0,0.0,200,True
https://drivewayzusa.co/guides/driveway-cold-in-place-recycling-budget-friendly-rehabilitation/,Driveway Cold In-Place Recycling,Driveway Cold In-Place Recycling: Budget-Friendly Rehabilitation,pexels-curtis-adams-1694007-3990589.webp,Driveway Cold In-Place Recycling: Budget-Friendly Rehabilitation — Drivewayz USA,475,B_REPLACE_BULK,0.0,0.0,0.0,200,True
https://drivewayzusa.co/guides/driveway-cold-pour-crack-filler-diy-application-guide/,Driveway Cold Pour Crack Filler: DIY Application Guide,Driveway Cold Pour Crack Filler: DIY Application Guide,pexels-artbovich-8134848.webp,Driveway Cold Pour Crack Filler: DIY Application Guide — Drivewayz USA,58,B_REPLACE_BULK,0.0,0.0,0.0,200,True
https://drivewayzusa.co/guides/driveway-color-fading-how-to-restore-and-protect/,Driveway Color Fading: How to Restore and Protect,Driveway Color Fading: How to Restore and Protect,pexels-curtis-adams-1694007-3990589.webp,Driveway Color Fading: How to Restore and Protect — Drivewayz USA,475,B_REPLACE_BULK,0.0,0.0,0.0,200,True
https://drivewayzusa.co/guides/driveway-color-restoration-techniques/,Driveway Color Restoration Techniques,Driveway Color Restoration Techniques,pexels-curtis-adams-1694007-3990589.webp,Driveway Color Restoration Techniques — Drivewayz USA,475,B_REPLACE_BULK,0.0,0.0,0.0,200,True
https://drivewayzusa.co/guides/driveway-community-design-standards-neighborhood-harmony/,Driveway Community Design Standards,Driveway Community Design Standards: Neighborhood Harmony,pexels-curtis-adams-1694007-3990589.webp,Driveway Community Design Standards: Neighborhood Harmony — Drivewayz USA,475,B_REPLACE_BULK,0.0,0.0,0.0,200,True
https://drivewayzusa.co/guides/driveway-compaction-testing-standards-and-methods/,Driveway Compaction Testing: Standards and Methods,Driveway Compaction Testing: Standards and Methods,pexels-curtis-adams-1694007-3990589.webp,Driveway Compaction Testing: Standards and Methods — Drivewayz USA,475,B_REPLACE_BULK,0.0,0.0,0.0,200,True
https://drivewayzusa.co/guides/driveway-compaction-testing-why-it-matters/,Driveway Compaction Testing: Why It Matters,Driveway Compaction Testing: Why It Matters,pexels-curtis-adams-1694007-3990589.webp,Driveway Compaction Testing: Why It Matters — Drivewayz USA,475,B_REPLACE_BULK,0.0,0.0,0.0,200,True
https://drivewayzusa.co/guides/driveway-complete-streets-integration-multi-modal-access/,Driveway Complete Streets Integration,Driveway Complete Streets Integration: Multi-Modal Access,pexels-curtis-adams-1694007-3990589.webp,Driveway Complete Streets Integration: Multi-Modal Access — Drivewayz USA,475,B_REPLACE_BULK,0.0,0.0,0.0,200,True
https://drivewayzusa.co/guides/driveway-completed-operations-coverage-post-project-protection/,Driveway Completed Operations Coverage,Driveway Completed Operations Coverage: Post-Project Protection,pexels-curtis-adams-1694007-3990589.webp,Driveway Completed Operations Coverage: Post-Project Protection — Drivewayz USA,475,B_REPLACE_BULK,0.0,0.0,0.0,200,True
https://drivewayzusa.co/guides/driveway-compressive-strength-test-concrete-quality-check/,Driveway Compressive Strength Test,Driveway Compressive Strength Test: Concrete Quality Check,pexels-curtis-adams-1694007-3990589.webp,Driveway Compressive Strength Test: Concrete Quality Check — Drivewayz USA,475,B_REPLACE_BULK,0.0,0.0,0.0,200,True
https://drivewayzusa.co/guides/driveway-concrete-burns-protecting-skin-during-installation/,Driveway Concrete Burns,Driveway Concrete Burns: Protecting Skin During Installation,pexels-curtis-adams-1694007-3990589.webp,Driveway Concrete Burns: Protecting Skin During Installation — Drivewayz USA,475,B_REPLACE_BULK,0.0,0.0,0.0,200,True
https://drivewayzusa.co/guides/driveway-concrete-pigment-adding-color-to-your-mix/,Driveway Concrete Pigment: Adding Color to Your Mix,Driveway Concrete Pigment: Adding Color to Your Mix,pexels-curtis-adams-1694007-3990589.webp,Driveway Concrete Pigment: Adding Color to Your Mix — Drivewayz USA,475,B_REPLACE_BULK,0.0,0.0,0.0,200,True
https://drivewayzusa.co/guides/driveway-concrete-polishing-outdoors-is-it-practical/,Driveway Concrete Polishing Outdoors: Is It Practical?,Driveway Concrete Polishing Outdoors: Is It Practical?,pexels-curtis-adams-1694007-3990589.webp,Driveway Concrete Polishing Outdoors: Is It Practical? — Drivewayz USA,475,B_REPLACE_BULK,0.0,0.0,0.0,200,True
https://drivewayzusa.co/guides/driveway-concrete-reinforcement-methods-compared/,Driveway Concrete Reinforcement Methods Compared,Driveway Concrete Reinforcement Methods Compared,pexels-curtis-adams-1694007-3990589.webp,Driveway Concrete Reinforcement Methods Compared — Drivewayz USA,475,A_REPLACE_PRIORITY,0.0,1.0,28.0,200,True
https://drivewayzusa.co/guides/driveway-concrete-slump-test-what-it-tells-you/,Driveway Concrete Slump Test: What It Tells You,Driveway Concrete Slump Test: What It Tells You,pexels-curtis-adams-1694007-3990589.webp,Driveway Concrete Slump Test: What It Tells You — Drivewayz USA,475,B_REPLACE_BULK,0.0,0.0,0.0,200,True
https://drivewayzusa.co/guides/driveway-concrete-vs-asphalt-in-your-climate-zone/,Driveway Concrete vs Asphalt in Your Climate Zone,Driveway Concrete vs Asphalt in Your Climate Zone,pexels-sobeslavjan-13838908.webp,Driveway Concrete vs Asphalt in Your Climate Zone — Drivewayz USA,30,B_REPLACE_BULK,0.0,0.0,0.0,200,True
https://drivewayzusa.co/guides/driveway-condition-and-home-inspection-what-buyers-look-for/,Driveway Condition and Home Inspection,Driveway Condition and Home Inspection: What Buyers Look For,pexels-curtis-adams-1694007-3990589.webp,Driveway Condition and Home Inspection: What Buyers Look For — Drivewayz USA,475,B_REPLACE_BULK,0.0,0.0,0.0,200,True
https://drivewayzusa.co/guides/driveway-condition-assessment-protocol-standardized-evaluation/,Driveway Condition Assessment Protocol,Driveway Condition Assessment Protocol: Standardized Evaluation,pexels-curtis-adams-1694007-3990589.webp,Driveway Condition Assessment Protocol: Standardized Evaluation — Drivewayz USA,475,B_REPLACE_BULK,0.0,0.0,0.0,200,True
https://drivewayzusa.co/guides/driveway-condition-survey-form-annual-documentation/,Driveway Condition Survey Form: Annual Documentation,Driveway Condition Survey Form: Annual Documentation,pexels-curtis-adams-1694007-3990589.webp,Driveway Condition Survey Form: Annual Documentation — Drivewayz USA,475,B_REPLACE_BULK,0.0,0.0,0.0,200,True
https://drivewayzusa.co/guides/driveway-connected-home-integration-linking-to-smart-systems/,Driveway Connected Home Integration: Linking Your Driveway to Smart Systems,Driveway Connected Home Integration: Linking Your Driveway to Smart Systems,pexels-curtis-adams-1694007-3990589.webp,Driveway Connected Home Integration: Linking to Smart Systems — Drivewayz USA,475,B_REPLACE_BULK,0.0,0.0,0.0,200,True
https://drivewayzusa.co/guides/driveway-construction-bond-financial-guarantee-requirements/,Driveway Construction Bond,Driveway Construction Bond: Financial Guarantee Requirements,pexels-curtis-adams-1694007-3990589.webp,Driveway Construction Bond: Financial Guarantee Requirements — Drivewayz USA,475,B_REPLACE_BULK,0.0,0.0,0.0,200,True
https://drivewayzusa.co/guides/driveway-continuing-education-staying-current-with-technology/,Driveway Continuing Education,Driveway Continuing Education: Staying Current With Technology,pexels-curtis-adams-1694007-3990589.webp,Driveway Continuing Education: Staying Current With Technology — Drivewayz USA,475,B_REPLACE_BULK,0.0,0.0,0.0,200,True
https://drivewayzusa.co/guides/driveway-contract-dispute-resolution-mediation-vs-arbitration/,Driveway Contract Dispute Resolution,Driveway Contract Dispute Resolution: Mediation vs Arbitration,pexels-curtis-adams-1694007-3990589.webp,Driveway Contract Dispute Resolution: Mediation vs Arbitration — Drivewayz USA,475,B_REPLACE_BULK,0.0,0.0,0.0,200,True
https://drivewayzusa.co/guides/driveway-contract-template-standard-terms-and-conditions/,Driveway Contract Template,Driveway Contract Template: Standard Terms and Conditions,pexels-curtis-adams-1694007-3990589.webp,Driveway Contract Template: Standard Terms and Conditions — Drivewayz USA,475,B_REPLACE_BULK,0.0,0.0,0.0,200,True
https://drivewayzusa.co/guides/driveway-contractor-arbitration-resolving-quality-disputes/,Driveway Contractor Arbitration,Driveway Contractor Arbitration: Resolving Quality Disputes,pexels-curtis-adams-1694007-3990589.webp,Driveway Contractor Arbitration: Resolving Quality Disputes — Drivewayz USA,475,B_REPLACE_BULK,0.0,0.0,0.0,200,True
https://drivewayzusa.co/guides/driveway-contractor-bond-verification-ensuring-protection/,Driveway Contractor Bond Verification,Driveway Contractor Bond Verification: Ensuring Protection,pexels-curtis-adams-1694007-3990589.webp,Driveway Contractor Bond Verification: Ensuring Protection — Drivewayz USA,475,B_REPLACE_BULK,0.0,0.0,0.0,200,True
https://drivewayzusa.co/guides/driveway-contractor-business-insurance-coverage-you-need/,Driveway Contractor Business Insurance,Driveway Contractor Business Insurance: Coverage You Need,pexels-curtis-adams-1694007-3990589.webp,Driveway Contractor Business Insurance: Coverage You Need — Drivewayz USA,475,B_REPLACE_BULK,0.0,0.0,0.0,200,True
https://drivewayzusa.co/guides/driveway-contractor-email-marketing-staying-in-touch/,Driveway Contractor Email Marketing: Staying in Touch,Driveway Contractor Email Marketing: Staying in Touch,pexels-curtis-adams-1694007-3990589.webp,Driveway Contractor Email Marketing: Staying in Touch — Drivewayz USA,475,A_REPLACE_PRIORITY,0.0,23.0,9.7,200,True
https://drivewayzusa.co/guides/driveway-contractor-insurance-what-homeowners-should-verify/,Driveway Contractor Insurance,Driveway Contractor Insurance: What Homeowners Should Verify,pexels-curtis-adams-1694007-3990589.webp,Driveway Contractor Insurance: What Homeowners Should Verify — Drivewayz USA,475,B_REPLACE_BULK,0.0,0.0,0.0,200,True
https://drivewayzusa.co/guides/driveway-contractor-insurance-what-they-should-carry/,Driveway Contractor Insurance: What They Should Carry,Driveway Contractor Insurance: What They Should Carry,pexels-curtis-adams-1694007-3990589.webp,Driveway Contractor Insurance: What They Should Carry — Drivewayz USA,475,B_REPLACE_BULK,0.0,0.0,0.0,200,True
https://drivewayzusa.co/guides/driveway-contractor-interview-questions-what-to-ask/,Driveway Contractor Interview Questions: What to Ask,Driveway Contractor Interview Questions: What to Ask,pexels-curtis-adams-1694007-3990589.webp,Driveway Contractor Interview Questions: What to Ask — Drivewayz USA,475,B_REPLACE_BULK,0.0,0.0,0.0,200,True
https://drivewayzusa.co/guides/driveway-contractor-license-verification-how-to-check/,Driveway Contractor License Verification: How to Check,Driveway Contractor License Verification: How to Check,pexels-curtis-adams-1694007-3990589.webp,Driveway Contractor License Verification: How to Check — Drivewayz USA,475,B_REPLACE_BULK,0.0,0.0,0.0,200,True
https://drivewayzusa.co/guides/driveway-contractor-licensing-requirements-by-state/,Driveway Contractor Licensing Requirements by State,Driveway Contractor Licensing Requirements by State,pexels-curtis-adams-1694007-3990589.webp,Driveway Contractor Licensing Requirements by State — Drivewayz USA,475,B_REPLACE_BULK,0.0,0.0,0.0,200,True
https://drivewayzusa.co/guides/driveway-contractor-red-flags-to-avoid/,Driveway Contractor Red Flags to Avoid,Driveway Contractor Red Flags to Avoid,pexels-curtis-adams-1694007-3990589.webp,Driveway Contractor Red Flags to Avoid — Drivewayz USA,475,B_REPLACE_BULK,0.0,0.0,0.0,200,True
https://drivewayzusa.co/guides/driveway-contractor-scheduling-app-coordinating-crews/,Driveway Contractor Scheduling App: Coordinating Crews,Driveway Contractor Scheduling App: Coordinating Crews,pexels-curtis-adams-1694007-3990589.webp,Driveway Contractor Scheduling App: Coordinating Crews — Drivewayz USA,475,B_REPLACE_BULK,0.0,0.0,0.0,200,True
https://drivewayzusa.co/guides/driveway-contractor-seo-how-paving-companies-get-found-online/,Driveway Contractor SEO,Driveway Contractor SEO: How Paving Companies Get Found Online,pexels-curtis-adams-1694007-3990589.webp,Driveway Contractor SEO: How Paving Companies Get Found Online — Drivewayz USA,475,B_REPLACE_BULK,0.0,0.0,0.0,200,True
https://drivewayzusa.co/guides/driveway-contractor-social-media-building-trust-with-photos/,Driveway Contractor Social Media,Driveway Contractor Social Media: Building Trust With Photos,pexels-curtis-adams-1694007-3990589.webp,Driveway Contractor Social Media: Building Trust With Photos — Drivewayz USA,475,B_REPLACE_BULK,0.0,0.0,0.0,200,True
https://drivewayzusa.co/guides/driveway-contractor-truck-setup-tools-and-organization/,Driveway Contractor Truck Setup,Driveway Contractor Truck Setup: Tools and Organization,pexels-curtis-adams-1694007-3990589.webp,Driveway Contractor Truck Setup: Tools and Organization — Drivewayz USA,475,B_REPLACE_BULK,0.0,0.0,0.0,200,True
https://drivewayzusa.co/guides/driveway-contractor-website-must-haves-winning-online/,Driveway Contractor Website Must-Haves: Winning Online,Driveway Contractor Website Must-Haves: Winning Online,pexels-curtis-adams-1694007-3990589.webp,Driveway Contractor Website Must-Haves: Winning Online — Drivewayz USA,475,B_REPLACE_BULK,0.0,0.0,0.0,200,True
https://drivewayzusa.co/guides/driveway-contractors-in-albuquerque-nm-how-to-choose/,"Driveway Contractors in Albuquerque, NM: How to Choose","Driveway Contractors in Albuquerque, NM: How to Choose",pexels-curtis-adams-1694007-3990589.webp,"Driveway Contractors in Albuquerque, NM: How to Choose — Drivewayz USA",475,B_REPLACE_BULK,0.0,0.0,0.0,200,True
https://drivewayzusa.co/guides/driveway-contractors-in-anchorage-ak-how-to-choose/,"Driveway Contractors in Anchorage, AK: How to Choose","Driveway Contractors in Anchorage, AK: How to Choose",pexels-curtis-adams-1694007-3990589.webp,"Driveway Contractors in Anchorage, AK: How to Choose — Drivewayz USA",475,B_REPLACE_BULK,0.0,0.0,0.0,200,True
https://drivewayzusa.co/guides/driveway-contractors-in-atlanta-ga-how-to-choose/,"Driveway Contractors in Atlanta, GA: How to Choose","Driveway Contractors in Atlanta, GA: How to Choose",pexels-curtis-adams-1694007-3990589.webp,"Driveway Contractors in Atlanta, GA: How to Choose — Drivewayz USA",475,B_REPLACE_BULK,0.0,0.0,0.0,200,True
https://drivewayzusa.co/guides/driveway-contractors-in-austin-tx-how-to-choose/,"Driveway Contractors in Austin, TX: How to Choose","Driveway Contractors in Austin, TX: How to Choose",pexels-curtis-adams-1694007-3990589.webp,"Driveway Contractors in Austin, TX: How to Choose — Drivewayz USA",475,B_REPLACE_BULK,0.0,0.0,0.0,200,True
https://drivewayzusa.co/guides/driveway-contractors-in-baltimore-md-how-to-choose/,"Driveway Contractors in Baltimore, MD: How to Choose","Driveway Contractors in Baltimore, MD: How to Choose",pexels-curtis-adams-1694007-3990589.webp,"Driveway Contractors in Baltimore, MD: How to Choose — Drivewayz USA",475,B_REPLACE_BULK,0.0,0.0,0.0,200,True
https://drivewayzusa.co/guides/driveway-contractors-in-birmingham-al-how-to-choose/,"Driveway Contractors in Birmingham, AL: How to Choose","Driveway Contractors in Birmingham, AL: How to Choose",pexels-curtis-adams-1694007-3990589.webp,"Driveway Contractors in Birmingham, AL: How to Choose — Drivewayz USA",475,B_REPLACE_BULK,0.0,0.0,0.0,200,True
https://drivewayzusa.co/guides/driveway-contractors-in-boise-id-how-to-choose/,"Driveway Contractors in Boise, ID: How to Choose","Driveway Contractors in Boise, ID: How to Choose",pexels-curtis-adams-1694007-3990589.webp,"Driveway Contractors in Boise, ID: How to Choose — Drivewayz USA",475,B_REPLACE_BULK,0.0,0.0,0.0,200,True
https://drivewayzusa.co/guides/driveway-contractors-in-boston-ma-how-to-choose/,"Driveway Contractors in Boston, MA: How to Choose","Driveway Contractors in Boston, MA: How to Choose",pexels-curtis-adams-1694007-3990589.webp,"Driveway Contractors in Boston, MA: How to Choose — Drivewayz USA",475,B_REPLACE_BULK,0.0,0.0,0.0,200,True
https://drivewayzusa.co/guides/driveway-contractors-in-buffalo-ny-how-to-choose/,"Driveway Contractors in Buffalo, NY: How to Choose","Driveway Contractors in Buffalo, NY: How to Choose",pexels-curtis-adams-1694007-3990589.webp,"Driveway Contractors in Buffalo, NY: How to Choose — Drivewayz USA",475,B_REPLACE_BULK,0.0,0.0,0.0,200,True
https://drivewayzusa.co/guides/driveway-contractors-in-charleston-sc-how-to-choose/,"Driveway Contractors in Charleston, SC: How to Choose","Driveway Contractors in Charleston, SC: How to Choose",pexels-curtis-adams-1694007-3990589.webp,"Driveway Contractors in Charleston, SC: How to Choose — Drivewayz USA",475,B_REPLACE_BULK,0.0,0.0,0.0,200,True
https://drivewayzusa.co/guides/driveway-contractors-in-charlotte-nc-how-to-choose/,"Driveway Contractors in Charlotte, NC: How to Choose","Driveway Contractors in Charlotte, NC: How to Choose",pexels-curtis-adams-1694007-3990589.webp,"Driveway Contractors in Charlotte, NC: How to Choose — Drivewayz USA",475,B_REPLACE_BULK,0.0,0.0,0.0,200,True
https://drivewayzusa.co/guides/driveway-contractors-in-chicago-il-how-to-choose/,"Driveway Contractors in Chicago, IL: How to Choose","Driveway Contractors in Chicago, IL: How to Choose",pexels-curtis-adams-1694007-3990589.webp,"Driveway Contractors in Chicago, IL: How to Choose — Drivewayz USA",475,B_REPLACE_BULK,0.0,0.0,0.0,200,True
https://drivewayzusa.co/guides/driveway-contractors-in-cleveland-oh-how-to-choose/,"Driveway Contractors in Cleveland, OH: How to Choose","Driveway Contractors in Cleveland, OH: How to Choose",pexels-curtis-adams-1694007-3990589.webp,"Driveway Contractors in Cleveland, OH: How to Choose — Drivewayz USA",475,B_REPLACE_BULK,0.0,0.0,0.0,200,True
https://drivewayzusa.co/guides/driveway-contractors-in-columbus-oh-how-to-choose/,"Driveway Contractors in Columbus, OH: How to Choose","Driveway Contractors in Columbus, OH: How to Choose",pexels-curtis-adams-1694007-3990589.webp,"Driveway Contractors in Columbus, OH: How to Choose — Drivewayz USA",475,B_REPLACE_BULK,0.0,0.0,0.0,200,True
https://drivewayzusa.co/guides/driveway-contractors-in-dallas-tx-how-to-choose/,"Driveway Contractors in Dallas, TX: How to Choose","Driveway Contractors in Dallas, TX: How to Choose",pexels-curtis-adams-1694007-3990589.webp,"Driveway Contractors in Dallas, TX: How to Choose — Drivewayz USA",475,B_REPLACE_BULK,0.0,0.0,0.0,200,True
https://drivewayzusa.co/guides/driveway-contractors-in-denver-co-how-to-choose/,"Driveway Contractors in Denver, CO: How to Choose","Driveway Contractors in Denver, CO: How to Choose",pexels-curtis-adams-1694007-3990589.webp,"Driveway Contractors in Denver, CO: How to Choose — Drivewayz USA",475,B_REPLACE_BULK,0.0,0.0,0.0,200,True
https://drivewayzusa.co/guides/driveway-contractors-in-des-moines-ia-how-to-choose/,"Driveway Contractors in Des Moines, IA: How to Choose","Driveway Contractors in Des Moines, IA: How to Choose",pexels-curtis-adams-1694007-3990589.webp,"Driveway Contractors in Des Moines, IA: How to Choose — Drivewayz USA",475,B_REPLACE_BULK,0.0,0.0,0.0,200,True
https://drivewayzusa.co/guides/driveway-contractors-in-detroit-mi-how-to-choose/,"Driveway Contractors in Detroit, MI: How to Choose","Driveway Contractors in Detroit, MI: How to Choose",pexels-curtis-adams-1694007-3990589.webp,"Driveway Contractors in Detroit, MI: How to Choose — Drivewayz USA",475,B_REPLACE_BULK,0.0,0.0,0.0,200,True
https://drivewayzusa.co/guides/driveway-contractors-in-hartford-ct-how-to-choose/,"Driveway Contractors in Hartford, CT: How to Choose","Driveway Contractors in Hartford, CT: How to Choose",pexels-curtis-adams-1694007-3990589.webp,"Driveway Contractors in Hartford, CT: How to Choose — Drivewayz USA",475,B_REPLACE_BULK,0.0,0.0,0.0,200,True
https://drivewayzusa.co/guides/driveway-contractors-in-houston-tx-how-to-choose/,"Driveway Contractors in Houston, TX: How to Choose","Driveway Contractors in Houston, TX: How to Choose",pexels-curtis-adams-1694007-3990589.webp,"Driveway Contractors in Houston, TX: How to Choose — Drivewayz USA",475,B_REPLACE_BULK,0.0,0.0,0.0,200,True
https://drivewayzusa.co/guides/driveway-contractors-in-indianapolis-in-how-to-choose/,"Driveway Contractors in Indianapolis, IN","Driveway Contractors in Indianapolis, IN: How to Choose",pexels-curtis-adams-1694007-3990589.webp,"Driveway Contractors in Indianapolis, IN: How to Choose — Drivewayz USA",475,B_REPLACE_BULK,0.0,0.0,0.0,200,True
https://drivewayzusa.co/guides/driveway-contractors-in-jacksonville-fl-how-to-choose/,"Driveway Contractors in Jacksonville, FL","Driveway Contractors in Jacksonville, FL: How to Choose",pexels-curtis-adams-1694007-3990589.webp,"Driveway Contractors in Jacksonville, FL: How to Choose — Drivewayz USA",475,B_REPLACE_BULK,0.0,0.0,0.0,200,True
https://drivewayzusa.co/guides/driveway-contractors-in-kansas-city-ks-how-to-choose/,"Driveway Contractors in Kansas City, KS: How to Choose","Driveway Contractors in Kansas City, KS: How to Choose",pexels-curtis-adams-1694007-3990589.webp,"Driveway Contractors in Kansas City, KS: How to Choose — Drivewayz USA",475,B_REPLACE_BULK,0.0,0.0,0.0,200,True
https://drivewayzusa.co/guides/driveway-contractors-in-kansas-city-mo-how-to-choose/,"Driveway Contractors in Kansas City, MO: How to Choose","Driveway Contractors in Kansas City, MO: How to Choose",pexels-curtis-adams-1694007-3990589.webp,"Driveway Contractors in Kansas City, MO: How to Choose — Drivewayz USA",475,B_REPLACE_BULK,0.0,0.0,0.0,200,True
https://drivewayzusa.co/guides/driveway-contractors-in-las-vegas-nv-how-to-choose/,"Driveway Contractors in Las Vegas, NV: How to Choose","Driveway Contractors in Las Vegas, NV: How to Choose",pexels-curtis-adams-1694007-3990589.webp,"Driveway Contractors in Las Vegas, NV: How to Choose — Drivewayz USA",475,B_REPLACE_BULK,0.0,0.0,0.0,200,True
https://drivewayzusa.co/guides/driveway-contractors-in-las-vegas-nv-local-guide/,"Driveway Contractors in Las Vegas, NV: Local Guide","Driveway Contractors in Las Vegas, NV: Local Guide",pexels-curtis-adams-1694007-3990589.webp,"Driveway Contractors in Las Vegas, NV: Local Guide — Drivewayz USA",475,B_REPLACE_BULK,0.0,0.0,0.0,200,True
https://drivewayzusa.co/guides/driveway-contractors-in-little-rock-ar-how-to-choose/,"Driveway Contractors in Little Rock, AR: How to Choose","Driveway Contractors in Little Rock, AR: How to Choose",pexels-curtis-adams-1694007-3990589.webp,"Driveway Contractors in Little Rock, AR: How to Choose — Drivewayz USA",475,B_REPLACE_BULK,0.0,0.0,0.0,200,True
https://drivewayzusa.co/guides/driveway-contractors-in-los-angeles-ca-how-to-choose/,"Driveway Contractors in Los Angeles, CA: How to Choose","Driveway Contractors in Los Angeles, CA: How to Choose",pexels-curtis-adams-1694007-3990589.webp,"Driveway Contractors in Los Angeles, CA: How to Choose — Drivewayz USA",475,B_REPLACE_BULK,0.0,0.0,0.0,200,True
https://drivewayzusa.co/guides/driveway-contractors-in-louisville-ky-how-to-choose/,"Driveway Contractors in Louisville, KY: How to Choose","Driveway Contractors in Louisville, KY: How to Choose",hero-driveway-contractors-louisville-ky.webp,"How to choose driveway contractors in Louisville, KY — Drivewayz USA",1,D_LEAVE,0.0,0.0,0.0,200,True
https://drivewayzusa.co/guides/driveway-contractors-in-madison-wi-how-to-choose/,"Driveway Contractors in Madison, WI: How to Choose","Driveway Contractors in Madison, WI: How to Choose",pexels-curtis-adams-1694007-3990589.webp,"Driveway Contractors in Madison, WI: How to Choose — Drivewayz USA",475,B_REPLACE_BULK,0.0,0.0,0.0,200,True
https://drivewayzusa.co/guides/driveway-contractors-in-memphis-tn-how-to-choose/,"Driveway Contractors in Memphis, TN: How to Choose","Driveway Contractors in Memphis, TN: How to Choose",pexels-curtis-adams-1694007-3990589.webp,"Driveway Contractors in Memphis, TN: How to Choose — Drivewayz USA",475,B_REPLACE_BULK,0.0,0.0,0.0,200,True
https://drivewayzusa.co/guides/driveway-contractors-in-miami-fl-how-to-choose/,"Driveway Contractors in Miami, FL: How to Choose","Driveway Contractors in Miami, FL: How to Choose",pexels-curtis-adams-1694007-3990589.webp,"Driveway Contractors in Miami, FL: How to Choose — Drivewayz USA",475,B_REPLACE_BULK,0.0,0.0,0.0,200,True
https://drivewayzusa.co/guides/driveway-contractors-in-milwaukee-wi-how-to-choose/,"Driveway Contractors in Milwaukee, WI: How to Choose","Driveway Contractors in Milwaukee, WI: How to Choose",pexels-curtis-adams-1694007-3990589.webp,"Driveway Contractors in Milwaukee, WI: How to Choose — Drivewayz USA",475,B_REPLACE_BULK,0.0,0.0,0.0,200,True
https://drivewayzusa.co/guides/driveway-contractors-in-minneapolis-mn-how-to-choose/,"Driveway Contractors in Minneapolis, MN: How to Choose","Driveway Contractors in Minneapolis, MN: How to Choose",pexels-curtis-adams-1694007-3990589.webp,"Driveway Contractors in Minneapolis, MN: How to Choose — Drivewayz USA",475,B_REPLACE_BULK,0.0,0.0,0.0,200,True
https://drivewayzusa.co/guides/driveway-contractors-in-nashville-tn-how-to-choose/,"Driveway Contractors in Nashville, TN: How to Choose","Driveway Contractors in Nashville, TN: How to Choose",pexels-curtis-adams-1694007-3990589.webp,"Driveway Contractors in Nashville, TN: How to Choose — Drivewayz USA",475,B_REPLACE_BULK,0.0,0.0,0.0,200,True
https://drivewayzusa.co/guides/driveway-contractors-in-new-orleans-la-how-to-choose/,"Driveway Contractors in New Orleans, LA: How to Choose","Driveway Contractors in New Orleans, LA: How to Choose",pexels-curtis-adams-1694007-3990589.webp,"Driveway Contractors in New Orleans, LA: How to Choose — Drivewayz USA",475,B_REPLACE_BULK,0.0,0.0,0.0,200,True
https://drivewayzusa.co/guides/driveway-contractors-in-new-york-city-ny-how-to-choose/,"Driveway Contractors in New York City, NY","Driveway Contractors in New York City, NY: How to Choose",pexels-curtis-adams-1694007-3990589.webp,"Driveway Contractors in New York City, NY: How to Choose — Drivewayz USA",475,B_REPLACE_BULK,0.0,0.0,0.0,200,True
https://drivewayzusa.co/guides/driveway-contractors-in-newark-nj-how-to-choose/,"Driveway Contractors in Newark, NJ: How to Choose","Driveway Contractors in Newark, NJ: How to Choose",pexels-curtis-adams-1694007-3990589.webp,"Driveway Contractors in Newark, NJ: How to Choose — Drivewayz USA",475,B_REPLACE_BULK,0.0,0.0,0.0,200,True
https://drivewayzusa.co/guides/driveway-contractors-in-oklahoma-city-ok-how-to-choose/,"Driveway Contractors in Oklahoma City, OK","Driveway Contractors in Oklahoma City, OK: How to Choose",pexels-curtis-adams-1694007-3990589.webp,"Driveway Contractors in Oklahoma City, OK: How to Choose — Drivewayz USA",475,B_REPLACE_BULK,0.0,0.0,0.0,200,True
https://drivewayzusa.co/guides/driveway-contractors-in-omaha-ne-how-to-choose/,"Driveway Contractors in Omaha, NE: How to Choose","Driveway Contractors in Omaha, NE: How to Choose",pexels-curtis-adams-1694007-3990589.webp,"Driveway Contractors in Omaha, NE: How to Choose — Drivewayz USA",475,B_REPLACE_BULK,0.0,0.0,0.0,200,True
https://drivewayzusa.co/guides/driveway-contractors-in-orlando-fl-how-to-choose/,"Driveway Contractors in Orlando, FL: How to Choose","Driveway Contractors in Orlando, FL: How to Choose",pexels-curtis-adams-1694007-3990589.webp,"Driveway Contractors in Orlando, FL: How to Choose — Drivewayz USA",475,B_REPLACE_BULK,0.0,0.0,0.0,200,True
https://drivewayzusa.co/guides/driveway-contractors-in-philadelphia-pa-how-to-choose/,"Driveway Contractors in Philadelphia, PA","Driveway Contractors in Philadelphia, PA: How to Choose",pexels-curtis-adams-1694007-3990589.webp,"Driveway Contractors in Philadelphia, PA: How to Choose — Drivewayz USA",475,B_REPLACE_BULK,0.0,0.0,0.0,200,True
https://drivewayzusa.co/guides/driveway-contractors-in-phoenix-az-how-to-choose/,"Driveway Contractors in Phoenix, AZ: How to Choose","Driveway Contractors in Phoenix, AZ: How to Choose",pexels-curtis-adams-1694007-3990589.webp,"Driveway Contractors in Phoenix, AZ: How to Choose — Drivewayz USA",475,B_REPLACE_BULK,0.0,0.0,0.0,200,True
https://drivewayzusa.co/guides/driveway-contractors-in-pittsburgh-pa-how-to-choose/,"Driveway Contractors in Pittsburgh, PA: How to Choose","Driveway Contractors in Pittsburgh, PA: How to Choose",pexels-curtis-adams-1694007-3990589.webp,"Driveway Contractors in Pittsburgh, PA: How to Choose — Drivewayz USA",475,B_REPLACE_BULK,0.0,0.0,0.0,200,True
https://drivewayzusa.co/guides/driveway-contractors-in-portland-or-how-to-choose/,"Driveway Contractors in Portland, OR: How to Choose","Driveway Contractors in Portland, OR: How to Choose",hero-driveway-contractors-portland-or.webp,"How to choose driveway contractors in Portland, OR — Drivewayz USA",1,D_LEAVE,0.0,0.0,0.0,200,True
https://drivewayzusa.co/guides/driveway-contractors-in-raleigh-nc-how-to-choose/,"Driveway Contractors in Raleigh, NC: How to Choose","Driveway Contractors in Raleigh, NC: How to Choose",pexels-curtis-adams-1694007-3990589.webp,"Driveway Contractors in Raleigh, NC: How to Choose — Drivewayz USA",475,B_REPLACE_BULK,0.0,0.0,0.0,200,True
https://drivewayzusa.co/guides/driveway-contractors-in-richmond-va-how-to-choose/,"Driveway Contractors in Richmond, VA: How to Choose","Driveway Contractors in Richmond, VA: How to Choose",pexels-curtis-adams-1694007-3990589.webp,"Driveway Contractors in Richmond, VA: How to Choose — Drivewayz USA",475,B_REPLACE_BULK,0.0,0.0,0.0,200,True
https://drivewayzusa.co/guides/driveway-contractors-in-salt-lake-city-ut-how-to-choose/,"Driveway Contractors in Salt Lake City, UT","Driveway Contractors in Salt Lake City, UT: How to Choose",pexels-curtis-adams-1694007-3990589.webp,"Driveway Contractors in Salt Lake City, UT: How to Choose — Drivewayz USA",475,B_REPLACE_BULK,0.0,0.0,0.0,200,True
https://drivewayzusa.co/guides/driveway-contractors-in-san-antonio-tx-how-to-choose/,"Driveway Contractors in San Antonio, TX: How to Choose","Driveway Contractors in San Antonio, TX: How to Choose",pexels-curtis-adams-1694007-3990589.webp,"Driveway Contractors in San Antonio, TX: How to Choose — Drivewayz USA",475,B_REPLACE_BULK,0.0,0.0,0.0,200,True
https://drivewayzusa.co/guides/driveway-contractors-in-san-diego-ca-how-to-choose/,"Driveway Contractors in San Diego, CA: How to Choose","Driveway Contractors in San Diego, CA: How to Choose",pexels-curtis-adams-1694007-3990589.webp,"Driveway Contractors in San Diego, CA: How to Choose — Drivewayz USA",475,B_REPLACE_BULK,0.0,0.0,0.0,200,True
https://drivewayzusa.co/guides/driveway-contractors-in-san-francisco-ca-how-to-choose/,"Driveway Contractors in San Francisco, CA","Driveway Contractors in San Francisco, CA: How to Choose",pexels-curtis-adams-1694007-3990589.webp,"Driveway Contractors in San Francisco, CA: How to Choose — Drivewayz USA",475,B_REPLACE_BULK,0.0,0.0,0.0,200,True
https://drivewayzusa.co/guides/driveway-contractors-in-san-jose-ca-how-to-choose/,"Driveway Contractors in San Jose, CA: How to Choose","Driveway Contractors in San Jose, CA: How to Choose",pexels-curtis-adams-1694007-3990589.webp,"Driveway Contractors in San Jose, CA: How to Choose — Drivewayz USA",475,B_REPLACE_BULK,0.0,0.0,0.0,200,True
https://drivewayzusa.co/guides/driveway-contractors-in-savannah-ga-how-to-choose/,"Driveway Contractors in Savannah, GA: How to Choose","Driveway Contractors in Savannah, GA: How to Choose",pexels-curtis-adams-1694007-3990589.webp,"Driveway Contractors in Savannah, GA: How to Choose — Drivewayz USA",475,B_REPLACE_BULK,0.0,0.0,0.0,200,True
https://drivewayzusa.co/guides/driveway-contractors-in-seattle-wa-how-to-choose/,"Driveway Contractors in Seattle, WA: How to Choose","Driveway Contractors in Seattle, WA: How to Choose",pexels-curtis-adams-1694007-3990589.webp,"Driveway Contractors in Seattle, WA: How to Choose — Drivewayz USA",475,B_REPLACE_BULK,0.0,0.0,0.0,200,True
https://drivewayzusa.co/guides/driveway-contractors-in-spokane-wa-how-to-choose/,"Driveway Contractors in Spokane, WA: How to Choose","Driveway Contractors in Spokane, WA: How to Choose",pexels-curtis-adams-1694007-3990589.webp,"Driveway Contractors in Spokane, WA: How to Choose — Drivewayz USA",475,B_REPLACE_BULK,0.0,0.0,0.0,200,True
https://drivewayzusa.co/guides/driveway-contractors-in-st-louis-mo-how-to-choose/,"Driveway Contractors in St. Louis, MO: How to Choose","Driveway Contractors in St. Louis, MO: How to Choose",pexels-curtis-adams-1694007-3990589.webp,"Driveway Contractors in St. Louis, MO: How to Choose — Drivewayz USA",475,B_REPLACE_BULK,0.0,0.0,0.0,200,True
https://drivewayzusa.co/guides/driveway-contractors-in-tampa-fl-how-to-choose/,"Driveway Contractors in Tampa, FL: How to Choose","Driveway Contractors in Tampa, FL: How to Choose",pexels-curtis-adams-1694007-3990589.webp,"Driveway Contractors in Tampa, FL: How to Choose — Drivewayz USA",475,B_REPLACE_BULK,0.0,0.0,0.0,200,True
https://drivewayzusa.co/guides/driveway-contractors-in-tulsa-ok-how-to-choose/,"Driveway Contractors in Tulsa, OK: How to Choose","Driveway Contractors in Tulsa, OK: How to Choose",pexels-curtis-adams-1694007-3990589.webp,"Driveway Contractors in Tulsa, OK: How to Choose — Drivewayz USA",475,B_REPLACE_BULK,0.0,0.0,0.0,200,True
https://drivewayzusa.co/guides/driveway-contractors-in-virginia-beach-va-how-to-choose/,"Driveway Contractors in Virginia Beach, VA","Driveway Contractors in Virginia Beach, VA: How to Choose",pexels-curtis-adams-1694007-3990589.webp,"Driveway Contractors in Virginia Beach, VA: How to Choose — Drivewayz USA",475,B_REPLACE_BULK,0.0,0.0,0.0,200,True
https://drivewayzusa.co/guides/driveway-core-sample-testing-thickness-verification/,Driveway Core Sample Testing: Thickness Verification,Driveway Core Sample Testing: Thickness Verification,pexels-curtis-adams-1694007-3990589.webp,Driveway Core Sample Testing: Thickness Verification — Drivewayz USA,475,B_REPLACE_BULK,0.0,0.0,0.0,200,True
https://drivewayzusa.co/guides/driveway-corrective-maintenance-planning-addressing-existing-issues/,Driveway Corrective Maintenance Planning,Driveway Corrective Maintenance Planning: Addressing Existing Issues,pexels-artbovich-8134848.webp,Driveway Corrective Maintenance Planning: Addressing Existing Issues — Drivewayz USA,58,B_REPLACE_BULK,0.0,0.0,0.0,200,True
https://drivewayzusa.co/guides/driveway-cost-breakdown-labor-materials-and-equipment/,Driveway Cost Breakdown,"Driveway Cost Breakdown: Labor, Materials, and Equipment",pexels-curtis-adams-1694007-3990589.webp,"Driveway Cost Breakdown: Labor, Materials, and Equipment — Drivewayz USA",475,B_REPLACE_BULK,0.0,0.0,0.0,200,True
https://drivewayzusa.co/guides/driveway-cost-calculator-estimate-your-project-in-minutes/,Driveway Cost Estimate Guide in Minutes - Drivewayzusa,Driveway Cost Calculator: Estimate Your Project in Minutes,pexels-curtis-adams-1694007-3990589.webp,Driveway Cost Calculator: Estimate Your Project in Minutes — Drivewayz USA,475,B_REPLACE_BULK,0.0,0.0,0.0,200,True
https://drivewayzusa.co/guides/driveway-cost-comparison-worksheet-budget-planning-tool/,Driveway Cost Comparison Worksheet,Driveway Cost Comparison Worksheet: Budget Planning Tool,pexels-curtis-adams-1694007-3990589.webp,Driveway Cost Comparison Worksheet: Budget Planning Tool — Drivewayz USA,475,B_REPLACE_BULK,0.0,0.0,0.0,200,True
https://drivewayzusa.co/guides/driveway-cost-estimator-breaking-down-material-and-labor/,Driveway Cost Estimator,Driveway Cost Estimator: Breaking Down Material and Labor,pexels-curtis-adams-1694007-3990589.webp,Driveway Cost Estimator: Breaking Down Material and Labor — Drivewayz USA,475,B_REPLACE_BULK,0.0,0.0,0.0,200,True
https://drivewayzusa.co/guides/driveway-cost-plus-contract-transparent-pricing-model/,Driveway Cost Plus Contract: Transparent Pricing Model,Driveway Cost Plus Contract: Transparent Pricing Model,hugo-sousa-BghGseQbAkA-unsplash.webp,Driveway Cost Plus Contract: Transparent Pricing Model — Drivewayz USA,6,B_REPLACE_BULK,0.0,0.0,0.0,200,True
https://drivewayzusa.co/guides/driveway-covenant-compliance-meeting-hoa-design-guidelines/,Driveway Covenant Compliance,Driveway Covenant Compliance: Meeting HOA Design Guidelines,pexels-curtis-adams-1694007-3990589.webp,Driveway Covenant Compliance: Meeting HOA Design Guidelines — Drivewayz USA,475,B_REPLACE_BULK,0.0,0.0,0.0,200,True
https://drivewayzusa.co/guides/driveway-crack-filler-best-products-reviewed-for-2026/,Driveway Crack Filler: Best Products Reviewed for 2026,Driveway Crack Filler: Best Products Reviewed for 2026,pexels-artbovich-8134848.webp,Driveway Crack Filler: Best Products Reviewed for 2026 — Drivewayz USA,58,B_REPLACE_BULK,0.0,0.0,0.0,200,True
https://drivewayzusa.co/guides/driveway-crack-filling-products-and-techniques/,Driveway Crack Filling: Products and Techniques,Driveway Crack Filling: Products and Techniques,pexels-artbovich-8134848.webp,Driveway Crack Filling: Products and Techniques — Drivewayz USA,58,B_REPLACE_BULK,0.0,0.0,0.0,200,True
https://drivewayzusa.co/guides/driveway-crack-routing-preparing-for-sealant-application/,Driveway Crack Routing,Driveway Crack Routing: Preparing for Sealant Application,pexels-artbovich-8134848.webp,Driveway Crack Routing: Preparing for Sealant Application — Drivewayz USA,58,B_REPLACE_BULK,0.0,0.0,0.0,200,True
https://drivewayzusa.co/guides/driveway-crack-sealing-vs-crack-filling-whats-different/,Driveway Crack Sealing vs Crack Filling,Driveway Crack Sealing vs Crack Filling: What&#x27;s Different?,pexels-artbovich-8134848.webp,Driveway Crack Sealing vs Crack Filling: What&amp;#x27;s Different? — Drivewayz USA,58,B_REPLACE_BULK,0.0,0.0,0.0,200,True
https://drivewayzusa.co/guides/driveway-craftsmanship-what-separates-good-from-great/,Driveway Craftsmanship: What Separates Good From Great,Driveway Craftsmanship: What Separates Good From Great,pexels-curtis-adams-1694007-3990589.webp,Driveway Craftsmanship: What Separates Good From Great — Drivewayz USA,475,B_REPLACE_BULK,0.0,0.0,0.0,200,True
https://drivewayzusa.co/guides/driveway-crew-safety-osha-requirements-for-paving/,Driveway Crew Safety: OSHA Requirements for Paving,Driveway Crew Safety: OSHA Requirements for Paving,pexels-curtis-adams-1694007-3990589.webp,Driveway Crew Safety: OSHA Requirements for Paving — Drivewayz USA,475,B_REPLACE_BULK,0.0,0.0,0.0,200,True
https://drivewayzusa.co/guides/driveway-critical-path-method-project-scheduling-technique/,Driveway Critical Path Method,Driveway Critical Path Method: Project Scheduling Technique,pexels-curtis-adams-1694007-3990589.webp,Driveway Critical Path Method: Project Scheduling Technique — Drivewayz USA,475,B_REPLACE_BULK,0.0,0.0,0.0,200,True
https://drivewayzusa.co/guides/driveway-curb-appeal-for-selling-your-home/,Driveway Curb Appeal for Selling Your Home,Driveway Curb Appeal for Selling Your Home,matt-jones-xpDHTc-pkog-unsplash.webp,Driveway Curb Appeal for Selling Your Home — Drivewayz USA,9,B_REPLACE_BULK,0.0,0.0,0.0,200,True
https://drivewayzusa.co/guides/driveway-customer-communication-setting-expectations/,Driveway Customer Communication: Setting Expectations,Driveway Customer Communication: Setting Expectations,pexels-curtis-adams-1694007-3990589.webp,Driveway Customer Communication: Setting Expectations — Drivewayz USA,475,B_REPLACE_BULK,0.0,0.0,0.0,200,True
https://drivewayzusa.co/guides/driveway-damage-after-construction-getting-contractors-to-pay/,Driveway Damage After Construction,Driveway Damage After Construction: Getting Contractors to Pay,pexels-curtis-adams-1694007-3990589.webp,Driveway Damage After Construction: Getting Contractors to Pay — Drivewayz USA,475,B_REPLACE_BULK,0.0,0.0,0.0,200,True
https://drivewayzusa.co/guides/driveway-damage-from-garbage-trucks-filing-for-repairs/,Driveway Damage From Garbage Trucks,Driveway Damage From Garbage Trucks: Filing for Repairs,pexels-artbovich-8134848.webp,Driveway Damage From Garbage Trucks: Filing for Repairs — Drivewayz USA,58,B_REPLACE_BULK,0.0,0.0,0.0,200,True
https://drivewayzusa.co/guides/driveway-defect-notification-reporting-problems-promptly/,Driveway Defect Notification,Driveway Defect Notification: Reporting Problems Promptly,pexels-curtis-adams-1694007-3990589.webp,Driveway Defect Notification: Reporting Problems Promptly — Drivewayz USA,475,B_REPLACE_BULK,0.0,0.0,0.0,200,True
https://drivewayzusa.co/guides/driveway-deflection-testing-measuring-structural-capacity/,Driveway Deflection Testing,Driveway Deflection Testing: Measuring Structural Capacity,pexels-curtis-adams-1694007-3990589.webp,Driveway Deflection Testing: Measuring Structural Capacity — Drivewayz USA,475,B_REPLACE_BULK,0.0,0.0,0.0,200,True
https://drivewayzusa.co/guides/driveway-degreaser-best-products-for-stubborn-stains/,Driveway Degreaser: Best Products for Stubborn Stains,Driveway Degreaser: Best Products for Stubborn Stains,pexels-curtis-adams-1694007-3990589.webp,Driveway Degreaser: Best Products for Stubborn Stains — Drivewayz USA,475,B_REPLACE_BULK,0.0,0.0,0.0,200,True
https://drivewayzusa.co/guides/driveway-demolition-and-removal-cost-and-process/,Driveway Demolition and Removal: Cost and Process,Driveway Demolition and Removal: Cost and Process,pexels-curtis-adams-1694007-3990589.webp,Driveway Demolition and Removal: Cost and Process — Drivewayz USA,475,B_REPLACE_BULK,0.0,0.0,0.0,200,True
https://drivewayzusa.co/guides/driveway-demolition-and-removal-costs/,Driveway Demolition and Removal Costs,Driveway Demolition and Removal Costs,pexels-curtis-adams-1694007-3990589.webp,Driveway Demolition and Removal Costs — Drivewayz USA,475,B_REPLACE_BULK,0.0,0.0,0.0,200,True
https://drivewayzusa.co/guides/driveway-demolition-permit-removing-existing-pavement/,Driveway Demolition Permit: Removing Existing Pavement,Driveway Demolition Permit: Removing Existing Pavement,pexels-curtis-adams-1694007-3990589.webp,Driveway Demolition Permit: Removing Existing Pavement — Drivewayz USA,475,B_REPLACE_BULK,0.0,0.0,0.0,200,True
https://drivewayzusa.co/guides/driveway-density-test-confirming-proper-compaction/,Driveway Density Test: Confirming Proper Compaction,Driveway Density Test: Confirming Proper Compaction,pexels-curtis-adams-1694007-3990589.webp,Driveway Density Test: Confirming Proper Compaction — Drivewayz USA,475,B_REPLACE_BULK,0.0,0.0,0.0,200,True
https://drivewayzusa.co/guides/driveway-deposit-amount-how-much-is-too-much/,Driveway Deposit Amount: How Much Is Too Much?,Driveway Deposit Amount: How Much Is Too Much?,pexels-curtis-adams-1694007-3990589.webp,Driveway Deposit Amount: How Much Is Too Much? — Drivewayz USA,475,B_REPLACE_BULK,0.0,0.0,0.0,200,True
https://drivewayzusa.co/guides/driveway-design-build-contract-one-stop-shop-approach/,Driveway Design-Build Contract: One-Stop Shop Approach,Driveway Design-Build Contract: One-Stop Shop Approach,pexels-curtis-adams-1694007-3990589.webp,Driveway Design-Build Contract: One-Stop Shop Approach — Drivewayz USA,475,B_REPLACE_BULK,0.0,0.0,0.0,200,True
https://drivewayzusa.co/guides/driveway-design-ideas-from-hgtv-what-works-in-real-life/,Driveway Design Ideas From HGTV,Driveway Design Ideas From HGTV: What Works in Real Life,pexels-curtis-adams-1694007-3990589.webp,Driveway Design Ideas From HGTV: What Works in Real Life — Drivewayz USA,475,B_REPLACE_BULK,0.0,0.0,0.0,200,True
https://drivewayzusa.co/guides/driveway-design-mistakes-that-lower-your-home-value/,Driveway Design Mistakes That Lower Your Home Value,Driveway Design Mistakes That Lower Your Home Value,pexels-curtis-adams-1694007-3990589.webp,Driveway Design Mistakes That Lower Your Home Value — Drivewayz USA,475,B_REPLACE_BULK,0.0,0.0,0.0,200,True
https://drivewayzusa.co/guides/driveway-do-nothing-alternative-when-waiting-is-smart/,Driveway Do Nothing Alternative: When Waiting Is Smart,Driveway Do Nothing Alternative: When Waiting Is Smart,pexels-curtis-adams-1694007-3990589.webp,Driveway Do Nothing Alternative: When Waiting Is Smart — Drivewayz USA,475,B_REPLACE_BULK,0.0,0.0,0.0,200,True
https://drivewayzusa.co/guides/driveway-drainage-problems-causes-and-fixes/,Driveway Drainage Problems: Causes and Fixes,Driveway Drainage Problems: Causes and Fixes,pexels-curtis-adams-1694007-3990589.webp,Driveway Drainage Problems: Causes and Fixes — Drivewayz USA,475,B_REPLACE_BULK,0.0,0.0,0.0,200,True
https://drivewayzusa.co/guides/driveway-drone-photography-aerial-view-of-your-property/,Driveway Drone Photography,Driveway Drone Photography: Aerial View of Your Property,pexels-curtis-adams-1694007-3990589.webp,Driveway Drone Photography: Aerial View of Your Property — Drivewayz USA,475,B_REPLACE_BULK,0.0,0.0,0.0,200,True
https://drivewayzusa.co/guides/driveway-edge-crumbling-causes-and-repair-solutions/,Driveway Edge Crumbling: Causes and Repair Solutions,Driveway Edge Crumbling: Causes and Repair Solutions,pexels-artbovich-8134848.webp,Driveway Edge Crumbling: Causes and Repair Solutions — Drivewayz USA,58,B_REPLACE_BULK,0.0,0.0,0.0,200,True
https://drivewayzusa.co/guides/driveway-edging-options-and-installation-guide/,Driveway Edging Options and Installation Guide,Driveway Edging Options and Installation Guide,pexels-curtis-adams-1694007-3990589.webp,Driveway Edging Options and Installation Guide — Drivewayz USA,475,B_REPLACE_BULK,0.0,0.0,0.0,200,True
https://drivewayzusa.co/guides/driveway-electric-scooter-and-bike-access-micro-mobility-design/,Driveway Electric Scooter and Bike Access,Driveway Electric Scooter and Bike Access: Micro-Mobility Design,pexels-curtis-adams-1694007-3990589.webp,Driveway Electric Scooter and Bike Access: Micro-Mobility Design — Drivewayz USA,475,B_REPLACE_BULK,0.0,0.0,0.0,200,True
https://drivewayzusa.co/guides/driveway-emergency-repair-contact-list-be-prepared/,Driveway Emergency Repair Contact List: Be Prepared,Driveway Emergency Repair Contact List: Be Prepared,pexels-artbovich-8134848.webp,Driveway Emergency Repair Contact List: Be Prepared — Drivewayz USA,58,B_REPLACE_BULK,0.0,0.0,0.0,200,True
https://drivewayzusa.co/guides/driveway-emergency-vehicle-access-width-and-turn-requirements/,Driveway Emergency Vehicle Access,Driveway Emergency Vehicle Access: Width and Turn Requirements,pexels-curtis-adams-1694007-3990589.webp,Driveway Emergency Vehicle Access: Width and Turn Requirements — Drivewayz USA,475,B_REPLACE_BULK,0.0,0.0,0.0,200,True
https://drivewayzusa.co/guides/driveway-encroachment-permit-when-you-cross-property-lines/,Driveway Encroachment Permit,Driveway Encroachment Permit: When You Cross Property Lines,pexels-curtis-adams-1694007-3990589.webp,Driveway Encroachment Permit: When You Cross Property Lines — Drivewayz USA,475,B_REPLACE_BULK,0.0,0.0,0.0,200,True
https://drivewayzusa.co/guides/driveway-encroachment-what-to-do/,Driveway Encroachment: What to Do,Driveway Encroachment: What to Do,pexels-curtis-adams-1694007-3990589.webp,Driveway Encroachment: What to Do — Drivewayz USA,475,B_REPLACE_BULK,0.0,0.0,0.0,200,True
https://drivewayzusa.co/guides/driveway-engraved-concrete-custom-designs-after-installation/,Driveway Engraved Concrete,Driveway Engraved Concrete: Custom Designs After Installation,pexels-curtis-adams-1694007-3990589.webp,Driveway Engraved Concrete: Custom Designs After Installation — Drivewayz USA,475,B_REPLACE_BULK,0.0,0.0,0.0,200,True
https://drivewayzusa.co/guides/driveway-environmental-assessment-contaminated-soil-check/,Driveway Environmental Assessment,Driveway Environmental Assessment: Contaminated Soil Check,pexels-curtis-adams-1694007-3990589.webp,Driveway Environmental Assessment: Contaminated Soil Check — Drivewayz USA,475,B_REPLACE_BULK,0.0,0.0,0.0,200,True
https://drivewayzusa.co/guides/driveway-estimating-mistakes-contractors-make/,Driveway Estimating Mistakes Contractors Make,Driveway Estimating Mistakes Contractors Make,pexels-curtis-adams-1694007-3990589.webp,Driveway Estimating Mistakes Contractors Make — Drivewayz USA,475,B_REPLACE_BULK,0.0,0.0,0.0,200,True
https://drivewayzusa.co/guides/driveway-estimation-software-digital-bidding-tools/,Driveway Estimation Software: Digital Bidding Tools,Driveway Estimation Software: Digital Bidding Tools,pexels-curtis-adams-1694007-3990589.webp,Driveway Estimation Software: Digital Bidding Tools — Drivewayz USA,475,B_REPLACE_BULK,0.0,0.0,0.0,200,True
https://drivewayzusa.co/guides/driveway-excavation-and-site-preparation/,Driveway Excavation and Site Preparation,Driveway Excavation and Site Preparation,pexels-curtis-adams-1694007-3990589.webp,Driveway Excavation and Site Preparation — Drivewayz USA,475,B_REPLACE_BULK,0.0,0.0,0.0,200,True
https://drivewayzusa.co/guides/driveway-excavation-grading/,Driveway Excavation and Grading: Site Prep Essentials,Driveway Excavation and Grading: Site Prep Essentials,logov3.png,,19,B_REPLACE_BULK,0.0,0.0,0.0,200,True
https://drivewayzusa.co/guides/driveway-expansion-joint-repair-and-replacement/,Driveway Expansion Joint Repair and Replacement,Driveway Expansion Joint Repair and Replacement,pexels-artbovich-8134848.webp,Driveway Expansion Joint Repair and Replacement — Drivewayz USA,58,B_REPLACE_BULK,0.0,0.0,0.0,200,True
https://drivewayzusa.co/guides/driveway-expansion-joints-and-control-joints-explained/,Driveway Expansion Joints and Control Joints Explained,Driveway Expansion Joints and Control Joints Explained,pexels-curtis-adams-1694007-3990589.webp,Driveway Expansion Joints and Control Joints Explained — Drivewayz USA,475,B_REPLACE_BULK,0.0,0.0,0.0,200,True
https://drivewayzusa.co/guides/driveway-expert-witness-when-disputes-need-professional-opinion/,Driveway Expert Witness,Driveway Expert Witness: When Disputes Need Professional Opinion,pexels-curtis-adams-1694007-3990589.webp,Driveway Expert Witness: When Disputes Need Professional Opinion — Drivewayz USA,475,A_REPLACE_PRIORITY,0.0,11.0,59.27,200,True
https://drivewayzusa.co/guides/driveway-exposed-aggregate-sealing-protecting-the-finish/,Driveway Exposed Aggregate Sealing,Driveway Exposed Aggregate Sealing: Protecting the Finish,pexels-artbovich-8134848.webp,Driveway Exposed Aggregate Sealing: Protecting the Finish — Drivewayz USA,58,B_REPLACE_BULK,0.0,0.0,0.0,200,True
https://drivewayzusa.co/guides/driveway-failure-analysis-root-cause-identification/,Driveway Failure Analysis: Root Cause Identification,Driveway Failure Analysis: Root Cause Identification,pexels-curtis-adams-1694007-3990589.webp,Driveway Failure Analysis: Root Cause Identification — Drivewayz USA,475,B_REPLACE_BULK,0.0,0.0,0.0,200,True
https://drivewayzusa.co/guides/driveway-fall-preparation-leaf-removal-and-pre-winter-care/,Driveway Fall Preparation,Driveway Fall Preparation: Leaf Removal and Pre-Winter Care,pexels-curtis-adams-1694007-3990589.webp,Driveway Fall Preparation: Leaf Removal and Pre-Winter Care — Drivewayz USA,475,B_REPLACE_BULK,0.0,0.0,0.0,200,True
https://drivewayzusa.co/guides/driveway-faq-most-common-questions-answered/,Driveway FAQ: Most Common Questions Answered,Driveway FAQ: Most Common Questions Answered,pexels-curtis-adams-1694007-3990589.webp,Driveway FAQ: Most Common Questions Answered — Drivewayz USA,475,B_REPLACE_BULK,0.0,0.0,0.0,200,True
https://drivewayzusa.co/guides/driveway-fence-setback-at-entry-visibility-requirements/,Driveway Fence Setback at Entry,Driveway Fence Setback at Entry: Visibility Requirements,pexels-curtis-adams-1694007-3990589.webp,Driveway Fence Setback at Entry: Visibility Requirements — Drivewayz USA,475,B_REPLACE_BULK,0.0,0.0,0.0,200,True
https://drivewayzusa.co/guides/driveway-fiber-reinforced-overlay-enhanced-crack-resistance/,Driveway Fiber-Reinforced Overlay,Driveway Fiber-Reinforced Overlay: Enhanced Crack Resistance,pexels-artbovich-8134848.webp,Driveway Fiber-Reinforced Overlay: Enhanced Crack Resistance — Drivewayz USA,58,B_REPLACE_BULK,0.0,0.0,0.0,200,True
https://drivewayzusa.co/guides/driveway-final-completion-when-everything-is-done/,Driveway Final Completion: When Everything Is Done,Driveway Final Completion: When Everything Is Done,pexels-curtis-adams-1694007-3990589.webp,Driveway Final Completion: When Everything Is Done — Drivewayz USA,475,B_REPLACE_BULK,0.0,0.0,0.0,200,True
https://drivewayzusa.co/guides/driveway-final-inspection-checklist-passing-municipal-review/,Driveway Final Inspection Checklist,Driveway Final Inspection Checklist: Passing Municipal Review,pexels-curtis-adams-1694007-3990589.webp,Driveway Final Inspection Checklist: Passing Municipal Review — Drivewayz USA,475,B_REPLACE_BULK,0.0,0.0,0.0,200,True
https://drivewayzusa.co/guides/driveway-final-payment-when-to-release-the-last-check/,Driveway Final Payment: When to Release the Last Check,Driveway Final Payment: When to Release the Last Check,pexels-curtis-adams-1694007-3990589.webp,Driveway Final Payment: When to Release the Last Check — Drivewayz USA,475,B_REPLACE_BULK,0.0,0.0,0.0,200,True
https://drivewayzusa.co/guides/driveway-financing-options-for-homeowners/,Driveway Financing Options for Homeowners: A Complete Guide,Driveway Financing Options for Homeowners,pexels-curtis-adams-1694007-3990589.webp,Driveway Financing Options for Homeowners — Drivewayz USA,475,B_REPLACE_BULK,0.0,0.0,0.0,200,True
https://drivewayzusa.co/guides/driveway-fire-access-requirements-meeting-fire-code/,Driveway Fire Access Requirements: Meeting Fire Code,Driveway Fire Access Requirements: Meeting Fire Code,pexels-curtis-adams-1694007-3990589.webp,Driveway Fire Access Requirements: Meeting Fire Code — Drivewayz USA,475,B_REPLACE_BULK,0.0,0.0,0.0,200,True
https://drivewayzusa.co/guides/driveway-flexural-strength-bending-resistance-of-concrete/,Driveway Flexural Strength,Driveway Flexural Strength: Bending Resistance of Concrete,pexels-curtis-adams-1694007-3990589.webp,Driveway Flexural Strength: Bending Resistance of Concrete — Drivewayz USA,475,B_REPLACE_BULK,0.0,0.0,0.0,200,True
https://drivewayzusa.co/guides/driveway-fog-seal-light-application-asphalt-preservation/,Driveway Fog Seal,Driveway Fog Seal: Light Application Asphalt Preservation,pexels-curtis-adams-1694007-3990589.webp,Driveway Fog Seal: Light Application Asphalt Preservation — Drivewayz USA,475,B_REPLACE_BULK,0.0,0.0,0.0,200,True
https://drivewayzusa.co/guides/driveway-for-climate-zone-1-extreme-cold-materials/,Driveway for Climate Zone 1: Extreme Cold Materials,Driveway for Climate Zone 1: Extreme Cold Materials,pexels-sobeslavjan-13838908.webp,Driveway for Climate Zone 1: Extreme Cold Materials — Drivewayz USA,30,B_REPLACE_BULK,0.0,0.0,0.0,200,True
https://drivewayzusa.co/guides/driveway-for-climate-zone-2-cold-winter-materials/,Driveway for Climate Zone 2: Cold Winter Materials,Driveway for Climate Zone 2: Cold Winter Materials,pexels-sobeslavjan-13838908.webp,Driveway for Climate Zone 2: Cold Winter Materials — Drivewayz USA,30,B_REPLACE_BULK,0.0,0.0,0.0,200,True
https://drivewayzusa.co/guides/driveway-for-climate-zone-3-mixed-climate-materials/,Driveway for Climate Zone 3: Mixed Climate Materials,Driveway for Climate Zone 3: Mixed Climate Materials,pexels-sobeslavjan-13838908.webp,Driveway for Climate Zone 3: Mixed Climate Materials — Drivewayz USA,30,B_REPLACE_BULK,0.0,0.0,0.0,200,True
https://drivewayzusa.co/guides/driveway-for-climate-zone-4-mild-winter-materials/,Driveway for Climate Zone 4: Mild Winter Materials,Driveway for Climate Zone 4: Mild Winter Materials,pexels-sobeslavjan-13838908.webp,Driveway for Climate Zone 4: Mild Winter Materials — Drivewayz USA,30,B_REPLACE_BULK,0.0,0.0,0.0,200,True
https://drivewayzusa.co/guides/driveway-for-climate-zone-5-hot-and-humid-materials/,Driveway for Climate Zone 5: Hot and Humid Materials,Driveway for Climate Zone 5: Hot and Humid Materials,pexels-sobeslavjan-13838908.webp,Driveway for Climate Zone 5: Hot and Humid Materials — Drivewayz USA,30,B_REPLACE_BULK,0.0,0.0,0.0,200,True
https://drivewayzusa.co/guides/driveway-for-climate-zone-6-hot-and-dry-materials/,Driveway for Climate Zone 6: Hot and Dry Materials,Driveway for Climate Zone 6: Hot and Dry Materials,pexels-sobeslavjan-13838908.webp,Driveway for Climate Zone 6: Hot and Dry Materials — Drivewayz USA,30,B_REPLACE_BULK,0.0,0.0,0.0,200,True
https://drivewayzusa.co/guides/driveway-for-rental-properties-best-materials-for-durability/,Driveway for Rental Properties,Driveway for Rental Properties: Best Materials for Durability,pexels-curtis-adams-1694007-3990589.webp,Driveway for Rental Properties: Best Materials for Durability — Drivewayz USA,475,B_REPLACE_BULK,0.0,0.0,0.0,200,True
https://drivewayzusa.co/guides/driveway-force-majeure-when-nature-stops-construction/,Driveway Force Majeure: When Nature Stops Construction,Driveway Force Majeure: When Nature Stops Construction,pexels-curtis-adams-1694007-3990589.webp,Driveway Force Majeure: When Nature Stops Construction — Drivewayz USA,475,B_REPLACE_BULK,0.0,0.0,0.0,200,True
https://drivewayzusa.co/guides/driveway-forensic-investigation-determining-cause-of-failure/,Driveway Forensic Investigation,Driveway Forensic Investigation: Determining Cause of Failure,pexels-curtis-adams-1694007-3990589.webp,Driveway Forensic Investigation: Determining Cause of Failure — Drivewayz USA,475,B_REPLACE_BULK,0.0,0.0,0.0,200,True
https://drivewayzusa.co/guides/driveway-freeze-thaw-testing-astm-c666-method/,Driveway Freeze-Thaw Testing: ASTM C666 Method,Driveway Freeze-Thaw Testing: ASTM C666 Method,pexels-sobeslavjan-13838908.webp,Driveway Freeze-Thaw Testing: ASTM C666 Method — Drivewayz USA,30,B_REPLACE_BULK,0.0,0.0,0.0,200,True
https://drivewayzusa.co/guides/driveway-full-depth-reclamation-rebuilding-from-the-ground-up/,Driveway Full-Depth Reclamation,Driveway Full-Depth Reclamation: Rebuilding From the Ground Up,pexels-curtis-adams-1694007-3990589.webp,Driveway Full-Depth Reclamation: Rebuilding From the Ground Up — Drivewayz USA,475,B_REPLACE_BULK,0.0,0.0,0.0,200,True
https://drivewayzusa.co/guides/driveway-garage-sale-setup-protecting-surface-from-display-items/,Driveway Garage Sale Setup,Driveway Garage Sale Setup: Protecting Surface From Display Items,pexels-curtis-adams-1694007-3990589.webp,Driveway Garage Sale Setup: Protecting Surface From Display Items — Drivewayz USA,475,B_REPLACE_BULK,0.0,0.0,0.0,200,True
https://drivewayzusa.co/guides/driveway-garden-adjacent-design-protecting-both-zones/,Driveway Garden Adjacent Design: Protecting Both Zones,Driveway Garden Adjacent Design: Protecting Both Zones,pexels-curtis-adams-1694007-3990589.webp,Driveway Garden Adjacent Design: Protecting Both Zones — Drivewayz USA,475,B_REPLACE_BULK,0.0,0.0,0.0,200,True
https://drivewayzusa.co/guides/driveway-gas-line-proximity-safety-setbacks/,Driveway Gas Line Proximity: Safety Setbacks,Driveway Gas Line Proximity: Safety Setbacks,pexels-curtis-adams-1694007-3990589.webp,Driveway Gas Line Proximity: Safety Setbacks — Drivewayz USA,475,B_REPLACE_BULK,0.0,0.0,0.0,200,True
https://drivewayzusa.co/guides/driveway-gates-and-security-features/,Driveway Gates and Security Features,Driveway Gates and Security Features,pexels-curtis-adams-1694007-3990589.webp,Driveway Gates and Security Features — Drivewayz USA,475,B_REPLACE_BULK,0.0,0.0,0.0,200,True
https://drivewayzusa.co/guides/driveway-general-liability-insurance-what-contractors-need/,Driveway General Liability Insurance,Driveway General Liability Insurance: What Contractors Need,pexels-curtis-adams-1694007-3990589.webp,Driveway General Liability Insurance: What Contractors Need — Drivewayz USA,475,B_REPLACE_BULK,0.0,0.0,0.0,200,True
https://drivewayzusa.co/guides/driveway-geographic-information-system-gis-mapping-for-maintenance/,Driveway Geographic Information System,Driveway Geographic Information System: GIS Mapping for Maintenance,pexels-artbovich-8134848.webp,Driveway Geographic Information System: GIS Mapping for Maintenance — Drivewayz USA,58,B_REPLACE_BULK,0.0,0.0,0.0,200,True
https://drivewayzusa.co/guides/driveway-geotechnical-assessment-soil-conditions-matter/,Driveway Geotechnical Assessment,Driveway Geotechnical Assessment: Soil Conditions Matter,pexels-curtis-adams-1694007-3990589.webp,Driveway Geotechnical Assessment: Soil Conditions Matter — Drivewayz USA,475,B_REPLACE_BULK,0.0,0.0,0.0,200,True
https://drivewayzusa.co/guides/driveway-geotechnical-report-when-you-need-professional-soil-analysis/,Driveway Geotechnical Report,Driveway Geotechnical Report: When You Need Professional Soil Analysis,pexels-curtis-adams-1694007-3990589.webp,Driveway Geotechnical Report: When You Need Professional Soil Analysis — Drivewayz USA,475,B_REPLACE_BULK,0.0,0.0,0.0,200,True
https://drivewayzusa.co/guides/driveway-glossary-terms-every-homeowner-should-know/,Driveway Glossary: Terms Every Homeowner Should Know,Driveway Glossary: Terms Every Homeowner Should Know,pexels-curtis-adams-1694007-3990589.webp,Driveway Glossary: Terms Every Homeowner Should Know — Drivewayz USA,475,B_REPLACE_BULK,0.0,0.0,0.0,200,True
https://drivewayzusa.co/guides/driveway-gps-staking-precise-layout-from-digital-plans/,Driveway GPS Staking,Driveway GPS Staking: Precise Layout From Digital Plans,pexels-curtis-adams-1694007-3990589.webp,Driveway GPS Staking: Precise Layout From Digital Plans — Drivewayz USA,475,B_REPLACE_BULK,0.0,0.0,0.0,200,True
https://drivewayzusa.co/guides/driveway-grade-and-slope-regulations/,Driveway Grade and Slope Regulations,Driveway Grade and Slope Regulations,pexels-curtis-adams-1694007-3990589.webp,Driveway Grade and Slope Regulations — Drivewayz USA,475,B_REPLACE_BULK,0.0,0.0,0.0,200,True
https://drivewayzusa.co/guides/driveway-grading-cost-leveling-before-installation/,Driveway Grading Cost: Leveling Before Installation,Driveway Grading Cost: Leveling Before Installation,pexels-curtis-adams-1694007-3990589.webp,Driveway Grading Cost: Leveling Before Installation — Drivewayz USA,475,B_REPLACE_BULK,0.0,0.0,0.0,200,True
https://drivewayzusa.co/guides/driveway-grading-permit-when-earthwork-requires-approval/,Driveway Grading Permit,Driveway Grading Permit: When Earthwork Requires Approval,pexels-curtis-adams-1694007-3990589.webp,Driveway Grading Permit: When Earthwork Requires Approval — Drivewayz USA,475,B_REPLACE_BULK,0.0,0.0,0.0,200,True
https://drivewayzusa.co/guides/driveway-graffiti-removal-protecting-your-property/,Driveway Graffiti Removal: Protecting Your Property,Driveway Graffiti Removal: Protecting Your Property,pexels-curtis-adams-1694007-3990589.webp,Driveway Graffiti Removal: Protecting Your Property — Drivewayz USA,475,B_REPLACE_BULK,0.0,0.0,0.0,200,True
https://drivewayzusa.co/guides/driveway-ground-penetrating-radar-subsurface-investigation/,Driveway Ground Penetrating Radar,Driveway Ground Penetrating Radar: Subsurface Investigation,pexels-curtis-adams-1694007-3990589.webp,Driveway Ground Penetrating Radar: Subsurface Investigation — Drivewayz USA,475,B_REPLACE_BULK,0.0,0.0,0.0,200,True
https://drivewayzusa.co/guides/driveway-guaranteed-maximum-price-budget-protection/,Driveway Guaranteed Maximum Price: Budget Protection,Driveway Guaranteed Maximum Price: Budget Protection,pexels-curtis-adams-1694007-3990589.webp,Driveway Guaranteed Maximum Price: Budget Protection — Drivewayz USA,475,B_REPLACE_BULK,0.0,0.0,0.0,200,True
https://drivewayzusa.co/guides/driveway-habitat-impact-environmental-review-requirements/,Driveway Habitat Impact,Driveway Habitat Impact: Environmental Review Requirements,pexels-curtis-adams-1694007-3990589.webp,Driveway Habitat Impact: Environmental Review Requirements — Drivewayz USA,475,B_REPLACE_BULK,0.0,0.0,0.0,200,True
https://drivewayzusa.co/guides/driveway-heaving-and-buckling-causes-and-repair-options/,Driveway Heaving and Buckling,Driveway Heaving and Buckling: Causes and Repair Options,pexels-artbovich-8134848.webp,Driveway Heaving and Buckling: Causes and Repair Options — Drivewayz USA,58,B_REPLACE_BULK,0.0,0.0,0.0,200,True
https://drivewayzusa.co/guides/driveway-heavy-equipment-safety-avoiding-accidents/,Driveway Heavy Equipment Safety: Avoiding Accidents,Driveway Heavy Equipment Safety: Avoiding Accidents,pexels-curtis-adams-1694007-3990589.webp,Driveway Heavy Equipment Safety: Avoiding Accidents — Drivewayz USA,475,B_REPLACE_BULK,0.0,0.0,0.0,200,True
https://drivewayzusa.co/guides/driveway-historic-preservation-standards-secretary-of-interior-guidelines/,Driveway Historic Preservation Standards: A Practical Guide to Secretary of the Interior’s Standards,Driveway Historic Preservation Standards: A Practical Guide to Secretary of the Interior’s Standards,pexels-curtis-adams-1694007-3990589.webp,Driveway Historic Preservation Standards: Secretary of Interior Guidelines — Drivewayz USA,475,B_REPLACE_BULK,0.0,0.0,0.0,200,True
https://drivewayzusa.co/guides/driveway-holdback-protecting-against-incomplete-work/,Driveway Holdback: Protecting Against Incomplete Work,Driveway Holdback: Protecting Against Incomplete Work,pexels-curtis-adams-1694007-3990589.webp,Driveway Holdback: Protecting Against Incomplete Work — Drivewayz USA,475,B_REPLACE_BULK,0.0,0.0,0.0,200,True
https://drivewayzusa.co/guides/driveway-holiday-decorating-tips-protecting-your-surface/,Driveway Holiday Decorating Tips,Driveway Holiday Decorating Tips: Protecting Your Surface,pexels-curtis-adams-1694007-3990589.webp,Driveway Holiday Decorating Tips: Protecting Your Surface — Drivewayz USA,475,B_REPLACE_BULK,0.0,0.0,0.0,200,True
https://drivewayzusa.co/guides/driveway-hot-asphalt-burns-worker-safety-protocols/,Driveway Hot Asphalt Burns: Worker Safety Protocols,Driveway Hot Asphalt Burns: Worker Safety Protocols,pexels-curtis-adams-1694007-3990589.webp,Driveway Hot Asphalt Burns: Worker Safety Protocols — Drivewayz USA,475,B_REPLACE_BULK,0.0,0.0,0.0,200,True
https://drivewayzusa.co/guides/driveway-hot-in-place-recycling-repurposing-existing-asphalt/,Driveway Hot In-Place Recycling,Driveway Hot In-Place Recycling: Repurposing Existing Asphalt,pexels-curtis-adams-1694007-3990589.webp,Driveway Hot In-Place Recycling: Repurposing Existing Asphalt — Drivewayz USA,475,B_REPLACE_BULK,0.0,0.0,0.0,200,True
https://drivewayzusa.co/guides/driveway-hot-pour-crack-sealant-professional-application/,Driveway Hot Pour Crack Sealant,Driveway Hot Pour Crack Sealant: Professional Application,pexels-artbovich-8134848.webp,Driveway Hot Pour Crack Sealant: Professional Application — Drivewayz USA,58,B_REPLACE_BULK,0.0,0.0,0.0,200,True
https://drivewayzusa.co/guides/driveway-hot-tire-marks-on-sealcoated-asphalt/,Driveway Hot Tire Marks on Sealcoated Asphalt,Driveway Hot Tire Marks on Sealcoated Asphalt,pexels-curtis-adams-1694007-3990589.webp,Driveway Hot Tire Marks on Sealcoated Asphalt — Drivewayz USA,475,B_REPLACE_BULK,0.0,0.0,0.0,200,True
https://drivewayzusa.co/guides/driveway-ideas-for-selling-your-home-fast/,Driveway Ideas for Selling Your Home Fast,Driveway Ideas for Selling Your Home Fast,pexels-curtis-adams-1694007-3990589.webp,Driveway Ideas for Selling Your Home Fast — Drivewayz USA,475,B_REPLACE_BULK,0.0,0.0,0.0,200,True
https://drivewayzusa.co/guides/driveway-illumination-requirements-municipal-lighting-standards/,Driveway Illumination Requirements,Driveway Illumination Requirements: Municipal Lighting Standards,pexels-curtis-adams-1694007-3990589.webp,Driveway Illumination Requirements: Municipal Lighting Standards — Drivewayz USA,475,B_REPLACE_BULK,0.0,0.0,0.0,200,True
https://drivewayzusa.co/guides/driveway-impact-resistance-handling-dropped-objects/,Driveway Impact Resistance: Handling Dropped Objects,Driveway Impact Resistance: Handling Dropped Objects,pexels-curtis-adams-1694007-3990589.webp,Driveway Impact Resistance: Handling Dropped Objects — Drivewayz USA,475,B_REPLACE_BULK,0.0,0.0,0.0,200,True
https://drivewayzusa.co/guides/driveway-improvement-priorities-what-to-fix-first/,Driveway Improvement Priorities: What to Fix First,Driveway Improvement Priorities: What to Fix First,pexels-curtis-adams-1694007-3990589.webp,Driveway Improvement Priorities: What to Fix First — Drivewayz USA,475,B_REPLACE_BULK,0.0,0.0,0.0,200,True
https://drivewayzusa.co/guides/driveway-in-buffer-zone-environmental-setback-requirements/,Driveway in Buffer Zone,Driveway in Buffer Zone: Environmental Setback Requirements,pexels-curtis-adams-1694007-3990589.webp,Driveway in Buffer Zone: Environmental Setback Requirements — Drivewayz USA,475,B_REPLACE_BULK,0.0,0.0,0.0,200,True
https://drivewayzusa.co/guides/driveway-industry-associations-napa-acpa-and-icpi/,"Driveway Industry Associations: NAPA, ACPA, and ICPI","Driveway Industry Associations: NAPA, ACPA, and ICPI",pexels-curtis-adams-1694007-3990589.webp,"Driveway Industry Associations: NAPA, ACPA, and ICPI — Drivewayz USA",475,B_REPLACE_BULK,0.0,0.0,0.0,200,True
https://drivewayzusa.co/guides/driveway-infrared-thermography-detecting-subsurface-voids/,Driveway Infrared Thermography,Driveway Infrared Thermography: Detecting Subsurface Voids,pexels-curtis-adams-1694007-3990589.webp,Driveway Infrared Thermography: Detecting Subsurface Voids — Drivewayz USA,475,B_REPLACE_BULK,0.0,0.0,0.0,200,True
https://drivewayzusa.co/guides/driveway-inland-marine-insurance-equipment-and-materials/,Driveway Inland Marine Insurance,Driveway Inland Marine Insurance: Equipment and Materials,pexels-curtis-adams-1694007-3990589.webp,Driveway Inland Marine Insurance: Equipment and Materials — Drivewayz USA,475,B_REPLACE_BULK,0.0,0.0,0.0,200,True
https://drivewayzusa.co/guides/driveway-inspection-during-home-purchase-what-to-look-for/,Driveway Inspection During Home Purchase,Driveway Inspection During Home Purchase: What to Look For,pexels-curtis-adams-1694007-3990589.webp,Driveway Inspection During Home Purchase: What to Look For — Drivewayz USA,475,B_REPLACE_BULK,0.0,0.0,0.0,200,True
https://drivewayzusa.co/guides/driveway-inspection-fees-and-what-they-cover/,Driveway Inspection Fees and What They Cover,Driveway Inspection Fees and What They Cover,pexels-curtis-adams-1694007-3990589.webp,Driveway Inspection Fees and What They Cover — Drivewayz USA,475,B_REPLACE_BULK,0.0,0.0,0.0,200,True
https://drivewayzusa.co/guides/driveway-inspection-report-template-professional-assessment/,Driveway Inspection Report Template,Driveway Inspection Report Template: Professional Assessment,pexels-curtis-adams-1694007-3990589.webp,Driveway Inspection Report Template: Professional Assessment — Drivewayz USA,475,B_REPLACE_BULK,0.0,0.0,0.0,200,True
https://drivewayzusa.co/guides/driveway-inspection-scheduling-municipal-review-process/,Driveway Inspection Scheduling,Driveway Inspection Scheduling: Municipal Review Process,pexels-curtis-adams-1694007-3990589.webp,Driveway Inspection Scheduling: Municipal Review Process — Drivewayz USA,475,B_REPLACE_BULK,0.0,0.0,0.0,200,True
https://drivewayzusa.co/guides/driveway-installation-checklist-dont-miss-these-steps/,Driveway Installation Checklist,Driveway Installation Checklist: Don&#x27;t Miss These Steps,pexels-curtis-adams-1694007-3990589.webp,Driveway Installation Checklist: Don&amp;#x27;t Miss These Steps — Drivewayz USA,475,B_REPLACE_BULK,0.0,0.0,0.0,200,True
https://drivewayzusa.co/guides/driveway-installation-over-utility-easements/,Driveway Installation Over Utility Easements,Driveway Installation Over Utility Easements,pexels-curtis-adams-1694007-3990589.webp,Driveway Installation Over Utility Easements — Drivewayz USA,475,B_REPLACE_BULK,0.0,0.0,0.0,200,True
https://drivewayzusa.co/guides/driveway-insurance-claims-documenting-damage-for-coverage/,Driveway Insurance Claims,Driveway Insurance Claims: Documenting Damage for Coverage,pexels-curtis-adams-1694007-3990589.webp,Driveway Insurance Claims: Documenting Damage for Coverage — Drivewayz USA,475,B_REPLACE_BULK,0.0,0.0,0.0,200,True
https://drivewayzusa.co/guides/driveway-joint-sand-replacement-step-by-step/,Driveway Joint Sand Replacement: Step-by-Step,Driveway Joint Sand Replacement: Step-by-Step,pexels-curtis-adams-1694007-3990589.webp,Driveway Joint Sand Replacement: Step-by-Step — Drivewayz USA,475,B_REPLACE_BULK,0.0,0.0,0.0,200,True
https://drivewayzusa.co/guides/driveway-landscaping-borders-and-plantings/,Driveway Landscaping: Borders and Plantings,Driveway Landscaping: Borders and Plantings,pexels-curtis-adams-1694007-3990589.webp,Driveway Landscaping: Borders and Plantings — Drivewayz USA,475,B_REPLACE_BULK,0.0,0.0,0.0,200,True
https://drivewayzusa.co/guides/driveway-last-mile-delivery-design-e-commerce-era-access/,Driveway Last Mile Delivery Design,Driveway Last Mile Delivery Design: E-Commerce Era Access,pexels-curtis-adams-1694007-3990589.webp,Driveway Last Mile Delivery Design: E-Commerce Era Access — Drivewayz USA,475,B_REPLACE_BULK,0.0,0.0,0.0,200,True
https://drivewayzusa.co/guides/driveway-latent-defect-hidden-problems-that-appear-later/,Driveway Latent Defect,Driveway Latent Defect: Hidden Problems That Appear Later,pexels-curtis-adams-1694007-3990589.webp,Driveway Latent Defect: Hidden Problems That Appear Later — Drivewayz USA,475,B_REPLACE_BULK,0.0,0.0,0.0,200,True
https://drivewayzusa.co/guides/driveway-latex-modified-overlay-flexible-resurfacing/,Driveway Latex-Modified Overlay: Flexible Resurfacing,Driveway Latex-Modified Overlay: Flexible Resurfacing,pexels-artbovich-8134848.webp,Driveway Latex-Modified Overlay: Flexible Resurfacing — Drivewayz USA,58,B_REPLACE_BULK,0.0,0.0,0.0,200,True
https://drivewayzusa.co/guides/driveway-layouts-straight-l-shaped-circular-and-more/,Driveway Layouts,"Driveway Layouts: Straight, L-Shaped, Circular, and More",pexels-curtis-adams-1694007-3990589.webp,"Driveway Layouts: Straight, L-Shaped, Circular, and More — Drivewayz USA",475,B_REPLACE_BULK,0.0,0.0,0.0,200,True
https://drivewayzusa.co/guides/driveway-lead-generation-for-contractors-getting-more-jobs/,Driveway Lead Generation for Contractors,Driveway Lead Generation for Contractors: Getting More Jobs,pexels-curtis-adams-1694007-3990589.webp,Driveway Lead Generation for Contractors: Getting More Jobs — Drivewayz USA,475,B_REPLACE_BULK,0.0,0.0,0.0,200,True
https://drivewayzusa.co/guides/driveway-letter-of-completion-formal-project-closeout/,Driveway Letter of Completion: Formal Project Closeout,Driveway Letter of Completion: Formal Project Closeout,pexels-curtis-adams-1694007-3990589.webp,Driveway Letter of Completion: Formal Project Closeout — Drivewayz USA,475,B_REPLACE_BULK,0.0,0.0,0.0,200,True
https://drivewayzusa.co/guides/driveway-leveling-when-and-how-to-fix-uneven-surfaces/,Driveway Leveling: When and How to Fix Uneven Surfaces,Driveway Leveling: When and How to Fix Uneven Surfaces,pexels-curtis-adams-1694007-3990589.webp,Driveway Leveling: When and How to Fix Uneven Surfaces — Drivewayz USA,475,B_REPLACE_BULK,0.0,0.0,0.0,200,True
https://drivewayzusa.co/guides/driveway-lien-rights-protecting-yourself-from-non-payment-claims/,Driveway Lien Rights,Driveway Lien Rights: Protecting Yourself From Non-Payment Claims,pexels-curtis-adams-1694007-3990589.webp,Driveway Lien Rights: Protecting Yourself From Non-Payment Claims — Drivewayz USA,475,B_REPLACE_BULK,0.0,0.0,0.0,200,True
https://drivewayzusa.co/guides/driveway-lifecycle-extension-strategies-getting-more-years-from-your-surface/,Driveway Lifecycle Extension Strategies,Driveway Lifecycle Extension Strategies: Getting More Years From Your Surface,pexels-curtis-adams-1694007-3990589.webp,Driveway Lifecycle Extension Strategies: Getting More Years From Your Surface — Drivewayz USA,475,B_REPLACE_BULK,0.0,0.0,0.0,200,True
https://drivewayzusa.co/guides/driveway-lighting-types-installation-and-costs/,"Driveway Lighting: Types, Installation, and Costs","Driveway Lighting: Types, Installation, and Costs",pexels-curtis-adams-1694007-3990589.webp,"Driveway Lighting: Types, Installation, and Costs — Drivewayz USA",475,B_REPLACE_BULK,0.0,0.0,0.0,200,True
https://drivewayzusa.co/guides/driveway-lump-sum-contract-fixed-price-agreements/,Driveway Lump Sum Contract: Fixed Price Agreements,Driveway Lump Sum Contract: Fixed Price Agreements,pexels-curtis-adams-1694007-3990589.webp,Driveway Lump Sum Contract: Fixed Price Agreements — Drivewayz USA,475,B_REPLACE_BULK,0.0,0.0,0.0,200,True
https://drivewayzusa.co/guides/driveway-maintenance-agreement-template-service-contracts/,Driveway Maintenance Agreement Template,Driveway Maintenance Agreement Template: Service Contracts,pexels-artbovich-8134848.webp,Driveway Maintenance Agreement Template: Service Contracts — Drivewayz USA,58,B_REPLACE_BULK,0.0,0.0,0.0,200,True
https://drivewayzusa.co/guides/driveway-maintenance-binder-organizing-all-your-records/,Driveway Maintenance Binder,Driveway Maintenance Binder: Organizing All Your Records,pexels-artbovich-8134848.webp,Driveway Maintenance Binder: Organizing All Your Records — Drivewayz USA,58,B_REPLACE_BULK,0.0,0.0,0.0,200,True
https://drivewayzusa.co/guides/driveway-maintenance-calendar-by-season/,Driveway Maintenance Calendar by Season,Driveway Maintenance Calendar by Season,pexels-artbovich-8134848.webp,Driveway Maintenance Calendar by Season — Drivewayz USA,58,B_REPLACE_BULK,0.0,0.0,0.0,200,True
https://drivewayzusa.co/guides/driveway-maintenance-calendar-month-by-month-tasks/,Driveway Maintenance Calendar: Month-by-Month Tasks,Driveway Maintenance Calendar: Month-by-Month Tasks,pexels-artbovich-8134848.webp,Driveway Maintenance Calendar: Month-by-Month Tasks — Drivewayz USA,58,B_REPLACE_BULK,0.0,0.0,0.0,200,True
https://drivewayzusa.co/guides/driveway-maintenance-for-landlords-protecting-your-investment/,Driveway Maintenance for Landlords,Driveway Maintenance for Landlords: Protecting Your Investment,pexels-artbovich-8134848.webp,Driveway Maintenance for Landlords: Protecting Your Investment — Drivewayz USA,58,B_REPLACE_BULK,0.0,0.0,0.0,200,True
https://drivewayzusa.co/guides/driveway-maintenance-log-tracking-work-over-time/,Driveway Maintenance Log: Tracking Work Over Time,Driveway Maintenance Log: Tracking Work Over Time,pexels-artbovich-8134848.webp,Driveway Maintenance Log: Tracking Work Over Time — Drivewayz USA,58,B_REPLACE_BULK,0.0,0.0,0.0,200,True
https://drivewayzusa.co/guides/driveway-maintenance-schedule-year-by-year-guide/,Driveway Maintenance Schedule: Year-by-Year Guide,Driveway Maintenance Schedule: Year-by-Year Guide,pexels-artbovich-8134848.webp,Driveway Maintenance Schedule: Year-by-Year Guide — Drivewayz USA,58,B_REPLACE_BULK,0.0,0.0,0.0,200,True
https://drivewayzusa.co/guides/driveway-material-comparison-aesthetic-rankings/,Driveway Material Comparison: Aesthetic Rankings,Driveway Material Comparison: Aesthetic Rankings,pexels-curtis-adams-1694007-3990589.webp,Driveway Material Comparison: Aesthetic Rankings — Drivewayz USA,475,B_REPLACE_BULK,0.0,0.0,0.0,200,True
https://drivewayzusa.co/guides/driveway-material-comparison-cost-rankings/,Driveway Material Comparison: Cost Rankings,Driveway Material Comparison: Cost Rankings,pexels-curtis-adams-1694007-3990589.webp,Driveway Material Comparison: Cost Rankings — Drivewayz USA,475,A_REPLACE_PRIORITY,0.0,19.0,43.21,200,True
https://drivewayzusa.co/guides/driveway-material-comparison-durability-rankings/,Driveway Material Comparison: Durability Rankings,Driveway Material Comparison: Durability Rankings,pexels-curtis-adams-1694007-3990589.webp,Driveway Material Comparison: Durability Rankings — Drivewayz USA,475,B_REPLACE_BULK,0.0,0.0,0.0,200,True
https://drivewayzusa.co/guides/driveway-material-comparison-environmental-rankings/,Driveway Material Comparison: Environmental Rankings,Driveway Material Comparison: Environmental Rankings,pexels-curtis-adams-1694007-3990589.webp,Driveway Material Comparison: Environmental Rankings — Drivewayz USA,475,B_REPLACE_BULK,0.0,0.0,0.0,200,True
https://drivewayzusa.co/guides/driveway-material-comparison-maintenance-rankings/,Driveway Material Comparison: Maintenance Rankings,Driveway Material Comparison: Maintenance Rankings,pexels-artbovich-8134848.webp,Driveway Material Comparison: Maintenance Rankings — Drivewayz USA,58,B_REPLACE_BULK,0.0,0.0,0.0,200,True
https://drivewayzusa.co/guides/driveway-material-identification-guide-what-do-i-have/,Driveway Material Identification Guide,Driveway Material Identification Guide: What Do I Have?,pexels-curtis-adams-1694007-3990589.webp,Driveway Material Identification Guide: What Do I Have? — Drivewayz USA,475,B_REPLACE_BULK,0.0,0.0,0.0,200,True
https://drivewayzusa.co/guides/driveway-material-msds-safety-data-sheets-you-should-keep/,Driveway Material MSDS,Driveway Material MSDS: Safety Data Sheets You Should Keep,pexels-curtis-adams-1694007-3990589.webp,Driveway Material MSDS: Safety Data Sheets You Should Keep — Drivewayz USA,475,B_REPLACE_BULK,0.0,0.0,0.0,200,True
https://drivewayzusa.co/guides/driveway-material-price-forecast-2026-and-beyond/,Driveway Material Price Forecast: 2026 and Beyond,Driveway Material Price Forecast: 2026 and Beyond,pexels-curtis-adams-1694007-3990589.webp,Driveway Material Price Forecast: 2026 and Beyond — Drivewayz USA,475,B_REPLACE_BULK,0.0,0.0,0.0,200,True
https://drivewayzusa.co/guides/driveway-material-sample-keeping-reference-for-future-repairs/,Driveway Material Sample Keeping,Driveway Material Sample Keeping: Reference for Future Repairs,pexels-artbovich-8134848.webp,Driveway Material Sample Keeping: Reference for Future Repairs — Drivewayz USA,58,B_REPLACE_BULK,0.0,0.0,0.0,200,True
https://drivewayzusa.co/guides/driveway-material-selection-flowchart-find-your-best-match/,Driveway Material Selection Flowchart,Driveway Material Selection Flowchart: Find Your Best Match,pexels-curtis-adams-1694007-3990589.webp,Driveway Material Selection Flowchart: Find Your Best Match — Drivewayz USA,475,B_REPLACE_BULK,0.0,0.0,0.0,200,True
https://drivewayzusa.co/guides/driveway-material-selection-for-extreme-weather-regions/,Driveway Materials for Extreme Weather Regions,Driveway Material Selection for Extreme Weather Regions,pexels-curtis-adams-1694007-3990589.webp,Driveway Material Selection for Extreme Weather Regions — Drivewayz USA,475,B_REPLACE_BULK,0.0,0.0,0.0,200,True
https://drivewayzusa.co/guides/driveway-material-substitution-when-alternatives-are-needed/,Driveway Material Substitution,Driveway Material Substitution: When Alternatives Are Needed,pexels-curtis-adams-1694007-3990589.webp,Driveway Material Substitution: When Alternatives Are Needed — Drivewayz USA,475,B_REPLACE_BULK,0.0,0.0,0.0,200,True
https://drivewayzusa.co/guides/driveway-material-testing-app-smartphone-field-tools/,Driveway Material Testing App: Smartphone Field Tools,Driveway Material Testing App: Smartphone Field Tools,pexels-curtis-adams-1694007-3990589.webp,Driveway Material Testing App: Smartphone Field Tools — Drivewayz USA,475,B_REPLACE_BULK,0.0,0.0,0.0,200,True
https://drivewayzusa.co/guides/driveway-material-testing-labs-verifying-quality/,Driveway Material Testing Labs: Verifying Quality,Driveway Material Testing Labs: Verifying Quality,pexels-curtis-adams-1694007-3990589.webp,Driveway Material Testing Labs: Verifying Quality — Drivewayz USA,475,B_REPLACE_BULK,0.0,0.0,0.0,200,True
https://drivewayzusa.co/guides/driveway-material-warranty-comparison-whats-covered/,Driveway Material Warranty Comparison,Driveway Material Warranty Comparison: What&#x27;s Covered?,pexels-curtis-adams-1694007-3990589.webp,Driveway Material Warranty Comparison: What&amp;#x27;s Covered? — Drivewayz USA,475,B_REPLACE_BULK,0.0,0.0,0.0,200,True
https://drivewayzusa.co/guides/driveway-mechanics-lien-what-homeowners-need-to-know/,Driveway Mechanic&#x27;s Lien,Driveway Mechanic&#x27;s Lien: What Homeowners Need to Know,pexels-curtis-adams-1694007-3990589.webp,Driveway Mechanic&amp;#x27;s Lien: What Homeowners Need to Know — Drivewayz USA,475,B_REPLACE_BULK,0.0,0.0,0.0,200,True
https://drivewayzusa.co/guides/driveway-metallic-epoxy-coating-high-gloss-options/,Driveway Metallic Epoxy Coating: High-Gloss Options,Driveway Metallic Epoxy Coating: High-Gloss Options,pexels-curtis-adams-1694007-3990589.webp,Driveway Metallic Epoxy Coating: High-Gloss Options — Drivewayz USA,475,B_REPLACE_BULK,0.0,0.0,0.0,200,True
https://drivewayzusa.co/guides/driveway-microsurfacing-advanced-preventive-maintenance/,Driveway Microsurfacing,Driveway Microsurfacing: Advanced Preventive Maintenance,pexels-artbovich-8134848.webp,Driveway Microsurfacing: Advanced Preventive Maintenance — Drivewayz USA,58,B_REPLACE_BULK,0.0,0.0,0.0,200,True
https://drivewayzusa.co/guides/driveway-moss-killer-products-and-natural-solutions/,Driveway Moss Killer: Products and Natural Solutions,Driveway Moss Killer: Products and Natural Solutions,pexels-curtis-adams-1694007-3990589.webp,Driveway Moss Killer: Products and Natural Solutions — Drivewayz USA,475,B_REPLACE_BULK,0.0,0.0,0.0,200,True
https://drivewayzusa.co/guides/driveway-moving-day-protection-heavy-load-precautions/,Driveway Moving Day Protection: Heavy Load Precautions,Driveway Moving Day Protection: Heavy Load Precautions,pexels-curtis-adams-1694007-3990589.webp,Driveway Moving Day Protection: Heavy Load Precautions — Drivewayz USA,475,B_REPLACE_BULK,0.0,0.0,0.0,200,True
https://drivewayzusa.co/guides/driveway-myths-debunked-common-misconceptions/,Driveway Myths Debunked: Common Misconceptions,Driveway Myths Debunked: Common Misconceptions,pexels-curtis-adams-1694007-3990589.webp,Driveway Myths Debunked: Common Misconceptions — Drivewayz USA,475,B_REPLACE_BULK,0.0,0.0,0.0,200,True
https://drivewayzusa.co/guides/driveway-near-cell-tower-access-and-easement-issues/,Driveway Near Cell Tower: Access and Easement Issues,Driveway Near Cell Tower: Access and Easement Issues,pexels-curtis-adams-1694007-3990589.webp,Driveway Near Cell Tower: Access and Easement Issues — Drivewayz USA,475,B_REPLACE_BULK,0.0,0.0,0.0,200,True
https://drivewayzusa.co/guides/driveway-near-railroad-crossing-sight-distance-requirements/,Driveway Near Railroad Crossing,Driveway Near Railroad Crossing: Sight Distance Requirements,pexels-curtis-adams-1694007-3990589.webp,Driveway Near Railroad Crossing: Sight Distance Requirements — Drivewayz USA,475,B_REPLACE_BULK,0.0,0.0,0.0,200,True
https://drivewayzusa.co/guides/driveway-negotiation-points-in-home-sales/,Driveway Negotiation Points in Home Sales,Driveway Negotiation Points in Home Sales,pexels-curtis-adams-1694007-3990589.webp,Driveway Negotiation Points in Home Sales — Drivewayz USA,475,B_REPLACE_BULK,0.0,0.0,0.0,200,True
https://drivewayzusa.co/guides/driveway-neighbor-communication-telling-them-about-your-project/,Driveway Neighbor Communication,Driveway Neighbor Communication: Telling Them About Your Project,pexels-curtis-adams-1694007-3990589.webp,Driveway Neighbor Communication: Telling Them About Your Project — Drivewayz USA,475,B_REPLACE_BULK,0.0,0.0,0.0,200,True
https://drivewayzusa.co/guides/driveway-net-zero-paving-achieving-carbon-neutrality/,Driveway Net Zero Paving: Achieving Carbon Neutrality,Driveway Net Zero Paving: Achieving Carbon Neutrality,pexels-curtis-adams-1694007-3990589.webp,Driveway Net Zero Paving: Achieving Carbon Neutrality — Drivewayz USA,475,B_REPLACE_BULK,0.0,0.0,0.0,200,True
https://drivewayzusa.co/guides/driveway-noise-impact-study-traffic-and-construction-noise/,Driveway Noise Impact Study,Driveway Noise Impact Study: Traffic and Construction Noise,pexels-curtis-adams-1694007-3990589.webp,Driveway Noise Impact Study: Traffic and Construction Noise — Drivewayz USA,475,B_REPLACE_BULK,0.0,0.0,0.0,200,True
https://drivewayzusa.co/guides/driveway-occupancy-requirement-when-driveway-affects-building-use/,Driveway Occupancy Requirement,Driveway Occupancy Requirement: When Driveway Affects Building Use,pexels-curtis-adams-1694007-3990589.webp,Driveway Occupancy Requirement: When Driveway Affects Building Use — Drivewayz USA,475,B_REPLACE_BULK,0.0,0.0,0.0,200,True
https://drivewayzusa.co/guides/driveway-oil-absorbent-products-kitty-litter-vs-commercial/,Driveway Oil Absorbent Products,Driveway Oil Absorbent Products: Kitty Litter vs Commercial,pexels-curtis-adams-1694007-3990589.webp,Driveway Oil Absorbent Products: Kitty Litter vs Commercial — Drivewayz USA,475,B_REPLACE_BULK,0.0,0.0,0.0,200,True
https://drivewayzusa.co/guides/driveway-owner-builder-managing-your-own-project/,Driveway Owner-Builder: Managing Your Own Project,Driveway Owner-Builder: Managing Your Own Project,pexels-curtis-adams-1694007-3990589.webp,Driveway Owner-Builder: Managing Your Own Project — Drivewayz USA,475,B_REPLACE_BULK,0.0,0.0,0.0,200,True
https://drivewayzusa.co/guides/driveway-package-delivery-notification-smart-camera-alerts/,Driveway Package Delivery Notification,Driveway Package Delivery Notification: Smart Camera Alerts,pexels-curtis-adams-1694007-3990589.webp,Driveway Package Delivery Notification: Smart Camera Alerts — Drivewayz USA,475,B_REPLACE_BULK,0.0,0.0,0.0,200,True
https://drivewayzusa.co/guides/driveway-paint-remover-safe-options-for-different-surfaces/,Driveway Paint Remover,Driveway Paint Remover: Safe Options for Different Surfaces,pexels-curtis-adams-1694007-3990589.webp,Driveway Paint Remover: Safe Options for Different Surfaces — Drivewayz USA,475,A_REPLACE_PRIORITY,0.0,1.0,6.0,200,True
https://drivewayzusa.co/guides/driveway-party-and-event-setup-temporary-protection-ideas/,Driveway Party and Event Setup,Driveway Party and Event Setup: Temporary Protection Ideas,pexels-curtis-adams-1694007-3990589.webp,Driveway Party and Event Setup: Temporary Protection Ideas — Drivewayz USA,475,B_REPLACE_BULK,0.0,0.0,0.0,200,True
https://drivewayzusa.co/guides/driveway-pavement-management-system-data-driven-decisions/,Driveway Pavement Management System,Driveway Pavement Management System: Data-Driven Decisions,pexels-curtis-adams-1694007-3990589.webp,Driveway Pavement Management System: Data-Driven Decisions — Drivewayz USA,475,B_REPLACE_BULK,0.0,0.0,0.0,200,True
https://drivewayzusa.co/guides/driveway-paver-lifting-and-resetting-repair-guide/,Driveway Paver Lifting and Resetting: Repair Guide,Driveway Paver Lifting and Resetting: Repair Guide,pexels-artbovich-8134848.webp,Driveway Paver Lifting and Resetting: Repair Guide — Drivewayz USA,58,B_REPLACE_BULK,0.0,0.0,0.0,200,True
https://drivewayzusa.co/guides/driveway-paver-replacement-matching-colors-and-sizes/,Driveway Paver Replacement: Matching Colors and Sizes,Driveway Paver Replacement: Matching Colors and Sizes,pexels-curtis-adams-1694007-3990589.webp,Driveway Paver Replacement: Matching Colors and Sizes — Drivewayz USA,475,B_REPLACE_BULK,0.0,0.0,0.0,200,True
https://drivewayzusa.co/guides/driveway-payment-application-template-tracking-costs/,Driveway Payment Application Template: Tracking Costs,Driveway Payment Application Template: Tracking Costs,pexels-curtis-adams-1694007-3990589.webp,Driveway Payment Application Template: Tracking Costs — Drivewayz USA,475,B_REPLACE_BULK,0.0,0.0,0.0,200,True
https://drivewayzusa.co/guides/driveway-payment-bond-protecting-against-non-payment/,Driveway Payment Bond: Protecting Against Non-Payment,Driveway Payment Bond: Protecting Against Non-Payment,pexels-curtis-adams-1694007-3990589.webp,Driveway Payment Bond: Protecting Against Non-Payment — Drivewayz USA,475,B_REPLACE_BULK,0.0,0.0,0.0,200,True
https://drivewayzusa.co/guides/driveway-performance-bond-ensuring-project-completion/,Driveway Performance Bond: Ensuring Project Completion,Driveway Performance Bond: Ensuring Project Completion,pexels-curtis-adams-1694007-3990589.webp,Driveway Performance Bond: Ensuring Project Completion — Drivewayz USA,475,B_REPLACE_BULK,0.0,0.0,0.0,200,True
https://drivewayzusa.co/guides/driveway-permits-and-regulations-in-alabama/,Driveway Permits and Regulations in Alabama,Driveway Permits and Regulations in Alabama,pexels-curtis-adams-1694007-3990589.webp,Driveway Permits and Regulations in Alabama — Drivewayz USA,475,B_REPLACE_BULK,0.0,0.0,0.0,200,True
https://drivewayzusa.co/guides/driveway-permits-and-regulations-in-alaska/,Driveway Permits and Regulations in Alaska,Driveway Permits and Regulations in Alaska,pexels-curtis-adams-1694007-3990589.webp,Driveway Permits and Regulations in Alaska — Drivewayz USA,475,B_REPLACE_BULK,0.0,0.0,0.0,200,True
https://drivewayzusa.co/guides/driveway-permits-and-regulations-in-arizona/,Driveway Permits and Regulations in Arizona,Driveway Permits and Regulations in Arizona,pexels-curtis-adams-1694007-3990589.webp,Driveway Permits and Regulations in Arizona — Drivewayz USA,475,B_REPLACE_BULK,0.0,0.0,0.0,200,True
https://drivewayzusa.co/guides/driveway-permits-and-regulations-in-arkansas/,Driveway Permits and Regulations in Arkansas: A Complete Guide for Homeowners,Driveway Permits and Regulations in Arkansas,pexels-curtis-adams-1694007-3990589.webp,Driveway Permits and Regulations in Arkansas — Drivewayz USA,475,A_REPLACE_PRIORITY,0.0,1.0,1.0,200,True
https://drivewayzusa.co/guides/driveway-permits-and-regulations-in-california/,Driveway Permits and Regulations in California,Driveway Permits and Regulations in California,pexels-curtis-adams-1694007-3990589.webp,Driveway Permits and Regulations in California — Drivewayz USA,475,B_REPLACE_BULK,0.0,0.0,0.0,200,True
https://drivewayzusa.co/guides/driveway-permits-and-regulations-in-colorado/,Driveway Permits and Regulations in Colorado,Driveway Permits and Regulations in Colorado,pexels-curtis-adams-1694007-3990589.webp,Driveway Permits and Regulations in Colorado — Drivewayz USA,475,B_REPLACE_BULK,0.0,0.0,0.0,200,True
https://drivewayzusa.co/guides/driveway-permits-and-regulations-in-connecticut/,Driveway Permits and Regulations in Connecticut,Driveway Permits and Regulations in Connecticut,pexels-curtis-adams-1694007-3990589.webp,Driveway Permits and Regulations in Connecticut — Drivewayz USA,475,B_REPLACE_BULK,0.0,0.0,0.0,200,True
https://drivewayzusa.co/guides/driveway-permits-and-regulations-in-delaware/,Driveway Permits and Regulations in Delaware,Driveway Permits and Regulations in Delaware,pexels-curtis-adams-1694007-3990589.webp,Driveway Permits and Regulations in Delaware — Drivewayz USA,475,B_REPLACE_BULK,0.0,0.0,0.0,200,True
https://drivewayzusa.co/guides/driveway-permits-and-regulations-in-florida/,Driveway Permits and Regulations in Florida,Driveway Permits and Regulations in Florida,pexels-curtis-adams-1694007-3990589.webp,Driveway Permits and Regulations in Florida — Drivewayz USA,475,B_REPLACE_BULK,0.0,0.0,0.0,200,True
https://drivewayzusa.co/guides/driveway-permits-and-regulations-in-georgia/,Driveway Permits and Regulations in Georgia,Driveway Permits and Regulations in Georgia,pexels-curtis-adams-1694007-3990589.webp,Driveway Permits and Regulations in Georgia — Drivewayz USA,475,B_REPLACE_BULK,0.0,0.0,0.0,200,True
https://drivewayzusa.co/guides/driveway-permits-and-regulations-in-hawaii/,Driveway Permits and Regulations in Hawaii,Driveway Permits and Regulations in Hawaii,pexels-curtis-adams-1694007-3990589.webp,Driveway Permits and Regulations in Hawaii — Drivewayz USA,475,B_REPLACE_BULK,0.0,0.0,0.0,200,True
https://drivewayzusa.co/guides/driveway-permits-and-regulations-in-idaho/,Driveway Permits and Regulations in Idaho,Driveway Permits and Regulations in Idaho,pexels-curtis-adams-1694007-3990589.webp,Driveway Permits and Regulations in Idaho — Drivewayz USA,475,A_REPLACE_PRIORITY,0.0,22.0,23.55,200,True
https://drivewayzusa.co/guides/driveway-permits-and-regulations-in-iowa/,Driveway Permits and Regulations in Iowa,Driveway Permits and Regulations in Iowa,pexels-curtis-adams-1694007-3990589.webp,Driveway Permits and Regulations in Iowa — Drivewayz USA,475,B_REPLACE_BULK,0.0,0.0,0.0,200,True
https://drivewayzusa.co/guides/driveway-permits-and-regulations-in-kansas/,Driveway Permits and Regulations in Kansas,Driveway Permits and Regulations in Kansas,hero-driveway-permits-kansas.webp,Driveway permits and regulations in Kansas — Drivewayz USA,1,D_LEAVE,0.0,0.0,0.0,200,True
https://drivewayzusa.co/guides/driveway-permits-and-regulations-in-kentucky/,Driveway Permits and Regulations in Kentucky: A Complete Guide for Property Owners,Driveway Permits and Regulations in Kentucky: A Complete Guide for Property Owners,pexels-curtis-adams-1694007-3990589.webp,Driveway Permits and Regulations in Kentucky — Drivewayz USA,475,A_REPLACE_PRIORITY,0.0,2.0,9.5,200,True
https://drivewayzusa.co/guides/driveway-permits-and-regulations-in-louisiana/,Driveway Permits and Regulations in Louisiana,Driveway Permits and Regulations in Louisiana,pexels-curtis-adams-1694007-3990589.webp,Driveway Permits and Regulations in Louisiana — Drivewayz USA,475,B_REPLACE_BULK,0.0,0.0,0.0,200,True
https://drivewayzusa.co/guides/driveway-permits-and-regulations-in-maine/,Driveway Permits and Regulations in Maine,Driveway Permits and Regulations in Maine,pexels-curtis-adams-1694007-3990589.webp,Driveway Permits and Regulations in Maine — Drivewayz USA,475,B_REPLACE_BULK,0.0,0.0,0.0,200,True
https://drivewayzusa.co/guides/driveway-permits-and-regulations-in-maryland/,Driveway Permits and Regulations in Maryland,Driveway Permits and Regulations in Maryland,pexels-curtis-adams-1694007-3990589.webp,Driveway Permits and Regulations in Maryland — Drivewayz USA,475,B_REPLACE_BULK,0.0,0.0,0.0,200,True
https://drivewayzusa.co/guides/driveway-permits-and-regulations-in-massachusetts/,Driveway Permits and Regulations in Massachusetts,Driveway Permits and Regulations in Massachusetts,pexels-curtis-adams-1694007-3990589.webp,Driveway Permits and Regulations in Massachusetts — Drivewayz USA,475,B_REPLACE_BULK,0.0,0.0,0.0,200,True
https://drivewayzusa.co/guides/driveway-permits-and-regulations-in-michigan/,Driveway Permits and Regulations in Michigan,Driveway Permits and Regulations in Michigan,pexels-curtis-adams-1694007-3990589.webp,Driveway Permits and Regulations in Michigan — Drivewayz USA,475,B_REPLACE_BULK,0.0,0.0,0.0,200,True
https://drivewayzusa.co/guides/driveway-permits-and-regulations-in-minnesota/,Driveway Permits and Regulations in Minnesota,Driveway Permits and Regulations in Minnesota,pexels-curtis-adams-1694007-3990589.webp,Driveway Permits and Regulations in Minnesota — Drivewayz USA,475,B_REPLACE_BULK,0.0,0.0,0.0,200,True
https://drivewayzusa.co/guides/driveway-permits-and-regulations-in-mississippi/,Driveway Permits and Regulations in Mississippi,Driveway Permits and Regulations in Mississippi,pexels-curtis-adams-1694007-3990589.webp,Driveway Permits and Regulations in Mississippi — Drivewayz USA,475,B_REPLACE_BULK,0.0,0.0,0.0,200,True
https://drivewayzusa.co/guides/driveway-permits-and-regulations-in-missouri/,Driveway Permits and Regulations in Missouri,Driveway Permits and Regulations in Missouri,pexels-curtis-adams-1694007-3990589.webp,Driveway Permits and Regulations in Missouri — Drivewayz USA,475,B_REPLACE_BULK,0.0,0.0,0.0,200,True
https://drivewayzusa.co/guides/driveway-permits-and-regulations-in-montana/,Driveway Permit and Regulations in Montana: A Complete Guide for Homeowners,Driveway Permits and Regulations in Montana,pexels-curtis-adams-1694007-3990589.webp,Driveway Permits and Regulations in Montana — Drivewayz USA,475,B_REPLACE_BULK,0.0,0.0,0.0,200,True
https://drivewayzusa.co/guides/driveway-permits-and-regulations-in-nebraska/,Driveway Permits and Regulations in Nebraska,Driveway Permits and Regulations in Nebraska,pexels-curtis-adams-1694007-3990589.webp,Driveway Permits and Regulations in Nebraska — Drivewayz USA,475,B_REPLACE_BULK,0.0,0.0,0.0,200,True
https://drivewayzusa.co/guides/driveway-permits-and-regulations-in-nevada/,Driveway Permits and Regulations in Nevada,Driveway Permits and Regulations in Nevada,pexels-curtis-adams-1694007-3990589.webp,Driveway Permits and Regulations in Nevada — Drivewayz USA,475,B_REPLACE_BULK,0.0,0.0,0.0,200,True
https://drivewayzusa.co/guides/driveway-permits-and-regulations-in-new-hampshire/,Driveway Permits and Regulations in New Hampshire,Driveway Permits and Regulations in New Hampshire,pexels-curtis-adams-1694007-3990589.webp,Driveway Permits and Regulations in New Hampshire — Drivewayz USA,475,B_REPLACE_BULK,0.0,0.0,0.0,200,True
https://drivewayzusa.co/guides/driveway-permits-and-regulations-in-new-jersey/,Driveway Permits and Regulations in New Jersey,Driveway Permits and Regulations in New Jersey,pexels-curtis-adams-1694007-3990589.webp,Driveway Permits and Regulations in New Jersey — Drivewayz USA,475,B_REPLACE_BULK,0.0,0.0,0.0,200,True
https://drivewayzusa.co/guides/driveway-permits-and-regulations-in-new-mexico/,Driveway Permits and Regulations in New Mexico,Driveway Permits and Regulations in New Mexico,pexels-curtis-adams-1694007-3990589.webp,Driveway Permits and Regulations in New Mexico — Drivewayz USA,475,B_REPLACE_BULK,0.0,0.0,0.0,200,True
https://drivewayzusa.co/guides/driveway-permits-and-regulations-in-new-york/,Driveway Permits and Regulations in New York,Driveway Permits and Regulations in New York,pexels-curtis-adams-1694007-3990589.webp,Driveway Permits and Regulations in New York — Drivewayz USA,475,B_REPLACE_BULK,0.0,0.0,0.0,200,True
https://drivewayzusa.co/guides/driveway-permits-and-regulations-in-north-carolina/,Driveway Permits and Regulations in North Carolina,Driveway Permits and Regulations in North Carolina,pexels-curtis-adams-1694007-3990589.webp,Driveway Permits and Regulations in North Carolina — Drivewayz USA,475,B_REPLACE_BULK,0.0,0.0,0.0,200,True
https://drivewayzusa.co/guides/driveway-permits-and-regulations-in-north-dakota/,Driveway Permits and Regulations in North Dakota,Driveway Permits and Regulations in North Dakota,pexels-curtis-adams-1694007-3990589.webp,Driveway Permits and Regulations in North Dakota — Drivewayz USA,475,B_REPLACE_BULK,0.0,0.0,0.0,200,True
https://drivewayzusa.co/guides/driveway-permits-and-regulations-in-ohio/,Ohio Driveway Permits and Regulations: A Complete Guide for Homeowners,Ohio Driveway Permits and Regulations: A Complete Guide for Homeowners,pexels-curtis-adams-1694007-3990589.webp,Driveway Permits and Regulations in Ohio — Drivewayz USA,475,B_REPLACE_BULK,0.0,0.0,0.0,200,True
https://drivewayzusa.co/guides/driveway-permits-and-regulations-in-oklahoma/,Driveway Permits and Regulations in Oklahoma: A Complete Guide for Homeowners,Driveway Permits and Regulations in Oklahoma: A Complete Guide for Homeowners,pexels-curtis-adams-1694007-3990589.webp,Driveway Permits and Regulations in Oklahoma — Drivewayz USA,475,B_REPLACE_BULK,0.0,0.0,0.0,200,True
https://drivewayzusa.co/guides/driveway-permits-and-regulations-in-oregon/,Driveway Permits and Regulations in Oregon,Driveway Permits and Regulations in Oregon,pexels-curtis-adams-1694007-3990589.webp,Driveway Permits and Regulations in Oregon — Drivewayz USA,475,B_REPLACE_BULK,0.0,0.0,0.0,200,True
https://drivewayzusa.co/guides/driveway-permits-and-regulations-in-pennsylvania/,Driveway Permits and Regulations in Pennsylvania,Driveway Permits and Regulations in Pennsylvania,pexels-curtis-adams-1694007-3990589.webp,Driveway Permits and Regulations in Pennsylvania — Drivewayz USA,475,B_REPLACE_BULK,0.0,0.0,0.0,200,True
https://drivewayzusa.co/guides/driveway-permits-and-regulations-in-rhode-island/,Driveway Permits and Regulations in Rhode Island,Driveway Permits and Regulations in Rhode Island,pexels-curtis-adams-1694007-3990589.webp,Driveway Permits and Regulations in Rhode Island — Drivewayz USA,475,B_REPLACE_BULK,0.0,0.0,0.0,200,True
https://drivewayzusa.co/guides/driveway-permits-and-regulations-in-south-carolina/,Driveway Permits and Regulations in South Carolina,Driveway Permits and Regulations in South Carolina,pexels-curtis-adams-1694007-3990589.webp,Driveway Permits and Regulations in South Carolina — Drivewayz USA,475,B_REPLACE_BULK,0.0,0.0,0.0,200,True
https://drivewayzusa.co/guides/driveway-permits-and-regulations-in-south-dakota/,Driveway Permits Matter in South Dakota: Complete Guide for Homeowners and Contractors,Driveway Permits Matter in South Dakota: Complete Guide for Homeowners and Contractors,pexels-curtis-adams-1694007-3990589.webp,Driveway Permits and Regulations in South Dakota — Drivewayz USA,475,B_REPLACE_BULK,0.0,0.0,0.0,200,True
https://drivewayzusa.co/guides/driveway-permits-and-regulations-in-tennessee/,"Tennessee Driveway Permits (2026): Rules, Costs and How to Apply",Driveway Permits and Regulations in Tennessee,pexels-curtis-adams-1694007-3990589.webp,Driveway Permits and Regulations in Tennessee — Drivewayz USA,475,A_REPLACE_PRIORITY,2.0,203.0,35.68,200,True
https://drivewayzusa.co/guides/driveway-permits-and-regulations-in-texas/,Driveway Permits and Regulations in Texas,Driveway Permits and Regulations in Texas,pexels-curtis-adams-1694007-3990589.webp,Driveway Permits and Regulations in Texas — Drivewayz USA,475,B_REPLACE_BULK,0.0,0.0,0.0,200,True
https://drivewayzusa.co/guides/driveway-permits-and-regulations-in-utah/,Utah Driveway Permits and Regulations: A Complete Guide for Homeowners,Utah Driveway Permits and Regulations: A Complete Guide for Homeowners,pexels-curtis-adams-1694007-3990589.webp,Driveway Permits and Regulations in Utah — Drivewayz USA,475,A_REPLACE_PRIORITY,0.0,1.0,10.0,200,True
https://drivewayzusa.co/guides/driveway-permits-and-regulations-in-vermont/,Driveway Permits and Regulations in Vermont,Driveway Permits and Regulations in Vermont,pexels-curtis-adams-1694007-3990589.webp,Driveway Permits and Regulations in Vermont — Drivewayz USA,475,B_REPLACE_BULK,0.0,0.0,0.0,200,True
https://drivewayzusa.co/guides/driveway-permits-and-regulations-in-virginia/,Driveway Permits and Regulations in Virginia: A Complete Homeowner Guide,Driveway Permits and Regulations in Virginia: A Complete Homeowner Guide,pexels-curtis-adams-1694007-3990589.webp,Driveway Permits and Regulations in Virginia — Drivewayz USA,475,B_REPLACE_BULK,0.0,0.0,0.0,200,True
https://drivewayzusa.co/guides/driveway-permits-and-regulations-in-washington/,Driveway Permits and Regulations in Washington State: What Homeowners Actually Need to Know,Driveway Permits and Regulations in Washington,pexels-curtis-adams-1694007-3990589.webp,Driveway Permits and Regulations in Washington — Drivewayz USA,475,B_REPLACE_BULK,0.0,0.0,0.0,200,True
https://drivewayzusa.co/guides/driveway-permits-and-regulations-in-west-virginia/,Driveway Permits and Regulations in West Virginia,Driveway Permits and Regulations in West Virginia,pexels-curtis-adams-1694007-3990589.webp,Driveway Permits and Regulations in West Virginia — Drivewayz USA,475,B_REPLACE_BULK,0.0,0.0,0.0,200,True
https://drivewayzusa.co/guides/driveway-permits-and-regulations-in-wisconsin/,Driveway Permits and Regulations in Wisconsin,Driveway Permits and Regulations in Wisconsin,pexels-curtis-adams-1694007-3990589.webp,Driveway Permits and Regulations in Wisconsin — Drivewayz USA,475,A_REPLACE_PRIORITY,0.0,8.0,29.5,200,True
https://drivewayzusa.co/guides/driveway-permits-and-regulations-in-wyoming/,Driveway Permits and Regulations in Wyoming,Driveway Permits and Regulations in Wyoming,pexels-curtis-adams-1694007-3990589.webp,Driveway Permits and Regulations in Wyoming — Drivewayz USA,475,B_REPLACE_BULK,0.0,0.0,0.0,200,True
https://drivewayzusa.co/guides/driveway-permits-how-much-do-they-cost/,Driveway Permits: How Much Do They Cost?,Driveway Permits: How Much Do They Cost?,pexels-curtis-adams-1694007-3990589.webp,Driveway Permits: How Much Do They Cost? — Drivewayz USA,475,B_REPLACE_BULK,0.0,0.0,0.0,200,True
https://drivewayzusa.co/guides/driveway-permits-what-you-need-before-starting/,Driveway Permits: What You Need Before Starting,Driveway Permits: What You Need Before Starting,pexels-curtis-adams-1694007-3990589.webp,Driveway Permits: What You Need Before Starting — Drivewayz USA,475,B_REPLACE_BULK,0.0,0.0,0.0,200,True
https://drivewayzusa.co/guides/driveway-pet-area-design-creating-a-safe-space/,Driveway Pet Area Design: Creating a Safe Space,Driveway Pet Area Design: Creating a Safe Space,pexels-curtis-adams-1694007-3990589.webp,Driveway Pet Area Design: Creating a Safe Space — Drivewayz USA,475,B_REPLACE_BULK,0.0,0.0,0.0,200,True
https://drivewayzusa.co/guides/driveway-photo-documentation-before-during-and-after/,Driveway Photo Documentation,"Driveway Photo Documentation: Before, During, and After",pexels-curtis-adams-1694007-3990589.webp,"Driveway Photo Documentation: Before, During, and After — Drivewayz USA",475,B_REPLACE_BULK,0.0,0.0,0.0,200,True
https://drivewayzusa.co/guides/driveway-photo-history-documenting-changes-and-aging/,Driveway Photo History: Documenting Changes and Aging,Driveway Photo History: Documenting Changes and Aging,pexels-curtis-adams-1694007-3990589.webp,Driveway Photo History: Documenting Changes and Aging — Drivewayz USA,475,B_REPLACE_BULK,0.0,0.0,0.0,200,True
https://drivewayzusa.co/guides/driveway-photography-tips-capturing-the-best-angles-for-listings/,Driveway Photography Tips,Driveway Photography Tips: Capturing the Best Angles for Listings,pexels-curtis-adams-1694007-3990589.webp,Driveway Photography Tips: Capturing the Best Angles for Listings — Drivewayz USA,475,B_REPLACE_BULK,0.0,0.0,0.0,200,True
https://drivewayzusa.co/guides/driveway-planning-for-new-home-construction/,Driveway Planning for New Home Construction,Driveway Planning for New Home Construction,pexels-curtis-adams-1694007-3990589.webp,Driveway Planning for New Home Construction — Drivewayz USA,475,B_REPLACE_BULK,0.0,0.0,0.0,200,True
https://drivewayzusa.co/guides/driveway-pollution-liability-environmental-coverage/,Driveway Pollution Liability: Environmental Coverage,Driveway Pollution Liability: Environmental Coverage,pexels-curtis-adams-1694007-3990589.webp,Driveway Pollution Liability: Environmental Coverage — Drivewayz USA,475,B_REPLACE_BULK,0.0,0.0,0.0,200,True
https://drivewayzusa.co/guides/driveway-polyaspartic-coating-fast-cure-alternative/,Driveway Polyaspartic Coating: Fast-Cure Alternative,Driveway Polyaspartic Coating: Fast-Cure Alternative,pexels-curtis-adams-1694007-3990589.webp,Driveway Polyaspartic Coating: Fast-Cure Alternative — Drivewayz USA,475,B_REPLACE_BULK,0.0,0.0,0.0,200,True
https://drivewayzusa.co/guides/driveway-polymer-overlay-decorative-and-protective/,Driveway Polymer Overlay: A Smart Decorative and Protective Upgrade for Homeowners,Driveway Polymer Overlay: A Smart Decorative and Protective Upgrade for Homeowners,matt-jones-xpDHTc-pkog-unsplash.webp,Driveway Polymer Overlay: Decorative and Protective — Drivewayz USA,9,A_REPLACE_PRIORITY,0.0,19.0,21.95,200,True
https://drivewayzusa.co/guides/driveway-pothole-repair-step-by-step-fix-guide/,Driveway Pothole Repair: Step-by-Step Fix Guide,Driveway Pothole Repair: Step-by-Step Fix Guide,pexels-artbovich-8134848.webp,Driveway Pothole Repair: Step-by-Step Fix Guide — Drivewayz USA,58,A_REPLACE_PRIORITY,0.0,6.0,58.0,200,True
https://drivewayzusa.co/guides/driveway-power-washing-before-home-sale-worth-the-cost/,Driveway Power Washing Before Home Sale,Driveway Power Washing Before Home Sale: Worth the Cost?,pexels-curtis-adams-1694007-3990589.webp,Driveway Power Washing Before Home Sale: Worth the Cost? — Drivewayz USA,475,B_REPLACE_BULK,0.0,0.0,0.0,200,True
https://drivewayzusa.co/guides/driveway-power-washing-frequency-guide/,Driveway Power Washing Frequency Guide,Driveway Power Washing Frequency Guide,pexels-curtis-adams-1694007-3990589.webp,Driveway Power Washing Frequency Guide — Drivewayz USA,475,B_REPLACE_BULK,0.0,0.0,0.0,200,True
https://drivewayzusa.co/guides/driveway-power-washing-tips-for-a-clean-surface/,Driveway Power Washing: Tips for a Clean Surface,Driveway Power Washing: Tips for a Clean Surface,pexels-curtis-adams-1694007-3990589.webp,Driveway Power Washing: Tips for a Clean Surface — Drivewayz USA,475,B_REPLACE_BULK,0.0,0.0,0.0,200,True
https://drivewayzusa.co/guides/driveway-ppe-requirements-protective-equipment-for-workers/,Driveway PPE Requirements,Driveway PPE Requirements: Protective Equipment for Workers,pexels-curtis-adams-1694007-3990589.webp,Driveway PPE Requirements: Protective Equipment for Workers — Drivewayz USA,475,B_REPLACE_BULK,0.0,0.0,0.0,200,True
https://drivewayzusa.co/guides/driveway-pressure-washing-mistakes-that-cause-damage/,Driveway Pressure Washing Mistakes That Cause Damage,Driveway Pressure Washing Mistakes That Cause Damage,pexels-curtis-adams-1694007-3990589.webp,Driveway Pressure Washing Mistakes That Cause Damage — Drivewayz USA,475,B_REPLACE_BULK,0.0,0.0,0.0,200,True
https://drivewayzusa.co/guides/driveway-preventive-maintenance-program-saving-money-long-term/,Driveway Preventive Maintenance Program,Driveway Preventive Maintenance Program: Saving Money Long-Term,pexels-artbovich-8134848.webp,Driveway Preventive Maintenance Program: Saving Money Long-Term — Drivewayz USA,58,B_REPLACE_BULK,0.0,0.0,0.0,200,True
https://drivewayzusa.co/guides/driveway-prime-coat-preparing-base-for-asphalt/,Driveway Prime Coat: Preparing Base for Asphalt,Driveway Prime Coat: Preparing Base for Asphalt,pexels-curtis-adams-1694007-3990589.webp,Driveway Prime Coat: Preparing Base for Asphalt — Drivewayz USA,475,B_REPLACE_BULK,0.0,0.0,0.0,200,True
https://drivewayzusa.co/guides/driveway-problem-diagnosis-guide-identifying-issues-by-symptom/,Driveway Problem Diagnosis Guide,Driveway Problem Diagnosis Guide: Identifying Issues by Symptom,pexels-curtis-adams-1694007-3990589.webp,Driveway Problem Diagnosis Guide: Identifying Issues by Symptom — Drivewayz USA,475,B_REPLACE_BULK,0.0,0.0,0.0,200,True
https://drivewayzusa.co/guides/driveway-product-innovation-new-materials-and-methods/,Driveway Product Innovation: New Materials and Methods,Driveway Product Innovation: New Materials and Methods,pexels-curtis-adams-1694007-3990589.webp,Driveway Product Innovation: New Materials and Methods — Drivewayz USA,475,B_REPLACE_BULK,0.0,0.0,0.0,200,True
https://drivewayzusa.co/guides/driveway-professional-liability-design-error-protection/,Driveway Professional Liability,Driveway Professional Liability: Design Error Protection,pexels-curtis-adams-1694007-3990589.webp,Driveway Professional Liability: Design Error Protection — Drivewayz USA,475,B_REPLACE_BULK,0.0,0.0,0.0,200,True
https://drivewayzusa.co/guides/driveway-progress-payment-paying-as-work-completes/,Driveway Progress Payment: Paying as Work Completes,Driveway Progress Payment: Paying as Work Completes,pexels-curtis-adams-1694007-3990589.webp,Driveway Progress Payment: Paying as Work Completes — Drivewayz USA,475,B_REPLACE_BULK,0.0,0.0,0.0,200,True
https://drivewayzusa.co/guides/driveway-project-case-studies-before-and-after/,Driveway Project Case Studies: Before and After,Driveway Project Case Studies: Before and After,pexels-curtis-adams-1694007-3990589.webp,Driveway Project Case Studies: Before and After — Drivewayz USA,475,B_REPLACE_BULK,0.0,0.0,0.0,200,True
https://drivewayzusa.co/guides/driveway-project-checklist-for-homeowners-free-pdf/,Driveway Project Checklist for Homeowners (Free PDF),Driveway Project Checklist for Homeowners (Free PDF),pexels-curtis-adams-1694007-3990589.webp,Driveway Project Checklist for Homeowners (Free PDF) — Drivewayz USA,475,B_REPLACE_BULK,0.0,0.0,0.0,200,True
https://drivewayzusa.co/guides/driveway-project-delay-causes-weather-permits-and-supply/,Driveway Project Delay Causes,"Driveway Project Delay Causes: Weather, Permits, and Supply",pexels-curtis-adams-1694007-3990589.webp,"Driveway Project Delay Causes: Weather, Permits, and Supply — Drivewayz USA",475,B_REPLACE_BULK,0.0,0.0,0.0,200,True
https://drivewayzusa.co/guides/driveway-project-management-software-tracking-progress/,Driveway Project Management Software,Driveway Project Management Software: Tracking Progress,pexels-curtis-adams-1694007-3990589.webp,Driveway Project Management Software: Tracking Progress — Drivewayz USA,475,B_REPLACE_BULK,0.0,0.0,0.0,200,True
https://drivewayzusa.co/guides/driveway-project-management-timeline-budget-and-quality-control/,"Driveway Timeline, Budget & Quality Control - Drivewayzusa","Driveway Project Management: Timeline, Budget, and Quality Control",pexels-curtis-adams-1694007-3990589.webp,"Driveway Project Management: Timeline, Budget, and Quality Control — Drivewayz USA",475,B_REPLACE_BULK,0.0,0.0,0.0,200,True
https://drivewayzusa.co/guides/driveway-project-management-working-with-your-contractor/,Managing Your Driveway Contractor Project - Drivewayzusa,Driveway Project Management: Working with Your Contractor,pexels-curtis-adams-1694007-3990589.webp,Driveway Project Management: Working with Your Contractor — Drivewayz USA,475,B_REPLACE_BULK,0.0,0.0,0.0,200,True
https://drivewayzusa.co/guides/driveway-project-scope-creep-staying-on-budget/,Driveway Project Scope Creep: Staying on Budget,Driveway Project Scope Creep: Staying on Budget,pexels-curtis-adams-1694007-3990589.webp,Driveway Project Scope Creep: Staying on Budget — Drivewayz USA,475,B_REPLACE_BULK,0.0,0.0,0.0,200,True
https://drivewayzusa.co/guides/driveway-project-timeline-from-planning-to-completion/,Driveway Project Timeline: From Planning to Completion,Driveway Project Timeline: From Planning to Completion,pexels-curtis-adams-1694007-3990589.webp,Driveway Project Timeline: From Planning to Completion — Drivewayz USA,475,B_REPLACE_BULK,0.0,0.0,0.0,200,True
https://drivewayzusa.co/guides/driveway-project-timeline-template-from-planning-to-completion/,Driveway Project Timeline Template,Driveway Project Timeline Template: From Planning to Completion,pexels-curtis-adams-1694007-3990589.webp,Driveway Project Timeline Template: From Planning to Completion — Drivewayz USA,475,B_REPLACE_BULK,0.0,0.0,0.0,200,True
https://drivewayzusa.co/guides/driveway-property-survey-verifying-boundaries-before-building/,Driveway Property Survey,Driveway Property Survey: Verifying Boundaries Before Building,pexels-curtis-adams-1694007-3990589.webp,Driveway Property Survey: Verifying Boundaries Before Building — Drivewayz USA,475,B_REPLACE_BULK,0.0,0.0,0.0,200,True
https://drivewayzusa.co/guides/driveway-pros-and-cons-by-material-complete-breakdown/,Driveway Pros and Cons by Material: Complete Breakdown,Driveway Pros and Cons by Material: Complete Breakdown,pexels-curtis-adams-1694007-3990589.webp,Driveway Pros and Cons by Material: Complete Breakdown — Drivewayz USA,475,B_REPLACE_BULK,0.0,0.0,0.0,200,True
https://drivewayzusa.co/guides/driveway-protective-coating-for-new-installations/,Driveway Protective Coating for New Installations,Driveway Protective Coating for New Installations,pexels-curtis-adams-1694007-3990589.webp,Driveway Protective Coating for New Installations — Drivewayz USA,475,B_REPLACE_BULK,0.0,0.0,0.0,200,True
https://drivewayzusa.co/guides/driveway-punch-list-template-final-inspection-form/,Driveway Punch List Template: Final Inspection Form,Driveway Punch List Template: Final Inspection Form,pexels-curtis-adams-1694007-3990589.webp,Driveway Punch List Template: Final Inspection Form — Drivewayz USA,475,B_REPLACE_BULK,0.0,0.0,0.0,200,True
https://drivewayzusa.co/guides/driveway-quality-control-ensuring-consistent-results/,Driveway Quality Control: Ensuring Consistent Results,Driveway Quality Control: Ensuring Consistent Results,pexels-curtis-adams-1694007-3990589.webp,Driveway Quality Control: Ensuring Consistent Results — Drivewayz USA,475,B_REPLACE_BULK,0.0,0.0,0.0,200,True
https://drivewayzusa.co/guides/driveway-quick-fixes-before-listing-your-home/,Driveway Quick Fixes Before Listing Your Home,Driveway Quick Fixes Before Listing Your Home,pexels-curtis-adams-1694007-3990589.webp,Driveway Quick Fixes Before Listing Your Home — Drivewayz USA,475,B_REPLACE_BULK,0.0,0.0,0.0,200,True
https://drivewayzusa.co/guides/driveway-rain-sensor-automatic-irrigation-shutoff-near-pavement/,Driveway Rain Sensor,Driveway Rain Sensor: Automatic Irrigation Shutoff Near Pavement,pexels-curtis-adams-1694007-3990589.webp,Driveway Rain Sensor: Automatic Irrigation Shutoff Near Pavement — Drivewayz USA,475,B_REPLACE_BULK,0.0,0.0,0.0,200,True
https://drivewayzusa.co/guides/driveway-reconstruction-vs-rehabilitation-making-the-right-call/,Driveway Reconstruction vs Rehabilitation,Driveway Reconstruction vs Rehabilitation: Making the Right Call,pexels-curtis-adams-1694007-3990589.webp,Driveway Reconstruction vs Rehabilitation: Making the Right Call — Drivewayz USA,475,B_REPLACE_BULK,0.0,0.0,0.0,200,True
https://drivewayzusa.co/guides/driveway-reference-check-template-verifying-contractor-quality/,Driveway Reference Check Template,Driveway Reference Check Template: Verifying Contractor Quality,pexels-curtis-adams-1694007-3990589.webp,Driveway Reference Check Template: Verifying Contractor Quality — Drivewayz USA,475,B_REPLACE_BULK,0.0,0.0,0.0,200,True
https://drivewayzusa.co/guides/driveway-reflectors-and-markers/,Driveway Reflectors and Markers,Driveway Reflectors and Markers,pexels-curtis-adams-1694007-3990589.webp,Driveway Reflectors and Markers — Drivewayz USA,475,B_REPLACE_BULK,0.0,0.0,0.0,200,True
https://drivewayzusa.co/guides/driveway-refresh-ideas-under-2000/,Driveway Refresh Ideas Under $2000,Driveway Refresh Ideas Under $2000,pexels-curtis-adams-1694007-3990589.webp,Driveway Refresh Ideas Under $2000 — Drivewayz USA,475,B_REPLACE_BULK,0.0,0.0,0.0,200,True
https://drivewayzusa.co/guides/driveway-reinforcement/,Driveway Reinforcement,"Driveway Reinforcement: Rebar, Wire Mesh, and Fiber Options",logov3.png,,19,B_REPLACE_BULK,0.0,0.0,0.0,200,True
https://drivewayzusa.co/guides/driveway-remediation-plan-steps-to-fix-major-problems/,Driveway Remediation Plan: Steps to Fix Major Problems,Driveway Remediation Plan: Steps to Fix Major Problems,pexels-curtis-adams-1694007-3990589.webp,Driveway Remediation Plan: Steps to Fix Major Problems — Drivewayz USA,475,B_REPLACE_BULK,0.0,0.0,0.0,200,True
https://drivewayzusa.co/guides/driveway-renovation-before-selling-your-home/,Driveway Renovation Before Selling Your Home,Driveway Renovation Before Selling Your Home,pexels-curtis-adams-1694007-3990589.webp,Driveway Renovation Before Selling Your Home — Drivewayz USA,475,B_REPLACE_BULK,0.0,0.0,0.0,200,True
https://drivewayzusa.co/guides/driveway-repair-decision-tree-fix-it-or-replace-it/,Driveway Repair Decision Tree: Fix It or Replace It?,Driveway Repair Decision Tree: Fix It or Replace It?,pexels-artbovich-8134848.webp,Driveway Repair Decision Tree: Fix It or Replace It? — Drivewayz USA,58,B_REPLACE_BULK,0.0,0.0,0.0,200,True
https://drivewayzusa.co/guides/driveway-replacement-after-home-purchase-planning-guide/,Driveway Replacement After Home Purchase,Driveway Replacement After Home Purchase: Planning Guide,pexels-curtis-adams-1694007-3990589.webp,Driveway Replacement After Home Purchase: Planning Guide — Drivewayz USA,475,B_REPLACE_BULK,0.0,0.0,0.0,200,True
https://drivewayzusa.co/guides/driveway-request-for-proposal-template-rfp-for-contractors/,Driveway Request for Proposal Template,Driveway Request for Proposal Template: RFP for Contractors,pexels-curtis-adams-1694007-3990589.webp,Driveway Request for Proposal Template: RFP for Contractors — Drivewayz USA,475,B_REPLACE_BULK,0.0,0.0,0.0,200,True
https://drivewayzusa.co/guides/driveway-research-and-development-university-studies/,Driveway Research and Development: University Studies,Driveway Research and Development: University Studies,pexels-curtis-adams-1694007-3990589.webp,Driveway Research and Development: University Studies — Drivewayz USA,475,B_REPLACE_BULK,0.0,0.0,0.0,200,True
https://drivewayzusa.co/guides/driveway-resilience-planning-preparing-for-extreme-weather/,Driveway Resilience Planning,Driveway Resilience Planning: Preparing for Extreme Weather,pexels-curtis-adams-1694007-3990589.webp,Driveway Resilience Planning: Preparing for Extreme Weather — Drivewayz USA,475,B_REPLACE_BULK,0.0,0.0,0.0,200,True
https://drivewayzusa.co/guides/driveway-resurfacing-vs-replacement-when-to-choose-each/,Driveway Resurfacing vs Replacement,Driveway Resurfacing vs Replacement: When to Choose Each,pexels-artbovich-8134848.webp,Driveway Resurfacing vs Replacement: When to Choose Each — Drivewayz USA,58,B_REPLACE_BULK,0.0,0.0,0.0,200,True
https://drivewayzusa.co/guides/driveway-retainage-holding-back-for-quality-assurance/,Driveway Retainage: Holding Back for Quality Assurance,Driveway Retainage: Holding Back for Quality Assurance,pexels-curtis-adams-1694007-3990589.webp,Driveway Retainage: Holding Back for Quality Assurance — Drivewayz USA,475,B_REPLACE_BULK,0.0,0.0,0.0,200,True
https://drivewayzusa.co/guides/driveway-retaining-wall-height-limits-code-requirements/,Driveway Retaining Wall Height Limits,Driveway Retaining Wall Height Limits: Code Requirements,pexels-curtis-adams-1694007-3990589.webp,Driveway Retaining Wall Height Limits: Code Requirements — Drivewayz USA,475,B_REPLACE_BULK,0.0,0.0,0.0,200,True
https://drivewayzusa.co/guides/driveway-return-on-investment-by-neighborhood-type/,Driveway Return on Investment by Neighborhood Type,Driveway Return on Investment by Neighborhood Type,pexels-curtis-adams-1694007-3990589.webp,Driveway Return on Investment by Neighborhood Type — Drivewayz USA,475,B_REPLACE_BULK,0.0,0.0,0.0,200,True
https://drivewayzusa.co/guides/driveway-right-of-way-and-easements-what-homeowners-need-to-know/,Driveway Right-of-Way and Easements,Driveway Right-of-Way and Easements: What Homeowners Need to Know,pexels-curtis-adams-1694007-3990589.webp,Driveway Right-of-Way and Easements: What Homeowners Need to Know — Drivewayz USA,475,B_REPLACE_BULK,0.0,0.0,0.0,200,True
https://drivewayzusa.co/guides/driveway-robotic-total-station-automated-survey-layout/,Driveway Robotic Total Station,Driveway Robotic Total Station: Automated Survey Layout,pexels-curtis-adams-1694007-3990589.webp,Driveway Robotic Total Station: Automated Survey Layout — Drivewayz USA,475,B_REPLACE_BULK,0.0,0.0,0.0,200,True
https://drivewayzusa.co/guides/driveway-roi-calculator-how-much-value-does-it-add/,Driveway ROI Calculator: How Much Value Does a Driveway Add for Homeowners?,Driveway ROI Calculator: How Much Value Does a Driveway Add for Homeowners?,pexels-curtis-adams-1694007-3990589.webp,Driveway ROI Calculator: How Much Value Does It Add? — Drivewayz USA,475,B_REPLACE_BULK,0.0,0.0,0.0,200,True
https://drivewayzusa.co/guides/driveway-roi-how-much-does-a-new-driveway-add-to-home-value/,Driveway ROI,Driveway ROI: How Much Does a New Driveway Add to Home Value?,pexels-curtis-adams-1694007-3990589.webp,Driveway ROI: How Much Does a New Driveway Add to Home Value? — Drivewayz USA,475,A_REPLACE_PRIORITY,0.0,5.0,40.2,200,True
https://drivewayzusa.co/guides/driveway-safety-for-children/,Driveway Safety for Children,Driveway Safety for Children,pexels-curtis-adams-1694007-3990589.webp,Driveway Safety for Children — Drivewayz USA,475,B_REPLACE_BULK,0.0,0.0,0.0,200,True
https://drivewayzusa.co/guides/driveway-safety-slip-resistance-in-wet-and-icy-conditions/,Driveway Safety,Driveway Safety: Slip Resistance in Wet and Icy Conditions,pexels-curtis-adams-1694007-3990589.webp,Driveway Safety: Slip Resistance in Wet and Icy Conditions — Drivewayz USA,475,B_REPLACE_BULK,0.0,0.0,0.0,200,True
https://drivewayzusa.co/guides/driveway-sand-types-washed-mason-and-utility/,"Driveway Sand Types: Washed, Mason, and Utility","Driveway Sand Types: Washed, Mason, and Utility",pexels-curtis-adams-1694007-3990589.webp,"Driveway Sand Types: Washed, Mason, and Utility — Drivewayz USA",475,B_REPLACE_BULK,0.0,0.0,0.0,200,True
https://drivewayzusa.co/guides/driveway-scaling-resistance-test-astm-c672-method/,Driveway Scaling Resistance Test: ASTM C672 Method,Driveway Scaling Resistance Test: ASTM C672 Method,pexels-curtis-adams-1694007-3990589.webp,Driveway Scaling Resistance Test: ASTM C672 Method — Drivewayz USA,475,B_REPLACE_BULK,0.0,0.0,0.0,200,True
https://drivewayzusa.co/guides/driveway-schedule-of-values-breaking-down-project-cost/,Driveway Schedule of Values,Driveway Schedule of Values: Breaking Down Project Cost,pexels-curtis-adams-1694007-3990589.webp,Driveway Schedule of Values: Breaking Down Project Cost — Drivewayz USA,475,B_REPLACE_BULK,0.0,0.0,0.0,200,True
https://drivewayzusa.co/guides/driveway-school-zone-requirements-safety-near-schools/,Driveway School Zone Requirements: Safety Near Schools,Driveway School Zone Requirements: Safety Near Schools,pexels-curtis-adams-1694007-3990589.webp,Driveway School Zone Requirements: Safety Near Schools — Drivewayz USA,475,B_REPLACE_BULK,0.0,0.0,0.0,200,True
https://drivewayzusa.co/guides/driveway-scope-of-work-defining-the-project-clearly/,Driveway Scope of Work: Defining the Project Clearly,Driveway Scope of Work: Defining the Project Clearly,pexels-curtis-adams-1694007-3990589.webp,Driveway Scope of Work: Defining the Project Clearly — Drivewayz USA,475,B_REPLACE_BULK,0.0,0.0,0.0,200,True
https://drivewayzusa.co/guides/driveway-sealcoat-failure-common-causes-and-remedies/,Driveway Sealcoat Failure: Common Causes and Remedies,Driveway Sealcoat Failure: Common Causes and Remedies,pexels-curtis-adams-1694007-3990589.webp,Driveway Sealcoat Failure: Common Causes and Remedies — Drivewayz USA,475,B_REPLACE_BULK,0.0,0.0,0.0,200,True
https://drivewayzusa.co/guides/driveway-sealcoating-when-why-and-how-often/,"Driveway Sealcoating: When, Why, and How Often","Driveway Sealcoating: When, Why, and How Often",pexels-curtis-adams-1694007-3990589.webp,"Driveway Sealcoating: When, Why, and How Often — Drivewayz USA",475,B_REPLACE_BULK,0.0,0.0,0.0,200,True
https://drivewayzusa.co/guides/driveway-sealing-cost-diy-vs-professional/,Driveway Sealing Cost: DIY vs Professional,Driveway Sealing Cost: DIY vs Professional,pexels-artbovich-8134848.webp,Driveway Sealing Cost: DIY vs Professional — Drivewayz USA,58,A_REPLACE_PRIORITY,0.0,4.0,5.75,200,True
https://drivewayzusa.co/guides/driveway-sealing/,Driveway Sealing,"Driveway Sealing: How Often, Why, and Best Products",logov3.png,,19,A_REPLACE_PRIORITY,0.0,2.0,72.0,200,True
https://drivewayzusa.co/guides/driveway-seasonal-checklist-printable-four-season-guide/,Driveway Seasonal Checklist Printable,Driveway Seasonal Checklist Printable: Four-Season Guide,pexels-curtis-adams-1694007-3990589.webp,Driveway Seasonal Checklist Printable: Four-Season Guide — Drivewayz USA,475,B_REPLACE_BULK,0.0,0.0,0.0,200,True
https://drivewayzusa.co/guides/driveway-seasonal-material-sales-when-to-buy-for-savings/,Driveway Seasonal Material Sales,Driveway Seasonal Material Sales: When to Buy for Savings,pexels-curtis-adams-1694007-3990589.webp,Driveway Seasonal Material Sales: When to Buy for Savings — Drivewayz USA,475,B_REPLACE_BULK,0.0,0.0,0.0,200,True
https://drivewayzusa.co/guides/driveway-sewer-line-access-maintaining-utility-access/,Driveway Sewer Line Access: Maintaining Utility Access,Driveway Sewer Line Access: Maintaining Utility Access,pexels-curtis-adams-1694007-3990589.webp,Driveway Sewer Line Access: Maintaining Utility Access — Drivewayz USA,475,B_REPLACE_BULK,0.0,0.0,0.0,200,True
https://drivewayzusa.co/guides/driveway-signage-stop-signs-speed-limits-and-address-markers/,Driveway Signage,"Driveway Signage: Stop Signs, Speed Limits, and Address Markers",pexels-curtis-adams-1694007-3990589.webp,"Driveway Signage: Stop Signs, Speed Limits, and Address Markers — Drivewayz USA",475,A_REPLACE_PRIORITY,0.0,13.0,44.46,200,True
https://drivewayzusa.co/guides/driveway-silica-dust-exposure-health-risks-and-prevention/,Driveway Silica Dust Exposure,Driveway Silica Dust Exposure: Health Risks and Prevention,pexels-curtis-adams-1694007-3990589.webp,Driveway Silica Dust Exposure: Health Risks and Prevention — Drivewayz USA,475,B_REPLACE_BULK,0.0,0.0,0.0,200,True
https://drivewayzusa.co/guides/driveway-slope-and-drainage-minimum-codes-and-best-practice/,Driveway Drainage Codes & Best Practices - Drivewayzusa,Driveway Slope and Drainage: Minimum Codes and Best Practice,pexels-curtis-adams-1694007-3990589.webp,Driveway Slope and Drainage: Minimum Codes and Best Practice — Drivewayz USA,475,B_REPLACE_BULK,0.0,0.0,0.0,200,True
https://drivewayzusa.co/guides/driveway-slope-drainage/,Driveway Slope & Drainage Requirements - Drivewayzusa,Driveway Slope and Drainage: Minimum Codes and Best Practice,logov3.png,,19,B_REPLACE_BULK,0.0,0.0,0.0,200,True
https://drivewayzusa.co/guides/driveway-slurry-seal-thin-protective-layer-application/,Driveway Slurry Seal,Driveway Slurry Seal: Thin Protective Layer Application,pexels-curtis-adams-1694007-3990589.webp,Driveway Slurry Seal: Thin Protective Layer Application — Drivewayz USA,475,A_REPLACE_PRIORITY,0.0,3.0,26.33,200,True
https://drivewayzusa.co/guides/driveway-smart-city-connection-iot-sensors-in-pavement/,Driveway Smart City Connection,Driveway Smart City Connection: IoT Sensors in Pavement,pexels-curtis-adams-1694007-3990589.webp,Driveway Smart City Connection: IoT Sensors in Pavement — Drivewayz USA,475,B_REPLACE_BULK,0.0,0.0,0.0,200,True
https://drivewayzusa.co/guides/driveway-smart-irrigation-controller-protecting-pavement-edges/,Driveway Smart Irrigation Controller,Driveway Smart Irrigation Controller: Protecting Pavement Edges,pexels-curtis-adams-1694007-3990589.webp,Driveway Smart Irrigation Controller: Protecting Pavement Edges — Drivewayz USA,475,B_REPLACE_BULK,0.0,0.0,0.0,200,True
https://drivewayzusa.co/guides/driveway-smart-lock-gate-remote-access-control/,Driveway Smart Lock Gate: Remote Access Control,Driveway Smart Lock Gate: Remote Access Control,pexels-curtis-adams-1694007-3990589.webp,Driveway Smart Lock Gate: Remote Access Control — Drivewayz USA,475,B_REPLACE_BULK,0.0,0.0,0.0,200,True
https://drivewayzusa.co/guides/driveway-snow-removal-equipment-blowers-plows-and-shovels-compared/,Driveway Snow Removal Equipment,"Driveway Snow Removal Equipment: Blowers, Plows, and Shovels Compared",pexels-sobeslavjan-13838908.webp,"Driveway Snow Removal Equipment: Blowers, Plows, and Shovels Compared — Drivewayz USA",30,B_REPLACE_BULK,0.0,0.0,0.0,200,True
https://drivewayzusa.co/guides/driveway-snow-stakes-and-edge-markers/,Driveway Snow Stakes and Edge Markers,Driveway Snow Stakes and Edge Markers,pexels-sobeslavjan-13838908.webp,Driveway Snow Stakes and Edge Markers — Drivewayz USA,30,B_REPLACE_BULK,0.0,0.0,0.0,200,True
https://drivewayzusa.co/guides/driveway-soil-testing-why-its-essential-before-construction/,Driveway Soil Testing,Driveway Soil Testing: Why It&#x27;s Essential Before Construction,pexels-curtis-adams-1694007-3990589.webp,Driveway Soil Testing: Why It&amp;#x27;s Essential Before Construction — Drivewayz USA,475,B_REPLACE_BULK,0.0,0.0,0.0,200,True
https://drivewayzusa.co/guides/driveway-specification-writing-describing-what-you-want/,Driveway Specification Writing,Driveway Specification Writing: Describing What You Want,pexels-curtis-adams-1694007-3990589.webp,Driveway Specification Writing: Describing What You Want — Drivewayz USA,475,B_REPLACE_BULK,0.0,0.0,0.0,200,True
https://drivewayzusa.co/guides/driveway-spray-applied-overlay-fast-installation-option/,Driveway Spray-Applied Overlay,Driveway Spray-Applied Overlay: Fast Installation Option,pexels-curtis-adams-1694007-3990589.webp,Driveway Spray-Applied Overlay: Fast Installation Option — Drivewayz USA,475,B_REPLACE_BULK,0.0,0.0,0.0,200,True
https://drivewayzusa.co/guides/driveway-spring-assessment-post-winter-damage-check/,Driveway Spring Assessment: Post-Winter Damage Check,Driveway Spring Assessment: Post-Winter Damage Check,pexels-curtis-adams-1694007-3990589.webp,Driveway Spring Assessment: Post-Winter Damage Check — Drivewayz USA,475,B_REPLACE_BULK,0.0,0.0,0.0,200,True
https://drivewayzusa.co/guides/driveway-staged-construction-building-in-phases/,Driveway Staged Construction: Building in Phases,Driveway Staged Construction: Building in Phases,pexels-curtis-adams-1694007-3990589.webp,Driveway Staged Construction: Building in Phases — Drivewayz USA,475,B_REPLACE_BULK,0.0,0.0,0.0,200,True
https://drivewayzusa.co/guides/driveway-stamped-overlay-adding-decorative-patterns/,Driveway Stamped Overlay: Adding Decorative Patterns,Driveway Stamped Overlay: Adding Decorative Patterns,matt-jones-xpDHTc-pkog-unsplash.webp,Driveway Stamped Overlay: Adding Decorative Patterns — Drivewayz USA,9,B_REPLACE_BULK,0.0,0.0,0.0,200,True
https://drivewayzusa.co/guides/driveway-statute-of-limitations-time-to-file-a-claim/,Driveway Statute of Limitations: Time to File a Claim,Driveway Statute of Limitations: Time to File a Claim,pexels-curtis-adams-1694007-3990589.webp,Driveway Statute of Limitations: Time to File a Claim — Drivewayz USA,475,B_REPLACE_BULK,0.0,0.0,0.0,200,True
https://drivewayzusa.co/guides/driveway-statute-of-repose-ultimate-deadline-for-claims/,Driveway Statute of Repose,Driveway Statute of Repose: Ultimate Deadline for Claims,pexels-curtis-adams-1694007-3990589.webp,Driveway Statute of Repose: Ultimate Deadline for Claims — Drivewayz USA,475,B_REPLACE_BULK,0.0,0.0,0.0,200,True
https://drivewayzusa.co/guides/driveway-stenciling-and-pattern-techniques/,Driveway Stenciling and Pattern Techniques,Driveway Stenciling and Pattern Techniques,pexels-curtis-adams-1694007-3990589.webp,Driveway Stenciling and Pattern Techniques — Drivewayz USA,475,B_REPLACE_BULK,0.0,0.0,0.0,200,True
https://drivewayzusa.co/guides/driveway-stone-dust-uses-and-application-guide/,Driveway Stone Dust: Uses and Application Guide,Driveway Stone Dust: Uses and Application Guide,pexels-curtis-adams-1694007-3990589.webp,Driveway Stone Dust: Uses and Application Guide — Drivewayz USA,475,B_REPLACE_BULK,0.0,0.0,0.0,200,True
https://drivewayzusa.co/guides/driveway-stop-notice-protecting-subcontractor-payments/,Driveway Stop Notice,Driveway Stop Notice: Protecting Subcontractor Payments,pexels-curtis-adams-1694007-3990589.webp,Driveway Stop Notice: Protecting Subcontractor Payments — Drivewayz USA,475,B_REPLACE_BULK,0.0,0.0,0.0,200,True
https://drivewayzusa.co/guides/driveway-structural-evaluation-when-to-call-an-engineer/,Driveway Structural Evaluation,Driveway Structural Evaluation: When to Call an Engineer,pexels-curtis-adams-1694007-3990589.webp,Driveway Structural Evaluation: When to Call an Engineer — Drivewayz USA,475,B_REPLACE_BULK,0.0,0.0,0.0,200,True
https://drivewayzusa.co/guides/driveway-sub-base-construction-best-practices/,Driveway Sub-Base Construction Best Practices,Driveway Sub-Base Construction Best Practices,pexels-curtis-adams-1694007-3990589.webp,Driveway Sub-Base Construction Best Practices — Drivewayz USA,475,B_REPLACE_BULK,0.0,0.0,0.0,200,True
https://drivewayzusa.co/guides/driveway-sub-base-materials-choosing-the-right-foundation/,Driveway Sub-Base Materials,Driveway Sub-Base Materials: Choosing the Right Foundation,pexels-curtis-adams-1694007-3990589.webp,Driveway Sub-Base Materials: Choosing the Right Foundation — Drivewayz USA,475,B_REPLACE_BULK,0.0,0.0,0.0,200,True
https://drivewayzusa.co/guides/driveway-subcontractor-vs-general-contractor-who-to-hire/,Driveway Subcontractor vs General Contractor,Driveway Subcontractor vs General Contractor: Who to Hire,pexels-curtis-adams-1694007-3990589.webp,Driveway Subcontractor vs General Contractor: Who to Hire — Drivewayz USA,475,B_REPLACE_BULK,0.0,0.0,0.0,200,True
https://drivewayzusa.co/guides/driveway-substantial-completion-when-the-project-is-usable/,Driveway Substantial Completion,Driveway Substantial Completion: When the Project Is Usable,pexels-curtis-adams-1694007-3990589.webp,Driveway Substantial Completion: When the Project Is Usable — Drivewayz USA,475,B_REPLACE_BULK,0.0,0.0,0.0,200,True
https://drivewayzusa.co/guides/driveway-summer-protection-uv-and-heat-mitigation/,Driveway Summer Protection: UV and Heat Mitigation,Driveway Summer Protection: UV and Heat Mitigation,pexels-curtis-adams-1694007-3990589.webp,Driveway Summer Protection: UV and Heat Mitigation — Drivewayz USA,475,B_REPLACE_BULK,0.0,0.0,0.0,200,True
https://drivewayzusa.co/guides/driveway-surface-course-vs-base-course-understanding-layers/,Driveway Surface Course vs Base Course,Driveway Surface Course vs Base Course: Understanding Layers,pexels-curtis-adams-1694007-3990589.webp,Driveway Surface Course vs Base Course: Understanding Layers — Drivewayz USA,475,B_REPLACE_BULK,0.0,0.0,0.0,200,True
https://drivewayzusa.co/guides/driveway-surface-drainage-rate-how-fast-water-clears/,Driveway Surface Drainage Rate: How Fast Water Clears,Driveway Surface Drainage Rate: How Fast Water Clears,pexels-curtis-adams-1694007-3990589.webp,Driveway Surface Drainage Rate: How Fast Water Clears — Drivewayz USA,475,B_REPLACE_BULK,0.0,0.0,0.0,200,True
https://drivewayzusa.co/guides/driveway-sustainability-certifications-greenroads-and-envision/,Driveway Sustainability Certifications,Driveway Sustainability Certifications: Greenroads and Envision,pexels-curtis-adams-1694007-3990589.webp,Driveway Sustainability Certifications: Greenroads and Envision — Drivewayz USA,475,B_REPLACE_BULK,0.0,0.0,0.0,200,True
https://drivewayzusa.co/guides/driveway-tack-coat-application-bonding-asphalt-layers/,Driveway Tack Coat Application: Bonding Asphalt Layers,Driveway Tack Coat Application: Bonding Asphalt Layers,pexels-curtis-adams-1694007-3990589.webp,Driveway Tack Coat Application: Bonding Asphalt Layers — Drivewayz USA,475,B_REPLACE_BULK,0.0,0.0,0.0,200,True
https://drivewayzusa.co/guides/driveway-temporary-surface-short-term-solutions/,Driveway Temporary Surface: Short-Term Solutions,Driveway Temporary Surface: Short-Term Solutions,pexels-curtis-adams-1694007-3990589.webp,Driveway Temporary Surface: Short-Term Solutions — Drivewayz USA,475,B_REPLACE_BULK,0.0,0.0,0.0,200,True
https://drivewayzusa.co/guides/driveway-tensile-strength-how-concrete-resists-pulling-forces/,Driveway Tensile Strength,Driveway Tensile Strength: How Concrete Resists Pulling Forces,pexels-curtis-adams-1694007-3990589.webp,Driveway Tensile Strength: How Concrete Resists Pulling Forces — Drivewayz USA,475,B_REPLACE_BULK,0.0,0.0,0.0,200,True
https://drivewayzusa.co/guides/driveway-thermal-expansion-why-joints-matter/,Driveway Thermal Expansion: Why Joints Matter,Driveway Thermal Expansion: Why Joints Matter,pexels-curtis-adams-1694007-3990589.webp,Driveway Thermal Expansion: Why Joints Matter — Drivewayz USA,475,B_REPLACE_BULK,0.0,0.0,0.0,200,True
https://drivewayzusa.co/guides/driveway-thermal-shock-resistance-rapid-temperature-changes/,Driveway Thermal Shock Resistance,Driveway Thermal Shock Resistance: Rapid Temperature Changes,pexels-curtis-adams-1694007-3990589.webp,Driveway Thermal Shock Resistance: Rapid Temperature Changes — Drivewayz USA,475,B_REPLACE_BULK,0.0,0.0,0.0,200,True
https://drivewayzusa.co/guides/driveway-thickness-guide-for-cars-trucks-and-rvs/,"Driveway Thickness for Cars, Trucks & RVs - Drivewayzusa","Driveway Thickness Guide for Cars, Trucks, and RVs",pexels-curtis-adams-1694007-3990589.webp,"Driveway Thickness Guide for Cars, Trucks, and RVs — Drivewayz USA",475,B_REPLACE_BULK,0.0,0.0,0.0,200,True
https://drivewayzusa.co/guides/driveway-thickness-guide/,Concrete & Asphalt Driveway Thickness Guide - Drivewayzusa,"Driveway Thickness Guide for Cars, Trucks, and RVs",logov3.png,,19,B_REPLACE_BULK,0.0,0.0,0.0,200,True
https://drivewayzusa.co/guides/driveway-time-and-materials-contract-flexible-pricing/,Driveway Time and Materials Contract: Flexible Pricing,Driveway Time and Materials Contract: Flexible Pricing,hugo-sousa-BghGseQbAkA-unsplash.webp,Driveway Time and Materials Contract: Flexible Pricing — Drivewayz USA,6,B_REPLACE_BULK,0.0,0.0,0.0,200,True
https://drivewayzusa.co/guides/driveway-time-lapse-camera-documenting-construction/,Driveway Time-Lapse Camera: Documenting Construction,Driveway Time-Lapse Camera: Documenting Construction,pexels-curtis-adams-1694007-3990589.webp,Driveway Time-Lapse Camera: Documenting Construction — Drivewayz USA,475,B_REPLACE_BULK,0.0,0.0,0.0,200,True
https://drivewayzusa.co/guides/driveway-tire-track-prevention-on-new-concrete/,Driveway Tire Track Prevention on New Concrete,Driveway Tire Track Prevention on New Concrete,pexels-curtis-adams-1694007-3990589.webp,Driveway Tire Track Prevention on New Concrete — Drivewayz USA,475,B_REPLACE_BULK,0.0,0.0,0.0,200,True
https://drivewayzusa.co/guides/driveway-to-patio-transition-material-and-design-options/,Driveway to Patio Transition,Driveway to Patio Transition: Material and Design Options,pexels-curtis-adams-1694007-3990589.webp,Driveway to Patio Transition: Material and Design Options — Drivewayz USA,475,B_REPLACE_BULK,0.0,0.0,0.0,200,True
https://drivewayzusa.co/guides/driveway-to-walkway-connection-maintaining-visual-flow/,Driveway to Walkway Connection,Driveway to Walkway Connection: Maintaining Visual Flow,pexels-curtis-adams-1694007-3990589.webp,Driveway to Walkway Connection: Maintaining Visual Flow — Drivewayz USA,475,B_REPLACE_BULK,0.0,0.0,0.0,200,True
https://drivewayzusa.co/guides/driveway-topographic-survey-mapping-your-property-for-grading/,Driveway Topographic Survey,Driveway Topographic Survey: Mapping Your Property for Grading,pexels-curtis-adams-1694007-3990589.webp,Driveway Topographic Survey: Mapping Your Property for Grading — Drivewayz USA,475,B_REPLACE_BULK,0.0,0.0,0.0,200,True
https://drivewayzusa.co/guides/driveway-trade-shows-and-conferences-industry-events/,Driveway Trade Shows and Conferences: Industry Events,Driveway Trade Shows and Conferences: Industry Events,pexels-curtis-adams-1694007-3990589.webp,Driveway Trade Shows and Conferences: Industry Events — Drivewayz USA,475,B_REPLACE_BULK,0.0,0.0,0.0,200,True
https://drivewayzusa.co/guides/driveway-traffic-control-during-construction-flagging-and-cones/,Driveway Traffic Control During Construction,Driveway Traffic Control During Construction: Flagging and Cones,pexels-curtis-adams-1694007-3990589.webp,Driveway Traffic Control During Construction: Flagging and Cones — Drivewayz USA,475,B_REPLACE_BULK,0.0,0.0,0.0,200,True
https://drivewayzusa.co/guides/driveway-traffic-study-required-for-commercial-properties/,Driveway Traffic Study,Driveway Traffic Study: Required for Commercial Properties,pexels-curtis-adams-1694007-3990589.webp,Driveway Traffic Study: Required for Commercial Properties — Drivewayz USA,475,B_REPLACE_BULK,0.0,0.0,0.0,200,True
https://drivewayzusa.co/guides/driveway-transformation-stories-real-homeowner-case-studies/,Driveway Transformation Stories,Driveway Transformation Stories: Real Homeowner Case Studies,pexels-curtis-adams-1694007-3990589.webp,Driveway Transformation Stories: Real Homeowner Case Studies — Drivewayz USA,475,B_REPLACE_BULK,0.0,0.0,0.0,200,True
https://drivewayzusa.co/guides/driveway-transition-strips-where-driveway-meets-garage/,Driveway Transition Strips: Where Your Driveway Meets the Garage,Driveway Transition Strips: Where Driveway Meets Garage,pexels-curtis-adams-1694007-3990589.webp,Driveway Transition Strips: Where Driveway Meets Garage — Drivewayz USA,475,B_REPLACE_BULK,0.0,0.0,0.0,200,True
https://drivewayzusa.co/guides/driveway-tree-preservation-working-around-protected-trees/,Driveway Tree Preservation,Driveway Tree Preservation: Working Around Protected Trees,pexels-curtis-adams-1694007-3990589.webp,Driveway Tree Preservation: Working Around Protected Trees — Drivewayz USA,475,B_REPLACE_BULK,0.0,0.0,0.0,200,True
https://drivewayzusa.co/guides/driveway-trends-from-home-and-garden-shows/,Driveway Trends From Home and Garden Shows,Driveway Trends From Home and Garden Shows,pexels-curtis-adams-1694007-3990589.webp,Driveway Trends From Home and Garden Shows — Drivewayz USA,475,B_REPLACE_BULK,0.0,0.0,0.0,200,True
https://drivewayzusa.co/guides/driveway-turnarounds-design-and-dimensions/,Driveway Turnarounds: Design and Dimensions,Driveway Turnarounds: Design and Dimensions,pexels-curtis-adams-1694007-3990589.webp,Driveway Turnarounds: Design and Dimensions — Drivewayz USA,475,B_REPLACE_BULK,0.0,0.0,0.0,200,True
https://drivewayzusa.co/guides/driveway-ultra-thin-whitetopping-minimal-depth-concrete-overlay/,Driveway Ultra-Thin Whitetopping,Driveway Ultra-Thin Whitetopping: Minimal Depth Concrete Overlay,pexels-curtis-adams-1694007-3990589.webp,Driveway Ultra-Thin Whitetopping: Minimal Depth Concrete Overlay — Drivewayz USA,475,B_REPLACE_BULK,0.0,0.0,0.0,200,True
https://drivewayzusa.co/guides/driveway-umbrella-policy-extra-liability-protection/,Driveway Umbrella Policy: Extra Liability Protection,Driveway Umbrella Policy: Extra Liability Protection,pexels-curtis-adams-1694007-3990589.webp,Driveway Umbrella Policy: Extra Liability Protection — Drivewayz USA,475,B_REPLACE_BULK,0.0,0.0,0.0,200,True
https://drivewayzusa.co/guides/driveway-unbonded-concrete-overlay-structural-restoration/,Driveway Unbonded Concrete Overlay,Driveway Unbonded Concrete Overlay: Structural Restoration,pexels-curtis-adams-1694007-3990589.webp,Driveway Unbonded Concrete Overlay: Structural Restoration — Drivewayz USA,475,B_REPLACE_BULK,0.0,0.0,0.0,200,True
https://drivewayzusa.co/guides/driveway-unit-price-contract-pay-per-square-foot/,Driveway Unit Price Contract: Pay Per Square Foot,Driveway Unit Price Contract: Pay Per Square Foot,pexels-curtis-adams-1694007-3990589.webp,Driveway Unit Price Contract: Pay Per Square Foot — Drivewayz USA,475,B_REPLACE_BULK,0.0,0.0,0.0,200,True
https://drivewayzusa.co/guides/driveway-upgrade-priority-when-to-invest-in-improvements/,Driveway Upgrade Priority,Driveway Upgrade Priority: When to Invest in Improvements,pexels-curtis-adams-1694007-3990589.webp,Driveway Upgrade Priority: When to Invest in Improvements — Drivewayz USA,475,B_REPLACE_BULK,0.0,0.0,0.0,200,True
https://drivewayzusa.co/guides/driveway-urban-planning-role-impervious-surface-regulations/,Driveway Urban Planning Role,Driveway Urban Planning Role: Impervious Surface Regulations,pexels-curtis-adams-1694007-3990589.webp,Driveway Urban Planning Role: Impervious Surface Regulations — Drivewayz USA,475,B_REPLACE_BULK,0.0,0.0,0.0,200,True
https://drivewayzusa.co/guides/driveway-utility-locating-underground-line-detection/,Driveway Utility Locating: Underground Line Detection,Driveway Utility Locating: Underground Line Detection,pexels-curtis-adams-1694007-3990589.webp,Driveway Utility Locating: Underground Line Detection — Drivewayz USA,475,B_REPLACE_BULK,0.0,0.0,0.0,200,True
https://drivewayzusa.co/guides/driveway-uv-resistance-how-materials-handle-sunlight/,Driveway UV Resistance: How Materials Handle Sunlight,Driveway UV Resistance: How Materials Handle Sunlight,pexels-curtis-adams-1694007-3990589.webp,Driveway UV Resistance: How Materials Handle Sunlight — Drivewayz USA,475,B_REPLACE_BULK,0.0,0.0,0.0,200,True
https://drivewayzusa.co/guides/driveway-value-engineering-getting-more-for-your-money/,Driveway Value Engineering,Driveway Value Engineering: Getting More for Your Money,pexels-curtis-adams-1694007-3990589.webp,Driveway Value Engineering: Getting More for Your Money — Drivewayz USA,475,B_REPLACE_BULK,0.0,0.0,0.0,200,True
https://drivewayzusa.co/guides/driveway-vapor-barrier-when-to-use-plastic-sheeting/,Driveway Vapor Barrier: When to Use Plastic Sheeting,Driveway Vapor Barrier: When to Use Plastic Sheeting,pexels-curtis-adams-1694007-3990589.webp,Driveway Vapor Barrier: When to Use Plastic Sheeting — Drivewayz USA,475,B_REPLACE_BULK,0.0,0.0,0.0,200,True
https://drivewayzusa.co/guides/driveway-vehicle-recognition-camera-whos-arriving/,Driveway Vehicle Recognition Camera,Driveway Vehicle Recognition Camera: Who&#x27;s Arriving?,pexels-curtis-adams-1694007-3990589.webp,Driveway Vehicle Recognition Camera: Who&amp;#x27;s Arriving? — Drivewayz USA,475,B_REPLACE_BULK,0.0,0.0,0.0,200,True
https://drivewayzusa.co/guides/driveway-vehicle-to-infrastructure-communication-future-tech/,Driveway Vehicle-to-Infrastructure Communication,Driveway Vehicle-to-Infrastructure Communication: Future Tech,pexels-curtis-adams-1694007-3990589.webp,Driveway Vehicle-to-Infrastructure Communication: Future Tech — Drivewayz USA,475,B_REPLACE_BULK,0.0,0.0,0.0,200,True
https://drivewayzusa.co/guides/driveway-video-doorbell-integration-entry-monitoring/,Driveway Video Doorbell Integration: Entry Monitoring,Driveway Video Doorbell Integration: Entry Monitoring,pexels-curtis-adams-1694007-3990589.webp,Driveway Video Doorbell Integration: Entry Monitoring — Drivewayz USA,475,B_REPLACE_BULK,0.0,0.0,0.0,200,True
https://drivewayzusa.co/guides/driveway-video-marketing-for-contractors-before-and-after-content/,Driveway Video Marketing for Contractors,Driveway Video Marketing for Contractors: Before and After Content,pexels-curtis-adams-1694007-3990589.webp,Driveway Video Marketing for Contractors: Before and After Content — Drivewayz USA,475,B_REPLACE_BULK,0.0,0.0,0.0,200,True
https://drivewayzusa.co/guides/driveway-video-pipe-inspection-checking-underground-drains/,Driveway Video Pipe Inspection,Driveway Video Pipe Inspection: Checking Underground Drains,pexels-curtis-adams-1694007-3990589.webp,Driveway Video Pipe Inspection: Checking Underground Drains — Drivewayz USA,475,B_REPLACE_BULK,0.0,0.0,0.0,200,True
https://drivewayzusa.co/guides/driveway-virtual-reality-walkthrough-pre-construction-preview/,Driveway Virtual Reality Walkthrough,Driveway Virtual Reality Walkthrough: Pre-Construction Preview,pexels-curtis-adams-1694007-3990589.webp,Driveway Virtual Reality Walkthrough: Pre-Construction Preview — Drivewayz USA,475,B_REPLACE_BULK,0.0,0.0,0.0,200,True
https://drivewayzusa.co/guides/driveway-warranty-claims-how-to-file-successfully/,Driveway Warranty Claims: How to File Successfully,Driveway Warranty Claims: How to File Successfully,pexels-curtis-adams-1694007-3990589.webp,Driveway Warranty Claims: How to File Successfully — Drivewayz USA,475,B_REPLACE_BULK,0.0,0.0,0.0,200,True
https://drivewayzusa.co/guides/driveway-warranty-period-start-date-when-coverage-begins/,Driveway Warranty Period Start Date,Driveway Warranty Period Start Date: When Coverage Begins,pexels-curtis-adams-1694007-3990589.webp,Driveway Warranty Period Start Date: When Coverage Begins — Drivewayz USA,475,B_REPLACE_BULK,0.0,0.0,0.0,200,True
https://drivewayzusa.co/guides/driveway-warranty-tracking-digital-record-keeping/,Driveway Warranty Tracking: Digital Record Keeping,Driveway Warranty Tracking: Digital Record Keeping,pexels-curtis-adams-1694007-3990589.webp,Driveway Warranty Tracking: Digital Record Keeping — Drivewayz USA,475,B_REPLACE_BULK,0.0,0.0,0.0,200,True
https://drivewayzusa.co/guides/driveway-water-absorption-rate-material-porosity-comparison/,Driveway Water Absorption Rate,Driveway Water Absorption Rate: Material Porosity Comparison,pexels-curtis-adams-1694007-3990589.webp,Driveway Water Absorption Rate: Material Porosity Comparison — Drivewayz USA,475,A_REPLACE_PRIORITY,0.0,2.0,32.0,200,True
https://drivewayzusa.co/guides/driveway-water-main-location-protecting-underground-infrastructure/,Driveway Water Main Location,Driveway Water Main Location: Protecting Underground Infrastructure,pexels-curtis-adams-1694007-3990589.webp,Driveway Water Main Location: Protecting Underground Infrastructure — Drivewayz USA,475,B_REPLACE_BULK,0.0,0.0,0.0,200,True
https://drivewayzusa.co/guides/driveway-water-quality-impact-reducing-pollution-from-runoff/,Driveway Water Quality Impact,Driveway Water Quality Impact: Reducing Pollution From Runoff,pexels-curtis-adams-1694007-3990589.webp,Driveway Water Quality Impact: Reducing Pollution From Runoff — Drivewayz USA,475,B_REPLACE_BULK,0.0,0.0,0.0,200,True
https://drivewayzusa.co/guides/driveway-weather-day-policy-contract-terms-for-delays/,Driveway Weather Day Policy: Contract Terms for Delays,Driveway Weather Day Policy: Contract Terms for Delays,pexels-curtis-adams-1694007-3990589.webp,Driveway Weather Day Policy: Contract Terms for Delays — Drivewayz USA,475,B_REPLACE_BULK,0.0,0.0,0.0,200,True
https://drivewayzusa.co/guides/driveway-weather-insurance-rain-delay-coverage/,Driveway Weather Insurance: Rain Delay Coverage,Driveway Weather Insurance: Rain Delay Coverage,pexels-curtis-adams-1694007-3990589.webp,Driveway Weather Insurance: Rain Delay Coverage — Drivewayz USA,475,B_REPLACE_BULK,0.0,0.0,0.0,200,True
https://drivewayzusa.co/guides/driveway-weed-barrier-installation-under-pavers-and-gravel/,Driveway Weed Barrier Installation,Driveway Weed Barrier Installation: Under Pavers and Gravel,pexels-curtis-adams-1694007-3990589.webp,Driveway Weed Barrier Installation: Under Pavers and Gravel — Drivewayz USA,475,A_REPLACE_PRIORITY,0.0,1.0,69.0,200,True
https://drivewayzusa.co/guides/driveway-weed-control-preventing-growth-between-cracks-and-joints/,Driveway Weed Control,Driveway Weed Control: Preventing Growth Between Cracks and Joints,pexels-artbovich-8134848.webp,Driveway Weed Control: Preventing Growth Between Cracks and Joints — Drivewayz USA,58,B_REPLACE_BULK,0.0,0.0,0.0,200,True
https://drivewayzusa.co/guides/driveway-weight-limits-and-heavy-vehicles/,Driveway Weight Limits and Heavy Vehicles,Driveway Weight Limits and Heavy Vehicles,pexels-curtis-adams-1694007-3990589.webp,Driveway Weight Limits and Heavy Vehicles — Drivewayz USA,475,B_REPLACE_BULK,0.0,0.0,0.0,200,True
https://drivewayzusa.co/guides/driveway-weight-limits/,Driveway Weight Limits,Driveway Weight Limits: How Much Can Your Driveway Handle?,logov3.png,,19,B_REPLACE_BULK,0.0,0.0,0.0,200,True
https://drivewayzusa.co/guides/driveway-wetland-regulations-building-near-protected-areas/,Driveway Wetland Regulations,Driveway Wetland Regulations: Building Near Protected Areas,pexels-curtis-adams-1694007-3990589.webp,Driveway Wetland Regulations: Building Near Protected Areas — Drivewayz USA,475,B_REPLACE_BULK,0.0,0.0,0.0,200,True
https://drivewayzusa.co/guides/driveway-whitetopping-concrete-over-existing-asphalt/,Driveway Whitetopping: Concrete Over Existing Asphalt,Driveway Whitetopping: Concrete Over Existing Asphalt,pexels-curtis-adams-1694007-3990589.webp,Driveway Whitetopping: Concrete Over Existing Asphalt — Drivewayz USA,475,B_REPLACE_BULK,0.0,0.0,0.0,200,True
https://drivewayzusa.co/guides/driveway-width-requirements-by-municipality/,Driveway Width Requirements by Municipality,Driveway Width Requirements by Municipality,pexels-curtis-adams-1694007-3990589.webp,Driveway Width Requirements by Municipality — Drivewayz USA,475,B_REPLACE_BULK,0.0,0.0,0.0,200,True
https://drivewayzusa.co/guides/driveway-winter-patch-cold-weather-emergency-repairs/,Driveway Winter Patch: Cold Weather Emergency Repairs,Driveway Winter Patch: Cold Weather Emergency Repairs,pexels-artbovich-8134848.webp,Driveway Winter Patch: Cold Weather Emergency Repairs — Drivewayz USA,58,B_REPLACE_BULK,0.0,0.0,0.0,200,True
https://drivewayzusa.co/guides/driveway-workers-compensation-protecting-against-liability/,Driveway Workers Compensation,Driveway Workers Compensation: Protecting Against Liability,pexels-curtis-adams-1694007-3990589.webp,Driveway Workers Compensation: Protecting Against Liability — Drivewayz USA,475,B_REPLACE_BULK,0.0,0.0,0.0,200,True
https://drivewayzusa.co/guides/driveway-workmanship-warranty-standard-vs-extended/,Driveway Workmanship Warranty: Standard vs Extended,Driveway Workmanship Warranty: Standard vs Extended,pexels-curtis-adams-1694007-3990589.webp,Driveway Workmanship Warranty: Standard vs Extended — Drivewayz USA,475,B_REPLACE_BULK,0.0,0.0,0.0,200,True
https://drivewayzusa.co/guides/driveway-written-estimate-requirements-what-should-be-included/,Driveway Written Estimate Requirements,Driveway Written Estimate Requirements: What Should Be Included,pexels-curtis-adams-1694007-3990589.webp,Driveway Written Estimate Requirements: What Should Be Included — Drivewayz USA,475,B_REPLACE_BULK,0.0,0.0,0.0,200,True
https://drivewayzusa.co/guides/driveway-xylene-based-sealer-solvent-protection-options/,,,,,0,E_MISSING_HERO,0.0,0.0,0.0,200,True
https://drivewayzusa.co/guides/easement-issues-affecting-driveways/,Easement Issues Affecting Driveways,Easement Issues Affecting Driveways,pexels-pixabay-221540.webp,Easement Issues Affecting Driveways — Drivewayz USA,253,B_REPLACE_BULK,0.0,0.0,0.0,200,True
https://drivewayzusa.co/guides/eco-friendly-driveway-options-pros-cons-and-costs/,"Eco-Friendly Driveway Options: Pros, Cons, and Costs","Eco-Friendly Driveway Options: Pros, Cons, and Costs",pexels-pixabay-221540.webp,"Eco-Friendly Driveway Options: Pros, Cons, and Costs — Drivewayz USA",253,B_REPLACE_BULK,0.0,0.0,0.0,200,True
https://drivewayzusa.co/guides/emergency-vehicle-access-driveway-specifications/,Emergency Vehicle Access: Driveway Specifications,Emergency Vehicle Access: Driveway Specifications,pexels-pixabay-221540.webp,Emergency Vehicle Access: Driveway Specifications — Drivewayz USA,253,B_REPLACE_BULK,0.0,0.0,0.0,200,True
https://drivewayzusa.co/guides/environmental-permits-for-driveway-projects/,Environmental Permits for Driveway Projects,Environmental Permits for Driveway Projects,pexels-pixabay-221540.webp,Environmental Permits for Driveway Projects — Drivewayz USA,253,B_REPLACE_BULK,0.0,0.0,0.0,200,True
https://drivewayzusa.co/guides/ev-charging-station-integration-in-driveways/,EV Charging Station Integration in Driveways,EV Charging Station Integration in Driveways,pexels-pixabay-221540.webp,EV Charging Station Integration in Driveways — Drivewayz USA,253,B_REPLACE_BULK,0.0,0.0,0.0,200,True
https://drivewayzusa.co/guides/excavation-cost-for-driveways-what-to-expect/,Excavation Cost for Driveways: What to Expect,Excavation Cost for Driveways: What to Expect,pexels-pixabay-221540.webp,Excavation Cost for Driveways: What to Expect — Drivewayz USA,253,B_REPLACE_BULK,0.0,0.0,0.0,200,True
https://drivewayzusa.co/guides/expansion-control-joints/,Expansion & Control Joints Guide,Expansion & Control Joints Guide,logov3.png,,19,B_REPLACE_BULK,0.0,0.0,0.0,200,True
https://drivewayzusa.co/guides/exposed-aggregate-concrete-driveway-guide/,Exposed Aggregate Concrete Driveway Guide,Exposed Aggregate Concrete Driveway Guide,pexels-introspectivedsgn-7475608.webp,Exposed Aggregate Concrete Driveway Guide — Drivewayz USA,7,B_REPLACE_BULK,0.0,0.0,0.0,200,True
https://drivewayzusa.co/guides/extending-a-driveway-planning-and-costs/,Extending a Driveway: Planning and Costs,Extending a Driveway: Planning and Costs,pexels-pixabay-221540.webp,Extending a Driveway: Planning and Costs — Drivewayz USA,253,B_REPLACE_BULK,0.0,0.0,0.0,200,True
https://drivewayzusa.co/guides/fall-driveway-prep-getting-ready-for-winter/,Fall Driveway Prep: Getting Ready for Winter,Fall Driveway Prep: Getting Ready for Winter,pexels-pixabay-221540.webp,Fall Driveway Prep: Getting Ready for Winter — Drivewayz USA,253,B_REPLACE_BULK,0.0,0.0,0.0,200,True
https://drivewayzusa.co/guides/fall-driveway-preparation-guide/,Fall Driveway Preparation Guide,Fall Driveway Preparation Guide,pexels-pixabay-221540.webp,Fall Driveway Preparation Guide — Drivewayz USA,253,B_REPLACE_BULK,0.0,0.0,0.0,200,True
https://drivewayzusa.co/guides/farmhouse-style-driveways-rustic-options/,Farmhouse Style Driveways: Rustic Options,Farmhouse Style Driveways: Rustic Options,pexels-pixabay-221540.webp,Farmhouse Style Driveways: Rustic Options — Drivewayz USA,253,B_REPLACE_BULK,0.0,0.0,0.0,200,True
https://drivewayzusa.co/guides/fiber-mesh-vs-rebar-in-concrete-driveways/,Fiber Mesh vs Rebar in Concrete Driveways,Fiber Mesh vs Rebar in Concrete Driveways,pexels-pixabay-221540.webp,Fiber Mesh vs Rebar in Concrete Driveways — Drivewayz USA,253,B_REPLACE_BULK,0.0,0.0,0.0,200,True
https://drivewayzusa.co/guides/fire-access-requirements-for-driveways/,Fire Access Requirements for Driveways,Fire Access Requirements for Driveways,pexels-pixabay-221540.webp,Fire Access Requirements for Driveways — Drivewayz USA,253,B_REPLACE_BULK,0.0,0.0,0.0,200,True
https://drivewayzusa.co/guides/first-impressions-driveway-design-for-curb-appeal/,First Impressions: Driveway Design for Curb Appeal,First Impressions: Driveway Design for Curb Appeal,matt-jones-xpDHTc-pkog-unsplash.webp,First Impressions: Driveway Design for Curb Appeal — Drivewayz USA,9,B_REPLACE_BULK,0.0,0.0,0.0,200,True
https://drivewayzusa.co/guides/first-impressions-why-your-driveway-matters-to-homebuyers/,First Impressions,First Impressions: Why Your Driveway Matters to Homebuyers,pexels-pixabay-221540.webp,First Impressions: Why Your Driveway Matters to Homebuyers — Drivewayz USA,253,B_REPLACE_BULK,0.0,0.0,0.0,200,True
https://drivewayzusa.co/guides/first-time-homeowner-driveway-guide-where-to-start/,First-Time Homeowner Driveway Guide: Where to Start,First-Time Homeowner Driveway Guide: Where to Start,pexels-pixabay-221540.webp,First-Time Homeowner Driveway Guide: Where to Start — Drivewayz USA,253,B_REPLACE_BULK,0.0,0.0,0.0,200,True
https://drivewayzusa.co/guides/flagstone-driveway-natural-stone-options/,Flagstone Driveway: Natural Stone Options,Flagstone Driveway: Natural Stone Options,pexels-pixabay-221540.webp,Flagstone Driveway: Natural Stone Options — Drivewayz USA,253,B_REPLACE_BULK,0.0,0.0,0.0,200,True
https://drivewayzusa.co/guides/fly-ash-in-concrete-driveways-sustainable-additive/,Fly Ash in Concrete Driveways: Sustainable Additive,Fly Ash in Concrete Driveways: Sustainable Additive,pexels-pixabay-221540.webp,Fly Ash in Concrete Driveways: Sustainable Additive — Drivewayz USA,253,B_REPLACE_BULK,0.0,0.0,0.0,200,True
https://drivewayzusa.co/guides/french-drain-installation-along-a-driveway/,French Drain Installation Along a Driveway,French Drain Installation Along a Driveway,pexels-pixabay-221540.webp,French Drain Installation Along a Driveway — Drivewayz USA,253,B_REPLACE_BULK,0.0,0.0,0.0,200,True
https://drivewayzusa.co/guides/french-drain-installation-for-driveways/,French Drain Installation for Driveways,French Drain Installation for Driveways,pexels-pixabay-221540.webp,French Drain Installation for Driveways — Drivewayz USA,253,B_REPLACE_BULK,0.0,0.0,0.0,200,True
https://drivewayzusa.co/guides/front-yard-design-integrating-driveways/,Front Yard Design: Integrating Driveways,Front Yard Design: Integrating Driveways,pexels-pixabay-221540.webp,Front Yard Design: Integrating Driveways — Drivewayz USA,253,B_REPLACE_BULK,0.0,0.0,0.0,200,True
https://drivewayzusa.co/guides/garbage-truck-access-considerations/,Garbage Truck Access Considerations,Garbage Truck Access Considerations,pexels-pixabay-221540.webp,Garbage Truck Access Considerations — Drivewayz USA,253,B_REPLACE_BULK,0.0,0.0,0.0,200,True
https://drivewayzusa.co/guides/geotextile-fabric-in-driveway-construction/,Geotextile Fabric in Driveway Construction,Geotextile Fabric in Driveway Construction,pexels-pixabay-221540.webp,Geotextile Fabric in Driveway Construction — Drivewayz USA,253,B_REPLACE_BULK,0.0,0.0,0.0,200,True
https://drivewayzusa.co/guides/grass-pavers-vs-permeable-pavers-which-is-greener/,Grass Pavers vs Permeable Pavers: Which Is Greener for Your Driveway?,Grass Pavers vs Permeable Pavers: Which Is Greener for Your Driveway?,pexels-pixabay-221540.webp,Grass Pavers vs Permeable Pavers: Which Is Greener? — Drivewayz USA,253,B_REPLACE_BULK,0.0,0.0,0.0,200,True
https://drivewayzusa.co/guides/gravel-driveway-cost-per-square-foot-guide/,Gravel Driveway Cost per Square Foot Guide,Gravel Driveway Cost per Square Foot Guide,pexels-pixabay-277667.webp,Gravel Driveway Cost per Square Foot Guide — Drivewayz USA,8,B_REPLACE_BULK,0.0,0.0,0.0,200,True
https://drivewayzusa.co/guides/gravel-driveway-installation-step-by-step-guide/,Gravel Driveway Installation Step-by-Step Guide,Gravel Driveway Installation Step-by-Step Guide,pexels-pixabay-277667.webp,Gravel Driveway Installation Step-by-Step Guide — Drivewayz USA,8,B_REPLACE_BULK,0.0,0.0,0.0,200,True
https://drivewayzusa.co/guides/gravel-driveway-lifespan-how-long-before-you-need-to-refresh/,Gravel Driveway Lifespan,Gravel Driveway Lifespan: How Long Before You Need to Refresh?,pexels-pixabay-277667.webp,Gravel Driveway Lifespan: How Long Before You Need to Refresh? — Drivewayz USA,8,B_REPLACE_BULK,0.0,0.0,0.0,200,True
https://drivewayzusa.co/guides/gravel-driveway-maintenance-raking-grading-and-refilling/,Gravel Driveway Maintenance,"Gravel Driveway Maintenance: Raking, Grading, and Refilling",pexels-pixabay-277667.webp,"Gravel Driveway Maintenance: Raking, Grading, and Refilling — Drivewayz USA",8,B_REPLACE_BULK,0.0,0.0,0.0,200,True
https://drivewayzusa.co/guides/gravel-pothole-repair/,Fix Gravel Driveway Potholes: Step-by-Step Guide,How to Remove Potholes in Gravel Driveways,hero-gravel-pothole-repair.webp,How to fix potholes in gravel driveways — Drivewayz USA,1,D_LEAVE,0.0,643.0,49.87,200,True
https://drivewayzusa.co/guides/gravel-vs-paved-driveway-which-is-right-for-you/,Gravel vs Paved Driveway: Which Is Right for You?,Gravel vs Paved Driveway: Which Is Right for You?,pexels-pixabay-277667.webp,Gravel vs Paved Driveway: Which Is Right for You? — Drivewayz USA,8,A_REPLACE_PRIORITY,0.0,1.0,91.0,200,True
https://drivewayzusa.co/guides/heated-driveway-systems-cost-vs-benefit-analysis/,Heated Driveway Systems: Cost vs Benefit Analysis,Heated Driveway Systems: Cost vs Benefit Analysis,pexels-sobeslavjan-13838908.webp,Heated Driveway Systems: Cost vs Benefit Analysis — Drivewayz USA,30,A_REPLACE_PRIORITY,0.0,339.0,44.42,200,True
https://drivewayzusa.co/guides/heaving-and-frost-damage-repair/,Heaving and Frost Damage Repair,Heaving and Frost Damage Repair,pexels-artbovich-8134848.webp,Heaving and Frost Damage Repair — Drivewayz USA,58,B_REPLACE_BULK,0.0,0.0,0.0,200,True
https://drivewayzusa.co/guides/hidden-costs-in-driveway-projects-you-should-know/,Hidden Costs in Driveway Projects You Should Know,Hidden Costs in Driveway Projects You Should Know,pexels-pixabay-221540.webp,Hidden Costs in Driveway Projects You Should Know — Drivewayz USA,253,B_REPLACE_BULK,0.0,0.0,0.0,200,True
https://drivewayzusa.co/guides/hidden-costs-of-driveway-installation-you-should-know-about/,Hidden Costs of Driveway Installation,Hidden Costs of Driveway Installation You Should Know About,pexels-pixabay-221540.webp,Hidden Costs of Driveway Installation You Should Know About — Drivewayz USA,253,B_REPLACE_BULK,0.0,0.0,0.0,200,True
https://drivewayzusa.co/guides/high-altitude-driveways-colorado-considerations/,High Altitude Driveways: Colorado Considerations,High Altitude Driveways: Colorado Considerations,pexels-pixabay-221540.webp,High Altitude Driveways: Colorado Considerations — Drivewayz USA,253,B_REPLACE_BULK,0.0,0.0,0.0,200,True
https://drivewayzusa.co/guides/historic-home-driveways-period-appropriate-materials/,Historic Home Driveways: Period-Appropriate Materials,Historic Home Driveways: Period-Appropriate Materials,pexels-pixabay-221540.webp,Historic Home Driveways: Period-Appropriate Materials — Drivewayz USA,253,B_REPLACE_BULK,0.0,0.0,0.0,200,True
https://drivewayzusa.co/guides/hoa-driveway-rules-and-approval-process/,HOA Driveway Rules and Approval Process,HOA Driveway Rules and Approval Process,pexels-pixabay-221540.webp,HOA Driveway Rules and Approval Process — Drivewayz USA,253,B_REPLACE_BULK,0.0,0.0,0.0,200,True
https://drivewayzusa.co/guides/home-inspector-driveway-report-understanding-the-findings/,Home Inspector Driveway Report,Home Inspector Driveway Report: Understanding the Findings,pexels-pixabay-221540.webp,Home Inspector Driveway Report: Understanding the Findings — Drivewayz USA,253,B_REPLACE_BULK,0.0,0.0,0.0,200,True
https://drivewayzusa.co/guides/home-value-impact-driveway-condition-assessment/,Home Value Impact: Driveway Condition Assessment,Home Value Impact: Driveway Condition Assessment,pexels-pixabay-221540.webp,Home Value Impact: Driveway Condition Assessment — Drivewayz USA,253,B_REPLACE_BULK,0.0,0.0,0.0,200,True
https://drivewayzusa.co/guides/hot-climates-best-driveway-materials-for-arizona/,The Best Driveway Materials for Arizona&#x27;s Brutal Summers: A Homeowner&#x27;s Guide,The Best Driveway Materials for Arizona&#x27;s Brutal Summers: A Homeowner&#x27;s Guide,pexels-sobeslavjan-13838908.webp,Hot Climates: Best Driveway Materials for Arizona — Drivewayz USA,30,A_REPLACE_PRIORITY,0.0,1.0,46.0,200,True
https://drivewayzusa.co/guides/hot-climates-best-driveway-materials-for-florida/,Best Driveway Materials for Florida,Hot Climates: Best Driveway Materials for Florida,hero-hot-climates-driveway-materials-florida.webp,Best driveway materials for hot climates in Florida — Drivewayz USA,1,D_LEAVE,0.0,0.0,0.0,200,True
https://drivewayzusa.co/guides/hot-climates-best-driveway-materials-for-nevada/,Best Driveway Materials for Nevada,Hot Climates: Best Driveway Materials for Nevada,pexels-sobeslavjan-13838908.webp,Hot Climates: Best Driveway Materials for Nevada — Drivewayz USA,30,B_REPLACE_BULK,0.0,0.0,0.0,200,True
https://drivewayzusa.co/guides/hot-climates-best-driveway-materials-for-texas/,Best Driveway Materials for Texas Heat: What Actually Holds Up,Best Driveway Materials for Texas Heat: What Actually Holds Up,pexels-sobeslavjan-13838908.webp,Hot Climates: Best Driveway Materials for Texas — Drivewayz USA,30,B_REPLACE_BULK,0.0,0.0,0.0,200,True
https://drivewayzusa.co/guides/how-google-reviews-impact-driveway-contractor-business/,How Google Reviews Impact Driveway Contractor Business,How Google Reviews Impact Driveway Contractor Business,pexels-pixabay-221540.webp,How Google Reviews Impact Driveway Contractor Business — Drivewayz USA,253,B_REPLACE_BULK,0.0,0.0,0.0,200,True
https://drivewayzusa.co/guides/how-long-does-a-new-driveway-last-by-material/,How Long Does a New Driveway Last by Material?,How Long Does a New Driveway Last by Material?,pexels-pixabay-221540.webp,How Long Does a New Driveway Last by Material? — Drivewayz USA,253,B_REPLACE_BULK,0.0,0.0,0.0,200,True
https://drivewayzusa.co/guides/how-long-driveway-last/,How Long Does a Driveway Last?,How Long Does a Driveway Last?,logov3.png,,19,B_REPLACE_BULK,0.0,0.0,0.0,200,True
https://drivewayzusa.co/guides/how-many-pavers-do-you-need-for-a-driveway-sizing-guide/,How Many Pavers Do You Need for a Driveway?,How Many Pavers Do You Need for a Driveway? Sizing Guide,pexels-pixabay-221540.webp,How Many Pavers Do You Need for a Driveway? Sizing Guide — Drivewayz USA,253,B_REPLACE_BULK,0.0,0.0,0.0,200,True
https://drivewayzusa.co/guides/how-much-concrete-do-you-need-for-a-driveway-calculator-and-tips/,How Much Concrete Do You Need for a Driveway?,How Much Concrete Do You Need for a Driveway? Calculator and Tips,pexels-pixabay-221540.webp,How Much Concrete Do You Need for a Driveway? Calculator and Tips — Drivewayz USA,253,B_REPLACE_BULK,0.0,0.0,0.0,200,True
https://drivewayzusa.co/guides/how-much-does-a-new-driveway-cost-in-2026/,How Much Does a New Driveway Cost in 2026?,How Much Does a New Driveway Cost in 2026?,hugo-sousa-BghGseQbAkA-unsplash.webp,How Much Does a New Driveway Cost in 2026? — Drivewayz USA,6,B_REPLACE_BULK,0.0,0.0,0.0,200,True
https://drivewayzusa.co/guides/how-often-should-you-seal-your-driveway/,How Often Should You Seal Your Driveway?,How Often Should You Seal Your Driveway?,pexels-pixabay-221540.webp,How Often Should You Seal Your Driveway? — Drivewayz USA,253,B_REPLACE_BULK,0.0,0.0,0.0,200,True
https://drivewayzusa.co/guides/how-realtors-evaluate-driveway-condition/,How Realtors Evaluate Driveway Condition,How Realtors Evaluate Driveway Condition,pexels-pixabay-221540.webp,How Realtors Evaluate Driveway Condition — Drivewayz USA,253,B_REPLACE_BULK,0.0,0.0,0.0,200,True
https://drivewayzusa.co/guides/how-to-calculate-driveway-material-needs/,How to Calculate Driveway Material Needs,How to Calculate Driveway Material Needs: A Complete Step-by-Step Guide,pexels-pixabay-221540.webp,How to Calculate Driveway Material Needs — Drivewayz USA,253,B_REPLACE_BULK,0.0,0.0,0.0,200,True
https://drivewayzusa.co/guides/how-to-choose-a-driveway-material-when-youre-overwhelmed/,How to Choose a Driveway Material,How to Choose a Driveway Material When You&#x27;re Overwhelmed,pexels-pixabay-221540.webp,How to Choose a Driveway Material When You&amp;#x27;re Overwhelmed — Drivewayz USA,253,B_REPLACE_BULK,0.0,0.0,0.0,200,True
https://drivewayzusa.co/guides/how-to-file-a-complaint-against-a-driveway-contractor/,How to File a Complaint Against a Driveway Contractor,How to File a Complaint Against a Driveway Contractor,pexels-pixabay-221540.webp,How to File a Complaint Against a Driveway Contractor — Drivewayz USA,253,B_REPLACE_BULK,0.0,0.0,0.0,200,True
https://drivewayzusa.co/guides/how-to-fix-a-driveway-that-slopes-toward-your-house/,How to Fix a Driveway That Slopes Toward Your House,How to Fix a Driveway That Slopes Toward Your House,pexels-pixabay-221540.webp,How to Fix a Driveway That Slopes Toward Your House — Drivewayz USA,253,B_REPLACE_BULK,0.0,0.0,0.0,200,True
https://drivewayzusa.co/guides/how-to-fix-a-sinking-driveway-mudjacking-vs-polyurethane-foam/,How to Fix a Sinking Driveway,How to Fix a Sinking Driveway: Mudjacking vs Polyurethane Foam,pexels-pixabay-221540.webp,How to Fix a Sinking Driveway: Mudjacking vs Polyurethane Foam — Drivewayz USA,253,B_REPLACE_BULK,0.0,0.0,0.0,200,True
https://drivewayzusa.co/guides/how-to-fix-driveway-cracks-concrete-asphalt-and-paver-repair/,How to Fix Driveway Cracks,"How to Fix Driveway Cracks: Concrete, Asphalt, and Paver Repair",pexels-artbovich-8134848.webp,"How to Fix Driveway Cracks: Concrete, Asphalt, and Paver Repair — Drivewayz USA",58,B_REPLACE_BULK,0.0,0.0,0.0,200,True
https://drivewayzusa.co/guides/how-to-fix-paver-driveways-settling-and-shifting-issues/,How to Fix Paver Driveways,How to Fix Paver Driveways: Settling and Shifting Issues,pexels-pixabay-221540.webp,How to Fix Paver Driveways: Settling and Shifting Issues — Drivewayz USA,253,B_REPLACE_BULK,0.0,0.0,0.0,200,True
https://drivewayzusa.co/guides/how-to-get-accurate-driveway-quotes-from-contractors/,How to Get Accurate Driveway Quotes from Contractors,How to Get Accurate Driveway Quotes from Contractors,pexels-pixabay-221540.webp,How to Get Accurate Driveway Quotes from Contractors — Drivewayz USA,253,A_REPLACE_PRIORITY,0.0,41.0,66.0,200,True
https://drivewayzusa.co/guides/how-to-level-sunken-paver-driveways/,How to Level Sunken Paver Driveways,How to Level Sunken Paver Driveways,pexels-pixabay-221540.webp,How to Level Sunken Paver Driveways — Drivewayz USA,253,B_REPLACE_BULK,0.0,0.0,0.0,200,True
https://drivewayzusa.co/guides/how-to-negotiate-with-driveway-contractors/,How to Negotiate With Driveway Contractors,How to Negotiate With Driveway Contractors,pexels-pixabay-221540.webp,How to Negotiate With Driveway Contractors — Drivewayz USA,253,B_REPLACE_BULK,0.0,0.0,0.0,200,True
https://drivewayzusa.co/guides/how-to-patch-and-repair-asphalt-driveways/,How to Patch and Repair Asphalt Driveways,How to Patch and Repair Asphalt Driveways,pexels-artbovich-8134848.webp,How to Patch and Repair Asphalt Driveways — Drivewayz USA,58,B_REPLACE_BULK,0.0,0.0,0.0,200,True
https://drivewayzusa.co/guides/how-to-patch-and-repair-concrete-driveways/,How to Patch and Repair Concrete Driveways,How to Patch and Repair Concrete Driveways,pexels-artbovich-8134848.webp,How to Patch and Repair Concrete Driveways — Drivewayz USA,58,B_REPLACE_BULK,0.0,0.0,0.0,200,True
https://drivewayzusa.co/guides/how-to-prepare-your-property-for-driveway-installation/,How to Prepare Your Property for Driveway Installation,How to Prepare Your Property for Driveway Installation,pexels-pixabay-221540.webp,How to Prepare Your Property for Driveway Installation — Drivewayz USA,253,B_REPLACE_BULK,0.0,0.0,0.0,200,True
https://drivewayzusa.co/guides/how-to-protect-your-driveway-from-tree-roots/,How to Protect Your Driveway From Tree Roots,How to Protect Your Driveway From Tree Roots,pexels-pixabay-221540.webp,How to Protect Your Driveway From Tree Roots — Drivewayz USA,253,B_REPLACE_BULK,0.0,0.0,0.0,200,True
https://drivewayzusa.co/guides/how-to-read-a-driveway-installation-contract/,How to Read a Driveway Installation Contract,How to Read a Driveway Installation Contract,pexels-pixabay-221540.webp,How to Read a Driveway Installation Contract — Drivewayz USA,253,B_REPLACE_BULK,0.0,0.0,0.0,200,True
https://drivewayzusa.co/guides/how-to-remove-an-old-driveway-before-installing-a-new-one/,How to Remove an Old Driveway Before Replacing,How to Remove an Old Driveway Before Installing a New One,pexels-pixabay-221540.webp,How to Remove an Old Driveway Before Installing a New One — Drivewayz USA,253,B_REPLACE_BULK,0.0,0.0,0.0,200,True
https://drivewayzusa.co/guides/how-to-remove-ice-from-your-driveway-safely/,How to Remove Ice From Your Driveway Safely,How to Remove Ice From Your Driveway Safely,pexels-pixabay-221540.webp,How to Remove Ice From Your Driveway Safely — Drivewayz USA,253,B_REPLACE_BULK,0.0,0.0,0.0,200,True
https://drivewayzusa.co/guides/how-to-remove-oil-stains-from-a-concrete-driveway/,How to Remove Oil Stains From a Concrete Driveway,How to Remove Oil Stains From a Concrete Driveway,pexels-pixabay-221540.webp,How to Remove Oil Stains From a Concrete Driveway — Drivewayz USA,253,B_REPLACE_BULK,0.0,0.0,0.0,200,True
https://drivewayzusa.co/guides/how-to-remove-oil-stains-from-an-asphalt-driveway/,How to Remove Oil Stains From an Asphalt Driveway,How to Remove Oil Stains From an Asphalt Driveway,pexels-pixabay-221540.webp,How to Remove Oil Stains From an Asphalt Driveway — Drivewayz USA,253,B_REPLACE_BULK,0.0,0.0,0.0,200,True
https://drivewayzusa.co/guides/how-to-remove-paint-from-a-driveway/,How to Remove Paint From a Driveway,How to Remove Paint From a Driveway,pexels-pixabay-221540.webp,How to Remove Paint From a Driveway — Drivewayz USA,253,B_REPLACE_BULK,0.0,0.0,0.0,200,True
https://drivewayzusa.co/guides/how-to-resurface-an-asphalt-driveway-on-a-budget/,How to Resurface an Asphalt Driveway on a Budget,How to Resurface an Asphalt Driveway on a Budget,pexels-artbovich-8134848.webp,How to Resurface an Asphalt Driveway on a Budget — Drivewayz USA,58,B_REPLACE_BULK,0.0,0.0,0.0,200,True
https://drivewayzusa.co/guides/how-to-stain-a-concrete-driveway-colors-and-techniques/,How to Stain a Concrete Driveway,How to Stain a Concrete Driveway: Colors and Techniques,pexels-pixabay-221540.webp,How to Stain a Concrete Driveway: Colors and Techniques — Drivewayz USA,253,B_REPLACE_BULK,0.0,0.0,0.0,200,True
https://drivewayzusa.co/guides/how-to-vet-a-driveway-contractor-questions-to-ask/,How to Vet a Driveway Contractor: Questions to Ask,How to Vet a Driveway Contractor: Questions to Ask,pexels-pixabay-221540.webp,How to Vet a Driveway Contractor: Questions to Ask — Drivewayz USA,253,B_REPLACE_BULK,0.0,0.0,0.0,200,True
https://drivewayzusa.co/guides/how-to-widen-an-existing-driveway/,How to Widen an Existing Driveway,How to Widen an Existing Driveway,pexels-pixabay-221540.webp,How to Widen an Existing Driveway — Drivewayz USA,253,B_REPLACE_BULK,0.0,0.0,0.0,200,True
https://drivewayzusa.co/guides/how-to-winterize-your-driveway-before-the-first-freeze/,How to Winterize Your Driveway Before the First Freeze,How to Winterize Your Driveway Before the First Freeze,pexels-sobeslavjan-13838908.webp,How to Winterize Your Driveway Before the First Freeze — Drivewayz USA,30,B_REPLACE_BULK,0.0,0.0,0.0,200,True
https://drivewayzusa.co/guides/how-your-soil-type-affects-driveway-material-choice/,How Your Soil Type Affects Driveway Material Choice,How Your Soil Type Affects Driveway Material Choice,pexels-pixabay-221540.webp,How Your Soil Type Affects Driveway Material Choice — Drivewayz USA,253,B_REPLACE_BULK,0.0,0.0,0.0,200,True
https://drivewayzusa.co/guides/hurricane-zones-driveway-design-for-resilience/,Hurricane Zones: Driveway Design for Resilience,Hurricane Zones: Driveway Design for Resilience,pexels-pixabay-221540.webp,Hurricane Zones: Driveway Design for Resilience — Drivewayz USA,253,B_REPLACE_BULK,0.0,0.0,0.0,200,True
https://drivewayzusa.co/guides/impervious-surface-limits-and-driveways/,Impervious Surface Limits and Driveways,Impervious Surface Limits and Driveways,pexels-pixabay-221540.webp,Impervious Surface Limits and Driveways — Drivewayz USA,253,B_REPLACE_BULK,0.0,0.0,0.0,200,True
https://drivewayzusa.co/guides/insurance-considerations-for-driveway-projects/,Insurance Considerations for Driveway Projects,Insurance Considerations for Driveway Projects,pexels-pixabay-221540.webp,Insurance Considerations for Driveway Projects — Drivewayz USA,253,B_REPLACE_BULK,0.0,0.0,0.0,200,True
https://drivewayzusa.co/guides/integral-color-vs-surface-applied-concrete-driveway-color/,Integral vs Surface Concrete Driveway Color,Integral Color vs Surface-Applied Concrete Driveway Color,pexels-pixabay-221540.webp,Integral Color vs Surface-Applied Concrete Driveway Color — Drivewayz USA,253,B_REPLACE_BULK,0.0,0.0,0.0,200,True
https://drivewayzusa.co/guides/investment-property-driveway-balancing-cost-and-quality/,Investment Property Driveway,Investment Property Driveway: Balancing Cost and Quality,pexels-pixabay-221540.webp,Investment Property Driveway: Balancing Cost and Quality — Drivewayz USA,253,B_REPLACE_BULK,0.0,0.0,0.0,200,True
https://drivewayzusa.co/guides/joint-sand-vs-polymeric-sand-for-pavers/,Joint Sand vs Polymeric Sand for Pavers,Joint Sand vs Polymeric Sand for Pavers,pexels-pixabay-221540.webp,Joint Sand vs Polymeric Sand for Pavers — Drivewayz USA,253,B_REPLACE_BULK,0.0,0.0,0.0,200,True
https://drivewayzusa.co/guides/labor-shortage-impact-on-driveway-installation-costs/,Labor Shortage Impact on Driveway Installation Costs,Labor Shortage Impact on Driveway Installation Costs,pexels-pixabay-221540.webp,Labor Shortage Impact on Driveway Installation Costs — Drivewayz USA,253,B_REPLACE_BULK,0.0,0.0,0.0,200,True
https://drivewayzusa.co/guides/large-driveway-cost-pricing-for-1000-square-feet/,Large Driveway Cost: Pricing for 1000+ Square Feet,Large Driveway Cost: Pricing for 1000+ Square Feet,hugo-sousa-BghGseQbAkA-unsplash.webp,Large Driveway Cost: Pricing for 1000+ Square Feet — Drivewayz USA,6,B_REPLACE_BULK,0.0,0.0,0.0,200,True
https://drivewayzusa.co/guides/leaf-stain-prevention-and-removal/,Leaf Stain Prevention and Removal,Leaf Stain Prevention and Removal,pexels-pixabay-221540.webp,Leaf Stain Prevention and Removal — Drivewayz USA,253,B_REPLACE_BULK,0.0,0.0,0.0,200,True
https://drivewayzusa.co/guides/liability-issues-driveway-injuries-and-accidents/,Liability Issues: Driveway Injuries and Accidents,Liability Issues: Driveway Injuries and Accidents,pexels-pixabay-221540.webp,Liability Issues: Driveway Injuries and Accidents — Drivewayz USA,253,B_REPLACE_BULK,0.0,0.0,0.0,200,True
https://drivewayzusa.co/guides/low-maintenance-driveway-materials-ranked/,Low-Maintenance Driveway Materials Ranked,Low-Maintenance Driveway Materials Ranked,pexels-artbovich-8134848.webp,Low-Maintenance Driveway Materials Ranked — Drivewayz USA,58,B_REPLACE_BULK,0.0,0.0,0.0,200,True
https://drivewayzusa.co/guides/matching-your-driveway-to-home-architecture/,Matching Your Driveway to Home Architecture,Matching Your Driveway to Home Architecture,pexels-pixabay-221540.webp,Matching Your Driveway to Home Architecture — Drivewayz USA,253,B_REPLACE_BULK,0.0,0.0,0.0,200,True
https://drivewayzusa.co/guides/mediterranean-home-driveways-tile-and-stone/,Mediterranean Home Driveways: Tile and Stone,Mediterranean Home Driveways: Tile and Stone,pexels-pixabay-221540.webp,Mediterranean Home Driveways: Tile and Stone — Drivewayz USA,253,B_REPLACE_BULK,0.0,0.0,0.0,200,True
https://drivewayzusa.co/guides/microtopping-for-driveways-ultra-thin-concrete-overlay/,Microtopping for Driveways,Microtopping for Driveways: Ultra-Thin Concrete Overlay,pexels-pixabay-221540.webp,Microtopping for Driveways: Ultra-Thin Concrete Overlay — Drivewayz USA,253,B_REPLACE_BULK,0.0,0.0,0.0,200,True
https://drivewayzusa.co/guides/mid-budget-driveway-renovation-5000-to-10000/,Mid-Budget Driveway Renovation: $5000 to $10000,Mid-Budget Driveway Renovation: $5000 to $10000,pexels-pixabay-221540.webp,Mid-Budget Driveway Renovation: $5000 to $10000 — Drivewayz USA,253,B_REPLACE_BULK,0.0,0.0,0.0,200,True
https://drivewayzusa.co/guides/modern-home-driveways-contemporary-design-ideas/,Modern Home Driveways: Contemporary Design Ideas,Modern Home Driveways: Contemporary Design Ideas,matt-jones-xpDHTc-pkog-unsplash.webp,Modern Home Driveways: Contemporary Design Ideas — Drivewayz USA,9,B_REPLACE_BULK,0.0,0.0,0.0,200,True
https://drivewayzusa.co/guides/mold-and-mildew-prevention-on-driveways/,Mold and Mildew Prevention on Driveways,Mold and Mildew Prevention on Driveways,pexels-pixabay-221540.webp,Mold and Mildew Prevention on Driveways — Drivewayz USA,253,B_REPLACE_BULK,0.0,0.0,0.0,200,True
https://drivewayzusa.co/guides/moss-and-algae-on-driveways-removal-and-prevention/,Moss and Algae on Driveways: Removal and Prevention,Moss and Algae on Driveways: Removal and Prevention,pexels-pixabay-221540.webp,Moss and Algae on Driveways: Removal and Prevention — Drivewayz USA,253,B_REPLACE_BULK,0.0,0.0,0.0,200,True
https://drivewayzusa.co/guides/moss-and-algae-removal-from-driveways/,Moss and Algae Removal from Driveways,Moss and Algae Removal from Driveways,pexels-pixabay-221540.webp,Moss and Algae Removal from Driveways — Drivewayz USA,253,B_REPLACE_BULK,0.0,0.0,0.0,200,True
https://drivewayzusa.co/guides/neighbor-disputes-over-driveway-access/,Neighbor Disputes Over Driveway Access,Neighbor Disputes Over Driveway Access,pexels-pixabay-221540.webp,Neighbor Disputes Over Driveway Access — Drivewayz USA,253,B_REPLACE_BULK,0.0,0.0,0.0,200,True
https://drivewayzusa.co/guides/new-construction-when-to-install-your-driveway-in-the-build-process/,New Construction,New Construction: When to Install Your Driveway in the Build Process,pexels-pixabay-221540.webp,New Construction: When to Install Your Driveway in the Build Process — Drivewayz USA,253,B_REPLACE_BULK,0.0,0.0,0.0,200,True
https://drivewayzusa.co/guides/new-driveway-vs-driveway-overlay-which-saves-more-money/,New Driveway vs Driveway Overlay,New Driveway vs Driveway Overlay: Which Saves More Money?,pexels-pixabay-221540.webp,New Driveway vs Driveway Overlay: Which Saves More Money? — Drivewayz USA,253,B_REPLACE_BULK,0.0,0.0,0.0,200,True
https://drivewayzusa.co/guides/new-homeowner-driveway-assessment-what-to-check-first/,New Homeowner Driveway Assessment: What to Check First,New Homeowner Driveway Assessment: What to Check First,pexels-pixabay-221540.webp,New Homeowner Driveway Assessment: What to Check First — Drivewayz USA,253,B_REPLACE_BULK,0.0,0.0,0.0,200,True
https://drivewayzusa.co/guides/nighttime-driveway-safety-features/,Nighttime Driveway Safety Features,Nighttime Driveway Safety Features,pexels-pixabay-221540.webp,Nighttime Driveway Safety Features — Drivewayz USA,253,B_REPLACE_BULK,0.0,0.0,0.0,200,True
https://drivewayzusa.co/guides/non-slip-surfaces-for-wet-conditions/,Non-Slip Surfaces for Wet Conditions,Non-Slip Surfaces for Wet Conditions,pexels-pixabay-221540.webp,Non-Slip Surfaces for Wet Conditions — Drivewayz USA,253,B_REPLACE_BULK,0.0,0.0,0.0,200,True
https://drivewayzusa.co/guides/off-season-driveway-installation-save-money-in-winter/,Off-Season Driveway Installation: Save Money in Winter,Off-Season Driveway Installation: Save Money in Winter,pexels-pixabay-221540.webp,Off-Season Driveway Installation: Save Money in Winter — Drivewayz USA,253,B_REPLACE_BULK,0.0,0.0,0.0,200,True
https://drivewayzusa.co/guides/oil-stain-removal-from-asphalt-driveways/,Oil Stain Removal from Asphalt Driveways,Oil Stain Removal from Asphalt Driveways,pexels-pixabay-221540.webp,Oil Stain Removal from Asphalt Driveways — Drivewayz USA,253,B_REPLACE_BULK,0.0,0.0,0.0,200,True
https://drivewayzusa.co/guides/oil-stain-removal-from-concrete-driveways/,Oil Stain Removal from Concrete Driveways,Oil Stain Removal from Concrete Driveways,pexels-pixabay-221540.webp,Oil Stain Removal from Concrete Driveways — Drivewayz USA,253,B_REPLACE_BULK,0.0,0.0,0.0,200,True
https://drivewayzusa.co/guides/oyster-shell-driveway/,Oyster Shell Driveway Guide,Oyster Shell Driveway Guide,logov3.png,,19,B_REPLACE_BULK,0.0,0.0,0.0,200,True
https://drivewayzusa.co/guides/parking-pads-adding-extra-parking-space/,Parking Pads: Adding Extra Parking Space,Parking Pads: Adding Extra Parking Space,pexels-pixabay-221540.webp,Parking Pads: Adding Extra Parking Space — Drivewayz USA,253,B_REPLACE_BULK,0.0,0.0,0.0,200,True
https://drivewayzusa.co/guides/paver-base-material-selection-guide/,Paver Base Material Selection Guide,Paver Base Material Selection Guide,pexels-curtis-adams-1694007-3958961.webp,Paver Base Material Selection Guide — Drivewayz USA,7,B_REPLACE_BULK,0.0,0.0,0.0,200,True
https://drivewayzusa.co/guides/paver-driveway-cost-per-square-foot-guide/,Paver Driveway Cost per Square Foot Guide,Paver Driveway Cost per Square Foot Guide,pexels-curtis-adams-1694007-3958961.webp,Paver Driveway Cost per Square Foot Guide — Drivewayz USA,7,B_REPLACE_BULK,0.0,0.0,0.0,200,True
https://drivewayzusa.co/guides/paver-driveway-installation-step-by-step-guide/,Paver Driveway Installation Step-by-Step Guide,Paver Driveway Installation Step-by-Step Guide,pexels-curtis-adams-1694007-3958961.webp,Paver Driveway Installation Step-by-Step Guide — Drivewayz USA,7,B_REPLACE_BULK,0.0,0.0,0.0,200,True
https://drivewayzusa.co/guides/paver-driveway-lifespan-what-to-expect-over-30-years/,Paver Driveway Lifespan: What to Expect Over 30+ Years,Paver Driveway Lifespan: What to Expect Over 30+ Years,pexels-curtis-adams-1694007-3958961.webp,Paver Driveway Lifespan: What to Expect Over 30+ Years — Drivewayz USA,7,B_REPLACE_BULK,0.0,0.0,0.0,200,True
https://drivewayzusa.co/guides/paver-sealing-pros-cons-and-best-practices/,"Paver Sealing: Pros, Cons, and Best Practices","Paver Sealing: Pros, Cons, and Best Practices",pexels-curtis-adams-1694007-3958961.webp,"Paver Sealing: Pros, Cons, and Best Practices — Drivewayz USA",7,B_REPLACE_BULK,0.0,0.0,0.0,200,True
https://drivewayzusa.co/guides/pavers-vs-concrete-driveway-cost-durability-and-aesthetics/,Pavers vs Concrete Driveway,"Pavers vs Concrete Driveway: Cost, Durability, and Aesthetics",pexels-pixabay-221540.webp,"Pavers vs Concrete Driveway: Cost, Durability, and Aesthetics — Drivewayz USA",253,B_REPLACE_BULK,0.0,0.0,0.0,200,True
https://drivewayzusa.co/guides/percolation-test-for-driveway-drainage-planning/,Percolation Test for Driveway Drainage Planning,Percolation Test for Driveway Drainage Planning,pexels-pixabay-221540.webp,Percolation Test for Driveway Drainage Planning — Drivewayz USA,253,A_REPLACE_PRIORITY,0.0,61.0,85.28,200,True
https://drivewayzusa.co/guides/permeable-vs-standard-driveways-environmental-impact/,Permeable vs Standard Driveways: Environmental Impact,Permeable vs Standard Driveways: Environmental Impact,pexels-introspectivedsgn-7475608.webp,Permeable vs Standard Driveways: Environmental Impact — Drivewayz USA,7,B_REPLACE_BULK,0.0,0.0,0.0,200,True
https://drivewayzusa.co/guides/permeable-vs-traditional-driveways-pros-cons-and-costs/,"Permeable Driveways: Pros, Cons & Costs - Drivewayzusa","Permeable vs Traditional Driveways: Pros, Cons, and Costs",pexels-introspectivedsgn-7475608.webp,"Permeable vs Traditional Driveways: Pros, Cons, and Costs — Drivewayz USA",7,B_REPLACE_BULK,0.0,0.0,0.0,200,True
https://drivewayzusa.co/guides/permeable-vs-traditional/,Permeable vs Traditional Driveways Compared - Drivewayzusa,Permeable vs Traditional Driveways,logov3.png,,19,B_REPLACE_BULK,0.0,0.0,0.0,200,True
https://drivewayzusa.co/guides/pet-safety-considerations-in-driveway-design/,Pet Safety Considerations in Driveway Design,Pet Safety Considerations in Driveway Design,pexels-pixabay-221540.webp,Pet Safety Considerations in Driveway Design — Drivewayz USA,253,B_REPLACE_BULK,0.0,0.0,0.0,200,True
https://drivewayzusa.co/guides/planning-a-driveway-for-heavy-vehicles-and-work-trucks/,Planning a Driveway for Heavy Vehicles and Work Trucks,Planning a Driveway for Heavy Vehicles and Work Trucks,pexels-pixabay-221540.webp,Planning a Driveway for Heavy Vehicles and Work Trucks — Drivewayz USA,253,B_REPLACE_BULK,0.0,0.0,0.0,200,True
https://drivewayzusa.co/guides/polymer-concrete-overlay-for-driveway-repair/,Polymer Concrete Overlay for Driveway Repair,Polymer Concrete Overlay for Driveway Repair,pexels-artbovich-8134848.webp,Polymer Concrete Overlay for Driveway Repair — Drivewayz USA,58,B_REPLACE_BULK,0.0,0.0,0.0,200,True
https://drivewayzusa.co/guides/post-installation-driveway-care-the-first-30-days/,Post-Installation Driveway Care: The First 30 Days,Post-Installation Driveway Care: The First 30 Days,pexels-pixabay-221540.webp,Post-Installation Driveway Care: The First 30 Days — Drivewayz USA,253,B_REPLACE_BULK,0.0,0.0,0.0,200,True
https://drivewayzusa.co/guides/pothole-repair-diy-vs-professional/,Pothole Repair: DIY vs Professional,Pothole Repair: DIY vs Professional,pexels-artbovich-8134848.webp,Pothole Repair: DIY vs Professional — Drivewayz USA,58,B_REPLACE_BULK,0.0,0.0,0.0,200,True
https://drivewayzusa.co/guides/premium-driveway-renovation-15000-and-above/,Premium Driveway Renovation: $15000 and Above,Premium Driveway Renovation: $15000 and Above,pexels-pixabay-221540.webp,Premium Driveway Renovation: $15000 and Above — Drivewayz USA,253,B_REPLACE_BULK,0.0,0.0,0.0,200,True
https://drivewayzusa.co/guides/pressure-washing-your-driveway-best-practices/,Pressure Washing Your Driveway: Best Practices,Pressure Washing Your Driveway: Best Practices,pexels-pixabay-221540.webp,Pressure Washing Your Driveway: Best Practices — Drivewayz USA,253,B_REPLACE_BULK,0.0,0.0,0.0,200,True
https://drivewayzusa.co/guides/property-line-disputes-and-driveways/,Property Line Disputes and Driveways,Property Line Disputes and Driveways,pexels-pixabay-221540.webp,Property Line Disputes and Driveways — Drivewayz USA,253,B_REPLACE_BULK,0.0,0.0,0.0,200,True
https://drivewayzusa.co/guides/property-tax-impact-of-driveway-improvements/,Property Tax Impact of Driveway Improvements,Property Tax Impact of Driveway Improvements,pexels-pixabay-221540.webp,Property Tax Impact of Driveway Improvements — Drivewayz USA,253,A_REPLACE_PRIORITY,0.0,8.0,3.13,200,True
https://drivewayzusa.co/guides/rainwater-harvesting-driveways-design-and-installation/,Rainwater Harvesting Driveways,Rainwater Harvesting Driveways: Design and Installation,pexels-pixabay-221540.webp,Rainwater Harvesting Driveways: Design and Installation — Drivewayz USA,253,B_REPLACE_BULK,0.0,0.0,0.0,200,True
https://drivewayzusa.co/guides/rainy-climates-best-driveway-materials-for-oregon/,Best Driveway Materials for Oregon,Rainy Climates: Best Driveway Materials for Oregon,pexels-sobeslavjan-13838908.webp,Rainy Climates: Best Driveway Materials for Oregon — Drivewayz USA,30,B_REPLACE_BULK,0.0,0.0,0.0,200,True
https://drivewayzusa.co/guides/rainy-climates-best-driveway-materials-for-washington/,Best Driveway Materials for Washington,Rainy Climates: Best Driveway Materials for Washington,pexels-sobeslavjan-13838908.webp,Rainy Climates: Best Driveway Materials for Washington — Drivewayz USA,30,B_REPLACE_BULK,0.0,0.0,0.0,200,True
https://drivewayzusa.co/guides/real-estate-agent-tips-how-driveways-impact-home-sales/,Real Estate Agent Tips,Real Estate Agent Tips: How Driveways Impact Home Sales,pexels-pixabay-221540.webp,Real Estate Agent Tips: How Driveways Impact Home Sales — Drivewayz USA,253,B_REPLACE_BULK,0.0,0.0,0.0,200,True
https://drivewayzusa.co/guides/real-estate-staging-driveway-curb-appeal-tips/,Real Estate Staging: Driveway Curb Appeal Tips,Real Estate Staging: Driveway Curb Appeal Tips,matt-jones-xpDHTc-pkog-unsplash.webp,Real Estate Staging: Driveway Curb Appeal Tips — Drivewayz USA,9,B_REPLACE_BULK,0.0,0.0,0.0,200,True
https://drivewayzusa.co/guides/rebar-and-wire-mesh-for-concrete-driveways/,Rebar and Wire Mesh for Concrete Driveways,Rebar and Wire Mesh for Concrete Driveways,pexels-pixabay-221540.webp,Rebar and Wire Mesh for Concrete Driveways — Drivewayz USA,253,B_REPLACE_BULK,0.0,0.0,0.0,200,True
https://drivewayzusa.co/guides/recycled-concrete-aggregate-for-driveway-base/,Recycled Concrete Aggregate for Driveway Base,Recycled Concrete Aggregate for Driveway Base,pexels-pixabay-221540.webp,Recycled Concrete Aggregate for Driveway Base — Drivewayz USA,253,B_REPLACE_BULK,0.0,0.0,0.0,200,True
https://drivewayzusa.co/guides/recycled-glass-driveway/,Recycled Glass Driveway Guide,Recycled Glass Driveway Guide,logov3.png,,19,B_REPLACE_BULK,0.0,0.0,0.0,200,True
https://drivewayzusa.co/guides/recycled-material-driveways-types-and-benefits/,Recycled Material Driveways: Types and Benefits,Recycled Material Driveways: Types and Benefits,pexels-pixabay-221540.webp,Recycled Material Driveways: Types and Benefits — Drivewayz USA,253,B_REPLACE_BULK,0.0,0.0,0.0,200,True
https://drivewayzusa.co/guides/recycling-old-driveway-materials/,Recycling Old Driveway Materials: A Smart Guide for Homeowners,Recycling Old Driveway Materials,pexels-pixabay-221540.webp,Recycling Old Driveway Materials — Drivewayz USA,253,B_REPLACE_BULK,0.0,0.0,0.0,200,True
https://drivewayzusa.co/guides/resin-bound-driveway-cost-per-square-foot-guide/,Resin-Bound Driveway Cost per Square Foot Guide,Resin-Bound Driveway Cost per Square Foot Guide,pexels-introspectivedsgn-7475608.webp,Resin-Bound Driveway Cost per Square Foot Guide — Drivewayz USA,7,A_REPLACE_PRIORITY,0.0,6.0,24.83,200,True
https://drivewayzusa.co/guides/resin-bound-driveway-installation-guide/,Resin-Bound Driveway Installation Guide,Resin-Bound Driveway Installation Guide,hero-resin-bound-driveway-installation.webp,Resin-bound driveway installation guide — Drivewayz USA,1,D_LEAVE,0.0,0.0,0.0,200,True
https://drivewayzusa.co/guides/resin-vs-block-paving-driveway-a-full-comparison/,Resin vs Block Paving Driveway: A Full Comparison,Resin vs Block Paving Driveway: A Full Comparison,pexels-introspectivedsgn-7475608.webp,Resin vs Block Paving Driveway: A Full Comparison — Drivewayz USA,7,A_REPLACE_PRIORITY,0.0,6.0,57.0,200,True
https://drivewayzusa.co/guides/resurfacing-vs-replacement/,Resurfacing vs Replacement: Which Do You Need?,Resurfacing vs Replacement: Which Do You Need for Your Driveway?,logov3.png,,19,B_REPLACE_BULK,0.0,0.0,0.0,200,True
https://drivewayzusa.co/guides/retaining-walls-and-driveways-design-integration/,Retaining Walls and Driveways: Design Integration,Retaining Walls and Driveways: Design Integration,pexels-pixabay-221540.webp,Retaining Walls and Driveways: Design Integration — Drivewayz USA,253,B_REPLACE_BULK,0.0,0.0,0.0,200,True
https://drivewayzusa.co/guides/rubber-driveway-pavers-recycled-material-options/,Rubber Driveway Pavers: Recycled Material Options,Rubber Driveway Pavers: Recycled Material Options,pexels-pixabay-221540.webp,Rubber Driveway Pavers: Recycled Material Options — Drivewayz USA,253,B_REPLACE_BULK,0.0,0.0,0.0,200,True
https://drivewayzusa.co/guides/rust-stain-removal-from-concrete-driveways/,Rust Stain Removal from Concrete Driveways,Rust Stain Removal from Concrete Driveways,pexels-pixabay-221540.webp,Rust Stain Removal from Concrete Driveways — Drivewayz USA,253,B_REPLACE_BULK,0.0,0.0,0.0,200,True
https://drivewayzusa.co/guides/rv-parking-pad-design-and-requirements/,RV Parking Pad Design and Requirements,RV Parking Pad Design and Requirements,pexels-pixabay-221540.webp,RV Parking Pad Design and Requirements — Drivewayz USA,253,B_REPLACE_BULK,0.0,0.0,0.0,200,True
https://drivewayzusa.co/guides/salt-damage-repair-for-concrete-driveways/,Salt Damage Repair for Concrete Driveways,"Salt Damage Repair for Concrete Driveways: Causes, Fixes &amp; Prevention",pexels-artbovich-8134848.webp,Salt Damage Repair for Concrete Driveways — Drivewayz USA,58,B_REPLACE_BULK,0.0,0.0,0.0,200,True
https://drivewayzusa.co/guides/school-bus-turnaround-requirements/,School Bus Turnaround Requirements,School Bus Turnaround Requirements,pexels-pixabay-221540.webp,School Bus Turnaround Requirements — Drivewayz USA,253,B_REPLACE_BULK,0.0,0.0,0.0,200,True
https://drivewayzusa.co/guides/seasonal-driveway-problems-and-solutions/,Seasonal Driveway Problems and Solutions,Seasonal Driveway Problems and Solutions,pexels-pixabay-221540.webp,Seasonal Driveway Problems and Solutions — Drivewayz USA,253,B_REPLACE_BULK,0.0,0.0,0.0,200,True
https://drivewayzusa.co/guides/seasonal-pricing-for-driveway-projects/,Seasonal Pricing for Driveway Projects,Seasonal Pricing for Driveway Projects,hugo-sousa-BghGseQbAkA-unsplash.webp,Seasonal Pricing for Driveway Projects — Drivewayz USA,6,B_REPLACE_BULK,0.0,0.0,0.0,200,True
https://drivewayzusa.co/guides/septic-system-considerations-for-driveways/,Septic System Considerations for Driveways,Septic System Considerations for Driveways,pexels-pixabay-221540.webp,Septic System Considerations for Driveways — Drivewayz USA,253,B_REPLACE_BULK,0.0,0.0,0.0,200,True
https://drivewayzusa.co/guides/setback-requirements-for-driveways/,Setback Requirements for Driveways,Setback Requirements for Driveways,pexels-pixabay-221540.webp,Setback Requirements for Driveways — Drivewayz USA,253,B_REPLACE_BULK,0.0,0.0,0.0,200,True
https://drivewayzusa.co/guides/shared-driveway-agreements-legal-considerations/,Shared Driveway Agreements: Legal Considerations,Shared Driveway Agreements: Legal Considerations,pexels-pixabay-221540.webp,Shared Driveway Agreements: Legal Considerations — Drivewayz USA,253,B_REPLACE_BULK,0.0,0.0,0.0,200,True
https://drivewayzusa.co/guides/shell-driveways-coastal-and-southern-options/,Shell Driveways: Coastal and Southern Options,Shell Driveways: Coastal and Southern Options,pexels-pixabay-221540.webp,Shell Driveways: Coastal and Southern Options — Drivewayz USA,253,B_REPLACE_BULK,0.0,0.0,0.0,200,True
https://drivewayzusa.co/guides/signs-your-driveway-needs-replacing-a-visual-guide/,Signs Your Driveway Needs Replacing: A Visual Guide,Signs Your Driveway Needs Replacing: A Visual Guide,pexels-pixabay-221540.webp,Signs Your Driveway Needs Replacing: A Visual Guide — Drivewayz USA,253,B_REPLACE_BULK,0.0,0.0,0.0,200,True
https://drivewayzusa.co/guides/silica-fume-concrete-for-driveways-ultra-high-strength/,Silica Fume Concrete for Driveways,Silica Fume Concrete for Driveways: Ultra-High Strength,pexels-pixabay-221540.webp,Silica Fume Concrete for Driveways: Ultra-High Strength — Drivewayz USA,253,B_REPLACE_BULK,0.0,0.0,0.0,200,True
https://drivewayzusa.co/guides/sinking-driveway-repair-options/,Sinking Driveway Repair Options,Sinking Driveway Repair Options,pexels-artbovich-8134848.webp,Sinking Driveway Repair Options — Drivewayz USA,58,B_REPLACE_BULK,0.0,0.0,0.0,200,True
https://drivewayzusa.co/guides/small-claims-court-for-driveway-disputes-a-guide/,Small Claims Court for Driveway Disputes: A Guide,Small Claims Court for Driveway Disputes: A Guide,pexels-pixabay-221540.webp,Small Claims Court for Driveway Disputes: A Guide — Drivewayz USA,253,B_REPLACE_BULK,0.0,0.0,0.0,200,True
https://drivewayzusa.co/guides/small-driveway-cost-budget-for-under-500-square-feet/,Small Driveway Cost: Budget for Under 500 Square Feet,Small Driveway Cost: Budget for Under 500 Square Feet,pexels-pixabay-221540.webp,Small Driveway Cost: Budget for Under 500 Square Feet — Drivewayz USA,253,B_REPLACE_BULK,0.0,0.0,0.0,200,True
https://drivewayzusa.co/guides/smart-driveway-technology-sensors-and-automation/,Smart Driveway Technology: Sensors and Automation,Smart Driveway Technology: Sensors and Automation,pexels-pixabay-221540.webp,Smart Driveway Technology: Sensors and Automation — Drivewayz USA,253,B_REPLACE_BULK,0.0,0.0,0.0,200,True
https://drivewayzusa.co/guides/snow-melting-driveway-systems-radiant-heat-options/,Snow Melting Driveway Systems: Radiant Heat Options,Snow Melting Driveway Systems: Radiant Heat Options,pexels-sobeslavjan-13838908.webp,Snow Melting Driveway Systems: Radiant Heat Options — Drivewayz USA,30,B_REPLACE_BULK,0.0,0.0,0.0,200,True
https://drivewayzusa.co/guides/snow-plow-damage-to-driveways-prevention-and-repair/,Snow Plow Damage to Driveways: Prevention and Repair,Snow Plow Damage to Driveways: Prevention and Repair,pexels-artbovich-8134848.webp,Snow Plow Damage to Driveways: Prevention and Repair — Drivewayz USA,58,B_REPLACE_BULK,0.0,0.0,0.0,200,True
https://drivewayzusa.co/guides/solar-powered-driveway-features/,"Solar-Powered Driveway Features: Smart, Sustainable Upgrades for Modern Homes","Solar-Powered Driveway Features: Smart, Sustainable Upgrades for Modern Homes",pexels-pixabay-221540.webp,Solar-Powered Driveway Features — Drivewayz USA,253,B_REPLACE_BULK,0.0,0.0,0.0,200,True
https://drivewayzusa.co/guides/solar-reflective-driveway-materials-to-reduce-heat/,Solar Reflective Driveway Materials to Reduce Heat,Solar Reflective Driveway Materials to Reduce Heat,pexels-pixabay-221540.webp,Solar Reflective Driveway Materials to Reduce Heat — Drivewayz USA,253,B_REPLACE_BULK,0.0,0.0,0.0,200,True
https://drivewayzusa.co/guides/spring-driveway-inspection-checklist/,Spring Driveway Inspection Checklist,Spring Driveway Inspection Checklist,pexels-pixabay-221540.webp,Spring Driveway Inspection Checklist — Drivewayz USA,253,B_REPLACE_BULK,0.0,0.0,0.0,200,True
https://drivewayzusa.co/guides/spring-driveway-maintenance-checklist-for-homeowners/,Spring Driveway Maintenance Checklist for Homeowners,Spring Driveway Maintenance Checklist for Homeowners,pexels-artbovich-8134848.webp,Spring Driveway Maintenance Checklist for Homeowners — Drivewayz USA,58,B_REPLACE_BULK,0.0,0.0,0.0,200,True
https://drivewayzusa.co/guides/stagging-your-driveway-for-open-house-events/,Stagging Your Driveway for Open House Events,Stagging Your Driveway for Open House Events,pexels-pixabay-221540.webp,Stagging Your Driveway for Open House Events — Drivewayz USA,253,B_REPLACE_BULK,0.0,0.0,0.0,200,True
https://drivewayzusa.co/guides/stamped-concrete-driveways-patterns-and-costs/,Stamped Concrete Driveways: Patterns and Costs,Stamped Concrete Driveways: Patterns and Costs,pexels-goodcitizen-1315919.webp,Stamped Concrete Driveways: Patterns and Costs — Drivewayz USA,75,B_REPLACE_BULK,0.0,0.0,0.0,200,True
https://drivewayzusa.co/guides/stamped-concrete-vs-natural-stone-driveway/,Stamped Concrete vs Natural Stone Driveway,"Stamped Concrete vs Natural Stone Driveway: Cost, Durability &amp; Design Comparison",pexels-goodcitizen-1315919.webp,Stamped Concrete vs Natural Stone Driveway — Drivewayz USA,75,B_REPLACE_BULK,0.0,0.0,0.0,200,True
https://drivewayzusa.co/guides/standard-driveway-dimensions-width-length-and-size-guide/,Standard Driveway Dimensions,"Standard Driveway Dimensions: Width, Length, and Size Guide",pexels-pixabay-221540.webp,"Standard Driveway Dimensions: Width, Length, and Size Guide — Drivewayz USA",253,B_REPLACE_BULK,0.0,0.0,0.0,200,True
https://drivewayzusa.co/guides/standard-driveway-dimensions/,Standard Driveway Dimensions Guide,Standard Driveway Dimensions Guide,logov3.png,,19,B_REPLACE_BULK,0.0,0.0,0.0,200,True
https://drivewayzusa.co/guides/stormwater-regulations-affecting-driveways/,Stormwater Regulations Affecting Driveways,Stormwater Regulations Affecting Driveways,pexels-pixabay-221540.webp,Stormwater Regulations Affecting Driveways — Drivewayz USA,253,B_REPLACE_BULK,0.0,0.0,0.0,200,True
https://drivewayzusa.co/guides/summer-driveway-care-heat-protection-tips/,Summer Driveway Care: Heat Protection Tips,Summer Driveway Care: Heat Protection Tips,pexels-pixabay-221540.webp,Summer Driveway Care: Heat Protection Tips — Drivewayz USA,253,B_REPLACE_BULK,0.0,0.0,0.0,200,True
https://drivewayzusa.co/guides/summer-driveway-care-protecting-against-uv-and-heat-damage/,Summer Driveway Care,Summer Driveway Care: Protecting Against UV and Heat Damage,pexels-pixabay-221540.webp,Summer Driveway Care: Protecting Against UV and Heat Damage — Drivewayz USA,253,B_REPLACE_BULK,0.0,0.0,0.0,200,True
https://drivewayzusa.co/guides/summer-driveway-maintenance-tasks/,Summer Driveway Maintenance Tasks,Summer Driveway Maintenance Tasks,pexels-artbovich-8134848.webp,Summer Driveway Maintenance Tasks — Drivewayz USA,58,B_REPLACE_BULK,0.0,0.0,0.0,200,True
https://drivewayzusa.co/guides/supply-chain-issues-affecting-driveway-material-prices/,Supply Chain Issues Affecting Driveway Material Prices,Supply Chain Issues Affecting Driveway Material Prices,pexels-pixabay-221540.webp,Supply Chain Issues Affecting Driveway Material Prices — Drivewayz USA,253,B_REPLACE_BULK,0.0,0.0,0.0,200,True
https://drivewayzusa.co/guides/tar-and-chip-driveway-vs-asphalt-comparison/,Tar and Chip vs Asphalt Driveways: Cost & Durability,"Tar and Chip vs Asphalt Driveway: Pros, Cons &amp; Costs",pexels-pixabay-221540.webp,Tar and Chip Driveway vs Asphalt Comparison — Drivewayz USA,253,A_REPLACE_PRIORITY,0.0,186.0,56.88,200,True
https://drivewayzusa.co/guides/tar-and-chip-vs-gravel-driveway-pros-and-cons/,Tar and Chip vs Gravel Driveway: Pros and Cons,Tar and Chip vs Gravel Driveway: Pros and Cons,pexels-pixabay-221540.webp,Tar and Chip vs Gravel Driveway: Pros and Cons — Drivewayz USA,253,B_REPLACE_BULK,0.0,0.0,0.0,200,True
https://drivewayzusa.co/guides/three-car-driveway-width-length-and-price-estimates/,"Three-Car Driveway: Width, Length, and Price Estimates","Three-Car Driveway: Width, Length, and Price Estimates",pexels-pixabay-221540.webp,"Three-Car Driveway: Width, Length, and Price Estimates — Drivewayz USA",253,B_REPLACE_BULK,0.0,0.0,0.0,200,True
https://drivewayzusa.co/guides/tire-mark-removal-from-concrete/,Tire Mark Removal from Concrete,Tire Mark Removal from Concrete,pexels-pixabay-221540.webp,Tire Mark Removal from Concrete — Drivewayz USA,253,B_REPLACE_BULK,0.0,0.0,0.0,200,True
https://drivewayzusa.co/guides/top-10-driveway-contractors-in-city-guide-template/,Top 10 Driveway Contractors in [City] Guide Template,Top 10 Driveway Contractors in [City] Guide Template,pexels-pixabay-221540.webp,Top 10 Driveway Contractors in [City] Guide Template — Drivewayz USA,253,B_REPLACE_BULK,0.0,0.0,0.0,200,True
https://drivewayzusa.co/guides/top-10-driveway-mistakes-new-homeowners-make/,Top 10 Driveway Mistakes New Homeowners Make,Top 10 Driveway Mistakes New Homeowners Make,pexels-pixabay-221540.webp,Top 10 Driveway Mistakes New Homeowners Make — Drivewayz USA,253,B_REPLACE_BULK,0.0,0.0,0.0,200,True
https://drivewayzusa.co/guides/tree-removal-permits-for-driveway-projects/,Tree Removal Permits for Driveway Projects,Tree Removal Permits for Driveway Projects,pexels-pixabay-221540.webp,Tree Removal Permits for Driveway Projects — Drivewayz USA,253,B_REPLACE_BULK,0.0,0.0,0.0,200,True
https://drivewayzusa.co/guides/tree-root-damage-to-driveways-prevention-and-repair/,Tree Root Damage to Driveways: Prevention and Repair,Tree Root Damage to Driveways: Prevention and Repair,pexels-artbovich-8134848.webp,Tree Root Damage to Driveways: Prevention and Repair — Drivewayz USA,58,B_REPLACE_BULK,0.0,0.0,0.0,200,True
https://drivewayzusa.co/guides/turf-block-driveways-green-alternative-guide/,Turf Block Driveways: Green Alternative Guide,Turf Block Driveways: Green Alternative Guide,pexels-pixabay-221540.webp,Turf Block Driveways: Green Alternative Guide — Drivewayz USA,253,B_REPLACE_BULK,0.0,0.0,0.0,200,True
https://drivewayzusa.co/guides/two-car-driveway-dimensions-and-cost-guide/,Two-Car Driveway Dimensions and Cost Guide,Two-Car Driveway Dimensions and Cost Guide,pexels-pixabay-221540.webp,Two-Car Driveway Dimensions and Cost Guide — Drivewayz USA,253,B_REPLACE_BULK,0.0,0.0,0.0,200,True
https://drivewayzusa.co/guides/ultimate-guide-to-driveways-everything-you-need-to-know-in-2026/,Ultimate Guide to Driveways,Ultimate Guide to Driveways: Everything You Need to Know in 2026,pexels-pixabay-221540.webp,Ultimate Guide to Driveways: Everything You Need to Know in 2026 — Drivewayz USA,253,B_REPLACE_BULK,0.0,0.0,0.0,200,True
https://drivewayzusa.co/guides/understanding-driveway-warranties-whats-covered/,Understanding Driveway Warranties,Understanding Driveway Warranties: What&#x27;s Covered?,pexels-pixabay-221540.webp,Understanding Driveway Warranties: What&amp;#x27;s Covered? — Drivewayz USA,253,A_REPLACE_PRIORITY,0.0,1.0,83.0,200,True
https://drivewayzusa.co/guides/utility-line-locating-before-driveway-work/,Utility Line Locating Before Driveway Work,Utility Line Locating Before Driveway Work,pexels-pixabay-221540.webp,Utility Line Locating Before Driveway Work — Drivewayz USA,253,B_REPLACE_BULK,0.0,0.0,0.0,200,True
https://drivewayzusa.co/guides/visibility-and-sight-lines-at-driveway-entrances/,Visibility and Sight Lines at Driveway Entrances,Driveway Visibility and Sight Lines at Entrances: Safety Guidelines for Homeowners,pexels-pixabay-221540.webp,Visibility and Sight Lines at Driveway Entrances — Drivewayz USA,253,B_REPLACE_BULK,0.0,0.0,0.0,200,True
https://drivewayzusa.co/guides/weed-control-for-gravel-and-paver-driveways/,Weed Control for Gravel and Paver Driveways,Weed Control for Gravel and Paver Driveways,pexels-pixabay-221540.webp,Weed Control for Gravel and Paver Driveways — Drivewayz USA,253,B_REPLACE_BULK,0.0,0.0,0.0,200,True
https://drivewayzusa.co/guides/well-protection-when-installing-driveways/,Well Protection When Installing Driveways,Well Protection When Installing a Driveway,pexels-pixabay-221540.webp,Well Protection When Installing Driveways — Drivewayz USA,253,B_REPLACE_BULK,0.0,0.0,0.0,200,True
https://drivewayzusa.co/guides/wetland-considerations-for-driveway-installation/,Wetland Considerations for Driveway Installation,Wetland Considerations for Driveway Installation,pexels-pixabay-221540.webp,Wetland Considerations for Driveway Installation — Drivewayz USA,253,B_REPLACE_BULK,0.0,0.0,0.0,200,True
https://drivewayzusa.co/guides/what-is-a-driveway-apron-and-why-does-it-matter/,What Is a Driveway Apron and Why Does It Matter?,What Is a Driveway Apron and Why Does It Matter?,pexels-pixabay-221540.webp,What Is a Driveway Apron and Why Does It Matter? — Drivewayz USA,253,B_REPLACE_BULK,0.0,0.0,0.0,200,True
https://drivewayzusa.co/guides/what-to-expect-during-driveway-construction-day-by-day/,What to Expect During Driveway Construction,What to Expect During Driveway Construction: Day by Day,pexels-pixabay-221540.webp,What to Expect During Driveway Construction: Day by Day — Drivewayz USA,253,B_REPLACE_BULK,0.0,0.0,0.0,200,True
https://drivewayzusa.co/guides/when-a-permit-is-required-for-driveway-work/,When a Permit Is Required for Driveway Work,When a Permit Is Required for Driveway Work,pexels-pixabay-221540.webp,When a Permit Is Required for Driveway Work — Drivewayz USA,253,B_REPLACE_BULK,0.0,0.0,0.0,200,True
https://drivewayzusa.co/guides/when-can-you-drive-and-park-on-a-new-driveway/,When Can You Drive and Park on a New Driveway?,When Can You Drive and Park on a New Driveway?,pexels-pixabay-221540.webp,When Can You Drive and Park on a New Driveway? — Drivewayz USA,253,A_REPLACE_PRIORITY,0.0,1.0,6.0,200,True
https://drivewayzusa.co/guides/when-can-you-drive/,When Can You Drive on a New Driveway?,When Can You Drive on a New Driveway?,logov3.png,,19,B_REPLACE_BULK,0.0,0.0,0.0,200,True
https://drivewayzusa.co/guides/when-to-hire-a-professional-for-driveway-repairs/,When to Hire a Professional for Driveway Repairs,When to Hire a Professional for Driveway Repairs,pexels-artbovich-8134848.webp,When to Hire a Professional for Driveway Repairs — Drivewayz USA,58,B_REPLACE_BULK,0.0,0.0,0.0,200,True
https://drivewayzusa.co/guides/when-to-replace-vs-repair-your-driveway/,When to Replace vs Repair Your Driveway,When to Replace vs Repair Your Driveway,pexels-artbovich-8134848.webp,When to Replace vs Repair Your Driveway — Drivewayz USA,58,B_REPLACE_BULK,0.0,0.0,0.0,200,True
https://drivewayzusa.co/guides/why-driveway-quotes-vary-so-much-understanding-pricing-factors/,Why Driveway Quotes Vary So Much,Why Driveway Quotes Vary So Much: Understanding Pricing Factors,hugo-sousa-BghGseQbAkA-unsplash.webp,Why Driveway Quotes Vary So Much: Understanding Pricing Factors — Drivewayz USA,6,B_REPLACE_BULK,0.0,0.0,0.0,200,True
https://drivewayzusa.co/guides/winter-driveway-maintenance-de-icing-snow-removal-and-damage-prevention/,Winter De-Icing & Damage Prevention Guide - Drivewayzusa,"Winter Driveway Maintenance: De-Icing, Snow Removal, and Damage Prevention",pexels-artbovich-8134848.webp,"Winter Driveway Maintenance: De-Icing, Snow Removal, and Damage Prevention — Drivewayz USA",58,B_REPLACE_BULK,0.0,0.0,0.0,200,True
https://drivewayzusa.co/guides/winter-driveway-maintenance-salt-sand-and-snow-removal/,"Winter Driveway Care: Salt, Sand & Snow - Drivewayzusa","Winter Driveway Maintenance: Salt, Sand, and Snow Removal",pexels-artbovich-8134848.webp,"Winter Driveway Maintenance: Salt, Sand, and Snow Removal — Drivewayz USA",58,B_REPLACE_BULK,0.0,0.0,0.0,200,True
https://drivewayzusa.co/guides/winter-driveway-survival-guide/,Winter Driveway Survival Guide,Winter Driveway Survival Guide,pexels-pixabay-221540.webp,Winter Driveway Survival Guide — Drivewayz USA,253,B_REPLACE_BULK,0.0,0.0,0.0,200,True
