url,slug,pile,html_file,working_filename,render_prompt,negative_prompt,subject,material,setting,condition,lighting,angle,intended_alt_CONSTRAINT_NOT_FINAL,render_status
https://drivewayzusa.co/guides/best-asphalt-driveway-sealer-top-products-for-2026/,best-asphalt-driveway-sealer-top-products-for-2026,A_REPLACE_PRIORITY,guides/best-asphalt-driveway-sealer-top-products-for-2026/index.html,hero-freshly-sealed-asphalt-sheen.webp,"freshly sealed asphalt driveway surface with a dark wet sheen, asphalt, work-in-progress, sealed, overcast, low angle along surface","people, faces, vehicle badges, brand logos, text, watermarks, signage, house numbers",freshly sealed asphalt driveway surface with a dark wet sheen,asphalt,work-in-progress,sealed,overcast,low angle along surface,Freshly sealed asphalt driveway surface with a dark sheen under overcast light,pending
https://drivewayzusa.co/guides/heated-driveway-systems-cost-vs-benefit-analysis/,heated-driveway-systems-cost-vs-benefit-analysis,A_REPLACE_PRIORITY,guides/heated-driveway-systems-cost-vs-benefit-analysis/index.html,hero-concrete-strip-melting-snow.webp,"snow-free strip of concrete driveway beside melting snow, concrete, close-up surface detail, new, overcast, elevated three-quarter","people, faces, vehicle badges, brand logos, text, watermarks, signage, house numbers",snow-free strip of concrete driveway beside melting snow,concrete,close-up surface detail,new,overcast,elevated three-quarter,Snow-free strip of concrete driveway beside a melting snow edge,pending
https://drivewayzusa.co/guides/asphalt-rejuvenator-products-review/,asphalt-rejuvenator-products-review,A_REPLACE_PRIORITY,guides/asphalt-rejuvenator-products-review/index.html,hero-faded-gray-asphalt-closeup.webp,"faded gray weathered asphalt surface with worn aggregate, asphalt, close-up surface detail, weathered, overcast, low angle along surface","people, faces, vehicle badges, brand logos, text, watermarks, signage, house numbers",faded gray weathered asphalt surface with worn aggregate,asphalt,close-up surface detail,weathered,overcast,low angle along surface,Faded gray asphalt surface with worn aggregate under flat overcast light,pending
https://drivewayzusa.co/guides/driveway-permits-and-regulations-in-tennessee/,driveway-permits-and-regulations-in-tennessee,A_REPLACE_PRIORITY,guides/driveway-permits-and-regulations-in-tennessee/index.html,hero-new-concrete-garage-drive.webp,"new concrete driveway leading to a residential garage, concrete, residential frontage, new, bright midday, eye level","people, faces, vehicle badges, brand logos, text, watermarks, signage, house numbers",new concrete driveway leading to a residential garage,concrete,residential frontage,new,bright midday,eye level,New concrete driveway leading to a garage in bright midday sun,pending
https://drivewayzusa.co/guides/tar-and-chip-driveway-vs-asphalt-comparison/,tar-and-chip-driveway-vs-asphalt-comparison,A_REPLACE_PRIORITY,guides/tar-and-chip-driveway-vs-asphalt-comparison/index.html,hero-chip-seal-rural-approach.webp,"new chip-seal driveway with exposed aggregate along a rural approach, chip-seal, rural approach, new, golden hour, low angle along surface","people, faces, vehicle badges, brand logos, text, watermarks, signage, house numbers",new chip-seal driveway with exposed aggregate along a rural approach,chip-seal,rural approach,new,golden hour,low angle along surface,New chip-seal driveway with exposed aggregate in warm evening light,pending
https://drivewayzusa.co/guides/best-driveway-material-for-alabama-homes/,best-driveway-material-for-alabama-homes,A_REPLACE_PRIORITY,guides/best-driveway-material-for-alabama-homes/index.html,hero-herringbone-paver-frontage.webp,"herringbone paver driveway in front of a brick home, pavers, residential frontage, new, bright midday, elevated three-quarter","people, faces, vehicle badges, brand logos, text, watermarks, signage, house numbers",herringbone paver driveway in front of a brick home,pavers,residential frontage,new,bright midday,elevated three-quarter,Herringbone paver driveway in front of a brick home under midday sun,pending
https://drivewayzusa.co/guides/best-driveway-material-for-texas-homes/,best-driveway-material-for-texas-homes,A_REPLACE_PRIORITY,guides/best-driveway-material-for-texas-homes/index.html,hero-tire-worn-gravel-tracks.webp,"weathered gravel driveway with tire-worn tracks past open fields, gravel, rural approach, weathered, bright midday, eye level","people, faces, vehicle badges, brand logos, text, watermarks, signage, house numbers",weathered gravel driveway with tire-worn tracks past open fields,gravel,rural approach,weathered,bright midday,eye level,Gravel driveway with tire-worn tracks curving past open fields,pending
https://drivewayzusa.co/guides/percolation-test-for-driveway-drainage-planning/,percolation-test-for-driveway-drainage-planning,A_REPLACE_PRIORITY,guides/percolation-test-for-driveway-drainage-planning/index.html,hero-soil-percolation-test-hole.webp,"water-filled soil test hole beside a gravel driveway edge, none, work-in-progress, mid-repair, overcast, low angle along surface","people, faces, vehicle badges, brand logos, text, watermarks, signage, house numbers",water-filled soil test hole beside a gravel driveway edge,none,work-in-progress,mid-repair,overcast,low angle along surface,Water-filled soil test hole beside a gravel driveway edge,pending
https://drivewayzusa.co/guides/best-driveway-material-for-wisconsin-homes/,best-driveway-material-for-wisconsin-homes,A_REPLACE_PRIORITY,guides/best-driveway-material-for-wisconsin-homes/index.html,hero-sealed-concrete-after-rain.webp,"sealed concrete driveway glistening with rain outside a garage, concrete, residential frontage, sealed, wet after rain, elevated three-quarter","people, faces, vehicle badges, brand logos, text, watermarks, signage, house numbers",sealed concrete driveway glistening with rain outside a garage,concrete,residential frontage,sealed,wet after rain,elevated three-quarter,Sealed concrete driveway glistening with rain outside a garage,pending
https://drivewayzusa.co/guides/best-driveway-material-for-missouri-homes/,best-driveway-material-for-missouri-homes,A_REPLACE_PRIORITY,guides/best-driveway-material-for-missouri-homes/index.html,hero-new-asphalt-golden-hour.webp,"smooth new asphalt driveway in warm evening light, asphalt, residential frontage, new, golden hour, eye level","people, faces, vehicle badges, brand logos, text, watermarks, signage, house numbers",smooth new asphalt driveway in warm evening light,asphalt,residential frontage,new,golden hour,eye level,Smooth new asphalt driveway glowing in warm evening light,pending
https://drivewayzusa.co/guides/how-to-get-accurate-driveway-quotes-from-contractors/,how-to-get-accurate-driveway-quotes-from-contractors,A_REPLACE_PRIORITY,guides/how-to-get-accurate-driveway-quotes-from-contractors/index.html,hero-fresh-concrete-repair-patch.webp,"fresh concrete repair patch meeting an older driveway slab, concrete, work-in-progress, mid-repair, bright midday, eye level","people, faces, vehicle badges, brand logos, text, watermarks, signage, house numbers",fresh concrete repair patch meeting an older driveway slab,concrete,work-in-progress,mid-repair,bright midday,eye level,Fresh concrete repair patch meeting an older driveway slab,pending
https://drivewayzusa.co/guides/best-driveway-material-for-kentucky-homes/,best-driveway-material-for-kentucky-homes,A_REPLACE_PRIORITY,guides/best-driveway-material-for-kentucky-homes/index.html,hero-weathered-cobblestone-moss-joints.webp,"weathered cobblestone driveway with moss-filled joints, cobblestone, residential frontage, weathered, overcast, low angle along surface","people, faces, vehicle badges, brand logos, text, watermarks, signage, house numbers",weathered cobblestone driveway with moss-filled joints,cobblestone,residential frontage,weathered,overcast,low angle along surface,Weathered cobblestone driveway with moss-filled joints under gray skies,pending
https://drivewayzusa.co/guides/concrete-vs-asphalt-driveway-the-ultimate-2026-comparison/,concrete-vs-asphalt-driveway-the-ultimate-2026-comparison,A_REPLACE_PRIORITY,guides/concrete-vs-asphalt-driveway-the-ultimate-2026-comparison/index.html,hero-concrete-meets-asphalt-curb.webp,"light concrete driveway meeting a dark asphalt street at the curb, concrete, residential frontage, new, golden hour, elevated three-quarter","people, faces, vehicle badges, brand logos, text, watermarks, signage, house numbers",light concrete driveway meeting a dark asphalt street at the curb,concrete,residential frontage,new,golden hour,elevated three-quarter,Light concrete driveway meeting a dark asphalt street at the curb,pending
https://drivewayzusa.co/guides/driveway-contractor-email-marketing-staying-in-touch/,driveway-contractor-email-marketing-staying-in-touch,A_REPLACE_PRIORITY,guides/driveway-contractor-email-marketing-staying-in-touch/index.html,hero-sealed-paver-border-drive.webp,"sealed paver driveway with a contrasting border course, pavers, residential frontage, sealed, golden hour, eye level","people, faces, vehicle badges, brand logos, text, watermarks, signage, house numbers",sealed paver driveway with a contrasting border course,pavers,residential frontage,sealed,golden hour,eye level,Sealed paver driveway with a contrasting border in warm light,pending
https://drivewayzusa.co/guides/best-driveway-material-for-florida-homes/,best-driveway-material-for-florida-homes,A_REPLACE_PRIORITY,guides/best-driveway-material-for-florida-homes/index.html,hero-broomed-concrete-expansion-joints.webp,"broom-finished concrete driveway with clean expansion joints, concrete, residential frontage, new, bright midday, eye level","people, faces, vehicle badges, brand logos, text, watermarks, signage, house numbers",broom-finished concrete driveway with clean expansion joints,concrete,residential frontage,new,bright midday,eye level,Broom-finished concrete driveway with clean expansion joints in bright sun,pending
https://drivewayzusa.co/guides/driveway-permits-and-regulations-in-idaho/,driveway-permits-and-regulations-in-idaho,A_REPLACE_PRIORITY,guides/driveway-permits-and-regulations-in-idaho/index.html,hero-long-gravel-fence-line.webp,"long gravel driveway running beside rural fence lines, gravel, rural approach, new, overcast, eye level","people, faces, vehicle badges, brand logos, text, watermarks, signage, house numbers",long gravel driveway running beside rural fence lines,gravel,rural approach,new,overcast,eye level,Long gravel driveway running beside fence lines under gray skies,pending
https://drivewayzusa.co/guides/best-de-icing-products-for-driveways-salt-vs-chemical-vs-natural/,best-de-icing-products-for-driveways-salt-vs-chemical-vs-natural,A_REPLACE_PRIORITY,guides/best-de-icing-products-for-driveways-salt-vs-chemical-vs-natural/index.html,hero-rock-salt-icy-concrete.webp,"rock salt granules scattered across an icy concrete surface, concrete, close-up surface detail, weathered, overcast, low angle along surface","people, faces, vehicle badges, brand logos, text, watermarks, signage, house numbers",rock salt granules scattered across an icy concrete surface,concrete,close-up surface detail,weathered,overcast,low angle along surface,Rock salt granules scattered across an icy concrete driveway surface,pending
https://drivewayzusa.co/guides/driveway-material-comparison-cost-rankings/,driveway-material-comparison-cost-rankings,A_REPLACE_PRIORITY,guides/driveway-material-comparison-cost-rankings/index.html,hero-crushed-stone-aggregate-detail.webp,"crushed stone gravel with angular gray aggregate in close detail, gravel, close-up surface detail, new, bright midday, low angle along surface","people, faces, vehicle badges, brand logos, text, watermarks, signage, house numbers",crushed stone gravel with angular gray aggregate in close detail,gravel,close-up surface detail,new,bright midday,low angle along surface,Crushed stone gravel with angular gray aggregate in sharp close detail,pending
https://drivewayzusa.co/guides/driveway-polymer-overlay-decorative-and-protective/,driveway-polymer-overlay-decorative-and-protective,A_REPLACE_PRIORITY,guides/driveway-polymer-overlay-decorative-and-protective/index.html,hero-stamped-resin-stone-pattern.webp,"stamped resin surface with a stone pattern in warm light, resin, close-up surface detail, sealed, golden hour, low angle along surface","people, faces, vehicle badges, brand logos, text, watermarks, signage, house numbers",stamped resin surface with a stone pattern in warm light,resin,close-up surface detail,sealed,golden hour,low angle along surface,Stamped resin surface with a stone pattern glowing in warm light,pending
https://drivewayzusa.co/guides/concrete-driveway-cost-in-michigan-2026-price-guide/,concrete-driveway-cost-in-michigan-2026-price-guide,A_REPLACE_PRIORITY,guides/concrete-driveway-cost-in-michigan-2026-price-guide/index.html,hero-fresh-broom-finish-texture.webp,"fresh broom-finished concrete surface with even ridge lines, concrete, close-up surface detail, new, overcast, low angle along surface","people, faces, vehicle badges, brand logos, text, watermarks, signage, house numbers",fresh broom-finished concrete surface with even ridge lines,concrete,close-up surface detail,new,overcast,low angle along surface,Fresh broom-finished concrete with even ridge lines under flat light,pending
https://drivewayzusa.co/guides/best-driveway-material-for-michigan-homes/,best-driveway-material-for-michigan-homes,A_REPLACE_PRIORITY,guides/best-driveway-material-for-michigan-homes/index.html,hero-cracked-asphalt-rain-patches.webp,"cracked asphalt driveway with rain-darkened patches before a garage, asphalt, residential frontage, cracked, wet after rain, eye level","people, faces, vehicle badges, brand logos, text, watermarks, signage, house numbers",cracked asphalt driveway with rain-darkened patches before a garage,asphalt,residential frontage,cracked,wet after rain,eye level,Cracked asphalt driveway with rain-darkened patches before a garage,pending
https://drivewayzusa.co/guides/asphalt-driveway-cost-in-louisiana-local-pricing/,asphalt-driveway-cost-in-louisiana-local-pricing,A_REPLACE_PRIORITY,guides/asphalt-driveway-cost-in-louisiana-local-pricing/index.html,hero-cracked-asphalt-crumbling-edges.webp,"cracked asphalt surface with crumbling edges at close range, asphalt, close-up surface detail, cracked, bright midday, low angle along surface","people, faces, vehicle badges, brand logos, text, watermarks, signage, house numbers",cracked asphalt surface with crumbling edges at close range,asphalt,close-up surface detail,cracked,bright midday,low angle along surface,Cracked asphalt surface with crumbling edges in harsh midday light,pending
https://drivewayzusa.co/guides/best-driveway-material-for-illinois-homes/,best-driveway-material-for-illinois-homes,A_REPLACE_PRIORITY,guides/best-driveway-material-for-illinois-homes/index.html,hero-weathered-clay-paver-drive.webp,"weathered clay paver driveway with faded joint lines, pavers, residential frontage, weathered, overcast, elevated three-quarter","people, faces, vehicle badges, brand logos, text, watermarks, signage, house numbers",weathered clay paver driveway with faded joint lines,pavers,residential frontage,weathered,overcast,elevated three-quarter,Weathered clay paver driveway with faded joints under flat gray light,pending
https://drivewayzusa.co/guides/best-driveway-material-for-new-york-homes/,best-driveway-material-for-new-york-homes,A_REPLACE_PRIORITY,guides/best-driveway-material-for-new-york-homes/index.html,hero-stamped-concrete-sunset-glow.webp,"sealed stamped concrete driveway glowing at sunset, concrete, residential frontage, sealed, golden hour, elevated three-quarter","people, faces, vehicle badges, brand logos, text, watermarks, signage, house numbers",sealed stamped concrete driveway glowing at sunset,concrete,residential frontage,sealed,golden hour,elevated three-quarter,Sealed stamped concrete driveway glowing in warm sunset light,pending
https://drivewayzusa.co/guides/best-driveway-material-for-south-carolina-homes/,best-driveway-material-for-south-carolina-homes,A_REPLACE_PRIORITY,guides/best-driveway-material-for-south-carolina-homes/index.html,hero-wet-chip-seal-rural-drive.webp,"rain-darkened chip-seal driveway winding toward a rural property, chip-seal, rural approach, weathered, wet after rain, eye level","people, faces, vehicle badges, brand logos, text, watermarks, signage, house numbers",rain-darkened chip-seal driveway winding toward a rural property,chip-seal,rural approach,weathered,wet after rain,eye level,Rain-darkened chip-seal driveway winding toward a rural property,pending
https://drivewayzusa.co/guides/best-material-long-rural-driveway/,best-material-long-rural-driveway,A_REPLACE_PRIORITY,guides/best-material-long-rural-driveway/index.html,hero-gravel-drive-open-meadow.webp,"long gravel driveway stretching through an open meadow, gravel, rural approach, weathered, golden hour, eye level","people, faces, vehicle badges, brand logos, text, watermarks, signage, house numbers",long gravel driveway stretching through an open meadow,gravel,rural approach,weathered,golden hour,eye level,Long gravel drive stretching past open meadow under warm evening light,pending
https://drivewayzusa.co/guides/driveway-signage-stop-signs-speed-limits-and-address-markers/,driveway-signage-stop-signs-speed-limits-and-address-markers,A_REPLACE_PRIORITY,guides/driveway-signage-stop-signs-speed-limits-and-address-markers/index.html,hero-paver-apron-street-entry.webp,"paver driveway apron where it meets the street, pavers, residential frontage, new, bright midday, eye level","people, faces, vehicle badges, brand logos, text, watermarks, signage, house numbers",paver driveway apron where it meets the street,pavers,residential frontage,new,bright midday,eye level,Neat paver driveway apron meeting the street with clear open sight lines,pending
https://drivewayzusa.co/guides/driveway-expert-witness-when-disputes-need-professional-opinion/,driveway-expert-witness-when-disputes-need-professional-opinion,A_REPLACE_PRIORITY,guides/driveway-expert-witness-when-disputes-need-professional-opinion/index.html,hero-cracked-concrete-slab-detail.webp,"deep cracks running across a concrete slab, concrete, close-up surface detail, cracked, overcast, low angle along surface","people, faces, vehicle badges, brand logos, text, watermarks, signage, house numbers",deep cracks running across a concrete slab,concrete,close-up surface detail,cracked,overcast,low angle along surface,Deep cracks running across a weathered concrete slab in flat daylight,pending
https://drivewayzusa.co/guides/best-driveway-material-for-heavy-snow-regions-longevity-focus/,best-driveway-material-for-heavy-snow-regions-longevity-focus,A_REPLACE_PRIORITY,guides/best-driveway-material-for-heavy-snow-regions-longevity-focus/index.html,hero-wet-sealed-concrete-drive.webp,"sealed concrete driveway wet from rain, concrete, residential frontage, sealed, wet after rain, low angle along surface","people, faces, vehicle badges, brand logos, text, watermarks, signage, house numbers",sealed concrete driveway wet from rain,concrete,residential frontage,sealed,wet after rain,low angle along surface,Sealed concrete driveway glistening wet under a gray sky,pending
https://drivewayzusa.co/guides/asphalt-driveway-cost-in-connecticut-local-pricing/,asphalt-driveway-cost-in-connecticut-local-pricing,A_REPLACE_PRIORITY,guides/asphalt-driveway-cost-in-connecticut-local-pricing/index.html,hero-fresh-asphalt-texture-closeup.webp,"fresh asphalt surface texture, asphalt, close-up surface detail, new, overcast, low angle along surface","people, faces, vehicle badges, brand logos, text, watermarks, signage, house numbers",fresh asphalt surface texture,asphalt,close-up surface detail,new,overcast,low angle along surface,Fresh black asphalt surface with fine aggregate texture up close,pending
https://drivewayzusa.co/guides/chip-seal-driveways-costs-and-longevity/,chip-seal-driveways-costs-and-longevity,A_REPLACE_PRIORITY,guides/chip-seal-driveways-costs-and-longevity/index.html,hero-chip-seal-stone-texture.webp,"chip seal surface of embedded stone chips, chip-seal, close-up surface detail, weathered, bright midday, low angle along surface","people, faces, vehicle badges, brand logos, text, watermarks, signage, house numbers",chip seal surface of embedded stone chips,chip-seal,close-up surface detail,weathered,bright midday,low angle along surface,Rough chip seal surface of embedded stone chips in sunlight,pending
https://drivewayzusa.co/guides/driveway-permits-and-regulations-in-wisconsin/,driveway-permits-and-regulations-in-wisconsin,A_REPLACE_PRIORITY,guides/driveway-permits-and-regulations-in-wisconsin/index.html,hero-staked-driveway-excavation-site.webp,"excavated driveway bed with grade stakes and string lines, gravel, work-in-progress, mid-repair, overcast, elevated three-quarter","people, faces, vehicle badges, brand logos, text, watermarks, signage, house numbers",excavated driveway bed with grade stakes and string lines,gravel,work-in-progress,mid-repair,overcast,elevated three-quarter,Excavated drive bed with grade stakes and string lines awaiting base stone,pending
https://drivewayzusa.co/guides/property-tax-impact-of-driveway-improvements/,property-tax-impact-of-driveway-improvements,A_REPLACE_PRIORITY,guides/property-tax-impact-of-driveway-improvements/index.html,hero-new-paver-drive-lawn.webp,"new interlocking paver driveway beside a tidy lawn, pavers, residential frontage, new, golden hour, elevated three-quarter","people, faces, vehicle badges, brand logos, text, watermarks, signage, house numbers",new interlocking paver driveway beside a tidy lawn,pavers,residential frontage,new,golden hour,elevated three-quarter,New interlocking paver driveway bordered by a tidy green lawn,pending
https://drivewayzusa.co/guides/driveway-base-subgrade/,driveway-base-subgrade,A_REPLACE_PRIORITY,guides/driveway-base-subgrade/index.html,hero-compacted-gravel-base-layer.webp,"compacted crushed stone base layer before paving, gravel, work-in-progress, mid-repair, bright midday, elevated three-quarter","people, faces, vehicle badges, brand logos, text, watermarks, signage, house numbers",compacted crushed stone base layer before paving,gravel,work-in-progress,mid-repair,bright midday,elevated three-quarter,Compacted crushed stone base layer spread and leveled before paving,pending
https://drivewayzusa.co/guides/best-driveway-material-for-ohio-homes/,best-driveway-material-for-ohio-homes,A_REPLACE_PRIORITY,guides/best-driveway-material-for-ohio-homes/index.html,hero-smooth-concrete-suburban-drive.webp,"smooth concrete driveway leading to a suburban garage, concrete, residential frontage, new, bright midday, eye level","people, faces, vehicle badges, brand logos, text, watermarks, signage, house numbers",smooth concrete driveway leading to a suburban garage,concrete,residential frontage,new,bright midday,eye level,Smooth concrete driveway leading to a suburban garage on a sunny day,pending
https://drivewayzusa.co/guides/driveway-pothole-repair-step-by-step-fix-guide/,driveway-pothole-repair-step-by-step-fix-guide,A_REPLACE_PRIORITY,guides/driveway-pothole-repair-step-by-step-fix-guide/index.html,hero-pothole-fresh-patch-asphalt.webp,"asphalt pothole filled with fresh patch material, asphalt, close-up surface detail, mid-repair, overcast, low angle along surface","people, faces, vehicle badges, brand logos, text, watermarks, signage, house numbers",asphalt pothole filled with fresh patch material,asphalt,close-up surface detail,mid-repair,overcast,low angle along surface,Asphalt pothole filled with fresh patch material beside crumbling edges,pending
https://drivewayzusa.co/guides/resin-bound-driveway-cost-per-square-foot-guide/,resin-bound-driveway-cost-per-square-foot-guide,A_REPLACE_PRIORITY,guides/resin-bound-driveway-cost-per-square-foot-guide/index.html,hero-resin-bound-aggregate-texture.webp,"resin bound surface of warm mixed aggregate stones, resin, close-up surface detail, new, golden hour, low angle along surface","people, faces, vehicle badges, brand logos, text, watermarks, signage, house numbers",resin bound surface of warm mixed aggregate stones,resin,close-up surface detail,new,golden hour,low angle along surface,Smooth resin bound surface of warm mixed aggregate stones,pending
https://drivewayzusa.co/guides/resin-vs-block-paving-driveway-a-full-comparison/,resin-vs-block-paving-driveway-a-full-comparison,A_REPLACE_PRIORITY,guides/resin-vs-block-paving-driveway-a-full-comparison/index.html,hero-resin-meets-paver-edge.webp,"edge where resin bound paving meets block pavers, resin, close-up surface detail, new, bright midday, low angle along surface","people, faces, vehicle badges, brand logos, text, watermarks, signage, house numbers",edge where resin bound paving meets block pavers,resin,close-up surface detail,new,bright midday,low angle along surface,Speckled bound stone surface ending at a neat row of clay bricks,pending
https://drivewayzusa.co/guides/best-driveway-material-for-washington-homes/,best-driveway-material-for-washington-homes,A_REPLACE_PRIORITY,guides/best-driveway-material-for-washington-homes/index.html,hero-rain-dark-asphalt-frontage.webp,"dark asphalt driveway gleaming after rain, asphalt, residential frontage, sealed, wet after rain, eye level","people, faces, vehicle badges, brand logos, text, watermarks, signage, house numbers",dark asphalt driveway gleaming after rain,asphalt,residential frontage,sealed,wet after rain,eye level,Dark asphalt driveway gleaming after rain in front of a house,pending
https://drivewayzusa.co/guides/budget-driveway-small-urban-lot/,budget-driveway-small-urban-lot,A_REPLACE_PRIORITY,guides/budget-driveway-small-urban-lot/index.html,hero-ribbon-driveway-grass-median.webp,"cracked concrete ribbon driveway with a grass center strip, concrete, residential frontage, cracked, overcast, elevated three-quarter","people, faces, vehicle badges, brand logos, text, watermarks, signage, house numbers",cracked concrete ribbon driveway with a grass center strip,concrete,residential frontage,cracked,overcast,elevated three-quarter,Cracked concrete ribbon strips with a grass center on a small lot,pending
https://drivewayzusa.co/guides/channel-drain-options-for-driveways/,channel-drain-options-for-driveways,A_REPLACE_PRIORITY,guides/channel-drain-options-for-driveways/index.html,hero-channel-drain-grate-concrete.webp,"long metal drain grate set flush across wet concrete, concrete, close-up surface detail, new, wet after rain, low angle along surface","people, faces, vehicle badges, brand logos, text, watermarks, signage, house numbers",long metal drain grate set flush across wet concrete,concrete,close-up surface detail,new,wet after rain,low angle along surface,Long metal grate set flush across rain wet concrete,pending
https://drivewayzusa.co/guides/driveway-roi-how-much-does-a-new-driveway-add-to-home-value/,driveway-roi-how-much-does-a-new-driveway-add-to-home-value,A_REPLACE_PRIORITY,guides/driveway-roi-how-much-does-a-new-driveway-add-to-home-value/index.html,hero-evening-light-paver-drive.webp,"sealed paver driveway glowing in warm evening light, pavers, residential frontage, sealed, golden hour, elevated three-quarter","people, faces, vehicle badges, brand logos, text, watermarks, signage, house numbers",sealed paver driveway glowing in warm evening light,pavers,residential frontage,sealed,golden hour,elevated three-quarter,Sealed paver driveway glowing in warm evening light beside a house,pending
https://drivewayzusa.co/guides/best-driveway-material-for-california-homes/,best-driveway-material-for-california-homes,A_REPLACE_PRIORITY,guides/best-driveway-material-for-california-homes/index.html,hero-sunlit-concrete-drive-entry.webp,"sunlit concrete driveway curving toward a garage, concrete, residential frontage, new, bright midday, eye level","people, faces, vehicle badges, brand logos, text, watermarks, signage, house numbers",sunlit concrete driveway curving toward a garage,concrete,residential frontage,new,bright midday,eye level,Sunlit concrete driveway curving toward a garage framed by shrubs,pending
https://drivewayzusa.co/guides/driveway-sealing-cost-diy-vs-professional/,driveway-sealing-cost-diy-vs-professional,A_REPLACE_PRIORITY,guides/driveway-sealing-cost-diy-vs-professional/index.html,hero-half-sealed-asphalt-drive.webp,"asphalt driveway half coated in fresh black sealer, asphalt, work-in-progress, sealed, bright midday, elevated three-quarter","people, faces, vehicle badges, brand logos, text, watermarks, signage, house numbers",asphalt driveway half coated in fresh black sealer,asphalt,work-in-progress,sealed,bright midday,elevated three-quarter,Half of an asphalt drive coated in fresh black sealer,pending
https://drivewayzusa.co/guides/best-driveway-material-for-virginia-homes/,best-driveway-material-for-virginia-homes,A_REPLACE_PRIORITY,guides/best-driveway-material-for-virginia-homes/index.html,hero-weathered-asphalt-country-lane.webp,"weathered asphalt driveway winding between trees, asphalt, rural approach, weathered, overcast, eye level","people, faces, vehicle badges, brand logos, text, watermarks, signage, house numbers",weathered asphalt driveway winding between trees,asphalt,rural approach,weathered,overcast,eye level,Weathered asphalt driveway winding between trees toward a country home,pending
https://drivewayzusa.co/guides/concrete-driveway-cost-in-north-carolina-2026-price-guide/,concrete-driveway-cost-in-north-carolina-2026-price-guide,A_REPLACE_PRIORITY,guides/concrete-driveway-cost-in-north-carolina-2026-price-guide/index.html,hero-new-concrete-sawn-joints.webp,"new concrete surface with straight sawn control joints, concrete, close-up surface detail, new, bright midday, low angle along surface","people, faces, vehicle badges, brand logos, text, watermarks, signage, house numbers",new concrete surface with straight sawn control joints,concrete,close-up surface detail,new,bright midday,low angle along surface,New concrete driveway surface with straight sawn control joints,pending
https://drivewayzusa.co/guides/concrete-driveway-cost-in-ohio-2026-price-guide/,concrete-driveway-cost-in-ohio-2026-price-guide,A_REPLACE_PRIORITY,guides/concrete-driveway-cost-in-ohio-2026-price-guide/index.html,hero-fresh-concrete-pour-forms.webp,"freshly poured concrete driveway framed by wooden forms, concrete, work-in-progress, new, overcast, elevated three-quarter","people, faces, vehicle badges, brand logos, text, watermarks, signage, house numbers",freshly poured concrete driveway framed by wooden forms,concrete,work-in-progress,new,overcast,elevated three-quarter,Freshly poured concrete driveway still framed by wooden edge forms,pending
https://drivewayzusa.co/guides/driveway-slurry-seal-thin-protective-layer-application/,driveway-slurry-seal-thin-protective-layer-application,A_REPLACE_PRIORITY,guides/driveway-slurry-seal-thin-protective-layer-application/index.html,hero-slurry-coated-asphalt-surface.webp,"asphalt surface with a smooth fresh dark coating, asphalt, close-up surface detail, sealed, overcast, low angle along surface","people, faces, vehicle badges, brand logos, text, watermarks, signage, house numbers",asphalt surface with a smooth fresh dark coating,asphalt,close-up surface detail,sealed,overcast,low angle along surface,Smooth dark coating freshly spread over an asphalt surface,pending
https://drivewayzusa.co/guides/best-driveway-material-for-new-hampshire-homes/,best-driveway-material-for-new-hampshire-homes,A_REPLACE_PRIORITY,guides/best-driveway-material-for-new-hampshire-homes/index.html,hero-weathered-paver-front-entry.webp,"weathered clay paver driveway at a front entry, pavers, residential frontage, weathered, overcast, eye level","people, faces, vehicle badges, brand logos, text, watermarks, signage, house numbers",weathered clay paver driveway at a front entry,pavers,residential frontage,weathered,overcast,eye level,Weathered clay paver driveway leading to a front entry in gray light,pending
https://drivewayzusa.co/guides/best-driveway-material-for-north-carolina-homes/,best-driveway-material-for-north-carolina-homes,A_REPLACE_PRIORITY,guides/best-driveway-material-for-north-carolina-homes/index.html,hero-cobblestone-drive-evening-glow.webp,"weathered cobblestone driveway catching warm evening light, cobblestone, residential frontage, weathered, golden hour, eye level","people, faces, vehicle badges, brand logos, text, watermarks, signage, house numbers",weathered cobblestone driveway catching warm evening light,cobblestone,residential frontage,weathered,golden hour,eye level,Weathered cobblestone driveway catching warm evening light along its edge,pending
https://drivewayzusa.co/guides/driveway-permits-and-regulations-in-kentucky/,driveway-permits-and-regulations-in-kentucky,A_REPLACE_PRIORITY,guides/driveway-permits-and-regulations-in-kentucky/index.html,hero-concrete-apron-at-curb-cut.webp,"concrete driveway apron meeting the street at a wide curb cut, concrete, residential frontage, new, overcast, eye level","people, faces, vehicle badges, brand logos, text, watermarks, signage, house numbers",concrete driveway apron meeting the street at a wide curb cut,concrete,residential frontage,new,overcast,eye level,Concrete driveway apron meeting the street at a wide curb cut,pending
https://drivewayzusa.co/guides/driveway-sealing/,driveway-sealing,A_REPLACE_PRIORITY,guides/driveway-sealing/index.html,hero-sealcoat-glossy-wet-edge.webp,"glossy fresh sealcoat spreading in a wet edge across asphalt, asphalt, work-in-progress, sealed, wet after rain, low angle along surface","people, faces, vehicle badges, brand logos, text, watermarks, signage, house numbers",glossy fresh sealcoat spreading in a wet edge across asphalt,asphalt,work-in-progress,sealed,wet after rain,low angle along surface,Glossy fresh sealcoat spreading in a wet edge across asphalt,pending
https://drivewayzusa.co/guides/driveway-water-absorption-rate-material-porosity-comparison/,driveway-water-absorption-rate-material-porosity-comparison,A_REPLACE_PRIORITY,guides/driveway-water-absorption-rate-material-porosity-comparison/index.html,hero-water-beads-sealed-concrete.webp,"water beads pooling on a dense sealed concrete surface, concrete, close-up surface detail, sealed, wet after rain, eye level","people, faces, vehicle badges, brand logos, text, watermarks, signage, house numbers",water beads pooling on a dense sealed concrete surface,concrete,close-up surface detail,sealed,wet after rain,eye level,Water beads pooling on a dense sealed concrete surface after rain,pending
https://drivewayzusa.co/guides/accessible-driveway-design-ada-considerations/,accessible-driveway-design-ada-considerations,A_REPLACE_PRIORITY,guides/accessible-driveway-design-ada-considerations/index.html,hero-wide-flush-concrete-entry-ramp.webp,"wide smooth concrete driveway with a flush level walkway entry, concrete, residential frontage, new, bright midday, elevated three-quarter","people, faces, vehicle badges, brand logos, text, watermarks, signage, house numbers",wide smooth concrete driveway with a flush level walkway entry,concrete,residential frontage,new,bright midday,elevated three-quarter,Wide smooth concrete driveway with a flush level walkway entry,pending
https://drivewayzusa.co/guides/asphalt-driveway-cost-in-arizona-local-pricing/,asphalt-driveway-cost-in-arizona-local-pricing,A_REPLACE_PRIORITY,guides/asphalt-driveway-cost-in-arizona-local-pricing/index.html,hero-fresh-asphalt-mat-texture.webp,"freshly compacted asphalt mat with tight surface texture, asphalt, work-in-progress, new, bright midday, low angle along surface","people, faces, vehicle badges, brand logos, text, watermarks, signage, house numbers",freshly compacted asphalt mat with tight surface texture,asphalt,work-in-progress,new,bright midday,low angle along surface,Freshly compacted asphalt mat showing tight texture under midday sun,pending
https://drivewayzusa.co/guides/asphalt-driveway-cost-in-west-virginia-local-pricing/,asphalt-driveway-cost-in-west-virginia-local-pricing,A_REPLACE_PRIORITY,guides/asphalt-driveway-cost-in-west-virginia-local-pricing/index.html,hero-cracked-asphalt-exposed-aggregate-stones.webp,"cracked asphalt surface with exposed stones and worn gray patches, asphalt, close-up surface detail, cracked, overcast, low angle along surface","people, faces, vehicle badges, brand logos, text, watermarks, signage, house numbers",cracked asphalt surface with exposed stones and worn gray patches,asphalt,close-up surface detail,cracked,overcast,low angle along surface,Cracked asphalt closeup with exposed stones and worn gray patches,pending
https://drivewayzusa.co/guides/asphalt-sealing-best-products-and-application-tips/,asphalt-sealing-best-products-and-application-tips,A_REPLACE_PRIORITY,guides/asphalt-sealing-best-products-and-application-tips/index.html,hero-sealcoat-brush-strokes-blacktop.webp,"sealcoat brush strokes glistening across a damp blacktop surface, asphalt, close-up surface detail, sealed, wet after rain, eye level","people, faces, vehicle badges, brand logos, text, watermarks, signage, house numbers",sealcoat brush strokes glistening across a damp blacktop surface,asphalt,close-up surface detail,sealed,wet after rain,eye level,Sealcoat brush strokes glistening across a damp blacktop surface,pending
https://drivewayzusa.co/guides/best-budget-driveway-material-for-hot-climates/,best-budget-driveway-material-for-hot-climates,A_REPLACE_PRIORITY,guides/best-budget-driveway-material-for-hot-climates/index.html,hero-gravel-lane-dry-sun.webp,"worn gravel lane running straight through dry sun baked grass, gravel, rural approach, weathered, bright midday, eye level","people, faces, vehicle badges, brand logos, text, watermarks, signage, house numbers",worn gravel lane running straight through dry sun baked grass,gravel,rural approach,weathered,bright midday,eye level,Worn gravel lane running straight through dry sun baked grass,pending
https://drivewayzusa.co/guides/best-driveway-material-for-coastal-and-salt-air-environments/,best-driveway-material-for-coastal-and-salt-air-environments,A_REPLACE_PRIORITY,guides/best-driveway-material-for-coastal-and-salt-air-environments/index.html,hero-salt-stained-weathered-concrete.webp,"weathered concrete driveway edges stained pale by salt residue, concrete, residential frontage, weathered, golden hour, elevated three-quarter","people, faces, vehicle badges, brand logos, text, watermarks, signage, house numbers",weathered concrete driveway edges stained pale by salt residue,concrete,residential frontage,weathered,golden hour,elevated three-quarter,Weathered concrete driveway edges stained pale by salt residue,pending
https://drivewayzusa.co/guides/best-driveway-material-for-hot-climates-longevity-focus/,best-driveway-material-for-hot-climates-longevity-focus,A_REPLACE_PRIORITY,guides/best-driveway-material-for-hot-climates-longevity-focus/index.html,hero-brick-pavers-harsh-midday-sun.webp,"brick paver driveway in full harsh midday sun before a home, pavers, residential frontage, new, bright midday, elevated three-quarter","people, faces, vehicle badges, brand logos, text, watermarks, signage, house numbers",brick paver driveway in full harsh midday sun before a home,pavers,residential frontage,new,bright midday,elevated three-quarter,Brick paver driveway in full harsh midday sun before a home,pending
https://drivewayzusa.co/guides/best-driveway-material-for-west-virginia-homes/,best-driveway-material-for-west-virginia-homes,A_REPLACE_PRIORITY,guides/best-driveway-material-for-west-virginia-homes/index.html,hero-gravel-bend-open-pasture.webp,"weathered gravel driveway bending through open pasture, gravel, rural approach, weathered, overcast, eye level","people, faces, vehicle badges, brand logos, text, watermarks, signage, house numbers",weathered gravel driveway bending through open pasture,gravel,rural approach,weathered,overcast,eye level,Weathered gravel driveway bending through open pasture under gray sky,pending
https://drivewayzusa.co/guides/coastal-regions-best-driveway-materials-for-california/,coastal-regions-best-driveway-materials-for-california,A_REPLACE_PRIORITY,guides/coastal-regions-best-driveway-materials-for-california/index.html,hero-cobblestone-rounded-stones-dusk-light.webp,"weathered cobblestone driveway of rounded stones in dusk light, cobblestone, residential frontage, weathered, golden hour, elevated three-quarter","people, faces, vehicle badges, brand logos, text, watermarks, signage, house numbers",weathered cobblestone driveway of rounded stones in dusk light,cobblestone,residential frontage,weathered,golden hour,elevated three-quarter,Weathered cobblestone driveway of rounded stones glowing in dusk light,pending
https://drivewayzusa.co/guides/cold-climates-best-driveway-materials-for-michigan/,cold-climates-best-driveway-materials-for-michigan,A_REPLACE_PRIORITY,guides/cold-climates-best-driveway-materials-for-michigan/index.html,hero-frost-dusted-concrete-morning.webp,"frost dusted concrete driveway under a flat pale winter sky, concrete, residential frontage, new, overcast, low angle along surface","people, faces, vehicle badges, brand logos, text, watermarks, signage, house numbers",frost dusted concrete driveway under a flat pale winter sky,concrete,residential frontage,new,overcast,low angle along surface,Frost dusted concrete driveway under a flat pale winter sky,pending
https://drivewayzusa.co/guides/driveway-before-and-after-concrete-transformation-gallery/,driveway-before-and-after-concrete-transformation-gallery,A_REPLACE_PRIORITY,guides/driveway-before-and-after-concrete-transformation-gallery/index.html,hero-weathered-meets-fresh-concrete-pour.webp,"joint line where weathered gray concrete meets a fresh new pour, concrete, work-in-progress, mid-repair, overcast, low angle along surface","people, faces, vehicle badges, brand logos, text, watermarks, signage, house numbers",joint line where weathered gray concrete meets a fresh new pour,concrete,work-in-progress,mid-repair,overcast,low angle along surface,Joint line where weathered gray concrete meets a fresh new pour,pending
https://drivewayzusa.co/guides/driveway-concrete-reinforcement-methods-compared/,driveway-concrete-reinforcement-methods-compared,A_REPLACE_PRIORITY,guides/driveway-concrete-reinforcement-methods-compared/index.html,hero-steel-rebar-grid-gravel-base.webp,"steel rebar grid laid over a compacted gravel base, gravel, work-in-progress, mid-repair, bright midday, elevated three-quarter","people, faces, vehicle badges, brand logos, text, watermarks, signage, house numbers",steel rebar grid laid over a compacted gravel base,gravel,work-in-progress,mid-repair,bright midday,elevated three-quarter,Steel rebar grid laid over a compacted gravel base before pouring,pending
https://drivewayzusa.co/guides/driveway-paint-remover-safe-options-for-different-surfaces/,driveway-paint-remover-safe-options-for-different-surfaces,A_REPLACE_PRIORITY,guides/driveway-paint-remover-safe-options-for-different-surfaces/index.html,hero-faded-paint-stain-concrete.webp,"faded paint stain partially lifted from a weathered concrete surface, concrete, close-up surface detail, weathered, bright midday, eye level","people, faces, vehicle badges, brand logos, text, watermarks, signage, house numbers",faded paint stain partially lifted from a weathered concrete surface,concrete,close-up surface detail,weathered,bright midday,eye level,Faded paint stain partially lifted from a weathered concrete surface,pending
https://drivewayzusa.co/guides/driveway-permits-and-regulations-in-arkansas/,driveway-permits-and-regulations-in-arkansas,A_REPLACE_PRIORITY,guides/driveway-permits-and-regulations-in-arkansas/index.html,hero-driveway-apron-sidewalk-crossing.webp,"concrete driveway apron crossing the sidewalk on a quiet street, concrete, residential frontage, new, overcast, eye level","people, faces, vehicle badges, brand logos, text, watermarks, signage, house numbers",concrete driveway apron crossing the sidewalk on a quiet street,concrete,residential frontage,new,overcast,eye level,Concrete driveway apron crossing the sidewalk on a quiet street,pending
https://drivewayzusa.co/guides/driveway-permits-and-regulations-in-utah/,driveway-permits-and-regulations-in-utah,A_REPLACE_PRIORITY,guides/driveway-permits-and-regulations-in-utah/index.html,hero-wide-curb-cut-entry.webp,"clean new concrete driveway entrance with a wide curb cut, concrete, residential frontage, new, golden hour, elevated three-quarter","people, faces, vehicle badges, brand logos, text, watermarks, signage, house numbers",clean new concrete driveway entrance with a wide curb cut,concrete,residential frontage,new,golden hour,elevated three-quarter,Clean new concrete driveway entrance with a wide curb cut,pending
https://drivewayzusa.co/guides/driveway-weed-barrier-installation-under-pavers-and-gravel/,driveway-weed-barrier-installation-under-pavers-and-gravel,A_REPLACE_PRIORITY,guides/driveway-weed-barrier-installation-under-pavers-and-gravel/index.html,hero-weed-barrier-fabric-gravel-base.webp,"black weed barrier fabric spread flat under a fresh gravel layer, gravel, work-in-progress, mid-repair, overcast, low angle along surface","people, faces, vehicle badges, brand logos, text, watermarks, signage, house numbers",black weed barrier fabric spread flat under a fresh gravel layer,gravel,work-in-progress,mid-repair,overcast,low angle along surface,Black weed barrier fabric spread flat under a fresh gravel layer,pending
https://drivewayzusa.co/guides/gravel-vs-paved-driveway-which-is-right-for-you/,gravel-vs-paved-driveway-which-is-right-for-you,A_REPLACE_PRIORITY,guides/gravel-vs-paved-driveway-which-is-right-for-you/index.html,hero-loose-gravel-asphalt-edge.webp,"loose weathered gravel edge ending against a strip of asphalt, gravel, close-up surface detail, weathered, overcast, low angle along surface","people, faces, vehicle badges, brand logos, text, watermarks, signage, house numbers",loose weathered gravel edge ending against a strip of asphalt,gravel,close-up surface detail,weathered,overcast,low angle along surface,Loose weathered gravel edge ending against a strip of asphalt,pending
https://drivewayzusa.co/guides/hot-climates-best-driveway-materials-for-arizona/,hot-climates-best-driveway-materials-for-arizona,A_REPLACE_PRIORITY,guides/hot-climates-best-driveway-materials-for-arizona/index.html,hero-pale-concrete-harsh-sun.webp,"pale new concrete driveway glaring under a relentless midday sun, concrete, residential frontage, new, bright midday, eye level","people, faces, vehicle badges, brand logos, text, watermarks, signage, house numbers",pale new concrete driveway glaring under a relentless midday sun,concrete,residential frontage,new,bright midday,eye level,Pale new concrete driveway glaring under a relentless midday sun,pending
https://drivewayzusa.co/guides/understanding-driveway-warranties-whats-covered/,understanding-driveway-warranties-whats-covered,A_REPLACE_PRIORITY,guides/understanding-driveway-warranties-whats-covered/index.html,hero-cracked-concrete-slab-golden-light.webp,"cracked concrete driveway slab leading to a garage in golden light, concrete, residential frontage, cracked, golden hour, elevated three-quarter","people, faces, vehicle badges, brand logos, text, watermarks, signage, house numbers",cracked concrete driveway slab leading to a garage in golden light,concrete,residential frontage,cracked,golden hour,elevated three-quarter,Cracked concrete driveway slab leading to a garage in golden light,pending
https://drivewayzusa.co/guides/when-can-you-drive-and-park-on-a-new-driveway/,when-can-you-drive-and-park-on-a-new-driveway,A_REPLACE_PRIORITY,guides/when-can-you-drive-and-park-on-a-new-driveway/index.html,hero-fresh-concrete-curing-sheen.webp,"fresh concrete driveway curing under warm low evening light, concrete, residential frontage, new, golden hour, eye level","people, faces, vehicle badges, brand logos, text, watermarks, signage, house numbers",fresh concrete driveway curing under warm low evening light,concrete,residential frontage,new,golden hour,eye level,Fresh concrete driveway curing under warm low evening light,pending
https://drivewayzusa.co/guides/acid-staining-a-concrete-driveway-unique-effects/,acid-staining-a-concrete-driveway-unique-effects,B_REPLACE_BULK,guides/acid-staining-a-concrete-driveway-unique-effects/index.html,hero-acid-stained-swirl-pattern.webp,"mottled brown swirl patterns across a sealed acid stained concrete slab, concrete, close-up surface detail, sealed, bright midday, low angle along surface","people, faces, vehicle badges, brand logos, text, watermarks, signage, house numbers",mottled brown swirl patterns across a sealed acid stained concrete slab,concrete,close-up surface detail,sealed,bright midday,low angle along surface,Mottled brown swirl patterns across a sealed acid stained concrete slab,pending
https://drivewayzusa.co/guides/airbnb-driveway-requirements-parking-for-short-term-rentals/,airbnb-driveway-requirements-parking-for-short-term-rentals,B_REPLACE_BULK,guides/airbnb-driveway-requirements-parking-for-short-term-rentals/index.html,hero-wide-paver-parking-apron.webp,"extra wide paver driveway apron with space for two vehicles, pavers, residential frontage, new, bright midday, elevated three-quarter","people, faces, vehicle badges, brand logos, text, watermarks, signage, house numbers",extra wide paver driveway apron with space for two vehicles,pavers,residential frontage,new,bright midday,elevated three-quarter,Extra wide paver driveway apron with space for two vehicles,pending
https://drivewayzusa.co/guides/annual-driveway-maintenance-costs-by-material-type/,annual-driveway-maintenance-costs-by-material-type,B_REPLACE_BULK,guides/annual-driveway-maintenance-costs-by-material-type/index.html,hero-sealant-band-half-finished-asphalt.webp,"Half-finished band of fresh black sealant spread across a weathered asphalt driveway, asphalt, work-in-progress, mid-repair, overcast, eye level","people, faces, vehicle badges, brand logos, text, watermarks, signage, house numbers",Half-finished band of fresh black sealant spread across a weathered asphalt driveway,asphalt,work-in-progress,mid-repair,overcast,eye level,Fresh black sealant band spreading across weathered asphalt in progress,pending
https://drivewayzusa.co/guides/ant-hill-prevention-in-paver-driveways/,ant-hill-prevention-in-paver-driveways,B_REPLACE_BULK,guides/ant-hill-prevention-in-paver-driveways/index.html,hero-ant-hill-sand-mounds-pavers.webp,"Ant hill sand mounds pushed up through the joints of a weathered paver driveway, pavers, close-up surface detail, weathered, bright midday, low angle along surface","people, faces, vehicle badges, brand logos, text, watermarks, signage, house numbers",Ant hill sand mounds pushed up through the joints of a weathered paver driveway,pavers,close-up surface detail,weathered,bright midday,low angle along surface,Tiny excavated sand mounds crowding the joints of weathered paving blocks,pending
https://drivewayzusa.co/guides/anti-ice-coatings-for-driveways/,anti-ice-coatings-for-driveways,B_REPLACE_BULK,guides/anti-ice-coatings-for-driveways/index.html,hero-glossy-anti-ice-coating-concrete.webp,"Glossy clear anti-ice coating beading meltwater on a sealed concrete surface, concrete, close-up surface detail, sealed, wet after rain, low angle along surface","people, faces, vehicle badges, brand logos, text, watermarks, signage, house numbers",Glossy clear anti-ice coating beading meltwater on a sealed concrete surface,concrete,close-up surface detail,sealed,wet after rain,low angle along surface,Glossy clear coating beading meltwater across a sealed concrete surface,pending
https://drivewayzusa.co/guides/apartment-complex-driveway-design/,apartment-complex-driveway-design,B_REPLACE_BULK,guides/apartment-complex-driveway-design/index.html,hero-wide-asphalt-entry-parking-bays.webp,"Wide asphalt entry lane curving past shared parking bays at an apartment complex, asphalt, residential frontage, new, bright midday, elevated three-quarter","people, faces, vehicle badges, brand logos, text, watermarks, signage, house numbers",Wide asphalt entry lane curving past shared parking bays at an apartment complex,asphalt,residential frontage,new,bright midday,elevated three-quarter,Wide new asphalt entry lane curving past shared parking bays,pending
https://drivewayzusa.co/guides/asphalt-compaction-tools-and-techniques/,asphalt-compaction-tools-and-techniques,B_REPLACE_BULK,guides/asphalt-compaction-tools-and-techniques/index.html,hero-plate-compactor-fresh-asphalt-mat.webp,"Plate compactor resting on a freshly spread hot asphalt mat, asphalt, work-in-progress, mid-repair, overcast, eye level","people, faces, vehicle badges, brand logos, text, watermarks, signage, house numbers",Plate compactor resting on a freshly spread hot asphalt mat,asphalt,work-in-progress,mid-repair,overcast,eye level,Plate compactor resting on a freshly spread hot asphalt mat,pending
https://drivewayzusa.co/guides/asphalt-driveway-alligator-cracking-what-it-means-and-how-to-fix-it/,asphalt-driveway-alligator-cracking-what-it-means-and-how-to-fix-it,B_REPLACE_BULK,guides/asphalt-driveway-alligator-cracking-what-it-means-and-how-to-fix-it/index.html,hero-alligator-crack-pattern-asphalt.webp,"Interconnected alligator crack pattern across a faded asphalt surface, asphalt, close-up surface detail, cracked, overcast, low angle along surface","people, faces, vehicle badges, brand logos, text, watermarks, signage, house numbers",Interconnected alligator crack pattern across a faded asphalt surface,asphalt,close-up surface detail,cracked,overcast,low angle along surface,Interconnected polygon cracks spreading across a faded asphalt surface,pending
https://drivewayzusa.co/guides/asphalt-driveway-cost-in-alabama-local-pricing/,asphalt-driveway-cost-in-alabama-local-pricing,B_REPLACE_BULK,guides/asphalt-driveway-cost-in-alabama-local-pricing/index.html,hero-fresh-asphalt-aggregate-texture.webp,"Tight aggregate texture of a freshly paved asphalt surface, asphalt, close-up surface detail, new, bright midday, low angle along surface","people, faces, vehicle badges, brand logos, text, watermarks, signage, house numbers",Tight aggregate texture of a freshly paved asphalt surface,asphalt,close-up surface detail,new,bright midday,low angle along surface,Tight aggregate texture of a freshly paved asphalt surface at midday,pending
https://drivewayzusa.co/guides/asphalt-driveway-cost-in-alaska-local-pricing/,asphalt-driveway-cost-in-alaska-local-pricing,B_REPLACE_BULK,guides/asphalt-driveway-cost-in-alaska-local-pricing/index.html,hero-asphalt-edge-form-board.webp,"Fresh asphalt edge lined by a wooden form board during paving, asphalt, work-in-progress, new, overcast, eye level","people, faces, vehicle badges, brand logos, text, watermarks, signage, house numbers",Fresh asphalt edge lined by a wooden form board during paving,asphalt,work-in-progress,new,overcast,eye level,Fresh asphalt edge lined by a wooden form board under overcast sky,pending
https://drivewayzusa.co/guides/asphalt-driveway-cost-in-arkansas-local-pricing/,asphalt-driveway-cost-in-arkansas-local-pricing,B_REPLACE_BULK,guides/asphalt-driveway-cost-in-arkansas-local-pricing/index.html,hero-long-asphalt-drive-sunset.webp,"Long weathered asphalt driveway glowing in low evening sun, asphalt, residential frontage, weathered, golden hour, elevated three-quarter","people, faces, vehicle badges, brand logos, text, watermarks, signage, house numbers",Long weathered asphalt driveway glowing in low evening sun,asphalt,residential frontage,weathered,golden hour,elevated three-quarter,Long weathered asphalt drive glowing under low golden evening light,pending
https://drivewayzusa.co/guides/asphalt-driveway-cost-in-california-local-pricing/,asphalt-driveway-cost-in-california-local-pricing,B_REPLACE_BULK,guides/asphalt-driveway-cost-in-california-local-pricing/index.html,hero-rain-beaded-sealed-asphalt.webp,"Rain-beaded dark sealed asphalt surface after a shower, asphalt, close-up surface detail, sealed, wet after rain, low angle along surface","people, faces, vehicle badges, brand logos, text, watermarks, signage, house numbers",Rain-beaded dark sealed asphalt surface after a shower,asphalt,close-up surface detail,sealed,wet after rain,low angle along surface,Raindrops beading across a dark sealed asphalt surface after rain,pending
https://drivewayzusa.co/guides/asphalt-driveway-cost-in-colorado-local-pricing/,asphalt-driveway-cost-in-colorado-local-pricing,B_REPLACE_BULK,guides/asphalt-driveway-cost-in-colorado-local-pricing/index.html,hero-asphalt-patch-seam-detail.webp,"Fresh patch seam crossing a weathered asphalt driveway, asphalt, work-in-progress, mid-repair, overcast, eye level","people, faces, vehicle badges, brand logos, text, watermarks, signage, house numbers",Fresh patch seam crossing a weathered asphalt driveway,asphalt,work-in-progress,mid-repair,overcast,eye level,Straight seam of a fresh patch crossing a weathered asphalt surface,pending
https://drivewayzusa.co/guides/asphalt-driveway-cost-in-delaware-local-pricing/,asphalt-driveway-cost-in-delaware-local-pricing,B_REPLACE_BULK,guides/asphalt-driveway-cost-in-delaware-local-pricing/index.html,hero-new-asphalt-crisp-lawn-edge.webp,"New asphalt strip with a crisp edge along a mowed lawn, asphalt, residential frontage, new, golden hour, eye level","people, faces, vehicle badges, brand logos, text, watermarks, signage, house numbers",New asphalt strip with a crisp edge along a mowed lawn,asphalt,residential frontage,new,golden hour,eye level,New asphalt strip with a crisp edge along a mowed lawn,pending
https://drivewayzusa.co/guides/asphalt-driveway-cost-in-florida-local-pricing/,asphalt-driveway-cost-in-florida-local-pricing,B_REPLACE_BULK,guides/asphalt-driveway-cost-in-florida-local-pricing/index.html,hero-oil-spotted-faded-asphalt.webp,"Faded asphalt surface marked with dark oil spots under bright sun, asphalt, close-up surface detail, weathered, bright midday, eye level","people, faces, vehicle badges, brand logos, text, watermarks, signage, house numbers",Faded asphalt surface marked with dark oil spots under bright sun,asphalt,close-up surface detail,weathered,bright midday,eye level,Faded asphalt surface marked with dark oil spots under bright sun,pending
https://drivewayzusa.co/guides/asphalt-driveway-cost-in-georgia-local-pricing/,asphalt-driveway-cost-in-georgia-local-pricing,B_REPLACE_BULK,guides/asphalt-driveway-cost-in-georgia-local-pricing/index.html,hero-asphalt-meets-gravel-shoulder.webp,"New asphalt lane meeting a loose gravel shoulder on a rural approach, asphalt, rural approach, new, overcast, low angle along surface","people, faces, vehicle badges, brand logos, text, watermarks, signage, house numbers",New asphalt lane meeting a loose gravel shoulder on a rural approach,asphalt,rural approach,new,overcast,low angle along surface,New asphalt lane meeting a loose gravel shoulder under gray skies,pending
https://drivewayzusa.co/guides/asphalt-driveway-cost-in-idaho-local-pricing/,asphalt-driveway-cost-in-idaho-local-pricing,B_REPLACE_BULK,guides/asphalt-driveway-cost-in-idaho-local-pricing/index.html,hero-tack-coat-milled-joint.webp,"Glossy black tack coat sprayed along a milled asphalt joint, asphalt, close-up surface detail, mid-repair, bright midday, low angle along surface","people, faces, vehicle badges, brand logos, text, watermarks, signage, house numbers",Glossy black tack coat sprayed along a milled asphalt joint,asphalt,close-up surface detail,mid-repair,bright midday,low angle along surface,Glossy black tack coat sprayed along a milled asphalt joint,pending
https://drivewayzusa.co/guides/asphalt-driveway-cost-in-illinois-local-pricing/,asphalt-driveway-cost-in-illinois-local-pricing,B_REPLACE_BULK,guides/asphalt-driveway-cost-in-illinois-local-pricing/index.html,hero-wet-sealed-asphalt-reflections.webp,"Wet sealed asphalt driveway reflecting a pale sky after rain, asphalt, residential frontage, sealed, wet after rain, elevated three-quarter","people, faces, vehicle badges, brand logos, text, watermarks, signage, house numbers",Wet sealed asphalt driveway reflecting a pale sky after rain,asphalt,residential frontage,sealed,wet after rain,elevated three-quarter,Wet sealed asphalt drive reflecting pale sky after a rain shower,pending
https://drivewayzusa.co/guides/asphalt-driveway-cost-in-indiana-local-pricing/,asphalt-driveway-cost-in-indiana-local-pricing,B_REPLACE_BULK,guides/asphalt-driveway-cost-in-indiana-local-pricing/index.html,hero-hairline-cracks-gray-asphalt.webp,"Fine hairline cracks threading through a gray weathered asphalt surface, asphalt, close-up surface detail, cracked, overcast, low angle along surface","people, faces, vehicle badges, brand logos, text, watermarks, signage, house numbers",Fine hairline cracks threading through a gray weathered asphalt surface,asphalt,close-up surface detail,cracked,overcast,low angle along surface,Fine hairline cracks threading through a gray weathered asphalt surface,pending
https://drivewayzusa.co/guides/asphalt-driveway-cost-in-iowa-local-pricing/,asphalt-driveway-cost-in-iowa-local-pricing,B_REPLACE_BULK,guides/asphalt-driveway-cost-in-iowa-local-pricing/index.html,hero-weathered-asphalt-field-lane.webp,"Weathered asphalt lane running past open fields at golden hour, asphalt, rural approach, weathered, golden hour, eye level","people, faces, vehicle badges, brand logos, text, watermarks, signage, house numbers",Weathered asphalt lane running past open fields at golden hour,asphalt,rural approach,weathered,golden hour,eye level,Weathered asphalt lane running past open fields at golden hour,pending
https://drivewayzusa.co/guides/asphalt-driveway-cost-in-kansas-local-pricing/,asphalt-driveway-cost-in-kansas-local-pricing,B_REPLACE_BULK,guides/asphalt-driveway-cost-in-kansas-local-pricing/index.html,hero-roller-marks-fresh-asphalt.webp,"Fresh asphalt mat showing roller passes under bright sun, asphalt, work-in-progress, new, bright midday, elevated three-quarter","people, faces, vehicle badges, brand logos, text, watermarks, signage, house numbers",Fresh asphalt mat showing roller passes under bright sun,asphalt,work-in-progress,new,bright midday,elevated three-quarter,Fresh asphalt mat showing roller passes under bright midday sun,pending
https://drivewayzusa.co/guides/asphalt-driveway-cost-in-kentucky-local-pricing/,asphalt-driveway-cost-in-kentucky-local-pricing,B_REPLACE_BULK,guides/asphalt-driveway-cost-in-kentucky-local-pricing/index.html,hero-patched-tire-paths-asphalt.webp,"Darker patches along both tire paths of a weathered asphalt drive, asphalt, residential frontage, weathered, overcast, eye level","people, faces, vehicle badges, brand logos, text, watermarks, signage, house numbers",Darker patches along both tire paths of a weathered asphalt drive,asphalt,residential frontage,weathered,overcast,eye level,Weathered asphalt drive with darker patches along both tire paths,pending
https://drivewayzusa.co/guides/asphalt-driveway-cost-in-maine-local-pricing/,asphalt-driveway-cost-in-maine-local-pricing,B_REPLACE_BULK,guides/asphalt-driveway-cost-in-maine-local-pricing/index.html,hero-fresh-asphalt-rain-sheen.webp,"Fresh black asphalt glistening with a light sheen after rainfall, asphalt, close-up surface detail, new, wet after rain, low angle along surface","people, faces, vehicle badges, brand logos, text, watermarks, signage, house numbers",Fresh black asphalt glistening with a light sheen after rainfall,asphalt,close-up surface detail,new,wet after rain,low angle along surface,Fresh black asphalt glistening with a light sheen after rainfall,pending
https://drivewayzusa.co/guides/asphalt-driveway-cost-in-maryland-local-pricing/,asphalt-driveway-cost-in-maryland-local-pricing,B_REPLACE_BULK,guides/asphalt-driveway-cost-in-maryland-local-pricing/index.html,hero-new-asphalt-curb-apron.webp,"New asphalt apron sloping toward a concrete curb in warm light, asphalt, residential frontage, new, golden hour, low angle along surface","people, faces, vehicle badges, brand logos, text, watermarks, signage, house numbers",New asphalt apron sloping toward a concrete curb in warm light,asphalt,residential frontage,new,golden hour,low angle along surface,New asphalt apron sloping toward a concrete curb in warm light,pending
https://drivewayzusa.co/guides/asphalt-driveway-cost-in-massachusetts-local-pricing/,asphalt-driveway-cost-in-massachusetts-local-pricing,B_REPLACE_BULK,guides/asphalt-driveway-cost-in-massachusetts-local-pricing/index.html,hero-grass-edged-weathered-asphalt.webp,"Grass creeping along one edge of a weathered asphalt surface, asphalt, close-up surface detail, weathered, overcast, eye level","people, faces, vehicle badges, brand logos, text, watermarks, signage, house numbers",Grass creeping along one edge of a weathered asphalt surface,asphalt,close-up surface detail,weathered,overcast,eye level,Weathered asphalt surface bordered by creeping grass along one edge,pending
https://drivewayzusa.co/guides/asphalt-driveway-cost-in-michigan-local-pricing/,asphalt-driveway-cost-in-michigan-local-pricing,B_REPLACE_BULK,guides/asphalt-driveway-cost-in-michigan-local-pricing/index.html,hero-crack-sealant-ribbon-damp.webp,"Glossy crack sealant ribbon crossing a damp asphalt surface after rain, asphalt, work-in-progress, mid-repair, wet after rain, eye level","people, faces, vehicle badges, brand logos, text, watermarks, signage, house numbers",Glossy crack sealant ribbon crossing a damp asphalt surface after rain,asphalt,work-in-progress,mid-repair,wet after rain,eye level,Glossy crack sealant ribbon crossing a damp asphalt surface after rain,pending
https://drivewayzusa.co/guides/asphalt-driveway-cost-in-minnesota-local-pricing/,asphalt-driveway-cost-in-minnesota-local-pricing,B_REPLACE_BULK,guides/asphalt-driveway-cost-in-minnesota-local-pricing/index.html,hero-cracked-drive-bright-sun.webp,"Cracked asphalt drive catching hard shadows under bright midday sun, asphalt, residential frontage, cracked, bright midday, elevated three-quarter","people, faces, vehicle badges, brand logos, text, watermarks, signage, house numbers",Cracked asphalt drive catching hard shadows under bright midday sun,asphalt,residential frontage,cracked,bright midday,elevated three-quarter,Cracked asphalt drive catching hard shadows under bright midday sun,pending
https://drivewayzusa.co/guides/asphalt-driveway-cost-in-mississippi-local-pricing/,asphalt-driveway-cost-in-mississippi-local-pricing,B_REPLACE_BULK,guides/asphalt-driveway-cost-in-mississippi-local-pricing/index.html,hero-fresh-asphalt-sawn-edge.webp,"fresh asphalt surface ending in a clean sawn edge, asphalt, close-up surface detail, new, overcast, elevated three-quarter","people, faces, vehicle badges, brand logos, text, watermarks, signage, house numbers",fresh asphalt surface ending in a clean sawn edge,asphalt,close-up surface detail,new,overcast,elevated three-quarter,Fresh asphalt surface with a clean sawn edge under overcast sky,pending
https://drivewayzusa.co/guides/asphalt-driveway-cost-in-missouri-local-pricing/,asphalt-driveway-cost-in-missouri-local-pricing,B_REPLACE_BULK,guides/asphalt-driveway-cost-in-missouri-local-pricing/index.html,hero-fresh-asphalt-mat-overcast.webp,"freshly laid asphalt mat still being spread on a drive, asphalt, work-in-progress, new, overcast, elevated three-quarter","people, faces, vehicle badges, brand logos, text, watermarks, signage, house numbers",freshly laid asphalt mat still being spread on a drive,asphalt,work-in-progress,new,overcast,elevated three-quarter,Freshly laid asphalt mat steaming gently under a flat overcast sky,pending
https://drivewayzusa.co/guides/asphalt-driveway-cost-in-montana-local-pricing/,asphalt-driveway-cost-in-montana-local-pricing,B_REPLACE_BULK,guides/asphalt-driveway-cost-in-montana-local-pricing/index.html,hero-asphalt-drive-open-fields.webp,"smooth asphalt drive stretching toward open fields, asphalt, rural approach, new, golden hour, eye level","people, faces, vehicle badges, brand logos, text, watermarks, signage, house numbers",smooth asphalt drive stretching toward open fields,asphalt,rural approach,new,golden hour,eye level,Smooth asphalt drive stretching toward open fields at golden hour,pending
https://drivewayzusa.co/guides/asphalt-driveway-cost-in-nebraska-local-pricing/,asphalt-driveway-cost-in-nebraska-local-pricing,B_REPLACE_BULK,guides/asphalt-driveway-cost-in-nebraska-local-pricing/index.html,hero-faded-asphalt-exposed-stones.webp,"weathered faded asphalt with small exposed stones, asphalt, close-up surface detail, weathered, overcast, low angle along surface","people, faces, vehicle badges, brand logos, text, watermarks, signage, house numbers",weathered faded asphalt with small exposed stones,asphalt,close-up surface detail,weathered,overcast,low angle along surface,Weathered asphalt pavement with exposed stones under gray skies,pending
https://drivewayzusa.co/guides/asphalt-driveway-cost-in-nevada-local-pricing/,asphalt-driveway-cost-in-nevada-local-pricing,B_REPLACE_BULK,guides/asphalt-driveway-cost-in-nevada-local-pricing/index.html,hero-sun-baked-asphalt-frontage.webp,"sun baked asphalt drive leading to a suburban garage, asphalt, residential frontage, weathered, bright midday, eye level","people, faces, vehicle badges, brand logos, text, watermarks, signage, house numbers",sun baked asphalt drive leading to a suburban garage,asphalt,residential frontage,weathered,bright midday,eye level,Sun baked asphalt drive leading to a suburban garage at midday,pending
https://drivewayzusa.co/guides/asphalt-driveway-cost-in-new-hampshire-local-pricing/,asphalt-driveway-cost-in-new-hampshire-local-pricing,B_REPLACE_BULK,guides/asphalt-driveway-cost-in-new-hampshire-local-pricing/index.html,hero-asphalt-edge-form-boards.webp,"fresh asphalt edge tucked against wooden form boards, asphalt, work-in-progress, mid-repair, golden hour, elevated three-quarter","people, faces, vehicle badges, brand logos, text, watermarks, signage, house numbers",fresh asphalt edge tucked against wooden form boards,asphalt,work-in-progress,mid-repair,golden hour,elevated three-quarter,Fresh asphalt edge tucked against wooden form boards at dusk,pending
https://drivewayzusa.co/guides/asphalt-driveway-cost-in-new-jersey-local-pricing/,asphalt-driveway-cost-in-new-jersey-local-pricing,B_REPLACE_BULK,guides/asphalt-driveway-cost-in-new-jersey-local-pricing/index.html,hero-sealed-asphalt-wet-sheen.webp,"sealed asphalt drive glistening with standing rain water, asphalt, residential frontage, sealed, wet after rain, elevated three-quarter","people, faces, vehicle badges, brand logos, text, watermarks, signage, house numbers",sealed asphalt drive glistening with standing rain water,asphalt,residential frontage,sealed,wet after rain,elevated three-quarter,Sealed asphalt pavement glistening with rain water in soft light,pending
https://drivewayzusa.co/guides/asphalt-driveway-cost-in-new-mexico-local-pricing/,asphalt-driveway-cost-in-new-mexico-local-pricing,B_REPLACE_BULK,guides/asphalt-driveway-cost-in-new-mexico-local-pricing/index.html,hero-cracked-asphalt-dry-grass.webp,"cracked asphalt lane bordered by dry grass, asphalt, rural approach, cracked, golden hour, low angle along surface","people, faces, vehicle badges, brand logos, text, watermarks, signage, house numbers",cracked asphalt lane bordered by dry grass,asphalt,rural approach,cracked,golden hour,low angle along surface,Cracked asphalt lane bordered by dry grass in warm evening light,pending
https://drivewayzusa.co/guides/asphalt-driveway-cost-in-new-york-local-pricing/,asphalt-driveway-cost-in-new-york-local-pricing,B_REPLACE_BULK,guides/asphalt-driveway-cost-in-new-york-local-pricing/index.html,hero-asphalt-patch-repair-closeup.webp,"fresh patch repair contrasting with older asphalt pavement, asphalt, work-in-progress, mid-repair, overcast, elevated three-quarter","people, faces, vehicle badges, brand logos, text, watermarks, signage, house numbers",fresh patch repair contrasting with older asphalt pavement,asphalt,work-in-progress,mid-repair,overcast,elevated three-quarter,Fresh patch repair standing out on older asphalt pavement,pending
https://drivewayzusa.co/guides/asphalt-driveway-cost-in-north-carolina-local-pricing/,asphalt-driveway-cost-in-north-carolina-local-pricing,B_REPLACE_BULK,guides/asphalt-driveway-cost-in-north-carolina-local-pricing/index.html,hero-curved-asphalt-drive-midday.webp,"new asphalt drive curving toward a brick home, asphalt, residential frontage, new, bright midday, eye level","people, faces, vehicle badges, brand logos, text, watermarks, signage, house numbers",new asphalt drive curving toward a brick home,asphalt,residential frontage,new,bright midday,eye level,New asphalt drive curving toward a brick home under midday sun,pending
https://drivewayzusa.co/guides/asphalt-driveway-cost-in-north-dakota-local-pricing/,asphalt-driveway-cost-in-north-dakota-local-pricing,B_REPLACE_BULK,guides/asphalt-driveway-cost-in-north-dakota-local-pricing/index.html,hero-straight-asphalt-rural-lane.webp,"straight asphalt lane crossing flat open land, asphalt, rural approach, new, overcast, low angle along surface","people, faces, vehicle badges, brand logos, text, watermarks, signage, house numbers",straight asphalt lane crossing flat open land,asphalt,rural approach,new,overcast,low angle along surface,Straight asphalt lane crossing flat open land under gray skies,pending
https://drivewayzusa.co/guides/asphalt-driveway-cost-in-oklahoma-local-pricing/,asphalt-driveway-cost-in-oklahoma-local-pricing,B_REPLACE_BULK,guides/asphalt-driveway-cost-in-oklahoma-local-pricing/index.html,hero-asphalt-crack-filler-line.webp,"dark crack filler tracing a repaired line across asphalt, asphalt, close-up surface detail, mid-repair, bright midday, low angle along surface","people, faces, vehicle badges, brand logos, text, watermarks, signage, house numbers",dark crack filler tracing a repaired line across asphalt,asphalt,close-up surface detail,mid-repair,bright midday,low angle along surface,Dark crack filler tracing a repaired line across asphalt pavement,pending
https://drivewayzusa.co/guides/asphalt-driveway-cost-in-oregon-local-pricing/,asphalt-driveway-cost-in-oregon-local-pricing,B_REPLACE_BULK,guides/asphalt-driveway-cost-in-oregon-local-pricing/index.html,hero-rain-beaded-asphalt-closeup.webp,"rain beads dotting a weathered asphalt surface, asphalt, close-up surface detail, weathered, wet after rain, low angle along surface","people, faces, vehicle badges, brand logos, text, watermarks, signage, house numbers",rain beads dotting a weathered asphalt surface,asphalt,close-up surface detail,weathered,wet after rain,low angle along surface,Rain beads dotting a weathered asphalt surface in soft light,pending
https://drivewayzusa.co/guides/asphalt-driveway-cost-in-pennsylvania-local-pricing/,asphalt-driveway-cost-in-pennsylvania-local-pricing,B_REPLACE_BULK,guides/asphalt-driveway-cost-in-pennsylvania-local-pricing/index.html,hero-asphalt-lute-fresh-mat.webp,"asphalt lute resting on a freshly spread blacktop mat, asphalt, work-in-progress, new, golden hour, elevated three-quarter","people, faces, vehicle badges, brand logos, text, watermarks, signage, house numbers",asphalt lute resting on a freshly spread blacktop mat,asphalt,work-in-progress,new,golden hour,elevated three-quarter,Asphalt lute resting on a freshly spread blacktop mat,pending
https://drivewayzusa.co/guides/asphalt-driveway-cost-in-rhode-island-local-pricing/,asphalt-driveway-cost-in-rhode-island-local-pricing,B_REPLACE_BULK,guides/asphalt-driveway-cost-in-rhode-island-local-pricing/index.html,hero-short-sealed-asphalt-drive.webp,"short sealed asphalt drive beside a modest clapboard home, asphalt, residential frontage, sealed, overcast, eye level","people, faces, vehicle badges, brand logos, text, watermarks, signage, house numbers",short sealed asphalt drive beside a modest clapboard home,asphalt,residential frontage,sealed,overcast,eye level,Short sealed asphalt drive beside a modest clapboard home on gray day,pending
https://drivewayzusa.co/guides/asphalt-driveway-cost-in-south-carolina-local-pricing/,asphalt-driveway-cost-in-south-carolina-local-pricing,B_REPLACE_BULK,guides/asphalt-driveway-cost-in-south-carolina-local-pricing/index.html,hero-roller-marked-fresh-asphalt.webp,"fresh asphalt showing soft roller marks, asphalt, close-up surface detail, new, golden hour, low angle along surface","people, faces, vehicle badges, brand logos, text, watermarks, signage, house numbers",fresh asphalt showing soft roller marks,asphalt,close-up surface detail,new,golden hour,low angle along surface,Fresh asphalt showing soft roller marks in warm evening light,pending
https://drivewayzusa.co/guides/asphalt-driveway-cost-in-south-dakota-local-pricing/,asphalt-driveway-cost-in-south-dakota-local-pricing,B_REPLACE_BULK,guides/asphalt-driveway-cost-in-south-dakota-local-pricing/index.html,hero-weathered-asphalt-fence-posts.webp,"weathered asphalt lane running beside fence posts, asphalt, rural approach, weathered, bright midday, eye level","people, faces, vehicle badges, brand logos, text, watermarks, signage, house numbers",weathered asphalt lane running beside fence posts,asphalt,rural approach,weathered,bright midday,eye level,Weathered asphalt lane running beside fence posts in bright sun,pending
https://drivewayzusa.co/guides/asphalt-driveway-cost-in-tennessee-local-pricing/,asphalt-driveway-cost-in-tennessee-local-pricing,B_REPLACE_BULK,guides/asphalt-driveway-cost-in-tennessee-local-pricing/index.html,hero-crumbling-asphalt-edge-closeup.webp,"crumbling asphalt edge with loose gravel fragments, asphalt, close-up surface detail, cracked, overcast, low angle along surface","people, faces, vehicle badges, brand logos, text, watermarks, signage, house numbers",crumbling asphalt edge with loose gravel fragments,asphalt,close-up surface detail,cracked,overcast,low angle along surface,Crumbling asphalt edge with loose gravel under flat gray light,pending
https://drivewayzusa.co/guides/asphalt-driveway-cost-in-texas-local-pricing/,asphalt-driveway-cost-in-texas-local-pricing,B_REPLACE_BULK,guides/asphalt-driveway-cost-in-texas-local-pricing/index.html,hero-wide-asphalt-drive-midday.webp,"wide new asphalt drive in front of a single story home, asphalt, residential frontage, new, bright midday, elevated three-quarter","people, faces, vehicle badges, brand logos, text, watermarks, signage, house numbers",wide new asphalt drive in front of a single story home,asphalt,residential frontage,new,bright midday,elevated three-quarter,Wide new asphalt drive in front of a single story home,pending
https://drivewayzusa.co/guides/asphalt-driveway-cost-in-utah-local-pricing/,asphalt-driveway-cost-in-utah-local-pricing,B_REPLACE_BULK,guides/asphalt-driveway-cost-in-utah-local-pricing/index.html,hero-old-new-asphalt-joint.webp,"joint where new asphalt meets older pavement, asphalt, close-up surface detail, mid-repair, wet after rain, low angle along surface","people, faces, vehicle badges, brand logos, text, watermarks, signage, house numbers",joint where new asphalt meets older pavement,asphalt,close-up surface detail,mid-repair,wet after rain,low angle along surface,Joint where new asphalt meets older pavement after a rain,pending
https://drivewayzusa.co/guides/asphalt-driveway-cost-in-vermont-local-pricing/,asphalt-driveway-cost-in-vermont-local-pricing,B_REPLACE_BULK,guides/asphalt-driveway-cost-in-vermont-local-pricing/index.html,hero-asphalt-lane-fallen-leaves.webp,"weathered asphalt lane scattered with fallen leaves, asphalt, rural approach, weathered, golden hour, eye level","people, faces, vehicle badges, brand logos, text, watermarks, signage, house numbers",weathered asphalt lane scattered with fallen leaves,asphalt,rural approach,weathered,golden hour,eye level,Weathered asphalt lane scattered with fallen leaves at dusk,pending
https://drivewayzusa.co/guides/asphalt-driveway-cost-in-virginia-local-pricing/,asphalt-driveway-cost-in-virginia-local-pricing,B_REPLACE_BULK,guides/asphalt-driveway-cost-in-virginia-local-pricing/index.html,hero-clean-edged-sealed-drive.webp,"freshly sealed asphalt drive with crisp edges, asphalt, residential frontage, sealed, golden hour, elevated three-quarter","people, faces, vehicle badges, brand logos, text, watermarks, signage, house numbers",freshly sealed asphalt drive with crisp edges,asphalt,residential frontage,sealed,golden hour,elevated three-quarter,Freshly sealed asphalt drive with crisp edges in evening glow,pending
https://drivewayzusa.co/guides/asphalt-driveway-cost-in-washington-local-pricing/,asphalt-driveway-cost-in-washington-local-pricing,B_REPLACE_BULK,guides/asphalt-driveway-cost-in-washington-local-pricing/index.html,hero-wet-asphalt-gray-reflection.webp,"wet asphalt surface reflecting a cloudy sky, asphalt, close-up surface detail, weathered, wet after rain, low angle along surface","people, faces, vehicle badges, brand logos, text, watermarks, signage, house numbers",wet asphalt surface reflecting a cloudy sky,asphalt,close-up surface detail,weathered,wet after rain,low angle along surface,Wet asphalt surface reflecting a cloudy sky after rainfall,pending
https://drivewayzusa.co/guides/asphalt-driveway-cost-in-wisconsin-local-pricing/,asphalt-driveway-cost-in-wisconsin-local-pricing,B_REPLACE_BULK,guides/asphalt-driveway-cost-in-wisconsin-local-pricing/index.html,hero-cold-patch-pothole-repair.webp,"cold patch material filling a pothole in worn asphalt, asphalt, work-in-progress, mid-repair, overcast, elevated three-quarter","people, faces, vehicle badges, brand logos, text, watermarks, signage, house numbers",cold patch material filling a pothole in worn asphalt,asphalt,work-in-progress,mid-repair,overcast,elevated three-quarter,Cold patch material filling a pothole in worn asphalt pavement,pending
https://drivewayzusa.co/guides/asphalt-driveway-cost-in-wyoming-local-pricing/,asphalt-driveway-cost-in-wyoming-local-pricing,B_REPLACE_BULK,guides/asphalt-driveway-cost-in-wyoming-local-pricing/index.html,hero-asphalt-ribbon-open-horizon.webp,"new asphalt ribbon running straight toward an open horizon, asphalt, rural approach, new, bright midday, eye level","people, faces, vehicle badges, brand logos, text, watermarks, signage, house numbers",new asphalt ribbon running straight toward an open horizon,asphalt,rural approach,new,bright midday,eye level,New asphalt ribbon running straight toward an open horizon,pending
https://drivewayzusa.co/guides/asphalt-driveway-cost-per-square-foot-guide/,asphalt-driveway-cost-per-square-foot-guide,B_REPLACE_BULK,guides/asphalt-driveway-cost-per-square-foot-guide/index.html,hero-asphalt-fine-aggregate-texture.webp,"Fresh black asphalt surface with fine aggregate texture filling the frame, asphalt, close-up surface detail, new, bright midday, low angle along surface","people, faces, vehicle badges, brand logos, text, watermarks, signage, house numbers",Fresh black asphalt surface with fine aggregate texture filling the frame,asphalt,close-up surface detail,new,bright midday,low angle along surface,Close view of fresh black asphalt with fine aggregate texture,pending
https://drivewayzusa.co/guides/asphalt-driveway-crack-repair-diy-methods-that-work/,asphalt-driveway-crack-repair-diy-methods-that-work,B_REPLACE_BULK,guides/asphalt-driveway-crack-repair-diy-methods-that-work/index.html,hero-asphalt-crack-sealant-line.webp,"Long asphalt crack with a freshly applied black sealant bead along its length, asphalt, work-in-progress, mid-repair, overcast, eye level","people, faces, vehicle badges, brand logos, text, watermarks, signage, house numbers",Long asphalt crack with a freshly applied black sealant bead along its length,asphalt,work-in-progress,mid-repair,overcast,eye level,Narrow blacktop fissure sealed with a fresh sealant bead,pending
https://drivewayzusa.co/guides/asphalt-driveway-installation-step-by-step-guide/,asphalt-driveway-installation-step-by-step-guide,B_REPLACE_BULK,guides/asphalt-driveway-installation-step-by-step-guide/index.html,hero-fresh-asphalt-mat-screed-edge.webp,"Freshly laid asphalt mat ending in a straight screed edge, asphalt, work-in-progress, new, bright midday, eye level","people, faces, vehicle badges, brand logos, text, watermarks, signage, house numbers",Freshly laid asphalt mat ending in a straight screed edge,asphalt,work-in-progress,new,bright midday,eye level,Fresh black asphalt mat with a straight screed edge,pending
https://drivewayzusa.co/guides/asphalt-driveway-lifespan-factors-that-affect-longevity/,asphalt-driveway-lifespan-factors-that-affect-longevity,B_REPLACE_BULK,guides/asphalt-driveway-lifespan-factors-that-affect-longevity/index.html,hero-weathered-asphalt-faded-frontage.webp,"Faded weathered asphalt drive leading to a suburban garage, asphalt, residential frontage, weathered, golden hour, elevated three-quarter","people, faces, vehicle badges, brand logos, text, watermarks, signage, house numbers",Faded weathered asphalt drive leading to a suburban garage,asphalt,residential frontage,weathered,golden hour,elevated three-quarter,Faded weathered asphalt drive under warm evening light,pending
https://drivewayzusa.co/guides/asphalt-driveway-thickness-residential-vs-commercial/,asphalt-driveway-thickness-residential-vs-commercial,B_REPLACE_BULK,guides/asphalt-driveway-thickness-residential-vs-commercial/index.html,hero-asphalt-layer-edge-profile.webp,"Cut asphalt edge revealing the compacted layer profile in cross section, asphalt, close-up surface detail, new, overcast, low angle along surface","people, faces, vehicle badges, brand logos, text, watermarks, signage, house numbers",Cut asphalt edge revealing the compacted layer profile in cross section,asphalt,close-up surface detail,new,overcast,low angle along surface,Low view of an asphalt edge showing compacted layer profile,pending
https://drivewayzusa.co/guides/asphalt-oil-price-impact-on-driveway-costs/,asphalt-oil-price-impact-on-driveway-costs,B_REPLACE_BULK,guides/asphalt-oil-price-impact-on-driveway-costs/index.html,hero-asphalt-sealcoat-roller-marks.webp,"Sealcoated asphalt surface showing glossy binder sheen with roller marks, asphalt, close-up surface detail, sealed, bright midday, low angle along surface","people, faces, vehicle badges, brand logos, text, watermarks, signage, house numbers",Sealcoated asphalt surface showing glossy binder sheen with roller marks,asphalt,close-up surface detail,sealed,bright midday,low angle along surface,Sealcoated asphalt surface with visible roller marks in sunlight,pending
https://drivewayzusa.co/guides/asphalt-overlay-costs-and-considerations/,asphalt-overlay-costs-and-considerations,B_REPLACE_BULK,guides/asphalt-overlay-costs-and-considerations/index.html,hero-overlay-meets-old-asphalt.webp,"New asphalt mat being laid up against older worn blacktop, asphalt, work-in-progress, mid-repair, overcast, eye level","people, faces, vehicle badges, brand logos, text, watermarks, signage, house numbers",New asphalt mat being laid up against older worn blacktop,asphalt,work-in-progress,mid-repair,overcast,eye level,New asphalt mat meeting an older worn blacktop surface,pending
https://drivewayzusa.co/guides/asphalt-overlay-on-concrete-driveway-can-it-be-done/,asphalt-overlay-on-concrete-driveway-can-it-be-done,B_REPLACE_BULK,guides/asphalt-overlay-on-concrete-driveway-can-it-be-done/index.html,hero-asphalt-overlay-concrete-joint.webp,"Fresh blacktop layer butted against a pale concrete slab at a straight joint, asphalt, close-up surface detail, mid-repair, wet after rain, low angle along surface","people, faces, vehicle badges, brand logos, text, watermarks, signage, house numbers",Fresh blacktop layer butted against a pale concrete slab at a straight joint,asphalt,close-up surface detail,mid-repair,wet after rain,low angle along surface,Wet fresh blacktop laid against pale concrete at the joint,pending
https://drivewayzusa.co/guides/asphalt-vs-concrete-in-hot-climates-heat-and-uv-resistance/,asphalt-vs-concrete-in-hot-climates-heat-and-uv-resistance,B_REPLACE_BULK,guides/asphalt-vs-concrete-in-hot-climates-heat-and-uv-resistance/index.html,hero-half-asphalt-half-concrete.webp,"Frontage split down the middle between dark blacktop and pale concrete, asphalt, residential frontage, new, bright midday, elevated three-quarter","people, faces, vehicle badges, brand logos, text, watermarks, signage, house numbers",Frontage split down the middle between dark blacktop and pale concrete,asphalt,residential frontage,new,bright midday,elevated three-quarter,Sunlit frontage split between dark blacktop and pale concrete,pending
https://drivewayzusa.co/guides/asphalt-vs-gravel-driveway-long-term-cost-analysis/,asphalt-vs-gravel-driveway-long-term-cost-analysis,B_REPLACE_BULK,guides/asphalt-vs-gravel-driveway-long-term-cost-analysis/index.html,hero-asphalt-edge-meets-gravel.webp,"Blacktop edge giving way to a loose gravel shoulder along a rural lane, asphalt, rural approach, weathered, overcast, low angle along surface","people, faces, vehicle badges, brand logos, text, watermarks, signage, house numbers",Blacktop edge giving way to a loose gravel shoulder along a rural lane,asphalt,rural approach,weathered,overcast,low angle along surface,Blacktop edge meeting loose gravel shoulder on a rural lane,pending
https://drivewayzusa.co/guides/average-driveway-replacement-cost-by-material/,average-driveway-replacement-cost-by-material,B_REPLACE_BULK,guides/average-driveway-replacement-cost-by-material/index.html,hero-broken-concrete-slab-edge.webp,"Broken gray concrete slabs with jagged cracked edges stacked for removal, concrete, work-in-progress, cracked, overcast, eye level","people, faces, vehicle badges, brand logos, text, watermarks, signage, house numbers",Broken gray concrete slabs with jagged cracked edges stacked for removal,concrete,work-in-progress,cracked,overcast,eye level,Broken gray concrete slabs with jagged edges awaiting removal,pending
https://drivewayzusa.co/guides/basalt-driveway/,basalt-driveway,B_REPLACE_BULK,guides/basalt-driveway/index.html,hero-dark-basalt-paver-drive.webp,"Dark basalt pavers laid in neat rows at a modern home entrance, pavers, residential frontage, new, golden hour, eye level","people, faces, vehicle badges, brand logos, text, watermarks, signage, house numbers",Dark basalt pavers laid in neat rows at a modern home entrance,pavers,residential frontage,new,golden hour,eye level,Dark basalt pavers in neat rows at a home entrance at dusk,pending
https://drivewayzusa.co/guides/before-and-after-driveway-renovation-photo-gallery-ideas/,before-and-after-driveway-renovation-photo-gallery-ideas,B_REPLACE_BULK,guides/before-and-after-driveway-renovation-photo-gallery-ideas/index.html,hero-concrete-half-resurfaced-drive.webp,"Drive partly resurfaced, smooth fresh concrete beside the old worn finish, concrete, work-in-progress, mid-repair, bright midday, elevated three-quarter","people, faces, vehicle badges, brand logos, text, watermarks, signage, house numbers","Drive partly resurfaced, smooth fresh concrete beside the old worn finish",concrete,work-in-progress,mid-repair,bright midday,elevated three-quarter,Drive partly resurfaced with smooth fresh concrete beside old finish,pending
https://drivewayzusa.co/guides/best-budget-driveway-for-clay-soil/,best-budget-driveway-for-clay-soil,B_REPLACE_BULK,guides/best-budget-driveway-for-clay-soil/index.html,hero-gravel-drive-clay-verge.webp,"Gravel lane edged with a bare clay verge under a gray sky, gravel, rural approach, weathered, overcast, eye level","people, faces, vehicle badges, brand logos, text, watermarks, signage, house numbers",Gravel lane edged with a bare clay verge under a gray sky,gravel,rural approach,weathered,overcast,eye level,Gravel lane edged with a bare clay verge under gray sky,pending
https://drivewayzusa.co/guides/best-budget-driveway-for-coastal-homes/,best-budget-driveway-for-coastal-homes,B_REPLACE_BULK,guides/best-budget-driveway-for-coastal-homes/index.html,hero-shell-gravel-frontage.webp,"Crushed shell and gravel frontage before a modest house, gravel, residential frontage, new, bright midday, eye level","people, faces, vehicle badges, brand logos, text, watermarks, signage, house numbers",Crushed shell and gravel frontage before a modest house,gravel,residential frontage,new,bright midday,eye level,Crushed shell and gravel frontage in bright midday light,pending
https://drivewayzusa.co/guides/best-budget-driveway-for-sandy-soil/,best-budget-driveway-for-sandy-soil,B_REPLACE_BULK,guides/best-budget-driveway-for-sandy-soil/index.html,hero-gravel-drive-sandy-shoulder.webp,"Gravel track with a soft sandy shoulder stretching toward open land, gravel, rural approach, weathered, golden hour, low angle along surface","people, faces, vehicle badges, brand logos, text, watermarks, signage, house numbers",Gravel track with a soft sandy shoulder stretching toward open land,gravel,rural approach,weathered,golden hour,low angle along surface,Low view of a gravel track with sandy shoulder at dusk,pending
https://drivewayzusa.co/guides/best-budget-driveway-material-for-heavy-snow-regions/,best-budget-driveway-material-for-heavy-snow-regions,B_REPLACE_BULK,guides/best-budget-driveway-material-for-heavy-snow-regions/index.html,hero-broomed-concrete-snow-dusting.webp,"Weathered broom finished concrete dusted with light snow, concrete, residential frontage, weathered, overcast, elevated three-quarter","people, faces, vehicle badges, brand logos, text, watermarks, signage, house numbers",Weathered broom finished concrete dusted with light snow,concrete,residential frontage,weathered,overcast,elevated three-quarter,Weathered broom finished concrete dusted with light snow,pending
https://drivewayzusa.co/guides/best-concrete-driveway-sealer-penetrating-vs-film-forming/,best-concrete-driveway-sealer-penetrating-vs-film-forming,B_REPLACE_BULK,guides/best-concrete-driveway-sealer-penetrating-vs-film-forming/index.html,hero-sealed-concrete-half-sheen.webp,"Rain wet sealed concrete, half glossy film finish and half matte penetrating finish, concrete, close-up surface detail, sealed, wet after rain, low angle along surface","people, faces, vehicle badges, brand logos, text, watermarks, signage, house numbers","Rain wet sealed concrete, half glossy film finish and half matte penetrating finish",concrete,close-up surface detail,sealed,wet after rain,low angle along surface,Rain wet sealed concrete with half glossy half matte finish,pending
https://drivewayzusa.co/guides/best-driveway-designs-on-pinterest-inspiration-board/,best-driveway-designs-on-pinterest-inspiration-board,B_REPLACE_BULK,guides/best-driveway-designs-on-pinterest-inspiration-board/index.html,hero-paver-fan-pattern-frontage.webp,"Pavers laid in a fan pattern curving toward a front entrance, pavers, residential frontage, new, golden hour, eye level","people, faces, vehicle badges, brand logos, text, watermarks, signage, house numbers",Pavers laid in a fan pattern curving toward a front entrance,pavers,residential frontage,new,golden hour,eye level,Pavers in a fan pattern curving toward a front entrance,pending
https://drivewayzusa.co/guides/best-driveway-for-desert-heat-and-sun-exposure/,best-driveway-for-desert-heat-and-sun-exposure,B_REPLACE_BULK,guides/best-driveway-for-desert-heat-and-sun-exposure/index.html,hero-faded-pale-concrete-sun.webp,"Faded pale concrete drive under harsh midday sun, concrete, residential frontage, weathered, bright midday, low angle along surface","people, faces, vehicle badges, brand logos, text, watermarks, signage, house numbers",Faded pale concrete drive under harsh midday sun,concrete,residential frontage,weathered,bright midday,low angle along surface,Faded pale concrete drive under harsh bright midday sun,pending
https://drivewayzusa.co/guides/best-driveway-for-florida-heat-and-humidity/,best-driveway-for-florida-heat-and-humidity,B_REPLACE_BULK,guides/best-driveway-for-florida-heat-and-humidity/index.html,hero-damp-sealed-concrete-drive.webp,"Sealed concrete drive still damp after a passing shower, concrete, residential frontage, sealed, wet after rain, eye level","people, faces, vehicle badges, brand logos, text, watermarks, signage, house numbers",Sealed concrete drive still damp after a passing shower,concrete,residential frontage,sealed,wet after rain,eye level,Sealed concrete drive still damp after a passing shower,pending
https://drivewayzusa.co/guides/best-driveway-for-rainy-and-wet-climates/,best-driveway-for-rainy-and-wet-climates,B_REPLACE_BULK,guides/best-driveway-for-rainy-and-wet-climates/index.html,hero-permeable-paver-rain-joints.webp,"Permeable pavers with rainwater draining through wide open joints, pavers, close-up surface detail, new, wet after rain, low angle along surface","people, faces, vehicle badges, brand logos, text, watermarks, signage, house numbers",Permeable pavers with rainwater draining through wide open joints,pavers,close-up surface detail,new,wet after rain,low angle along surface,Permeable pavers with water draining through wide joints,pending
https://drivewayzusa.co/guides/best-driveway-for-texas-heat-and-expansive-clay-soil/,best-driveway-for-texas-heat-and-expansive-clay-soil,B_REPLACE_BULK,guides/best-driveway-for-texas-heat-and-expansive-clay-soil/index.html,hero-sun-baked-cracked-concrete.webp,"Sun baked concrete slab split by a jagged shrinkage crack, concrete, residential frontage, cracked, bright midday, elevated three-quarter","people, faces, vehicle badges, brand logos, text, watermarks, signage, house numbers",Sun baked concrete slab split by a jagged shrinkage crack,concrete,residential frontage,cracked,bright midday,elevated three-quarter,Sun baked concrete slab split by a jagged shrinkage crack,pending
https://drivewayzusa.co/guides/best-driveway-hoa-neighborhoods/,best-driveway-hoa-neighborhoods,B_REPLACE_BULK,guides/best-driveway-hoa-neighborhoods/index.html,hero-neat-sealed-paver-frontage.webp,"Neatly sealed pavers in tidy rows beside a trimmed lawn, pavers, residential frontage, sealed, golden hour, eye level","people, faces, vehicle badges, brand logos, text, watermarks, signage, house numbers",Neatly sealed pavers in tidy rows beside a trimmed lawn,pavers,residential frontage,sealed,golden hour,eye level,Neatly sealed pavers in tidy rows beside a trimmed lawn,pending
https://drivewayzusa.co/guides/best-driveway-luxury-homes/,best-driveway-luxury-homes,B_REPLACE_BULK,guides/best-driveway-luxury-homes/index.html,hero-cobblestone-curved-estate-drive.webp,"Curving cobblestone drive before a large elegant home, cobblestone, residential frontage, new, golden hour, elevated three-quarter","people, faces, vehicle badges, brand logos, text, watermarks, signage, house numbers",Curving cobblestone drive before a large elegant home,cobblestone,residential frontage,new,golden hour,elevated three-quarter,Curving cobblestone drive in warm evening light before a large home,pending
https://drivewayzusa.co/guides/best-driveway-material-for-alaska-homes/,best-driveway-material-for-alaska-homes,B_REPLACE_BULK,guides/best-driveway-material-for-alaska-homes/index.html,hero-sealed-asphalt-snow-cleared-edges.webp,"sealed asphalt drive with cleared snow piled along both edges, asphalt, residential frontage, sealed, overcast, elevated three-quarter","people, faces, vehicle badges, brand logos, text, watermarks, signage, house numbers",sealed asphalt drive with cleared snow piled along both edges,asphalt,residential frontage,sealed,overcast,elevated three-quarter,Sealed asphalt drive with cleared snow piled along both edges,pending
https://drivewayzusa.co/guides/best-driveway-material-for-arizona-homes/,best-driveway-material-for-arizona-homes,B_REPLACE_BULK,guides/best-driveway-material-for-arizona-homes/index.html,hero-pale-concrete-drive-bright-sun.webp,"pale broomed concrete drive under harsh midday sun, concrete, residential frontage, new, bright midday, eye level","people, faces, vehicle badges, brand logos, text, watermarks, signage, house numbers",pale broomed concrete drive under harsh midday sun,concrete,residential frontage,new,bright midday,eye level,Pale broomed concrete drive under harsh bright midday sun,pending
https://drivewayzusa.co/guides/best-driveway-material-for-arkansas-homes/,best-driveway-material-for-arkansas-homes,B_REPLACE_BULK,guides/best-driveway-material-for-arkansas-homes/index.html,hero-damp-asphalt-drive-rain-sheen.webp,"damp asphalt drive glistening with rain sheen, asphalt, residential frontage, sealed, wet after rain, low angle along surface","people, faces, vehicle badges, brand logos, text, watermarks, signage, house numbers",damp asphalt drive glistening with rain sheen,asphalt,residential frontage,sealed,wet after rain,low angle along surface,Damp asphalt drive glistening with rain sheen under gray sky,pending
https://drivewayzusa.co/guides/best-driveway-material-for-clay-soil-longevity-focus/,best-driveway-material-for-clay-soil-longevity-focus,B_REPLACE_BULK,guides/best-driveway-material-for-clay-soil-longevity-focus/index.html,hero-compacted-gravel-base-clay-subgrade.webp,"compacted gravel base layer spread over excavated clay subgrade, gravel, work-in-progress, mid-repair, overcast, elevated three-quarter","people, faces, vehicle badges, brand logos, text, watermarks, signage, house numbers",compacted gravel base layer spread over excavated clay subgrade,gravel,work-in-progress,mid-repair,overcast,elevated three-quarter,Compacted gravel base layer spread over excavated clay subgrade,pending
https://drivewayzusa.co/guides/best-driveway-material-for-colorado-homes/,best-driveway-material-for-colorado-homes,B_REPLACE_BULK,guides/best-driveway-material-for-colorado-homes/index.html,hero-paver-drive-snow-dusted-joints.webp,"interlocking paver drive with light snow dusting between joints, pavers, residential frontage, new, overcast, eye level","people, faces, vehicle badges, brand logos, text, watermarks, signage, house numbers",interlocking paver drive with light snow dusting between joints,pavers,residential frontage,new,overcast,eye level,Interlocking paver drive with light snow dusting between joints,pending
https://drivewayzusa.co/guides/best-driveway-material-for-connecticut-homes/,best-driveway-material-for-connecticut-homes,B_REPLACE_BULK,guides/best-driveway-material-for-connecticut-homes/index.html,hero-cobblestone-apron-meets-asphalt-drive.webp,"weathered cobblestone apron meeting smooth asphalt at the curb line, cobblestone, residential frontage, weathered, golden hour, low angle along surface","people, faces, vehicle badges, brand logos, text, watermarks, signage, house numbers",weathered cobblestone apron meeting smooth asphalt at the curb line,cobblestone,residential frontage,weathered,golden hour,low angle along surface,Weathered cobblestone apron meeting smooth asphalt at the curb line,pending
https://drivewayzusa.co/guides/best-driveway-material-for-delaware-homes/,best-driveway-material-for-delaware-homes,B_REPLACE_BULK,guides/best-driveway-material-for-delaware-homes/index.html,hero-resin-bound-pebble-surface-detail.webp,"smooth resin bound pebble surface with even stone texture, resin, close-up surface detail, new, bright midday, low angle along surface","people, faces, vehicle badges, brand logos, text, watermarks, signage, house numbers",smooth resin bound pebble surface with even stone texture,resin,close-up surface detail,new,bright midday,low angle along surface,Smooth resin bound pebble surface with even stone texture,pending
https://drivewayzusa.co/guides/best-driveway-material-for-georgia-homes/,best-driveway-material-for-georgia-homes,B_REPLACE_BULK,guides/best-driveway-material-for-georgia-homes/index.html,hero-new-concrete-drive-tree-shade.webp,"fresh concrete drive shaded by overhanging tree branches, concrete, residential frontage, new, golden hour, elevated three-quarter","people, faces, vehicle badges, brand logos, text, watermarks, signage, house numbers",fresh concrete drive shaded by overhanging tree branches,concrete,residential frontage,new,golden hour,elevated three-quarter,Fresh concrete drive shaded by overhanging tree branches at dusk,pending
https://drivewayzusa.co/guides/best-driveway-material-for-hawaii-homes/,best-driveway-material-for-hawaii-homes,B_REPLACE_BULK,guides/best-driveway-material-for-hawaii-homes/index.html,hero-rain-washed-concrete-drive-puddles.webp,"rain washed concrete drive with shallow puddles along edges, concrete, residential frontage, sealed, wet after rain, low angle along surface","people, faces, vehicle badges, brand logos, text, watermarks, signage, house numbers",rain washed concrete drive with shallow puddles along edges,concrete,residential frontage,sealed,wet after rain,low angle along surface,Rain washed concrete drive with shallow puddles along the edges,pending
https://drivewayzusa.co/guides/best-driveway-material-for-high-water-table-areas/,best-driveway-material-for-high-water-table-areas,B_REPLACE_BULK,guides/best-driveway-material-for-high-water-table-areas/index.html,hero-open-graded-gravel-drainage-base.webp,"open graded gravel drainage base raked level before paving, gravel, work-in-progress, mid-repair, overcast, elevated three-quarter","people, faces, vehicle badges, brand logos, text, watermarks, signage, house numbers",open graded gravel drainage base raked level before paving,gravel,work-in-progress,mid-repair,overcast,elevated three-quarter,Open graded gravel drainage base raked level before paving,pending
https://drivewayzusa.co/guides/best-driveway-material-for-idaho-homes/,best-driveway-material-for-idaho-homes,B_REPLACE_BULK,guides/best-driveway-material-for-idaho-homes/index.html,hero-gravel-drive-ranch-gate-approach.webp,"weathered gravel drive stretching toward a simple farm gate, gravel, rural approach, weathered, bright midday, eye level","people, faces, vehicle badges, brand logos, text, watermarks, signage, house numbers",weathered gravel drive stretching toward a simple farm gate,gravel,rural approach,weathered,bright midday,eye level,Weathered gravel drive stretching toward a simple farm gate,pending
https://drivewayzusa.co/guides/best-driveway-material-for-indiana-homes/,best-driveway-material-for-indiana-homes,B_REPLACE_BULK,guides/best-driveway-material-for-indiana-homes/index.html,hero-sealed-asphalt-drive-evening-light.webp,"freshly sealed asphalt drive glowing in warm evening light, asphalt, residential frontage, sealed, golden hour, eye level","people, faces, vehicle badges, brand logos, text, watermarks, signage, house numbers",freshly sealed asphalt drive glowing in warm evening light,asphalt,residential frontage,sealed,golden hour,eye level,Freshly sealed asphalt drive glowing in warm evening light,pending
https://drivewayzusa.co/guides/best-driveway-material-for-iowa-homes/,best-driveway-material-for-iowa-homes,B_REPLACE_BULK,guides/best-driveway-material-for-iowa-homes/index.html,hero-wide-new-concrete-front-drive.webp,"wide new concrete front drive with clean sawn control joints, concrete, residential frontage, new, bright midday, elevated three-quarter","people, faces, vehicle badges, brand logos, text, watermarks, signage, house numbers",wide new concrete front drive with clean sawn control joints,concrete,residential frontage,new,bright midday,elevated three-quarter,Wide new concrete front drive with clean sawn control joints,pending
https://drivewayzusa.co/guides/best-driveway-material-for-kansas-homes/,best-driveway-material-for-kansas-homes,B_REPLACE_BULK,guides/best-driveway-material-for-kansas-homes/index.html,hero-chip-seal-gravel-shoulder-detail.webp,"chip seal surface with loose gravel shoulder at close range, chip-seal, rural approach, weathered, bright midday, low angle along surface","people, faces, vehicle badges, brand logos, text, watermarks, signage, house numbers",chip seal surface with loose gravel shoulder at close range,chip-seal,rural approach,weathered,bright midday,low angle along surface,Chip seal surface with loose gravel shoulder at close range,pending
https://drivewayzusa.co/guides/best-driveway-material-for-louisiana-homes/,best-driveway-material-for-louisiana-homes,B_REPLACE_BULK,guides/best-driveway-material-for-louisiana-homes/index.html,hero-cracked-asphalt-standing-water.webp,"cracked asphalt drive holding shallow pools of standing water, asphalt, residential frontage, cracked, wet after rain, low angle along surface","people, faces, vehicle badges, brand logos, text, watermarks, signage, house numbers",cracked asphalt drive holding shallow pools of standing water,asphalt,residential frontage,cracked,wet after rain,low angle along surface,Cracked asphalt drive holding shallow pools of standing water,pending
https://drivewayzusa.co/guides/best-driveway-material-for-maine-homes/,best-driveway-material-for-maine-homes,B_REPLACE_BULK,guides/best-driveway-material-for-maine-homes/index.html,hero-gravel-drive-stone-edging.webp,"weathered gravel drive bordered by rough cut stone edging, gravel, rural approach, weathered, overcast, eye level","people, faces, vehicle badges, brand logos, text, watermarks, signage, house numbers",weathered gravel drive bordered by rough cut stone edging,gravel,rural approach,weathered,overcast,eye level,Weathered gravel drive bordered by rough cut stone edging,pending
https://drivewayzusa.co/guides/best-driveway-material-for-maryland-homes/,best-driveway-material-for-maryland-homes,B_REPLACE_BULK,guides/best-driveway-material-for-maryland-homes/index.html,hero-sealed-brick-paver-entry-drive.webp,"sealed brick paver drive reflecting warm late afternoon light, pavers, residential frontage, sealed, golden hour, elevated three-quarter","people, faces, vehicle badges, brand logos, text, watermarks, signage, house numbers",sealed brick paver drive reflecting warm late afternoon light,pavers,residential frontage,sealed,golden hour,elevated three-quarter,Sealed brick paver drive reflecting warm late afternoon light,pending
https://drivewayzusa.co/guides/best-driveway-material-for-massachusetts-homes/,best-driveway-material-for-massachusetts-homes,B_REPLACE_BULK,guides/best-driveway-material-for-massachusetts-homes/index.html,hero-tumbled-paver-surface-closeup.webp,"tumbled concrete pavers with softened edges and tight joints, pavers, close-up surface detail, weathered, overcast, low angle along surface","people, faces, vehicle badges, brand logos, text, watermarks, signage, house numbers",tumbled concrete pavers with softened edges and tight joints,pavers,close-up surface detail,weathered,overcast,low angle along surface,Tumbled concrete pavers with softened edges and tight joints,pending
https://drivewayzusa.co/guides/best-driveway-material-for-minnesota-homes/,best-driveway-material-for-minnesota-homes,B_REPLACE_BULK,guides/best-driveway-material-for-minnesota-homes/index.html,hero-frost-cracked-concrete-panel-closeup.webp,"frost cracked concrete panel with fine lines across surface, concrete, close-up surface detail, cracked, bright midday, low angle along surface","people, faces, vehicle badges, brand logos, text, watermarks, signage, house numbers",frost cracked concrete panel with fine lines across surface,concrete,close-up surface detail,cracked,bright midday,low angle along surface,Frost cracked concrete panel with fine lines across surface,pending
https://drivewayzusa.co/guides/best-driveway-material-for-montana-homes/,best-driveway-material-for-montana-homes,B_REPLACE_BULK,guides/best-driveway-material-for-montana-homes/index.html,hero-freshly-graded-gravel-rural-drive.webp,"freshly graded gravel drive curving through open pasture land, gravel, rural approach, new, golden hour, eye level","people, faces, vehicle badges, brand logos, text, watermarks, signage, house numbers",freshly graded gravel drive curving through open pasture land,gravel,rural approach,new,golden hour,eye level,Freshly graded gravel drive curving through open pasture land,pending
https://drivewayzusa.co/guides/best-driveway-material-for-nebraska-homes/,best-driveway-material-for-nebraska-homes,B_REPLACE_BULK,guides/best-driveway-material-for-nebraska-homes/index.html,hero-fresh-asphalt-mat-compaction.webp,"fresh asphalt mat partially compacted with loose unrolled edge, asphalt, work-in-progress, mid-repair, bright midday, elevated three-quarter","people, faces, vehicle badges, brand logos, text, watermarks, signage, house numbers",fresh asphalt mat partially compacted with loose unrolled edge,asphalt,work-in-progress,mid-repair,bright midday,elevated three-quarter,Fresh asphalt mat partially compacted with loose unrolled edge,pending
https://drivewayzusa.co/guides/best-driveway-material-for-nevada-homes/,best-driveway-material-for-nevada-homes,B_REPLACE_BULK,guides/best-driveway-material-for-nevada-homes/index.html,hero-light-paver-drive-harsh-sun.webp,"light colored paver drive reflecting intense midday sun, pavers, residential frontage, new, bright midday, eye level","people, faces, vehicle badges, brand logos, text, watermarks, signage, house numbers",light colored paver drive reflecting intense midday sun,pavers,residential frontage,new,bright midday,eye level,Light colored paver drive reflecting intense midday sun,pending
https://drivewayzusa.co/guides/best-driveway-material-for-new-jersey-homes/,best-driveway-material-for-new-jersey-homes,B_REPLACE_BULK,guides/best-driveway-material-for-new-jersey-homes/index.html,hero-concrete-drive-brick-edging-strip.webp,"sealed concrete drive framed by a single brick edging strip, concrete, residential frontage, sealed, golden hour, elevated three-quarter","people, faces, vehicle badges, brand logos, text, watermarks, signage, house numbers",sealed concrete drive framed by a single brick edging strip,concrete,residential frontage,sealed,golden hour,elevated three-quarter,Sealed concrete drive framed by a single brick edging strip,pending
https://drivewayzusa.co/guides/best-driveway-material-for-new-mexico-homes/,best-driveway-material-for-new-mexico-homes,B_REPLACE_BULK,guides/best-driveway-material-for-new-mexico-homes/index.html,hero-decomposed-granite-rural-drive.webp,"decomposed granite drive winding past dry grass verges, gravel, rural approach, weathered, bright midday, eye level","people, faces, vehicle badges, brand logos, text, watermarks, signage, house numbers",decomposed granite drive winding past dry grass verges,gravel,rural approach,weathered,bright midday,eye level,Decomposed granite drive winding past dry grass verges,pending
https://drivewayzusa.co/guides/best-driveway-material-for-north-dakota-homes/,best-driveway-material-for-north-dakota-homes,B_REPLACE_BULK,guides/best-driveway-material-for-north-dakota-homes/index.html,hero-concrete-drive-snow-cleared-path.webp,"weathered concrete drive with a cleared path through fresh snow, concrete, residential frontage, weathered, overcast, low angle along surface","people, faces, vehicle badges, brand logos, text, watermarks, signage, house numbers",weathered concrete drive with a cleared path through fresh snow,concrete,residential frontage,weathered,overcast,low angle along surface,Weathered concrete drive with a cleared path through fresh snow,pending
https://drivewayzusa.co/guides/best-driveway-material-for-oklahoma-homes/,best-driveway-material-for-oklahoma-homes,B_REPLACE_BULK,guides/best-driveway-material-for-oklahoma-homes/index.html,hero-tan-paver-frontage-lawn.webp,"tan paver driveway leading past a neat lawn to a garage, pavers, residential frontage, new, golden hour, eye level","people, faces, vehicle badges, brand logos, text, watermarks, signage, house numbers",tan paver driveway leading past a neat lawn to a garage,pavers,residential frontage,new,golden hour,eye level,Tan pavers lead past a neat lawn to a suburban garage,pending
https://drivewayzusa.co/guides/best-driveway-material-for-oregon-homes/,best-driveway-material-for-oregon-homes,B_REPLACE_BULK,guides/best-driveway-material-for-oregon-homes/index.html,hero-smooth-concrete-overcast-frontage.webp,"smooth new concrete driveway beside shrubs under gray sky, concrete, residential frontage, new, overcast, elevated three-quarter","people, faces, vehicle badges, brand logos, text, watermarks, signage, house numbers",smooth new concrete driveway beside shrubs under gray sky,concrete,residential frontage,new,overcast,elevated three-quarter,Smooth new concrete drive under an overcast sky beside shrubs,pending
https://drivewayzusa.co/guides/best-driveway-material-for-pennsylvania-homes/,best-driveway-material-for-pennsylvania-homes,B_REPLACE_BULK,guides/best-driveway-material-for-pennsylvania-homes/index.html,hero-fresh-asphalt-midday-frontage.webp,"fresh asphalt driveway beside a lawn in midday sun, asphalt, residential frontage, new, bright midday, eye level","people, faces, vehicle badges, brand logos, text, watermarks, signage, house numbers",fresh asphalt driveway beside a lawn in midday sun,asphalt,residential frontage,new,bright midday,eye level,Fresh asphalt drive in bright midday sun beside a lawn,pending
https://drivewayzusa.co/guides/best-driveway-material-for-resale-value/,best-driveway-material-for-resale-value,B_REPLACE_BULK,guides/best-driveway-material-for-resale-value/index.html,hero-cobblestone-golden-hour-frontage.webp,"cobblestone driveway glowing in warm evening light before a garage, cobblestone, residential frontage, new, golden hour, elevated three-quarter","people, faces, vehicle badges, brand logos, text, watermarks, signage, house numbers",cobblestone driveway glowing in warm evening light before a garage,cobblestone,residential frontage,new,golden hour,elevated three-quarter,Cobblestone drive glowing at golden hour in front of a garage,pending
https://drivewayzusa.co/guides/best-driveway-material-for-rhode-island-homes/,best-driveway-material-for-rhode-island-homes,B_REPLACE_BULK,guides/best-driveway-material-for-rhode-island-homes/index.html,hero-weathered-concrete-low-angle.webp,"weathered concrete surface with faint stains, concrete, close-up surface detail, weathered, overcast, low angle along surface","people, faces, vehicle badges, brand logos, text, watermarks, signage, house numbers",weathered concrete surface with faint stains,concrete,close-up surface detail,weathered,overcast,low angle along surface,Weathered concrete surface with faint stains along the drive,pending
https://drivewayzusa.co/guides/best-driveway-material-for-sandy-soil/,best-driveway-material-for-sandy-soil,B_REPLACE_BULK,guides/best-driveway-material-for-sandy-soil/index.html,hero-gravel-over-pale-sand.webp,"loose gravel spread over pale sand at the drive edge, gravel, close-up surface detail, weathered, bright midday, low angle along surface","people, faces, vehicle badges, brand logos, text, watermarks, signage, house numbers",loose gravel spread over pale sand at the drive edge,gravel,close-up surface detail,weathered,bright midday,low angle along surface,Loose gravel spread over pale sand along the drive edge,pending
https://drivewayzusa.co/guides/best-driveway-material-for-south-dakota-homes/,best-driveway-material-for-south-dakota-homes,B_REPLACE_BULK,guides/best-driveway-material-for-south-dakota-homes/index.html,hero-straight-gravel-rural-approach.webp,"straight gravel drive stretching across open land, gravel, rural approach, weathered, overcast, eye level","people, faces, vehicle badges, brand logos, text, watermarks, signage, house numbers",straight gravel drive stretching across open land,gravel,rural approach,weathered,overcast,eye level,Straight gravel drive stretching across open land under gray skies,pending
https://drivewayzusa.co/guides/best-driveway-material-for-steep-slopes-and-hills/,best-driveway-material-for-steep-slopes-and-hills,B_REPLACE_BULK,guides/best-driveway-material-for-steep-slopes-and-hills/index.html,hero-broomed-concrete-steep-incline.webp,"broomed concrete drive climbing a sharp incline, concrete, residential frontage, new, golden hour, low angle along surface","people, faces, vehicle badges, brand logos, text, watermarks, signage, house numbers",broomed concrete drive climbing a sharp incline,concrete,residential frontage,new,golden hour,low angle along surface,Broomed concrete drive climbing a sharp incline in warm light,pending
https://drivewayzusa.co/guides/best-driveway-material-for-tennessee-homes/,best-driveway-material-for-tennessee-homes,B_REPLACE_BULK,guides/best-driveway-material-for-tennessee-homes/index.html,hero-sealed-asphalt-wet-reflections.webp,"sealed asphalt driveway with wet reflections after rain, asphalt, residential frontage, sealed, wet after rain, eye level","people, faces, vehicle badges, brand logos, text, watermarks, signage, house numbers",sealed asphalt driveway with wet reflections after rain,asphalt,residential frontage,sealed,wet after rain,eye level,Sealed asphalt with wet reflections beside the curb,pending
https://drivewayzusa.co/guides/best-driveway-material-for-utah-homes/,best-driveway-material-for-utah-homes,B_REPLACE_BULK,guides/best-driveway-material-for-utah-homes/index.html,hero-interlocking-pavers-midday-low-angle.webp,"interlocking pavers catching midday light along the drive, pavers, residential frontage, new, bright midday, low angle along surface","people, faces, vehicle badges, brand logos, text, watermarks, signage, house numbers",interlocking pavers catching midday light along the drive,pavers,residential frontage,new,bright midday,low angle along surface,Interlocking pavers catching bright midday light along the drive,pending
https://drivewayzusa.co/guides/best-driveway-material-for-vermont-homes/,best-driveway-material-for-vermont-homes,B_REPLACE_BULK,guides/best-driveway-material-for-vermont-homes/index.html,hero-weathered-gravel-frontage-shrubs.webp,"weathered gravel drive bordered by shrubs under gray skies, gravel, residential frontage, weathered, overcast, eye level","people, faces, vehicle badges, brand logos, text, watermarks, signage, house numbers",weathered gravel drive bordered by shrubs under gray skies,gravel,residential frontage,weathered,overcast,eye level,Weathered gravel drive bordered by shrubs beneath gray skies,pending
https://drivewayzusa.co/guides/best-driveway-material-for-wyoming-homes/,best-driveway-material-for-wyoming-homes,B_REPLACE_BULK,guides/best-driveway-material-for-wyoming-homes/index.html,hero-open-grassland-gravel-drive.webp,"gravel drive crossing open grassland toward a distant barn, gravel, rural approach, weathered, golden hour, eye level","people, faces, vehicle badges, brand logos, text, watermarks, signage, house numbers",gravel drive crossing open grassland toward a distant barn,gravel,rural approach,weathered,golden hour,eye level,Gravel drive crossing open grassland toward a distant barn,pending
https://drivewayzusa.co/guides/best-driveway-rental-property/,best-driveway-rental-property,B_REPLACE_BULK,guides/best-driveway-rental-property/index.html,hero-plain-concrete-modest-frontage.webp,"plain concrete drive before a modest single story house, concrete, residential frontage, weathered, bright midday, eye level","people, faces, vehicle badges, brand logos, text, watermarks, signage, house numbers",plain concrete drive before a modest single story house,concrete,residential frontage,weathered,bright midday,eye level,Plain concrete drive in front of a modest single story house,pending
https://drivewayzusa.co/guides/best-time-of-year-to-install-a-driveway-for-lower-costs/,best-time-of-year-to-install-a-driveway-for-lower-costs,B_REPLACE_BULK,guides/best-time-of-year-to-install-a-driveway-for-lower-costs/index.html,hero-fresh-concrete-between-forms.webp,"freshly poured concrete drive framed by wooden edge forms, concrete, work-in-progress, new, overcast, elevated three-quarter","people, faces, vehicle badges, brand logos, text, watermarks, signage, house numbers",freshly poured concrete drive framed by wooden edge forms,concrete,work-in-progress,new,overcast,elevated three-quarter,Freshly poured concrete drive still framed by wooden edge forms,pending
https://drivewayzusa.co/guides/better-business-bureau-for-driveway-complaints-how-it-works/,better-business-bureau-for-driveway-complaints-how-it-works,B_REPLACE_BULK,guides/better-business-bureau-for-driveway-complaints-how-it-works/index.html,hero-alligator-cracked-asphalt-detail.webp,"alligator cracking across a worn asphalt surface, asphalt, close-up surface detail, cracked, overcast, low angle along surface","people, faces, vehicle badges, brand logos, text, watermarks, signage, house numbers",alligator cracking across a worn asphalt surface,asphalt,close-up surface detail,cracked,overcast,low angle along surface,Alligator cracking spread across a worn asphalt surface,pending
https://drivewayzusa.co/guides/black-driveway-vs-light-driveway-heat-absorption-and-curb-appeal/,black-driveway-vs-light-driveway-heat-absorption-and-curb-appeal,B_REPLACE_BULK,guides/black-driveway-vs-light-driveway-heat-absorption-and-curb-appeal/index.html,hero-dark-asphalt-light-concrete-joint.webp,"dark sealed asphalt meeting pale concrete along a straight joint, asphalt, close-up surface detail, sealed, bright midday, low angle along surface","people, faces, vehicle badges, brand logos, text, watermarks, signage, house numbers",dark sealed asphalt meeting pale concrete along a straight joint,asphalt,close-up surface detail,sealed,bright midday,low angle along surface,Dark sealed asphalt meeting pale concrete along a straight joint,pending
https://drivewayzusa.co/guides/bluerock-driveway-installation-guide/,bluerock-driveway-installation-guide,B_REPLACE_BULK,guides/bluerock-driveway-installation-guide/index.html,hero-blue-gray-crushed-stone-piles.webp,"blue gray crushed stone spread in loose piles during installation, gravel, work-in-progress, mid-repair, bright midday, elevated three-quarter","people, faces, vehicle badges, brand logos, text, watermarks, signage, house numbers",blue gray crushed stone spread in loose piles during installation,gravel,work-in-progress,mid-repair,bright midday,elevated three-quarter,Blue gray crushed stone spread in loose piles on a drive,pending
https://drivewayzusa.co/guides/boat-ramp-driveway-modifications/,boat-ramp-driveway-modifications,B_REPLACE_BULK,guides/boat-ramp-driveway-modifications/index.html,hero-concrete-ramp-to-water-edge.webp,"weathered concrete ramp sloping down toward the water edge, concrete, rural approach, weathered, golden hour, low angle along surface","people, faces, vehicle badges, brand logos, text, watermarks, signage, house numbers",weathered concrete ramp sloping down toward the water edge,concrete,rural approach,weathered,golden hour,low angle along surface,Weathered concrete ramp sloping down toward the water edge,pending
https://drivewayzusa.co/guides/bonded-vs-unbonded-driveway-contractors-whats-the-difference/,bonded-vs-unbonded-driveway-contractors-whats-the-difference,B_REPLACE_BULK,guides/bonded-vs-unbonded-driveway-contractors-whats-the-difference/index.html,hero-paver-install-edge-restraints.webp,"newly laid pavers with edge restraints awaiting joint sand, pavers, work-in-progress, new, overcast, elevated three-quarter","people, faces, vehicle badges, brand logos, text, watermarks, signage, house numbers",newly laid pavers with edge restraints awaiting joint sand,pavers,work-in-progress,new,overcast,elevated three-quarter,Newly laid pavers with edge restraints awaiting joint sand,pending
https://drivewayzusa.co/guides/brick-driveway-installation-and-maintenance/,brick-driveway-installation-and-maintenance,B_REPLACE_BULK,guides/brick-driveway-installation-and-maintenance/index.html,hero-red-brick-paver-closeup.webp,"red brick pavers with weathered edges in warm evening light, pavers, close-up surface detail, weathered, golden hour, low angle along surface","people, faces, vehicle badges, brand logos, text, watermarks, signage, house numbers",red brick pavers with weathered edges in warm evening light,pavers,close-up surface detail,weathered,golden hour,low angle along surface,Red brick pavers with weathered edges catching warm evening light,pending
https://drivewayzusa.co/guides/budget-driveway-flood-prone/,budget-driveway-flood-prone,B_REPLACE_BULK,guides/budget-driveway-flood-prone/index.html,hero-wet-gravel-puddle-drainage.webp,"rain puddles draining into a gravel drive after a storm, gravel, residential frontage, weathered, wet after rain, low angle along surface","people, faces, vehicle badges, brand logos, text, watermarks, signage, house numbers",rain puddles draining into a gravel drive after a storm,gravel,residential frontage,weathered,wet after rain,low angle along surface,Rain puddles draining into a gravel drive after a storm,pending
https://drivewayzusa.co/guides/budget-driveway-house-flippers/,budget-driveway-house-flippers,B_REPLACE_BULK,guides/budget-driveway-house-flippers/index.html,hero-new-asphalt-plain-home-frontage.webp,"fresh asphalt drive giving a simple home a clean look, asphalt, residential frontage, new, bright midday, eye level","people, faces, vehicle badges, brand logos, text, watermarks, signage, house numbers",fresh asphalt drive giving a simple home a clean look,asphalt,residential frontage,new,bright midday,eye level,Fresh asphalt drive giving a simple home a clean look,pending
https://drivewayzusa.co/guides/budget-driveway-makeover-ideas-under-500/,budget-driveway-makeover-ideas-under-500,B_REPLACE_BULK,guides/budget-driveway-makeover-ideas-under-500/index.html,hero-fresh-crack-sealant-line.webp,"fresh sealant filling a long crack across an asphalt drive, asphalt, work-in-progress, mid-repair, overcast, low angle along surface","people, faces, vehicle badges, brand logos, text, watermarks, signage, house numbers",fresh sealant filling a long crack across an asphalt drive,asphalt,work-in-progress,mid-repair,overcast,low angle along surface,Fresh sealant filling a long crack across an asphalt drive,pending
https://drivewayzusa.co/guides/budget-long-rural-driveway/,budget-long-rural-driveway,B_REPLACE_BULK,guides/budget-long-rural-driveway/index.html,hero-winding-gravel-potholes-gray-skies.webp,"winding gravel drive with shallow potholes under gray skies, gravel, rural approach, cracked, overcast, eye level","people, faces, vehicle badges, brand logos, text, watermarks, signage, house numbers",winding gravel drive with shallow potholes under gray skies,gravel,rural approach,cracked,overcast,eye level,Winding gravel drive with shallow potholes under gray skies,pending
https://drivewayzusa.co/guides/bulk-material-discounts-how-to-save-on-driveway-supplies/,bulk-material-discounts-how-to-save-on-driveway-supplies,B_REPLACE_BULK,guides/bulk-material-discounts-how-to-save-on-driveway-supplies/index.html,hero-aggregate-stockpile-beside-drive.webp,"tall pile of crushed aggregate waiting beside a drive, gravel, work-in-progress, mid-repair, bright midday, eye level","people, faces, vehicle badges, brand logos, text, watermarks, signage, house numbers",tall pile of crushed aggregate waiting beside a drive,gravel,work-in-progress,mid-repair,bright midday,eye level,A tall pile of crushed aggregate waiting beside a drive,pending
https://drivewayzusa.co/guides/carbon-footprint-of-different-driveway-materials/,carbon-footprint-of-different-driveway-materials,B_REPLACE_BULK,guides/carbon-footprint-of-different-driveway-materials/index.html,hero-concrete-asphalt-joint-low-angle.webp,"weathered concrete driveway edge meeting an asphalt street at a straight joint, concrete, close-up surface detail, weathered, overcast, low angle along surface","people, faces, vehicle badges, brand logos, text, watermarks, signage, house numbers",weathered concrete driveway edge meeting an asphalt street at a straight joint,concrete,close-up surface detail,weathered,overcast,low angle along surface,Low angle view of a weathered concrete driveway meeting an asphalt street,pending
https://drivewayzusa.co/guides/chip-seal-driveway/,chip-seal-driveway,B_REPLACE_BULK,guides/chip-seal-driveway/index.html,hero-fresh-chip-seal-stone-spread.webp,"loose stone chips being spread over fresh hot asphalt binder, chip-seal, work-in-progress, mid-repair, bright midday, elevated three-quarter","people, faces, vehicle badges, brand logos, text, watermarks, signage, house numbers",loose stone chips being spread over fresh hot asphalt binder,chip-seal,work-in-progress,mid-repair,bright midday,elevated three-quarter,Loose stone chips spread over fresh hot binder during chip seal work,pending
https://drivewayzusa.co/guides/circular-driveway-design-and-layout-guide/,circular-driveway-design-and-layout-guide,B_REPLACE_BULK,guides/circular-driveway-design-and-layout-guide/index.html,hero-curved-paver-loop-frontage.webp,"curved brick paver loop drive sweeping past a front lawn, pavers, residential frontage, new, golden hour, elevated three-quarter","people, faces, vehicle badges, brand logos, text, watermarks, signage, house numbers",curved brick paver loop drive sweeping past a front lawn,pavers,residential frontage,new,golden hour,elevated three-quarter,Curved brick paver loop drive sweeping past a front lawn at dusk,pending
https://drivewayzusa.co/guides/coastal-regions-best-driveway-materials-for-north-carolina/,coastal-regions-best-driveway-materials-for-north-carolina,B_REPLACE_BULK,guides/coastal-regions-best-driveway-materials-for-north-carolina/index.html,hero-shell-gravel-sandy-verge.webp,"crushed shell gravel drive with pale sandy verges, gravel, rural approach, weathered, bright midday, eye level","people, faces, vehicle badges, brand logos, text, watermarks, signage, house numbers",crushed shell gravel drive with pale sandy verges,gravel,rural approach,weathered,bright midday,eye level,Crushed shell gravel drive with sandy verges under bright midday sun,pending
https://drivewayzusa.co/guides/cobblestone-driveway-traditional-style-guide/,cobblestone-driveway-traditional-style-guide,B_REPLACE_BULK,guides/cobblestone-driveway-traditional-style-guide/index.html,hero-weathered-cobblestone-fan-pattern.webp,"weathered cobblestone driveway laid in a fan pattern, cobblestone, residential frontage, weathered, golden hour, eye level","people, faces, vehicle badges, brand logos, text, watermarks, signage, house numbers",weathered cobblestone driveway laid in a fan pattern,cobblestone,residential frontage,weathered,golden hour,eye level,Weathered cobblestone driveway in fan pattern glowing in warm evening light,pending
https://drivewayzusa.co/guides/cobblestone-driveway/,cobblestone-driveway,B_REPLACE_BULK,guides/cobblestone-driveway/index.html,hero-cobblestones-set-sand-bed.webp,"cobblestones partially set into a leveled sand bed, cobblestone, work-in-progress, mid-repair, overcast, low angle along surface","people, faces, vehicle badges, brand logos, text, watermarks, signage, house numbers",cobblestones partially set into a leveled sand bed,cobblestone,work-in-progress,mid-repair,overcast,low angle along surface,Cobblestones partially set into a leveled sand bed awaiting jointing,pending
https://drivewayzusa.co/guides/cold-climates-best-driveway-materials-for-minnesota/,cold-climates-best-driveway-materials-for-minnesota,B_REPLACE_BULK,guides/cold-climates-best-driveway-materials-for-minnesota/index.html,hero-cracked-asphalt-snow-banks.webp,"frost cracked asphalt drive running between plowed snow banks, asphalt, rural approach, cracked, overcast, eye level","people, faces, vehicle badges, brand logos, text, watermarks, signage, house numbers",frost cracked asphalt drive running between plowed snow banks,asphalt,rural approach,cracked,overcast,eye level,Frost cracked asphalt drive between plowed snow banks under gray skies,pending
https://drivewayzusa.co/guides/cold-climates-best-driveway-materials-for-new-york/,cold-climates-best-driveway-materials-for-new-york,B_REPLACE_BULK,guides/cold-climates-best-driveway-materials-for-new-york/index.html,hero-light-snow-brick-paver-drive.webp,"new brick paver drive dusted with light snow, pavers, residential frontage, new, bright midday, elevated three-quarter","people, faces, vehicle badges, brand logos, text, watermarks, signage, house numbers",new brick paver drive dusted with light snow,pavers,residential frontage,new,bright midday,elevated three-quarter,Light snow dusting a new brick paver drive in bright midday sun,pending
https://drivewayzusa.co/guides/cold-climates-best-driveway-materials-for-wisconsin/,cold-climates-best-driveway-materials-for-wisconsin,B_REPLACE_BULK,guides/cold-climates-best-driveway-materials-for-wisconsin/index.html,hero-icy-glaze-sealed-concrete.webp,"thin icy glaze coating a sealed concrete driveway surface, concrete, close-up surface detail, sealed, wet after rain, low angle along surface","people, faces, vehicle badges, brand logos, text, watermarks, signage, house numbers",thin icy glaze coating a sealed concrete driveway surface,concrete,close-up surface detail,sealed,wet after rain,low angle along surface,Thin icy glaze over a sealed concrete driveway after freezing rain,pending
https://drivewayzusa.co/guides/colonial-home-driveways-traditional-materials/,colonial-home-driveways-traditional-materials,B_REPLACE_BULK,guides/colonial-home-driveways-traditional-materials/index.html,hero-weathered-brick-paver-frontage.webp,"weathered brick pavers curving toward a classic house entrance, pavers, residential frontage, weathered, golden hour, eye level","people, faces, vehicle badges, brand logos, text, watermarks, signage, house numbers",weathered brick pavers curving toward a classic house entrance,pavers,residential frontage,weathered,golden hour,eye level,Weathered brick pavers curving toward a classic house at warm dusk,pending
https://drivewayzusa.co/guides/colored-concrete-driveways-options-and-durability/,colored-concrete-driveways-options-and-durability,B_REPLACE_BULK,guides/colored-concrete-driveways-options-and-durability/index.html,hero-terracotta-tinted-concrete-texture.webp,"terracotta tinted concrete surface with a broomed finish, concrete, close-up surface detail, new, golden hour, low angle along surface","people, faces, vehicle badges, brand logos, text, watermarks, signage, house numbers",terracotta tinted concrete surface with a broomed finish,concrete,close-up surface detail,new,golden hour,low angle along surface,Terracotta tinted concrete with a broomed finish in low evening light,pending
https://drivewayzusa.co/guides/commercial-driveway-requirements/,commercial-driveway-requirements,B_REPLACE_BULK,guides/commercial-driveway-requirements/index.html,hero-thick-concrete-slab-edge.webp,"edge profile of a thick newly poured concrete slab, concrete, close-up surface detail, new, overcast, low angle along surface","people, faces, vehicle badges, brand logos, text, watermarks, signage, house numbers",edge profile of a thick newly poured concrete slab,concrete,close-up surface detail,new,overcast,low angle along surface,Edge profile of a thick newly poured concrete slab built for heavy loads,pending
https://drivewayzusa.co/guides/common-driveway-project-mistakes-and-how-to-avoid-them/,common-driveway-project-mistakes-and-how-to-avoid-them,B_REPLACE_BULK,guides/common-driveway-project-mistakes-and-how-to-avoid-them/index.html,hero-spalled-pitted-concrete-closeup.webp,"spalled and pitted concrete slab with deep cracks and crumbling edges, concrete, close-up surface detail, cracked, bright midday, eye level","people, faces, vehicle badges, brand logos, text, watermarks, signage, house numbers",spalled and pitted concrete slab with deep cracks and crumbling edges,concrete,close-up surface detail,cracked,bright midday,eye level,Spalled and pitted concrete slab with deep cracks and crumbling edges,pending
https://drivewayzusa.co/guides/complete-driveway-buying-guide-for-first-time-homeowners/,complete-driveway-buying-guide-for-first-time-homeowners,B_REPLACE_BULK,guides/complete-driveway-buying-guide-for-first-time-homeowners/index.html,hero-new-concrete-neat-lawn-edges.webp,"newly poured concrete drive with crisp lawn edges, concrete, residential frontage, new, bright midday, elevated three-quarter","people, faces, vehicle badges, brand logos, text, watermarks, signage, house numbers",newly poured concrete drive with crisp lawn edges,concrete,residential frontage,new,bright midday,elevated three-quarter,Newly poured concrete drive with crisp lawn edges in bright sun,pending
https://drivewayzusa.co/guides/concrete-driveway-air-entrainment-freeze-thaw-protection/,concrete-driveway-air-entrainment-freeze-thaw-protection,B_REPLACE_BULK,guides/concrete-driveway-air-entrainment-freeze-thaw-protection/index.html,hero-concrete-surface-pinhole-voids.webp,"weathered concrete slab surface dotted with tiny pinhole voids, concrete, close-up surface detail, weathered, overcast, eye level","people, faces, vehicle badges, brand logos, text, watermarks, signage, house numbers",weathered concrete slab surface dotted with tiny pinhole voids,concrete,close-up surface detail,weathered,overcast,eye level,Close view of a weathered concrete slab dotted with tiny surface pinholes,pending
https://drivewayzusa.co/guides/concrete-driveway-color-hardener-application-and-benefits/,concrete-driveway-color-hardener-application-and-benefits,B_REPLACE_BULK,guides/concrete-driveway-color-hardener-application-and-benefits/index.html,hero-pigment-dusted-fresh-concrete.webp,"pigment powder dusted across a fresh concrete slab awaiting floating, concrete, work-in-progress, mid-repair, golden hour, elevated three-quarter","people, faces, vehicle badges, brand logos, text, watermarks, signage, house numbers",pigment powder dusted across a fresh concrete slab awaiting floating,concrete,work-in-progress,mid-repair,golden hour,elevated three-quarter,Pigment powder dusted across a fresh slab waiting to be floated,pending
https://drivewayzusa.co/guides/concrete-driveway-cost-in-alabama-2026-price-guide/,concrete-driveway-cost-in-alabama-2026-price-guide,B_REPLACE_BULK,guides/concrete-driveway-cost-in-alabama-2026-price-guide/index.html,hero-screed-board-wet-concrete.webp,"screed board resting on a wet concrete slab between wooden form boards, concrete, work-in-progress, mid-repair, overcast, low angle along surface","people, faces, vehicle badges, brand logos, text, watermarks, signage, house numbers",screed board resting on a wet concrete slab between wooden form boards,concrete,work-in-progress,mid-repair,overcast,low angle along surface,Screed board resting on a wet concrete slab between wooden form boards,pending
https://drivewayzusa.co/guides/concrete-driveway-cost-in-alaska-2026-price-guide/,concrete-driveway-cost-in-alaska-2026-price-guide,B_REPLACE_BULK,guides/concrete-driveway-cost-in-alaska-2026-price-guide/index.html,hero-broom-lines-fresh-concrete.webp,"fine broom lines across a freshly finished light gray concrete surface, concrete, close-up surface detail, new, bright midday, eye level","people, faces, vehicle badges, brand logos, text, watermarks, signage, house numbers",fine broom lines across a freshly finished light gray concrete surface,concrete,close-up surface detail,new,bright midday,eye level,Fine broom lines across a freshly finished light gray concrete surface,pending
https://drivewayzusa.co/guides/concrete-driveway-cost-in-arizona-2026-price-guide/,concrete-driveway-cost-in-arizona-2026-price-guide,B_REPLACE_BULK,guides/concrete-driveway-cost-in-arizona-2026-price-guide/index.html,hero-fresh-sawn-control-joint.webp,"fresh sawn control joint cutting across a new pale concrete slab, concrete, close-up surface detail, new, golden hour, low angle along surface","people, faces, vehicle badges, brand logos, text, watermarks, signage, house numbers",fresh sawn control joint cutting across a new pale concrete slab,concrete,close-up surface detail,new,golden hour,low angle along surface,Fresh sawn control joint cutting across a new pale concrete slab in warm light,pending
https://drivewayzusa.co/guides/concrete-driveway-cost-in-arkansas-2026-price-guide/,concrete-driveway-cost-in-arkansas-2026-price-guide,B_REPLACE_BULK,guides/concrete-driveway-cost-in-arkansas-2026-price-guide/index.html,hero-curing-blanket-half-slab.webp,"curing blanket folded back over half of a new concrete slab, concrete, work-in-progress, new, overcast, eye level","people, faces, vehicle badges, brand logos, text, watermarks, signage, house numbers",curing blanket folded back over half of a new concrete slab,concrete,work-in-progress,new,overcast,eye level,Curing blanket folded back over half of a new concrete slab,pending
https://drivewayzusa.co/guides/concrete-driveway-cost-in-california-2026-price-guide/,concrete-driveway-cost-in-california-2026-price-guide,B_REPLACE_BULK,guides/concrete-driveway-cost-in-california-2026-price-guide/index.html,hero-trowel-sweeps-fresh-concrete.webp,"arcing trowel sweeps across smooth fresh concrete, concrete, close-up surface detail, new, golden hour, low angle along surface","people, faces, vehicle badges, brand logos, text, watermarks, signage, house numbers",arcing trowel sweeps across smooth fresh concrete,concrete,close-up surface detail,new,golden hour,low angle along surface,Arcing trowel sweeps across smooth fresh concrete in warm evening light,pending
https://drivewayzusa.co/guides/concrete-driveway-cost-in-colorado-2026-price-guide/,concrete-driveway-cost-in-colorado-2026-price-guide,B_REPLACE_BULK,guides/concrete-driveway-cost-in-colorado-2026-price-guide/index.html,hero-wood-forms-fresh-pour-edge.webp,"wooden forms and stakes edging a freshly poured concrete strip, concrete, work-in-progress, mid-repair, overcast, eye level","people, faces, vehicle badges, brand logos, text, watermarks, signage, house numbers",wooden forms and stakes edging a freshly poured concrete strip,concrete,work-in-progress,mid-repair,overcast,eye level,Wooden forms and stakes edging a freshly poured concrete drive strip,pending
https://drivewayzusa.co/guides/concrete-driveway-cost-in-connecticut-2026-price-guide/,concrete-driveway-cost-in-connecticut-2026-price-guide,B_REPLACE_BULK,guides/concrete-driveway-cost-in-connecticut-2026-price-guide/index.html,hero-low-angle-damp-concrete-sheen.webp,"damp sealed concrete surface with soft reflections after rain, concrete, close-up surface detail, sealed, wet after rain, low angle along surface","people, faces, vehicle badges, brand logos, text, watermarks, signage, house numbers",damp sealed concrete surface with soft reflections after rain,concrete,close-up surface detail,sealed,wet after rain,low angle along surface,Low view along a damp sealed concrete surface with soft reflections,pending
https://drivewayzusa.co/guides/concrete-driveway-cost-in-delaware-2026-price-guide/,concrete-driveway-cost-in-delaware-2026-price-guide,B_REPLACE_BULK,guides/concrete-driveway-cost-in-delaware-2026-price-guide/index.html,hero-edging-groove-fresh-concrete.webp,"rounded edging groove along the border of a fresh concrete slab, concrete, work-in-progress, mid-repair, bright midday, eye level","people, faces, vehicle badges, brand logos, text, watermarks, signage, house numbers",rounded edging groove along the border of a fresh concrete slab,concrete,work-in-progress,mid-repair,bright midday,eye level,Rounded edging groove along the border of a fresh concrete slab,pending
https://drivewayzusa.co/guides/concrete-driveway-cost-in-florida-2026-price-guide/,concrete-driveway-cost-in-florida-2026-price-guide,B_REPLACE_BULK,guides/concrete-driveway-cost-in-florida-2026-price-guide/index.html,hero-puddles-new-concrete-slab.webp,"shallow puddles reflecting gray sky on a new concrete slab, concrete, close-up surface detail, new, wet after rain, low angle along surface","people, faces, vehicle badges, brand logos, text, watermarks, signage, house numbers",shallow puddles reflecting gray sky on a new concrete slab,concrete,close-up surface detail,new,wet after rain,low angle along surface,Shallow puddles reflecting gray sky on a new concrete slab,pending
https://drivewayzusa.co/guides/concrete-driveway-cost-in-georgia-2026-price-guide/,concrete-driveway-cost-in-georgia-2026-price-guide,B_REPLACE_BULK,guides/concrete-driveway-cost-in-georgia-2026-price-guide/index.html,hero-screed-board-fresh-pour.webp,"screed board resting across a fresh wet concrete pour between wooden form boards, concrete, work-in-progress, new, bright midday, low angle along surface","people, faces, vehicle badges, brand logos, text, watermarks, signage, house numbers",screed board resting across a fresh wet concrete pour between wooden form boards,concrete,work-in-progress,new,bright midday,low angle along surface,screed board resting across fresh wet concrete between wooden form boards,pending
https://drivewayzusa.co/guides/concrete-driveway-cost-in-hawaii-2026-price-guide/,concrete-driveway-cost-in-hawaii-2026-price-guide,B_REPLACE_BULK,guides/concrete-driveway-cost-in-hawaii-2026-price-guide/index.html,hero-steel-trowel-arcs-wet-slab.webp,"curved steel trowel arcs across a smooth wet concrete slab surface, concrete, close-up surface detail, new, bright midday, low angle along surface","people, faces, vehicle badges, brand logos, text, watermarks, signage, house numbers",curved steel trowel arcs across a smooth wet concrete slab surface,concrete,close-up surface detail,new,bright midday,low angle along surface,curved steel trowel arcs across a smooth wet concrete surface in sunlight,pending
https://drivewayzusa.co/guides/concrete-driveway-cost-in-idaho-2026-price-guide/,concrete-driveway-cost-in-idaho-2026-price-guide,B_REPLACE_BULK,guides/concrete-driveway-cost-in-idaho-2026-price-guide/index.html,hero-matte-sealed-concrete-frontage.webp,"matte sealed concrete drive leading to a closed garage door under gray skies, concrete, residential frontage, sealed, overcast, eye level","people, faces, vehicle badges, brand logos, text, watermarks, signage, house numbers",matte sealed concrete drive leading to a closed garage door under gray skies,concrete,residential frontage,sealed,overcast,eye level,matte sealed concrete drive leading to a garage under gray skies,pending
https://drivewayzusa.co/guides/concrete-driveway-cost-in-illinois-2026-price-guide/,concrete-driveway-cost-in-illinois-2026-price-guide,B_REPLACE_BULK,guides/concrete-driveway-cost-in-illinois-2026-price-guide/index.html,hero-lumber-forms-awaiting-pour.webp,"staked wooden form boards edging a graded gravel bed ready for a concrete pour, concrete, work-in-progress, new, overcast, elevated three-quarter","people, faces, vehicle badges, brand logos, text, watermarks, signage, house numbers",staked wooden form boards edging a graded gravel bed ready for a concrete pour,concrete,work-in-progress,new,overcast,elevated three-quarter,wooden form boards staked along a graded gravel bed awaiting concrete,pending
https://drivewayzusa.co/guides/concrete-driveway-cost-in-iowa-2026-price-guide/,concrete-driveway-cost-in-iowa-2026-price-guide,B_REPLACE_BULK,guides/concrete-driveway-cost-in-iowa-2026-price-guide/index.html,hero-hairline-shrinkage-cracks-closeup.webp,"fine hairline shrinkage cracks running across a pale gray concrete surface, concrete, close-up surface detail, cracked, overcast, low angle along surface","people, faces, vehicle badges, brand logos, text, watermarks, signage, house numbers",fine hairline shrinkage cracks running across a pale gray concrete surface,concrete,close-up surface detail,cracked,overcast,low angle along surface,fine hairline shrinkage cracks across a pale gray concrete surface,pending
https://drivewayzusa.co/guides/concrete-driveway-cost-in-kansas-2026-price-guide/,concrete-driveway-cost-in-kansas-2026-price-guide,B_REPLACE_BULK,guides/concrete-driveway-cost-in-kansas-2026-price-guide/index.html,hero-golden-light-smooth-drive-lawn.webp,"smooth new concrete drive with a crisp lawn edge in warm evening light, concrete, residential frontage, new, golden hour, elevated three-quarter","people, faces, vehicle badges, brand logos, text, watermarks, signage, house numbers",smooth new concrete drive with a crisp lawn edge in warm evening light,concrete,residential frontage,new,golden hour,elevated three-quarter,smooth new concrete drive edged with lawn in warm evening light,pending
https://drivewayzusa.co/guides/concrete-driveway-cost-in-kentucky-2026-price-guide/,concrete-driveway-cost-in-kentucky-2026-price-guide,B_REPLACE_BULK,guides/concrete-driveway-cost-in-kentucky-2026-price-guide/index.html,hero-bull-float-wet-slab.webp,"bull float resting on a wide wet concrete slab mid smoothing pass, concrete, work-in-progress, new, bright midday, eye level","people, faces, vehicle badges, brand logos, text, watermarks, signage, house numbers",bull float resting on a wide wet concrete slab mid smoothing pass,concrete,work-in-progress,new,bright midday,eye level,bull float smoothing a wide wet concrete slab in midday sun,pending
https://drivewayzusa.co/guides/concrete-driveway-cost-in-louisiana-2026-price-guide/,concrete-driveway-cost-in-louisiana-2026-price-guide,B_REPLACE_BULK,guides/concrete-driveway-cost-in-louisiana-2026-price-guide/index.html,hero-moist-sheen-sealed-slab.webp,"sealed concrete surface holding a soft sheen and faint damp patches after rain, concrete, close-up surface detail, sealed, wet after rain, low angle along surface","people, faces, vehicle badges, brand logos, text, watermarks, signage, house numbers",sealed concrete surface holding a soft sheen and faint damp patches after rain,concrete,close-up surface detail,sealed,wet after rain,low angle along surface,sealed concrete surface holding a soft sheen after rainfall,pending
https://drivewayzusa.co/guides/concrete-driveway-cost-in-maine-2026-price-guide/,concrete-driveway-cost-in-maine-2026-price-guide,B_REPLACE_BULK,guides/concrete-driveway-cost-in-maine-2026-price-guide/index.html,hero-weathered-concrete-grass-verge.webp,"weathered concrete approach with a rough grass verge under flat gray light, concrete, rural approach, weathered, overcast, eye level","people, faces, vehicle badges, brand logos, text, watermarks, signage, house numbers",weathered concrete approach with a rough grass verge under flat gray light,concrete,rural approach,weathered,overcast,eye level,weathered concrete approach with grass verge under flat gray light,pending
https://drivewayzusa.co/guides/concrete-driveway-cost-in-massachusetts-2026-price-guide/,concrete-driveway-cost-in-massachusetts-2026-price-guide,B_REPLACE_BULK,guides/concrete-driveway-cost-in-massachusetts-2026-price-guide/index.html,hero-sawn-joints-shadow-lines.webp,"straight sawn control joints casting thin shadow lines across new concrete, concrete, residential frontage, new, bright midday, eye level","people, faces, vehicle badges, brand logos, text, watermarks, signage, house numbers",straight sawn control joints casting thin shadow lines across new concrete,concrete,residential frontage,new,bright midday,eye level,straight sawn control joints casting thin shadow lines on new concrete,pending
https://drivewayzusa.co/guides/concrete-driveway-cost-in-minnesota-2026-price-guide/,concrete-driveway-cost-in-minnesota-2026-price-guide,B_REPLACE_BULK,guides/concrete-driveway-cost-in-minnesota-2026-price-guide/index.html,hero-spalled-concrete-surface-detail.webp,"spalled and pitted concrete surface exposing small embedded stones, concrete, close-up surface detail, weathered, overcast, low angle along surface","people, faces, vehicle badges, brand logos, text, watermarks, signage, house numbers",spalled and pitted concrete surface exposing small embedded stones,concrete,close-up surface detail,weathered,overcast,low angle along surface,spalled and pitted concrete surface showing exposed small stones,pending
https://drivewayzusa.co/guides/concrete-driveway-cost-in-mississippi-2026-price-guide/,concrete-driveway-cost-in-mississippi-2026-price-guide,B_REPLACE_BULK,guides/concrete-driveway-cost-in-mississippi-2026-price-guide/index.html,hero-sealed-drive-shallow-puddles.webp,"sealed concrete drive holding shallow puddles beside a green lawn after rain, concrete, residential frontage, sealed, wet after rain, elevated three-quarter","people, faces, vehicle badges, brand logos, text, watermarks, signage, house numbers",sealed concrete drive holding shallow puddles beside a green lawn after rain,concrete,residential frontage,sealed,wet after rain,elevated three-quarter,sealed concrete drive holding shallow puddles beside a green lawn,pending
https://drivewayzusa.co/guides/concrete-driveway-cost-in-missouri-2026-price-guide/,concrete-driveway-cost-in-missouri-2026-price-guide,B_REPLACE_BULK,guides/concrete-driveway-cost-in-missouri-2026-price-guide/index.html,hero-fresh-slab-exposed-form-edge.webp,"fresh concrete slab edge revealed beside a loosened wooden form board, concrete, work-in-progress, new, golden hour, low angle along surface","people, faces, vehicle badges, brand logos, text, watermarks, signage, house numbers",fresh concrete slab edge revealed beside a loosened wooden form board,concrete,work-in-progress,new,golden hour,low angle along surface,fresh concrete slab edge revealed beside a loosened wooden form,pending
https://drivewayzusa.co/guides/concrete-driveway-cost-in-montana-2026-price-guide/,concrete-driveway-cost-in-montana-2026-price-guide,B_REPLACE_BULK,guides/concrete-driveway-cost-in-montana-2026-price-guide/index.html,hero-weathered-slab-open-rangeland.webp,"weathered concrete track crossing open land toward a distant barn, concrete, rural approach, weathered, bright midday, eye level","people, faces, vehicle badges, brand logos, text, watermarks, signage, house numbers",weathered concrete track crossing open land toward a distant barn,concrete,rural approach,weathered,bright midday,eye level,weathered concrete track crossing open land toward a distant barn,pending
https://drivewayzusa.co/guides/concrete-driveway-cost-in-nebraska-2026-price-guide/,concrete-driveway-cost-in-nebraska-2026-price-guide,B_REPLACE_BULK,guides/concrete-driveway-cost-in-nebraska-2026-price-guide/index.html,hero-joint-sealant-bead-closeup.webp,"fresh dark sealant bead filling an expansion joint in damp concrete, concrete, close-up surface detail, mid-repair, wet after rain, low angle along surface","people, faces, vehicle badges, brand logos, text, watermarks, signage, house numbers",fresh dark sealant bead filling an expansion joint in damp concrete,concrete,close-up surface detail,mid-repair,wet after rain,low angle along surface,fresh dark sealant bead filling an expansion joint in damp concrete,pending
https://drivewayzusa.co/guides/concrete-driveway-cost-in-nevada-2026-price-guide/,concrete-driveway-cost-in-nevada-2026-price-guide,B_REPLACE_BULK,guides/concrete-driveway-cost-in-nevada-2026-price-guide/index.html,hero-stamped-border-plain-slab.webp,"plain concrete drive framed by a stamped border band in bright sunlight, concrete, residential frontage, new, bright midday, elevated three-quarter","people, faces, vehicle badges, brand logos, text, watermarks, signage, house numbers",plain concrete drive framed by a stamped border band in bright sunlight,concrete,residential frontage,new,bright midday,elevated three-quarter,plain concrete drive framed by a stamped border in bright sun,pending
https://drivewayzusa.co/guides/concrete-driveway-cost-in-new-hampshire-2026-price-guide/,concrete-driveway-cost-in-new-hampshire-2026-price-guide,B_REPLACE_BULK,guides/concrete-driveway-cost-in-new-hampshire-2026-price-guide/index.html,hero-chipped-slab-corner-crack.webp,"chipped slab corner with a branching crack in warm low light, concrete, close-up surface detail, cracked, golden hour, low angle along surface","people, faces, vehicle badges, brand logos, text, watermarks, signage, house numbers",chipped slab corner with a branching crack in warm low light,concrete,close-up surface detail,cracked,golden hour,low angle along surface,chipped slab corner with a branching crack in warm low light,pending
https://drivewayzusa.co/guides/concrete-driveway-cost-in-new-jersey-2026-price-guide/,concrete-driveway-cost-in-new-jersey-2026-price-guide,B_REPLACE_BULK,guides/concrete-driveway-cost-in-new-jersey-2026-price-guide/index.html,hero-sky-reflection-sealed-slab.webp,"cloudy sky reflected across a rain damp sealed concrete drive, concrete, residential frontage, sealed, wet after rain, elevated three-quarter","people, faces, vehicle badges, brand logos, text, watermarks, signage, house numbers",cloudy sky reflected across a rain damp sealed concrete drive,concrete,residential frontage,sealed,wet after rain,elevated three-quarter,cloudy sky reflected across a rain damp sealed concrete drive,pending
https://drivewayzusa.co/guides/concrete-driveway-cost-in-new-mexico-2026-price-guide/,concrete-driveway-cost-in-new-mexico-2026-price-guide,B_REPLACE_BULK,guides/concrete-driveway-cost-in-new-mexico-2026-price-guide/index.html,hero-broom-lines-long-shadows.webp,"fine broomed lines across new concrete crossed by long evening shadows, concrete, residential frontage, new, golden hour, low angle along surface","people, faces, vehicle badges, brand logos, text, watermarks, signage, house numbers",fine broomed lines across new concrete crossed by long evening shadows,concrete,residential frontage,new,golden hour,low angle along surface,fine broomed lines across new concrete crossed by long evening shadows,pending
https://drivewayzusa.co/guides/concrete-driveway-cost-in-new-york-2026-price-guide/,concrete-driveway-cost-in-new-york-2026-price-guide,B_REPLACE_BULK,guides/concrete-driveway-cost-in-new-york-2026-price-guide/index.html,hero-wire-mesh-on-chairs.webp,"steel wire mesh raised on support chairs over a prepared gravel bed, concrete, work-in-progress, new, overcast, elevated three-quarter","people, faces, vehicle badges, brand logos, text, watermarks, signage, house numbers",steel wire mesh raised on support chairs over a prepared gravel bed,concrete,work-in-progress,new,overcast,elevated three-quarter,steel wire mesh raised on chairs over a prepared gravel bed,pending
https://drivewayzusa.co/guides/concrete-driveway-cost-in-north-dakota-2026-price-guide/,concrete-driveway-cost-in-north-dakota-2026-price-guide,B_REPLACE_BULK,guides/concrete-driveway-cost-in-north-dakota-2026-price-guide/index.html,hero-damp-concrete-farm-track.webp,"rain damp weathered concrete track running between open fields, concrete, rural approach, weathered, wet after rain, low angle along surface","people, faces, vehicle badges, brand logos, text, watermarks, signage, house numbers",rain damp weathered concrete track running between open fields,concrete,rural approach,weathered,wet after rain,low angle along surface,rain damp weathered concrete track running between open fields,pending
https://drivewayzusa.co/guides/concrete-driveway-cost-in-oklahoma-2026-price-guide/,concrete-driveway-cost-in-oklahoma-2026-price-guide,B_REPLACE_BULK,guides/concrete-driveway-cost-in-oklahoma-2026-price-guide/index.html,hero-branch-crack-warm-light.webp,"branching crack across an old concrete slab in warm evening light, concrete, close-up surface detail, cracked, golden hour, eye level","people, faces, vehicle badges, brand logos, text, watermarks, signage, house numbers",branching crack across an old concrete slab in warm evening light,concrete,close-up surface detail,cracked,golden hour,eye level,branching crack across an old concrete slab in warm evening light,pending
https://drivewayzusa.co/guides/concrete-driveway-cost-in-oregon-2026-price-guide/,concrete-driveway-cost-in-oregon-2026-price-guide,B_REPLACE_BULK,guides/concrete-driveway-cost-in-oregon-2026-price-guide/index.html,hero-patch-edge-feathered-joint.webp,"feathered edge of a fresh concrete patch blending into an older slab, concrete, close-up surface detail, mid-repair, wet after rain, eye level","people, faces, vehicle badges, brand logos, text, watermarks, signage, house numbers",feathered edge of a fresh concrete patch blending into an older slab,concrete,close-up surface detail,mid-repair,wet after rain,eye level,feathered edge of a fresh concrete patch blending into an older slab,pending
https://drivewayzusa.co/guides/concrete-driveway-cost-in-pennsylvania-2026-price-guide/,concrete-driveway-cost-in-pennsylvania-2026-price-guide,B_REPLACE_BULK,guides/concrete-driveway-cost-in-pennsylvania-2026-price-guide/index.html,hero-sun-faded-concrete-lane.webp,"sun faded weathered concrete lane running past fence posts and open fields, concrete, rural approach, weathered, bright midday, elevated three-quarter","people, faces, vehicle badges, brand logos, text, watermarks, signage, house numbers",sun faded weathered concrete lane running past fence posts and open fields,concrete,rural approach,weathered,bright midday,elevated three-quarter,sun faded weathered concrete lane running past fence posts and fields,pending
https://drivewayzusa.co/guides/concrete-driveway-cost-in-rhode-island-2026-price-guide/,concrete-driveway-cost-in-rhode-island-2026-price-guide,B_REPLACE_BULK,guides/concrete-driveway-cost-in-rhode-island-2026-price-guide/index.html,hero-evening-glow-sealed-frontage.webp,"sealed concrete drive glowing softly in warm evening light before a garage, concrete, residential frontage, sealed, golden hour, elevated three-quarter","people, faces, vehicle badges, brand logos, text, watermarks, signage, house numbers",sealed concrete drive glowing softly in warm evening light before a garage,concrete,residential frontage,sealed,golden hour,elevated three-quarter,sealed concrete drive glowing softly in warm evening light before a garage,pending
https://drivewayzusa.co/guides/concrete-driveway-cost-in-south-carolina-2026-price-guide/,concrete-driveway-cost-in-south-carolina-2026-price-guide,B_REPLACE_BULK,guides/concrete-driveway-cost-in-south-carolina-2026-price-guide/index.html,hero-brushed-concrete-joint-closeup.webp,"close view of brushed concrete surface with a straight control joint line, concrete, close-up surface detail, new, bright midday, low angle along surface","people, faces, vehicle badges, brand logos, text, watermarks, signage, house numbers",close view of brushed concrete surface with a straight control joint line,concrete,close-up surface detail,new,bright midday,low angle along surface,Close view of brushed concrete surface and straight control joint,pending
https://drivewayzusa.co/guides/concrete-driveway-cost-in-south-dakota-2026-price-guide/,concrete-driveway-cost-in-south-dakota-2026-price-guide,B_REPLACE_BULK,guides/concrete-driveway-cost-in-south-dakota-2026-price-guide/index.html,hero-weathered-concrete-pore-texture.webp,"weathered concrete surface texture with pores and faint tire marks, concrete, close-up surface detail, weathered, overcast, low angle along surface","people, faces, vehicle badges, brand logos, text, watermarks, signage, house numbers",weathered concrete surface texture with pores and faint tire marks,concrete,close-up surface detail,weathered,overcast,low angle along surface,Weathered concrete surface with small pores and faint tire marks,pending
https://drivewayzusa.co/guides/concrete-driveway-cost-in-tennessee-2026-price-guide/,concrete-driveway-cost-in-tennessee-2026-price-guide,B_REPLACE_BULK,guides/concrete-driveway-cost-in-tennessee-2026-price-guide/index.html,hero-screeded-slab-form-stakes.webp,"freshly screeded concrete slab framed by wooden form boards and stakes, concrete, work-in-progress, new, overcast, elevated three-quarter","people, faces, vehicle badges, brand logos, text, watermarks, signage, house numbers",freshly screeded concrete slab framed by wooden form boards and stakes,concrete,work-in-progress,new,overcast,elevated three-quarter,Freshly screeded concrete slab framed by wooden form stakes,pending
https://drivewayzusa.co/guides/concrete-driveway-cost-in-texas-2026-price-guide/,concrete-driveway-cost-in-texas-2026-price-guide,B_REPLACE_BULK,guides/concrete-driveway-cost-in-texas-2026-price-guide/index.html,hero-glossy-sealer-coating-closeup.webp,"glossy sealer coating on concrete with scattered rain droplets, concrete, close-up surface detail, sealed, wet after rain, low angle along surface","people, faces, vehicle badges, brand logos, text, watermarks, signage, house numbers",glossy sealer coating on concrete with scattered rain droplets,concrete,close-up surface detail,sealed,wet after rain,low angle along surface,Glossy sealer coating on concrete with light rain droplets,pending
https://drivewayzusa.co/guides/concrete-driveway-cost-in-utah-2026-price-guide/,concrete-driveway-cost-in-utah-2026-price-guide,B_REPLACE_BULK,guides/concrete-driveway-cost-in-utah-2026-price-guide/index.html,hero-bull-float-fresh-slab.webp,"bull float resting on a freshly poured wet concrete slab, concrete, work-in-progress, new, bright midday, eye level","people, faces, vehicle badges, brand logos, text, watermarks, signage, house numbers",bull float resting on a freshly poured wet concrete slab,concrete,work-in-progress,new,bright midday,eye level,Bull float resting on a freshly poured concrete slab,pending
https://drivewayzusa.co/guides/concrete-driveway-cost-in-vermont-2026-price-guide/,concrete-driveway-cost-in-vermont-2026-price-guide,B_REPLACE_BULK,guides/concrete-driveway-cost-in-vermont-2026-price-guide/index.html,hero-sealed-concrete-evening-glow.webp,"sealed concrete drive in front of a home glowing in evening light, concrete, residential frontage, sealed, golden hour, elevated three-quarter","people, faces, vehicle badges, brand logos, text, watermarks, signage, house numbers",sealed concrete drive in front of a home glowing in evening light,concrete,residential frontage,sealed,golden hour,elevated three-quarter,Sealed concrete drive glowing in warm evening light,pending
https://drivewayzusa.co/guides/concrete-driveway-cost-in-virginia-2026-price-guide/,concrete-driveway-cost-in-virginia-2026-price-guide,B_REPLACE_BULK,guides/concrete-driveway-cost-in-virginia-2026-price-guide/index.html,hero-faded-trowel-arc-texture.webp,"faded smooth concrete with sweeping hand trowel arc marks, concrete, close-up surface detail, weathered, overcast, low angle along surface","people, faces, vehicle badges, brand logos, text, watermarks, signage, house numbers",faded smooth concrete with sweeping hand trowel arc marks,concrete,close-up surface detail,weathered,overcast,low angle along surface,Faded smooth concrete with sweeping hand trowel arcs,pending
https://drivewayzusa.co/guides/concrete-driveway-cost-in-washington-2026-price-guide/,concrete-driveway-cost-in-washington-2026-price-guide,B_REPLACE_BULK,guides/concrete-driveway-cost-in-washington-2026-price-guide/index.html,hero-damp-control-joint-concrete.webp,"damp concrete slabs separated by a dark control joint after rain, concrete, close-up surface detail, weathered, wet after rain, low angle along surface","people, faces, vehicle badges, brand logos, text, watermarks, signage, house numbers",damp concrete slabs separated by a dark control joint after rain,concrete,close-up surface detail,weathered,wet after rain,low angle along surface,Damp concrete slabs separated by a dark control joint,pending
https://drivewayzusa.co/guides/concrete-driveway-cost-in-west-virginia-2026-price-guide/,concrete-driveway-cost-in-west-virginia-2026-price-guide,B_REPLACE_BULK,guides/concrete-driveway-cost-in-west-virginia-2026-price-guide/index.html,hero-cracked-concrete-lane-fields.webp,"aging concrete lane with hairline cracks between open grassy fields, concrete, rural approach, cracked, overcast, eye level","people, faces, vehicle badges, brand logos, text, watermarks, signage, house numbers",aging concrete lane with hairline cracks between open grassy fields,concrete,rural approach,cracked,overcast,eye level,Hairline cracks crossing an aging concrete lane between fields,pending
https://drivewayzusa.co/guides/concrete-driveway-cost-in-wisconsin-2026-price-guide/,concrete-driveway-cost-in-wisconsin-2026-price-guide,B_REPLACE_BULK,guides/concrete-driveway-cost-in-wisconsin-2026-price-guide/index.html,hero-crisp-sealed-concrete-frontage.webp,"crisp sealed concrete drive with clean sawn joint lines at a frontage, concrete, residential frontage, sealed, bright midday, eye level","people, faces, vehicle badges, brand logos, text, watermarks, signage, house numbers",crisp sealed concrete drive with clean sawn joint lines at a frontage,concrete,residential frontage,sealed,bright midday,eye level,Crisp sealed concrete drive with clean sawn joint lines,pending
https://drivewayzusa.co/guides/concrete-driveway-cost-in-wyoming-2026-price-guide/,concrete-driveway-cost-in-wyoming-2026-price-guide,B_REPLACE_BULK,guides/concrete-driveway-cost-in-wyoming-2026-price-guide/index.html,hero-fresh-concrete-rural-approach.webp,"fresh concrete drive stretching toward open pasture land, concrete, rural approach, new, golden hour, low angle along surface","people, faces, vehicle badges, brand logos, text, watermarks, signage, house numbers",fresh concrete drive stretching toward open pasture land,concrete,rural approach,new,golden hour,low angle along surface,Fresh concrete drive stretching toward open pasture land,pending
https://drivewayzusa.co/guides/concrete-driveway-cost-per-square-foot-guide/,concrete-driveway-cost-per-square-foot-guide,B_REPLACE_BULK,guides/concrete-driveway-cost-per-square-foot-guide/index.html,hero-tape-measure-slab-edge.webp,"tape measure stretched across the edge of a weathered concrete slab, concrete, close-up surface detail, weathered, bright midday, eye level","people, faces, vehicle badges, brand logos, text, watermarks, signage, house numbers",tape measure stretched across the edge of a weathered concrete slab,concrete,close-up surface detail,weathered,bright midday,eye level,Tape measure stretched across the edge of a weathered concrete slab,pending
https://drivewayzusa.co/guides/concrete-driveway-crack-repair-causes-and-solutions/,concrete-driveway-crack-repair-causes-and-solutions,B_REPLACE_BULK,guides/concrete-driveway-crack-repair-causes-and-solutions/index.html,hero-deep-crack-concrete-panel.webp,"deep jagged crack running across a gray concrete panel, concrete, close-up surface detail, cracked, overcast, low angle along surface","people, faces, vehicle badges, brand logos, text, watermarks, signage, house numbers",deep jagged crack running across a gray concrete panel,concrete,close-up surface detail,cracked,overcast,low angle along surface,Deep jagged crack running across a gray concrete panel,pending
https://drivewayzusa.co/guides/concrete-driveway-forms-and-framing-guide/,concrete-driveway-forms-and-framing-guide,B_REPLACE_BULK,guides/concrete-driveway-forms-and-framing-guide/index.html,hero-staked-wooden-forms-gravel-trench.webp,"wooden form boards staked along an excavated driveway trench, none, work-in-progress, new, overcast, elevated three-quarter","people, faces, vehicle badges, brand logos, text, watermarks, signage, house numbers",wooden form boards staked along an excavated driveway trench,none,work-in-progress,new,overcast,elevated three-quarter,Wooden form boards staked along an excavated driveway outline,pending
https://drivewayzusa.co/guides/concrete-driveway-installation-step-by-step-guide/,concrete-driveway-installation-step-by-step-guide,B_REPLACE_BULK,guides/concrete-driveway-installation-step-by-step-guide/index.html,hero-chute-pouring-wet-concrete.webp,"wet concrete flowing from a chute into staked wooden forms, concrete, work-in-progress, new, bright midday, eye level","people, faces, vehicle badges, brand logos, text, watermarks, signage, house numbers",wet concrete flowing from a chute into staked wooden forms,concrete,work-in-progress,new,bright midday,eye level,Wet concrete flowing from a chute into staked forms,pending
https://drivewayzusa.co/guides/concrete-driveway-lifespan-how-long-will-it-last/,concrete-driveway-lifespan-how-long-will-it-last,B_REPLACE_BULK,guides/concrete-driveway-lifespan-how-long-will-it-last/index.html,hero-fine-cracks-aged-concrete-drive.webp,"older residential concrete drive traced with fine hairline cracks, concrete, residential frontage, cracked, golden hour, eye level","people, faces, vehicle badges, brand logos, text, watermarks, signage, house numbers",older residential concrete drive traced with fine hairline cracks,concrete,residential frontage,cracked,golden hour,eye level,Hairline cracks tracing across an older residential concrete drive,pending
https://drivewayzusa.co/guides/concrete-driveway-load-testing-structural-verification/,concrete-driveway-load-testing-structural-verification,B_REPLACE_BULK,guides/concrete-driveway-load-testing-structural-verification/index.html,hero-thick-slab-corner-profile.webp,"thick weathered concrete slab corner showing its layered edge profile, concrete, close-up surface detail, weathered, bright midday, eye level","people, faces, vehicle badges, brand logos, text, watermarks, signage, house numbers",thick weathered concrete slab corner showing its layered edge profile,concrete,close-up surface detail,weathered,bright midday,eye level,Thick weathered concrete slab corner showing its layered edge,pending
https://drivewayzusa.co/guides/concrete-driveway-overlays-thin-resurfacing-options/,concrete-driveway-overlays-thin-resurfacing-options,B_REPLACE_BULK,guides/concrete-driveway-overlays-thin-resurfacing-options/index.html,hero-thin-overlay-spread-old-slab.webp,"thin fresh overlay coat spread partway across an older slab, concrete, work-in-progress, mid-repair, golden hour, low angle along surface","people, faces, vehicle badges, brand logos, text, watermarks, signage, house numbers",thin fresh overlay coat spread partway across an older slab,concrete,work-in-progress,mid-repair,golden hour,low angle along surface,Thin fresh overlay spread partway across an older slab,pending
https://drivewayzusa.co/guides/concrete-driveway-resurfacing-overlay-options-and-costs/,concrete-driveway-resurfacing-overlay-options-and-costs,B_REPLACE_BULK,guides/concrete-driveway-resurfacing-overlay-options-and-costs/index.html,hero-resurfacer-coat-meets-old-concrete.webp,"fresh resurfacer coat meeting faded older concrete along a straight edge, concrete, work-in-progress, mid-repair, golden hour, eye level","people, faces, vehicle badges, brand logos, text, watermarks, signage, house numbers",fresh resurfacer coat meeting faded older concrete along a straight edge,concrete,work-in-progress,mid-repair,golden hour,eye level,Fresh resurfacer coat meeting faded older concrete at a straight line,pending
https://drivewayzusa.co/guides/concrete-driveway-spalling-causes-prevention-and-repair/,concrete-driveway-spalling-causes-prevention-and-repair,B_REPLACE_BULK,guides/concrete-driveway-spalling-causes-prevention-and-repair/index.html,hero-spalled-pitted-concrete-surface.webp,"spalled concrete surface with flaked pits and exposed fine aggregate, concrete, close-up surface detail, weathered, overcast, low angle along surface","people, faces, vehicle badges, brand logos, text, watermarks, signage, house numbers",spalled concrete surface with flaked pits and exposed fine aggregate,concrete,close-up surface detail,weathered,overcast,low angle along surface,Spalled concrete surface with flaked pits and exposed fine aggregate,pending
https://drivewayzusa.co/guides/concrete-driveway-thickness-how-it-affects-cost-and-durability/,concrete-driveway-thickness-how-it-affects-cost-and-durability,B_REPLACE_BULK,guides/concrete-driveway-thickness-how-it-affects-cost-and-durability/index.html,hero-6-inch-slab-edge-profile.webp,"edge view of a six inch thick concrete driveway slab, concrete, close-up surface detail, new, wet after rain, elevated three-quarter","people, faces, vehicle badges, brand logos, text, watermarks, signage, house numbers",edge view of a six inch thick concrete driveway slab,concrete,close-up surface detail,new,wet after rain,elevated three-quarter,Edge view of a six inch thick concrete driveway slab,pending
https://drivewayzusa.co/guides/concrete-driveway-vs-asphalt-which-is-better-for-your-region/,concrete-driveway-vs-asphalt-which-is-better-for-your-region,B_REPLACE_BULK,guides/concrete-driveway-vs-asphalt-which-is-better-for-your-region/index.html,hero-pale-slab-meets-blacktop-seam.webp,"pale weathered concrete meeting dark asphalt along a straight seam, concrete, close-up surface detail, weathered, bright midday, elevated three-quarter","people, faces, vehicle badges, brand logos, text, watermarks, signage, house numbers",pale weathered concrete meeting dark asphalt along a straight seam,concrete,close-up surface detail,weathered,bright midday,elevated three-quarter,Pale weathered concrete meeting dark asphalt along a straight seam,pending
https://drivewayzusa.co/guides/concrete-driveway-wire-mesh-placement-proper-technique/,concrete-driveway-wire-mesh-placement-proper-technique,B_REPLACE_BULK,guides/concrete-driveway-wire-mesh-placement-proper-technique/index.html,hero-wire-mesh-grid-over-base.webp,"welded wire mesh panels laid over a compacted gravel base, gravel, work-in-progress, new, overcast, elevated three-quarter","people, faces, vehicle badges, brand logos, text, watermarks, signage, house numbers",welded wire mesh panels laid over a compacted gravel base,gravel,work-in-progress,new,overcast,elevated three-quarter,Welded wire mesh panels laid over a compacted gravel base,pending
https://drivewayzusa.co/guides/concrete-finishing-techniques-for-driveways/,concrete-finishing-techniques-for-driveways,B_REPLACE_BULK,guides/concrete-finishing-techniques-for-driveways/index.html,hero-edger-groove-fresh-slab-edge.webp,"rounded edger groove along the edge of a fresh slab, concrete, work-in-progress, new, golden hour, eye level","people, faces, vehicle badges, brand logos, text, watermarks, signage, house numbers",rounded edger groove along the edge of a fresh slab,concrete,work-in-progress,new,golden hour,eye level,Rounded edger groove along the edge of a fresh slab,pending
https://drivewayzusa.co/guides/concrete-mix-ratios-for-driveways/,concrete-mix-ratios-for-driveways,B_REPLACE_BULK,guides/concrete-mix-ratios-for-driveways/index.html,hero-sand-gravel-cement-mounds.webp,"separate mounds of sand gravel and cement awaiting mixing, gravel, work-in-progress, new, bright midday, eye level","people, faces, vehicle badges, brand logos, text, watermarks, signage, house numbers",separate mounds of sand gravel and cement awaiting mixing,gravel,work-in-progress,new,bright midday,eye level,Separate mounds of sand gravel and cement awaiting mixing,pending
https://drivewayzusa.co/guides/concrete-over-asphalt-driveway-feasibility-and-process/,concrete-over-asphalt-driveway-feasibility-and-process,B_REPLACE_BULK,guides/concrete-over-asphalt-driveway-feasibility-and-process/index.html,hero-concrete-cap-over-asphalt-edge.webp,"edge of a fresh concrete overlay being placed over an existing asphalt drive, the old black surface visible beyond the new gray layer, concrete, work-in-progress, mid-repair, overcast, elevated three-quarter","people, faces, vehicle badges, brand logos, text, watermarks, signage, house numbers","edge of a fresh concrete overlay being placed over an existing asphalt drive, the old black surface visible beyond the new gray layer",concrete,work-in-progress,mid-repair,overcast,elevated three-quarter,Fresh concrete overlay edge meeting worn asphalt drive,pending
https://drivewayzusa.co/guides/concrete-overlay-options-for-existing-driveways/,concrete-overlay-options-for-existing-driveways,B_REPLACE_BULK,guides/concrete-overlay-options-for-existing-driveways/index.html,hero-thin-overlay-sawn-line-detail.webp,"thin resurfaced concrete layer with crisp sawn control lines running across a smooth gray surface, concrete, close-up surface detail, new, bright midday, low angle along surface","people, faces, vehicle badges, brand logos, text, watermarks, signage, house numbers",thin resurfaced concrete layer with crisp sawn control lines running across a smooth gray surface,concrete,close-up surface detail,new,bright midday,low angle along surface,Thin concrete overlay with clean sawn control lines,pending
https://drivewayzusa.co/guides/concrete-polishing-for-residential-driveways/,concrete-polishing-for-residential-driveways,B_REPLACE_BULK,guides/concrete-polishing-for-residential-driveways/index.html,hero-polished-concrete-warm-sheen.webp,"glossy polished concrete surface catching warm reflections with a smooth mirror like sheen, concrete, close-up surface detail, sealed, golden hour, low angle along surface","people, faces, vehicle badges, brand logos, text, watermarks, signage, house numbers",glossy polished concrete surface catching warm reflections with a smooth mirror like sheen,concrete,close-up surface detail,sealed,golden hour,low angle along surface,Glossy polished concrete surface reflecting warm low sunlight,pending
https://drivewayzusa.co/guides/concrete-price-trends-how-material-costs-affect-your-project/,concrete-price-trends-how-material-costs-affect-your-project,B_REPLACE_BULK,guides/concrete-price-trends-how-material-costs-affect-your-project/index.html,hero-wet-concrete-chute-pour-closeup.webp,"wet concrete flowing from a delivery chute into timber forms staked along a driveway outline, concrete, work-in-progress, new, overcast, eye level","people, faces, vehicle badges, brand logos, text, watermarks, signage, house numbers",wet concrete flowing from a delivery chute into timber forms staked along a driveway outline,concrete,work-in-progress,new,overcast,eye level,Wet concrete flowing from chute into timber forms,pending
https://drivewayzusa.co/guides/concrete-repair/,concrete-repair,B_REPLACE_BULK,guides/concrete-repair/index.html,hero-repair-mortar-concrete-crack.webp,"long crack in a concrete slab freshly filled with lighter repair mortar, still visibly new against the older gray surface, concrete, close-up surface detail, mid-repair, bright midday, eye level","people, faces, vehicle badges, brand logos, text, watermarks, signage, house numbers","long crack in a concrete slab freshly filled with lighter repair mortar, still visibly new against the older gray surface",concrete,close-up surface detail,mid-repair,bright midday,eye level,Fresh repair mortar filling a long concrete crack,pending
https://drivewayzusa.co/guides/concrete-sealing-how-often-and-why-it-matters/,concrete-sealing-how-often-and-why-it-matters,B_REPLACE_BULK,guides/concrete-sealing-how-often-and-why-it-matters/index.html,hero-glossy-sealer-concrete-apron.webp,"freshly sealed concrete driveway with a glossy damp sheen reflecting the gray sky after rain, concrete, residential frontage, sealed, wet after rain, low angle along surface","people, faces, vehicle badges, brand logos, text, watermarks, signage, house numbers",freshly sealed concrete driveway with a glossy damp sheen reflecting the gray sky after rain,concrete,residential frontage,sealed,wet after rain,low angle along surface,Freshly sealed concrete driveway with glossy rain sheen,pending
https://drivewayzusa.co/guides/concrete-vs-asphalt-vs-gravel-which-driveway-is-best-for-your-home/,concrete-vs-asphalt-vs-gravel-which-driveway-is-best-for-your-home,B_REPLACE_BULK,guides/concrete-vs-asphalt-vs-gravel-which-driveway-is-best-for-your-home/index.html,hero-concrete-slab-meets-gravel-verge.webp,"clean joint where a new concrete drive meets an older weathered asphalt street at the apron, gravel verge at one side, concrete, residential frontage, new, bright midday, elevated three-quarter","people, faces, vehicle badges, brand logos, text, watermarks, signage, house numbers","clean joint where a new concrete drive meets an older weathered asphalt street at the apron, gravel verge at one side",concrete,residential frontage,new,bright midday,elevated three-quarter,New concrete drive meets weathered asphalt at the apron,pending
https://drivewayzusa.co/guides/concrete-vs-asphalt-vs-gravel/,concrete-vs-asphalt-vs-gravel,B_REPLACE_BULK,guides/concrete-vs-asphalt-vs-gravel/index.html,hero-gravel-lane-meets-concrete-apron.webp,"weathered gravel lane ending at a pale concrete apron slab, the boundary between loose stone and smooth pavement in frame, gravel, rural approach, weathered, golden hour, eye level","people, faces, vehicle badges, brand logos, text, watermarks, signage, house numbers","weathered gravel lane ending at a pale concrete apron slab, the boundary between loose stone and smooth pavement in frame",gravel,rural approach,weathered,golden hour,eye level,Gravel lane meeting a pale concrete apron slab,pending
https://drivewayzusa.co/guides/concrete-vs-pavers-for-cold-climates-which-holds-up-better/,concrete-vs-pavers-for-cold-climates-which-holds-up-better,B_REPLACE_BULK,guides/concrete-vs-pavers-for-cold-climates-which-holds-up-better/index.html,hero-concrete-meets-pavers-frost.webp,"light frost dusting the seam where a gray concrete slab meets a field of brick pavers, concrete, close-up surface detail, weathered, overcast, low angle along surface","people, faces, vehicle badges, brand logos, text, watermarks, signage, house numbers",light frost dusting the seam where a gray concrete slab meets a field of brick pavers,concrete,close-up surface detail,weathered,overcast,low angle along surface,Frost dusting the joint where concrete meets brick pavers,pending
https://drivewayzusa.co/guides/connecting-a-new-driveway-to-an-existing-one/,connecting-a-new-driveway-to-an-existing-one,B_REPLACE_BULK,guides/connecting-a-new-driveway-to-an-existing-one/index.html,hero-new-slab-ties-into-old-drive.webp,"freshly poured concrete slab butting against a weathered older drive, the tie in joint running straight across the frame, concrete, work-in-progress, mid-repair, bright midday, elevated three-quarter","people, faces, vehicle badges, brand logos, text, watermarks, signage, house numbers","freshly poured concrete slab butting against a weathered older drive, the tie in joint running straight across the frame",concrete,work-in-progress,mid-repair,bright midday,elevated three-quarter,Fresh concrete slab butting against a weathered older drive,pending
https://drivewayzusa.co/guides/craftsman-home-driveways-arts-and-crafts-style/,craftsman-home-driveways-arts-and-crafts-style,B_REPLACE_BULK,guides/craftsman-home-driveways-arts-and-crafts-style/index.html,hero-brick-band-concrete-frontage.webp,"concrete front drive framed by brick banding strips along both edges in warm evening light, concrete, residential frontage, new, golden hour, eye level","people, faces, vehicle badges, brand logos, text, watermarks, signage, house numbers",concrete front drive framed by brick banding strips along both edges in warm evening light,concrete,residential frontage,new,golden hour,eye level,Concrete front drive with brick banding in evening light,pending
https://drivewayzusa.co/guides/crushed-concrete-driveways-budget-friendly-option/,crushed-concrete-driveways-budget-friendly-option,B_REPLACE_BULK,guides/crushed-concrete-driveways-budget-friendly-option/index.html,hero-pale-crushed-aggregate-closeup.webp,"pale crushed recycled aggregate surface with angular stone pieces and fine dust packed tight, gravel, close-up surface detail, weathered, overcast, eye level","people, faces, vehicle badges, brand logos, text, watermarks, signage, house numbers",pale crushed recycled aggregate surface with angular stone pieces and fine dust packed tight,gravel,close-up surface detail,weathered,overcast,eye level,Close view of pale crushed stone aggregate surface,pending
https://drivewayzusa.co/guides/crushed-granite-driveways-installation-and-care/,crushed-granite-driveways-installation-and-care,B_REPLACE_BULK,guides/crushed-granite-driveways-installation-and-care/index.html,hero-crushed-granite-country-drive.webp,"tan crushed granite drive running between open grassy verges under hard midday light, gravel, rural approach, weathered, bright midday, elevated three-quarter","people, faces, vehicle badges, brand logos, text, watermarks, signage, house numbers",tan crushed granite drive running between open grassy verges under hard midday light,gravel,rural approach,weathered,bright midday,elevated three-quarter,Crushed granite drive running between open grassy verges,pending
https://drivewayzusa.co/guides/crushed-limestone-base-for-driveways-benefits-and-installation/,crushed-limestone-base-for-driveways-benefits-and-installation,B_REPLACE_BULK,guides/crushed-limestone-base-for-driveways-benefits-and-installation/index.html,hero-limestone-base-graded-layer.webp,"graded layer of pale crushed limestone base spread and compacted, awaiting its surface course, gravel, work-in-progress, mid-repair, overcast, low angle along surface","people, faces, vehicle badges, brand logos, text, watermarks, signage, house numbers","graded layer of pale crushed limestone base spread and compacted, awaiting its surface course",gravel,work-in-progress,mid-repair,overcast,low angle along surface,Graded pale aggregate base layer awaiting surface course,pending
https://drivewayzusa.co/guides/culvert-installation-for-driveway-entrances/,culvert-installation-for-driveway-entrances,B_REPLACE_BULK,guides/culvert-installation-for-driveway-entrances/index.html,hero-culvert-pipe-gravel-entrance.webp,"corrugated metal culvert pipe set into a shallow ditch beneath a gravel entry drive, damp soil around the opening, gravel, work-in-progress, mid-repair, wet after rain, eye level","people, faces, vehicle badges, brand logos, text, watermarks, signage, house numbers","corrugated metal culvert pipe set into a shallow ditch beneath a gravel entry drive, damp soil around the opening",gravel,work-in-progress,mid-repair,wet after rain,eye level,Metal culvert pipe beneath a gravel entry drive,pending
https://drivewayzusa.co/guides/curb-cut-requirements-and-regulations/,curb-cut-requirements-and-regulations,B_REPLACE_BULK,guides/curb-cut-requirements-and-regulations/index.html,hero-sloped-apron-gutter-curb.webp,"sloped concrete apron ramping down through a lowered curb to the asphalt street gutter, concrete, residential frontage, new, bright midday, eye level","people, faces, vehicle badges, brand logos, text, watermarks, signage, house numbers",sloped concrete apron ramping down through a lowered curb to the asphalt street gutter,concrete,residential frontage,new,bright midday,eye level,Sloped concrete apron passing through curb to the street,pending
https://drivewayzusa.co/guides/curing-a-concrete-driveway-timing-methods-and-common-mistakes/,curing-a-concrete-driveway-timing-methods-and-common-mistakes,B_REPLACE_BULK,guides/curing-a-concrete-driveway-timing-methods-and-common-mistakes/index.html,hero-misted-fresh-concrete-slab.webp,"fresh concrete slab with a fine mist of water beading across its surface as it cures under gray skies, concrete, close-up surface detail, new, overcast, low angle along surface","people, faces, vehicle badges, brand logos, text, watermarks, signage, house numbers",fresh concrete slab with a fine mist of water beading across its surface as it cures under gray skies,concrete,close-up surface detail,new,overcast,low angle along surface,Misted fresh concrete slab curing under gray skies,pending
https://drivewayzusa.co/guides/curing-concrete-driveway/,curing-concrete-driveway,B_REPLACE_BULK,guides/curing-concrete-driveway/index.html,hero-curing-blanket-over-slab.webp,"insulated curing blanket draped over the corner of a freshly poured concrete slab, edges weighted down, concrete, work-in-progress, new, bright midday, eye level","people, faces, vehicle badges, brand logos, text, watermarks, signage, house numbers","insulated curing blanket draped over the corner of a freshly poured concrete slab, edges weighted down",concrete,work-in-progress,new,bright midday,eye level,Insulated curing blanket covering a corner of fresh concrete,pending
https://drivewayzusa.co/guides/de-icer-damage-prevention-for-driveways/,de-icer-damage-prevention-for-driveways,B_REPLACE_BULK,guides/de-icer-damage-prevention-for-driveways/index.html,hero-salt-spalled-concrete-flaking.webp,"flaking and scaling concrete surface with pale crusted salt patches and shallow pits from de-icer exposure, concrete, close-up surface detail, cracked, overcast, low angle along surface","people, faces, vehicle badges, brand logos, text, watermarks, signage, house numbers",flaking and scaling concrete surface with pale crusted salt patches and shallow pits from de-icer exposure,concrete,close-up surface detail,cracked,overcast,low angle along surface,Flaking salt damaged concrete with pale crusted patches,pending
https://drivewayzusa.co/guides/decomposed-granite-vs-gravel-driveways/,decomposed-granite-vs-gravel-driveways,B_REPLACE_BULK,guides/decomposed-granite-vs-gravel-driveways/index.html,hero-decomposed-granite-meets-gravel.webp,"seam where fine tan crushed fines meet a coarser loose gravel section, both textures filling the frame, gravel, close-up surface detail, weathered, golden hour, low angle along surface","people, faces, vehicle badges, brand logos, text, watermarks, signage, house numbers","seam where fine tan crushed fines meet a coarser loose gravel section, both textures filling the frame",gravel,close-up surface detail,weathered,golden hour,low angle along surface,Fine tan crushed fines meeting coarser gravel at the seam,pending
https://drivewayzusa.co/guides/decorative-concrete-driveway-ideas-and-costs/,decorative-concrete-driveway-ideas-and-costs,B_REPLACE_BULK,guides/decorative-concrete-driveway-ideas-and-costs/index.html,hero-stamped-ashlar-slate-pattern.webp,"stamped ashlar slate pattern pressed into concrete with a satin sealed finish catching low warm light, concrete, close-up surface detail, sealed, golden hour, elevated three-quarter","people, faces, vehicle badges, brand logos, text, watermarks, signage, house numbers",stamped ashlar slate pattern pressed into concrete with a satin sealed finish catching low warm light,concrete,close-up surface detail,sealed,golden hour,elevated three-quarter,Stamped slate pattern concrete with a sealed satin finish,pending
https://drivewayzusa.co/guides/delivery-truck-access-driveway-reinforcement/,delivery-truck-access-driveway-reinforcement,B_REPLACE_BULK,guides/delivery-truck-access-driveway-reinforcement/index.html,hero-thick-concrete-slab-edge-profile.webp,"thick concrete slab edge in profile showing its full depth and a smooth steel troweled top surface, concrete, close-up surface detail, new, bright midday, low angle along surface","people, faces, vehicle badges, brand logos, text, watermarks, signage, house numbers",thick concrete slab edge in profile showing its full depth and a smooth steel troweled top surface,concrete,close-up surface detail,new,bright midday,low angle along surface,Thick reinforced concrete slab edge with smooth finish,pending
https://drivewayzusa.co/guides/desert-driveways-new-mexico-and-arizona-tips/,desert-driveways-new-mexico-and-arizona-tips,B_REPLACE_BULK,guides/desert-driveways-new-mexico-and-arizona-tips/index.html,hero-gravel-drive-arid-scrubland.webp,"gravel drive crossing dry scrubland with sparse desert brush on both sides under harsh midday sun, gravel, rural approach, weathered, bright midday, eye level","people, faces, vehicle badges, brand logos, text, watermarks, signage, house numbers",gravel drive crossing dry scrubland with sparse desert brush on both sides under harsh midday sun,gravel,rural approach,weathered,bright midday,eye level,Gravel drive crossing dry scrubland under harsh sun,pending
https://drivewayzusa.co/guides/disposing-of-driveway-debris-properly/,disposing-of-driveway-debris-properly,B_REPLACE_BULK,guides/disposing-of-driveway-debris-properly/index.html,hero-concrete-rubble-disposal-pile.webp,"pile of broken concrete rubble and cracked slab fragments heaped beside a cleared driveway edge, concrete, work-in-progress, cracked, overcast, eye level","people, faces, vehicle badges, brand logos, text, watermarks, signage, house numbers",pile of broken concrete rubble and cracked slab fragments heaped beside a cleared driveway edge,concrete,work-in-progress,cracked,overcast,eye level,Pile of broken concrete rubble from an old drive,pending
https://drivewayzusa.co/guides/dispute-resolution-with-driveway-contractors/,dispute-resolution-with-driveway-contractors,B_REPLACE_BULK,guides/dispute-resolution-with-driveway-contractors/index.html,hero-uneven-trowel-marks-concrete.webp,"patchy uneven trowel finish across a new concrete slab, shallow puddles pooling in the low spots after rain, concrete, close-up surface detail, new, wet after rain, low angle along surface","people, faces, vehicle badges, brand logos, text, watermarks, signage, house numbers","patchy uneven trowel finish across a new concrete slab, shallow puddles pooling in the low spots after rain",concrete,close-up surface detail,new,wet after rain,low angle along surface,Patchy uneven finish across a new concrete slab,pending
https://drivewayzusa.co/guides/diy-driveway-projects-that-dont-require-a-contractor/,diy-driveway-projects-that-dont-require-a-contractor,B_REPLACE_BULK,guides/diy-driveway-projects-that-dont-require-a-contractor/index.html,hero-garden-rake-fresh-gravel.webp,"hand rake resting on freshly spread gravel during a driveway refresh, gravel, work-in-progress, mid-repair, bright midday, eye level","people, faces, vehicle badges, brand logos, text, watermarks, signage, house numbers",hand rake resting on freshly spread gravel during a driveway refresh,gravel,work-in-progress,mid-repair,bright midday,eye level,Rake resting on freshly spread gravel during a driveway refresh project,pending
https://drivewayzusa.co/guides/diy-vs-professional-driveway-installation-cost-comparison/,diy-vs-professional-driveway-installation-cost-comparison,B_REPLACE_BULK,guides/diy-vs-professional-driveway-installation-cost-comparison/index.html,hero-rough-patch-smooth-asphalt-joint.webp,"rough hand tamped asphalt patch meeting a smooth machine finished surface, asphalt, close-up surface detail, mid-repair, overcast, low angle along surface","people, faces, vehicle badges, brand logos, text, watermarks, signage, house numbers",rough hand tamped asphalt patch meeting a smooth machine finished surface,asphalt,close-up surface detail,mid-repair,overcast,low angle along surface,Rough hand tamped patch meeting smooth asphalt driveway surface,pending
https://drivewayzusa.co/guides/does-a-new-driveway-increase-home-appraisal-value/,does-a-new-driveway-increase-home-appraisal-value,B_REPLACE_BULK,guides/does-a-new-driveway-increase-home-appraisal-value/index.html,hero-warm-light-new-concrete-drive.webp,"fresh concrete drive glowing in warm evening light before a home, concrete, residential frontage, new, golden hour, elevated three-quarter","people, faces, vehicle badges, brand logos, text, watermarks, signage, house numbers",fresh concrete drive glowing in warm evening light before a home,concrete,residential frontage,new,golden hour,elevated three-quarter,Fresh concrete drive glowing softly in warm evening light,pending
https://drivewayzusa.co/guides/does-rock-salt-damage-concrete-driveways-what-to-use-instead/,does-rock-salt-damage-concrete-driveways-what-to-use-instead,B_REPLACE_BULK,guides/does-rock-salt-damage-concrete-driveways-what-to-use-instead/index.html,hero-salt-pitted-concrete-spalling.webp,"salt pitted concrete surface with white residue and small spalls, concrete, close-up surface detail, weathered, overcast, low angle along surface","people, faces, vehicle badges, brand logos, text, watermarks, signage, house numbers",salt pitted concrete surface with white residue and small spalls,concrete,close-up surface detail,weathered,overcast,low angle along surface,Salt pitted concrete surface showing white residue and small spalls,pending
https://drivewayzusa.co/guides/drainage-solutions-for-sloped-driveways/,drainage-solutions-for-sloped-driveways,B_REPLACE_BULK,guides/drainage-solutions-for-sloped-driveways/index.html,hero-trench-drain-sloped-asphalt.webp,"trench drain grate crossing a sloped asphalt driveway after rain, asphalt, close-up surface detail, new, wet after rain, low angle along surface","people, faces, vehicle badges, brand logos, text, watermarks, signage, house numbers",trench drain grate crossing a sloped asphalt driveway after rain,asphalt,close-up surface detail,new,wet after rain,low angle along surface,Trench drain grate crossing a sloped asphalt driveway after rain,pending
https://drivewayzusa.co/guides/driveway-30-year-total-cost-material-lifecycle-comparison/,driveway-30-year-total-cost-material-lifecycle-comparison,B_REPLACE_BULK,guides/driveway-30-year-total-cost-material-lifecycle-comparison/index.html,hero-sun-weathered-concrete-hairline-cracks.webp,"sun weathered concrete driveway with fine hairline cracks and surface wear, concrete, close-up surface detail, cracked, bright midday, low angle along surface","people, faces, vehicle badges, brand logos, text, watermarks, signage, house numbers",sun weathered concrete driveway with fine hairline cracks and surface wear,concrete,close-up surface detail,cracked,bright midday,low angle along surface,Sun weathered concrete driveway with fine hairline cracks and wear,pending
https://drivewayzusa.co/guides/driveway-3d-scanning-creating-digital-twin-of-your-surface/,driveway-3d-scanning-creating-digital-twin-of-your-surface,B_REPLACE_BULK,guides/driveway-3d-scanning-creating-digital-twin-of-your-surface/index.html,hero-clean-concrete-drive-high-view.webp,"smooth gray concrete driveway seen from an elevated three quarter view, concrete, residential frontage, new, overcast, elevated three-quarter","people, faces, vehicle badges, brand logos, text, watermarks, signage, house numbers",smooth gray concrete driveway seen from an elevated three quarter view,concrete,residential frontage,new,overcast,elevated three-quarter,Smooth gray concrete driveway viewed from an elevated three quarter angle,pending
https://drivewayzusa.co/guides/driveway-abrasion-resistance-how-surfaces-wear-over-time/,driveway-abrasion-resistance-how-surfaces-wear-over-time,B_REPLACE_BULK,guides/driveway-abrasion-resistance-how-surfaces-wear-over-time/index.html,hero-worn-smooth-aggregate-concrete.webp,"worn concrete with aggregate polished smooth by years of traffic, concrete, close-up surface detail, weathered, bright midday, low angle along surface","people, faces, vehicle badges, brand logos, text, watermarks, signage, house numbers",worn concrete with aggregate polished smooth by years of traffic,concrete,close-up surface detail,weathered,bright midday,low angle along surface,Worn concrete with aggregate polished smooth by years of traffic,pending
https://drivewayzusa.co/guides/driveway-access-permit-municipal-street-connection/,driveway-access-permit-municipal-street-connection,B_REPLACE_BULK,guides/driveway-access-permit-municipal-street-connection/index.html,hero-rolled-curb-apron-gutter.webp,"concrete driveway apron meeting the street gutter at a rolled curb, concrete, residential frontage, new, bright midday, eye level","people, faces, vehicle badges, brand logos, text, watermarks, signage, house numbers",concrete driveway apron meeting the street gutter at a rolled curb,concrete,residential frontage,new,bright midday,eye level,Concrete driveway apron meeting the street gutter at a rolled curb,pending
https://drivewayzusa.co/guides/driveway-acoustic-emission-testing-crack-detection/,driveway-acoustic-emission-testing-crack-detection,B_REPLACE_BULK,guides/driveway-acoustic-emission-testing-crack-detection/index.html,hero-fine-crack-map-concrete-panel.webp,"network of fine cracks spreading across a concrete driveway panel, concrete, close-up surface detail, cracked, overcast, low angle along surface","people, faces, vehicle badges, brand logos, text, watermarks, signage, house numbers",network of fine cracks spreading across a concrete driveway panel,concrete,close-up surface detail,cracked,overcast,low angle along surface,Network of fine cracks spreading across a concrete driveway panel,pending
https://drivewayzusa.co/guides/driveway-acrylic-sealer-water-based-protection/,driveway-acrylic-sealer-water-based-protection,B_REPLACE_BULK,guides/driveway-acrylic-sealer-water-based-protection/index.html,hero-glossy-sealed-stamped-concrete.webp,"glossy acrylic sealer highlighting the pattern of stamped concrete, concrete, close-up surface detail, sealed, golden hour, eye level","people, faces, vehicle badges, brand logos, text, watermarks, signage, house numbers",glossy acrylic sealer highlighting the pattern of stamped concrete,concrete,close-up surface detail,sealed,golden hour,eye level,Glossy acrylic sealer highlighting the pattern of stamped concrete,pending
https://drivewayzusa.co/guides/driveway-ada-transition-plan-municipal-accessibility-upgrades/,driveway-ada-transition-plan-municipal-accessibility-upgrades,B_REPLACE_BULK,guides/driveway-ada-transition-plan-municipal-accessibility-upgrades/index.html,hero-flush-sidewalk-apron-transition.webp,"flush concrete transition where a sidewalk crosses a driveway apron, concrete, residential frontage, new, overcast, eye level","people, faces, vehicle badges, brand logos, text, watermarks, signage, house numbers",flush concrete transition where a sidewalk crosses a driveway apron,concrete,residential frontage,new,overcast,eye level,Flush concrete transition where a sidewalk crosses a driveway apron,pending
https://drivewayzusa.co/guides/driveway-aggregate-color-options-regional-stone-varieties/,driveway-aggregate-color-options-regional-stone-varieties,B_REPLACE_BULK,guides/driveway-aggregate-color-options-regional-stone-varieties/index.html,hero-multicolor-exposed-aggregate-detail.webp,"exposed aggregate concrete showing mixed red tan and gray stones, concrete, close-up surface detail, new, bright midday, low angle along surface","people, faces, vehicle badges, brand logos, text, watermarks, signage, house numbers",exposed aggregate concrete showing mixed red tan and gray stones,concrete,close-up surface detail,new,bright midday,low angle along surface,Exposed aggregate concrete showing mixed red tan and gray stones,pending
https://drivewayzusa.co/guides/driveway-aggregate-size-guide-fine-medium-and-coarse/,driveway-aggregate-size-guide-fine-medium-and-coarse,B_REPLACE_BULK,guides/driveway-aggregate-size-guide-fine-medium-and-coarse/index.html,hero-coarse-beside-fine-gravel.webp,"coarse crushed stone beside fine gravel showing the size difference, gravel, close-up surface detail, new, overcast, eye level","people, faces, vehicle badges, brand logos, text, watermarks, signage, house numbers",coarse crushed stone beside fine gravel showing the size difference,gravel,close-up surface detail,new,overcast,eye level,Coarse crushed stone beside fine gravel in close detail,pending
https://drivewayzusa.co/guides/driveway-airport-proximity-faa-height-restrictions/,driveway-airport-proximity-faa-height-restrictions,B_REPLACE_BULK,guides/driveway-airport-proximity-faa-height-restrictions/index.html,hero-gravel-lane-wide-open-sky.webp,"long gravel lane stretching beneath a wide open evening sky, gravel, rural approach, weathered, golden hour, elevated three-quarter","people, faces, vehicle badges, brand logos, text, watermarks, signage, house numbers",long gravel lane stretching beneath a wide open evening sky,gravel,rural approach,weathered,golden hour,elevated three-quarter,Long gravel lane stretching beneath a wide open evening sky,pending
https://drivewayzusa.co/guides/driveway-alarm-systems-and-motion-sensors/,driveway-alarm-systems-and-motion-sensors,B_REPLACE_BULK,guides/driveway-alarm-systems-and-motion-sensors/index.html,hero-dusk-lit-paver-drive-entry.webp,"sealed paver driveway entry glowing softly in warm dusk light, pavers, residential frontage, sealed, golden hour, eye level","people, faces, vehicle badges, brand logos, text, watermarks, signage, house numbers",sealed paver driveway entry glowing softly in warm dusk light,pavers,residential frontage,sealed,golden hour,eye level,Paver driveway entry glowing softly in warm dusk light,pending
https://drivewayzusa.co/guides/driveway-alexa-and-google-home-compatible-lights/,driveway-alexa-and-google-home-compatible-lights,B_REPLACE_BULK,guides/driveway-alexa-and-google-home-compatible-lights/index.html,hero-ground-lights-paver-border-dusk.webp,"small ground lights glowing along the border of a paver driveway, pavers, residential frontage, new, golden hour, low angle along surface","people, faces, vehicle badges, brand logos, text, watermarks, signage, house numbers",small ground lights glowing along the border of a paver driveway,pavers,residential frontage,new,golden hour,low angle along surface,Small ground lights glowing along the border of a paver driveway,pending
https://drivewayzusa.co/guides/driveway-algae-prevention-treatments-and-surface-options/,driveway-algae-prevention-treatments-and-surface-options,B_REPLACE_BULK,guides/driveway-algae-prevention-treatments-and-surface-options/index.html,hero-green-algae-film-concrete.webp,"green algae film spreading across a damp concrete slab, concrete, close-up surface detail, weathered, wet after rain, low angle along surface","people, faces, vehicle badges, brand logos, text, watermarks, signage, house numbers",green algae film spreading across a damp concrete slab,concrete,close-up surface detail,weathered,wet after rain,low angle along surface,Green algae film spreading across a damp concrete slab,pending
https://drivewayzusa.co/guides/driveway-and-garage-floor-connection-seamless-design/,driveway-and-garage-floor-connection-seamless-design,B_REPLACE_BULK,guides/driveway-and-garage-floor-connection-seamless-design/index.html,hero-drive-slab-meets-garage-floor.webp,"concrete slab running flush into the garage at the doorway, concrete, residential frontage, new, bright midday, eye level","people, faces, vehicle badges, brand logos, text, watermarks, signage, house numbers",concrete slab running flush into the garage at the doorway,concrete,residential frontage,new,bright midday,eye level,Concrete slab running flush into the garage at the doorway,pending
https://drivewayzusa.co/guides/driveway-and-landscaping-integration-cohesive-property-design/,driveway-and-landscaping-integration-cohesive-property-design,B_REPLACE_BULK,guides/driveway-and-landscaping-integration-cohesive-property-design/index.html,hero-paver-drive-planted-beds.webp,"sealed paver driveway framed by planted beds and low green shrubs, pavers, residential frontage, sealed, golden hour, elevated three-quarter","people, faces, vehicle badges, brand logos, text, watermarks, signage, house numbers",sealed paver driveway framed by planted beds and low green shrubs,pavers,residential frontage,sealed,golden hour,elevated three-quarter,Paver driveway framed by planted beds and low green shrubs,pending
https://drivewayzusa.co/guides/driveway-and-power-line-clearance-overhead-utilities/,driveway-and-power-line-clearance-overhead-utilities,B_REPLACE_BULK,guides/driveway-and-power-line-clearance-overhead-utilities/index.html,hero-gravel-drive-utility-poles.webp,"gravel drive running past utility poles under a clear sky, gravel, rural approach, weathered, bright midday, eye level","people, faces, vehicle badges, brand logos, text, watermarks, signage, house numbers",gravel drive running past utility poles under a clear sky,gravel,rural approach,weathered,bright midday,eye level,Gravel drive running past utility poles under a clear sky,pending
https://drivewayzusa.co/guides/driveway-and-retaining-wall-integration-design-principles/,driveway-and-retaining-wall-integration-design-principles,B_REPLACE_BULK,guides/driveway-and-retaining-wall-integration-design-principles/index.html,hero-asphalt-edge-stone-retaining-wall.webp,"asphalt drive edged by a low mortared stone retaining wall, asphalt, residential frontage, new, overcast, eye level","people, faces, vehicle badges, brand logos, text, watermarks, signage, house numbers",asphalt drive edged by a low mortared stone retaining wall,asphalt,residential frontage,new,overcast,eye level,Asphalt drive edged by a low mortared stone wall,pending
https://drivewayzusa.co/guides/driveway-and-walkway-coordination/,driveway-and-walkway-coordination,B_REPLACE_BULK,guides/driveway-and-walkway-coordination/index.html,hero-paver-walkway-meets-concrete-drive.webp,"paver walkway meeting a weathered concrete driveway at a clean joint, concrete, residential frontage, weathered, bright midday, elevated three-quarter","people, faces, vehicle badges, brand logos, text, watermarks, signage, house numbers",paver walkway meeting a weathered concrete driveway at a clean joint,concrete,residential frontage,weathered,bright midday,elevated three-quarter,Paver walkway meeting a weathered concrete driveway at a clean joint,pending
https://drivewayzusa.co/guides/driveway-annual-maintenance-cost-comparison-all-materials/,driveway-annual-maintenance-cost-comparison-all-materials,B_REPLACE_BULK,guides/driveway-annual-maintenance-cost-comparison-all-materials/index.html,hero-fresh-sealcoat-squeegee-lines.webp,"fresh sealcoat squeegee lines across a partly treated asphalt driveway, asphalt, work-in-progress, mid-repair, overcast, low angle along surface","people, faces, vehicle badges, brand logos, text, watermarks, signage, house numbers",fresh sealcoat squeegee lines across a partly treated asphalt driveway,asphalt,work-in-progress,mid-repair,overcast,low angle along surface,Fresh sealcoat squeegee lines across a partly treated asphalt driveway,pending
https://drivewayzusa.co/guides/driveway-ant-killer-keeping-insects-out-of-paver-joints/,driveway-ant-killer-keeping-insects-out-of-paver-joints,B_REPLACE_BULK,guides/driveway-ant-killer-keeping-insects-out-of-paver-joints/index.html,hero-ant-sand-paver-joints-closeup.webp,"small sand piles pushed up by ants between the joints of paving stones, pavers, close-up surface detail, weathered, bright midday, eye level","people, faces, vehicle badges, brand logos, text, watermarks, signage, house numbers",small sand piles pushed up by ants between the joints of paving stones,pavers,close-up surface detail,weathered,bright midday,eye level,Small sand piles pushed up between the joints of paving stones,pending
https://drivewayzusa.co/guides/driveway-apron-design-street-to-property-transition/,driveway-apron-design-street-to-property-transition,B_REPLACE_BULK,guides/driveway-apron-design-street-to-property-transition/index.html,hero-concrete-apron-meets-asphalt-street.webp,"concrete driveway apron meeting the asphalt street at a rolled curb, concrete, residential frontage, new, overcast, elevated three-quarter","people, faces, vehicle badges, brand logos, text, watermarks, signage, house numbers",concrete driveway apron meeting the asphalt street at a rolled curb,concrete,residential frontage,new,overcast,elevated three-quarter,Concrete apron meeting the asphalt street at a rolled curb,pending
https://drivewayzusa.co/guides/driveway-archaeological-survey-historic-area-requirements/,driveway-archaeological-survey-historic-area-requirements,B_REPLACE_BULK,guides/driveway-archaeological-survey-historic-area-requirements/index.html,hero-weathered-cobblestone-lane-rain.webp,"weathered cobblestone lane glistening after rain, cobblestone, rural approach, weathered, wet after rain, low angle along surface","people, faces, vehicle badges, brand logos, text, watermarks, signage, house numbers",weathered cobblestone lane glistening after rain,cobblestone,rural approach,weathered,wet after rain,low angle along surface,Weathered cobblestone lane glistening after rain beside open fields,pending
https://drivewayzusa.co/guides/driveway-as-built-documentation-app-recording-final-product/,driveway-as-built-documentation-app-recording-final-product,B_REPLACE_BULK,guides/driveway-as-built-documentation-app-recording-final-product/index.html,hero-finished-concrete-drive-clean-lines.webp,"finished concrete driveway with clean broom lines, concrete, residential frontage, new, bright midday, eye level","people, faces, vehicle badges, brand logos, text, watermarks, signage, house numbers",finished concrete driveway with clean broom lines,concrete,residential frontage,new,bright midday,eye level,Finished concrete drive with clean broom lines in midday sun,pending
https://drivewayzusa.co/guides/driveway-as-built-survey-documenting-what-was-built/,driveway-as-built-survey-documenting-what-was-built,B_REPLACE_BULK,guides/driveway-as-built-survey-documenting-what-was-built/index.html,hero-measuring-wheel-new-asphalt.webp,"measuring wheel resting on a fresh asphalt surface, asphalt, close-up surface detail, new, bright midday, eye level","people, faces, vehicle badges, brand logos, text, watermarks, signage, house numbers",measuring wheel resting on a fresh asphalt surface,asphalt,close-up surface detail,new,bright midday,eye level,Measuring wheel resting on a fresh asphalt surface,pending
https://drivewayzusa.co/guides/driveway-asphalt-binder-grades-pg-system-explained/,driveway-asphalt-binder-grades-pg-system-explained,B_REPLACE_BULK,guides/driveway-asphalt-binder-grades-pg-system-explained/index.html,hero-dense-asphalt-binder-texture.webp,"dense fresh asphalt binder with fine aggregate texture, asphalt, close-up surface detail, new, overcast, low angle along surface","people, faces, vehicle badges, brand logos, text, watermarks, signage, house numbers",dense fresh asphalt binder with fine aggregate texture,asphalt,close-up surface detail,new,overcast,low angle along surface,Dense fresh asphalt binder with fine aggregate texture,pending
https://drivewayzusa.co/guides/driveway-asset-management-municipal-and-hoa-best-practices/,driveway-asset-management-municipal-and-hoa-best-practices,B_REPLACE_BULK,guides/driveway-asset-management-municipal-and-hoa-best-practices/index.html,hero-cracked-drives-suburban-street.webp,"cracked asphalt driveways along a quiet suburban street, asphalt, residential frontage, cracked, golden hour, elevated three-quarter","people, faces, vehicle badges, brand logos, text, watermarks, signage, house numbers",cracked asphalt driveways along a quiet suburban street,asphalt,residential frontage,cracked,golden hour,elevated three-quarter,Cracked asphalt drives along a quiet suburban street,pending
https://drivewayzusa.co/guides/driveway-augmented-reality-overlay-seeing-design-in-real-space/,driveway-augmented-reality-overlay-seeing-design-in-real-space,B_REPLACE_BULK,guides/driveway-augmented-reality-overlay-seeing-design-in-real-space/index.html,hero-stakes-string-mark-planned-drive.webp,"stakes and string lines marking a planned driveway layout, none, work-in-progress, mid-repair, overcast, eye level","people, faces, vehicle badges, brand logos, text, watermarks, signage, house numbers",stakes and string lines marking a planned driveway layout,none,work-in-progress,mid-repair,overcast,eye level,Stakes and string lines marking a planned drive layout,pending
https://drivewayzusa.co/guides/driveway-autonomous-vehicle-considerations-preparing-for-the-future/,driveway-autonomous-vehicle-considerations-preparing-for-the-future,B_REPLACE_BULK,guides/driveway-autonomous-vehicle-considerations-preparing-for-the-future/index.html,hero-wide-smooth-concrete-drive-straight.webp,"wide smooth concrete driveway running straight to a garage, concrete, residential frontage, new, bright midday, eye level","people, faces, vehicle badges, brand logos, text, watermarks, signage, house numbers",wide smooth concrete driveway running straight to a garage,concrete,residential frontage,new,bright midday,eye level,Wide smooth concrete drive running straight to a garage,pending
https://drivewayzusa.co/guides/driveway-award-winning-designs-recognizing-excellence/,driveway-award-winning-designs-recognizing-excellence,B_REPLACE_BULK,guides/driveway-award-winning-designs-recognizing-excellence/index.html,hero-curved-paver-drive-golden-light.webp,"curved sealed paver driveway glowing in warm evening light, pavers, residential frontage, sealed, golden hour, elevated three-quarter","people, faces, vehicle badges, brand logos, text, watermarks, signage, house numbers",curved sealed paver driveway glowing in warm evening light,pavers,residential frontage,sealed,golden hour,elevated three-quarter,Curved paver drive glowing in warm evening light,pending
https://drivewayzusa.co/guides/driveway-base-and-subgrade-why-they-matter-more-than-the-surface/,driveway-base-and-subgrade-why-they-matter-more-than-the-surface,B_REPLACE_BULK,guides/driveway-base-and-subgrade-why-they-matter-more-than-the-surface/index.html,hero-excavated-base-awaiting-gravel-fill.webp,"excavated driveway base with a layer of compacted gravel, gravel, work-in-progress, mid-repair, overcast, low angle along surface","people, faces, vehicle badges, brand logos, text, watermarks, signage, house numbers",excavated driveway base with a layer of compacted gravel,gravel,work-in-progress,mid-repair,overcast,low angle along surface,Excavated base with a layer of compacted gravel,pending
https://drivewayzusa.co/guides/driveway-base-depth-how-much-gravel-do-you-need/,driveway-base-depth-how-much-gravel-do-you-need,B_REPLACE_BULK,guides/driveway-base-depth-how-much-gravel-do-you-need/index.html,hero-gravel-base-4-inch-layer-profile.webp,"side profile of a 4 inch gravel base layer, gravel, work-in-progress, mid-repair, overcast, low angle along surface","people, faces, vehicle badges, brand logos, text, watermarks, signage, house numbers",side profile of a 4 inch gravel base layer,gravel,work-in-progress,mid-repair,overcast,low angle along surface,Side profile of a 4 inch gravel base layer,pending
https://drivewayzusa.co/guides/driveway-basics-types-costs-and-lifespan-explained/,driveway-basics-types-costs-and-lifespan-explained,B_REPLACE_BULK,guides/driveway-basics-types-costs-and-lifespan-explained/index.html,hero-concrete-edge-meets-gravel-drive.webp,"edge where a weathered concrete drive meets a gravel lane, concrete, close-up surface detail, weathered, golden hour, low angle along surface","people, faces, vehicle badges, brand logos, text, watermarks, signage, house numbers",edge where a weathered concrete drive meets a gravel lane,concrete,close-up surface detail,weathered,golden hour,low angle along surface,Edge where a concrete drive meets a gravel lane,pending
https://drivewayzusa.co/guides/driveway-basics-types-costs-lifespan/,driveway-basics-types-costs-lifespan,B_REPLACE_BULK,guides/driveway-basics-types-costs-lifespan/index.html,hero-paver-band-crosses-concrete-drive.webp,"band of brick pavers crossing a pale concrete drive, concrete, residential frontage, new, bright midday, eye level","people, faces, vehicle badges, brand logos, text, watermarks, signage, house numbers",band of brick pavers crossing a pale concrete drive,concrete,residential frontage,new,bright midday,eye level,Band of brick pavers crossing a pale concrete drive,pending
https://drivewayzusa.co/guides/driveway-basketball-court-integration/,driveway-basketball-court-integration,B_REPLACE_BULK,guides/driveway-basketball-court-integration/index.html,hero-wide-flat-concrete-court-drive.webp,"wide flat concrete pad under bright midday sun, concrete, residential frontage, new, bright midday, eye level","people, faces, vehicle badges, brand logos, text, watermarks, signage, house numbers",wide flat concrete pad under bright midday sun,concrete,residential frontage,new,bright midday,eye level,Wide flat concrete pad under bright midday sun,pending
https://drivewayzusa.co/guides/driveway-before-and-after-asphalt-renovation-examples/,driveway-before-and-after-asphalt-renovation-examples,B_REPLACE_BULK,guides/driveway-before-and-after-asphalt-renovation-examples/index.html,hero-fresh-overlay-old-asphalt-boundary.webp,"fresh asphalt overlay meeting faded older pavement, asphalt, work-in-progress, mid-repair, overcast, elevated three-quarter","people, faces, vehicle badges, brand logos, text, watermarks, signage, house numbers",fresh asphalt overlay meeting faded older pavement,asphalt,work-in-progress,mid-repair,overcast,elevated three-quarter,Fresh asphalt overlay meeting the faded older pavement surface,pending
https://drivewayzusa.co/guides/driveway-before-and-after-gravel-to-paved-upgrade/,driveway-before-and-after-gravel-to-paved-upgrade,B_REPLACE_BULK,guides/driveway-before-and-after-gravel-to-paved-upgrade/index.html,hero-fresh-asphalt-meets-gravel-lane-edge.webp,"fresh asphalt pavement ending where a gravel lane begins, asphalt, rural approach, new, golden hour, low angle along surface","people, faces, vehicle badges, brand logos, text, watermarks, signage, house numbers",fresh asphalt pavement ending where a gravel lane begins,asphalt,rural approach,new,golden hour,low angle along surface,Fresh asphalt pavement ending where a gravel lane begins,pending
https://drivewayzusa.co/guides/driveway-before-and-after-paver-installation-showcase/,driveway-before-and-after-paver-installation-showcase,B_REPLACE_BULK,guides/driveway-before-and-after-paver-installation-showcase/index.html,hero-sealed-paver-drive-warm-dusk.webp,"newly sealed paver driveway in warm dusk light, pavers, residential frontage, sealed, golden hour, elevated three-quarter","people, faces, vehicle badges, brand logos, text, watermarks, signage, house numbers",newly sealed paver driveway in warm dusk light,pavers,residential frontage,sealed,golden hour,elevated three-quarter,Newly sealed paver drive in warm dusk light,pending
https://drivewayzusa.co/guides/driveway-bid-comparison-spreadsheet-evaluating-offers/,driveway-bid-comparison-spreadsheet-evaluating-offers,B_REPLACE_BULK,guides/driveway-bid-comparison-spreadsheet-evaluating-offers/index.html,hero-screed-board-fresh-concrete-pour.webp,"screed board leveling a fresh concrete pour between forms, concrete, work-in-progress, mid-repair, overcast, low angle along surface","people, faces, vehicle badges, brand logos, text, watermarks, signage, house numbers",screed board leveling a fresh concrete pour between forms,concrete,work-in-progress,mid-repair,overcast,low angle along surface,Screed board leveling a fresh concrete pour between forms,pending
https://drivewayzusa.co/guides/driveway-blog-topics-for-contractors-content-marketing-ideas/,driveway-blog-topics-for-contractors-content-marketing-ideas,B_REPLACE_BULK,guides/driveway-blog-topics-for-contractors-content-marketing-ideas/index.html,hero-damp-asphalt-aggregate-macro.webp,"damp asphalt surface with fine cracks after rain, asphalt, close-up surface detail, cracked, wet after rain, eye level","people, faces, vehicle badges, brand logos, text, watermarks, signage, house numbers",damp asphalt surface with fine cracks after rain,asphalt,close-up surface detail,cracked,wet after rain,eye level,Damp asphalt surface with fine cracks after rain,pending
https://drivewayzusa.co/guides/driveway-bonded-concrete-overlay-thin-layer-resurfacing/,driveway-bonded-concrete-overlay-thin-layer-resurfacing,B_REPLACE_BULK,guides/driveway-bonded-concrete-overlay-thin-layer-resurfacing/index.html,hero-thin-overlay-old-concrete-slab.webp,"thin fresh topping spread over an old concrete slab, concrete, work-in-progress, mid-repair, overcast, low angle along surface","people, faces, vehicle badges, brand logos, text, watermarks, signage, house numbers",thin fresh topping spread over an old concrete slab,concrete,work-in-progress,mid-repair,overcast,low angle along surface,Thin fresh topping spread over an old concrete slab,pending
https://drivewayzusa.co/guides/driveway-border-ideas-edging-and-accents/,driveway-border-ideas-edging-and-accents,B_REPLACE_BULK,guides/driveway-border-ideas-edging-and-accents/index.html,hero-granite-sett-edging-concrete-drive.webp,"granite sett edging along a sealed concrete driveway, concrete, residential frontage, sealed, golden hour, eye level","people, faces, vehicle badges, brand logos, text, watermarks, signage, house numbers",granite sett edging along a sealed concrete driveway,concrete,residential frontage,sealed,golden hour,eye level,Granite sett edging along a sealed concrete drive,pending
https://drivewayzusa.co/guides/driveway-budget-forecasting-model-predicting-future-costs/,driveway-budget-forecasting-model-predicting-future-costs,B_REPLACE_BULK,guides/driveway-budget-forecasting-model-predicting-future-costs/index.html,hero-map-cracked-gray-asphalt-closeup.webp,"network of map cracks across aging gray asphalt, asphalt, close-up surface detail, cracked, overcast, low angle along surface","people, faces, vehicle badges, brand logos, text, watermarks, signage, house numbers",network of map cracks across aging gray asphalt,asphalt,close-up surface detail,cracked,overcast,low angle along surface,Network of map cracks across aging gray asphalt,pending
https://drivewayzusa.co/guides/driveway-builders-risk-insurance-during-construction-coverage/,driveway-builders-risk-insurance-during-construction-coverage,B_REPLACE_BULK,guides/driveway-builders-risk-insurance-during-construction-coverage/index.html,hero-formed-driveway-excavation-overcast.webp,"open excavation with timber forms under gray skies, none, work-in-progress, mid-repair, overcast, eye level","people, faces, vehicle badges, brand logos, text, watermarks, signage, house numbers",open excavation with timber forms under gray skies,none,work-in-progress,mid-repair,overcast,eye level,Open excavation with timber forms under gray overcast skies,pending
https://drivewayzusa.co/guides/driveway-building-information-modeling-bim-for-paving/,driveway-building-information-modeling-bim-for-paving,B_REPLACE_BULK,guides/driveway-building-information-modeling-bim-for-paving/index.html,hero-grade-stakes-leveled-drive-base.webp,"grade stakes and string lines over a leveled gravel base, gravel, work-in-progress, mid-repair, bright midday, elevated three-quarter","people, faces, vehicle badges, brand logos, text, watermarks, signage, house numbers",grade stakes and string lines over a leveled gravel base,gravel,work-in-progress,mid-repair,bright midday,elevated three-quarter,Grade stakes and string lines over a leveled gravel base,pending
https://drivewayzusa.co/guides/driveway-cable-and-fiber-optic-protection-shallow-utility-concerns/,driveway-cable-and-fiber-optic-protection-shallow-utility-concerns,B_REPLACE_BULK,guides/driveway-cable-and-fiber-optic-protection-shallow-utility-concerns/index.html,hero-narrow-trench-along-drive-edge.webp,"narrow shallow trench cut along the edge of a gravel drive, gravel, work-in-progress, mid-repair, golden hour, low angle along surface","people, faces, vehicle badges, brand logos, text, watermarks, signage, house numbers",narrow shallow trench cut along the edge of a gravel drive,gravel,work-in-progress,mid-repair,golden hour,low angle along surface,Narrow shallow trench cut along the edge of a gravel drive,pending
https://drivewayzusa.co/guides/driveway-callback-repair-contractors-responsibility/,driveway-callback-repair-contractors-responsibility,B_REPLACE_BULK,guides/driveway-callback-repair-contractors-responsibility/index.html,hero-sawn-edges-failed-asphalt.webp,"sawn cut edges around a failed asphalt section awaiting a new patch, asphalt, work-in-progress, cracked, overcast, elevated three-quarter","people, faces, vehicle badges, brand logos, text, watermarks, signage, house numbers",sawn cut edges around a failed asphalt section awaiting a new patch,asphalt,work-in-progress,cracked,overcast,elevated three-quarter,Sawn edges around a failed asphalt section being prepared for new material,pending
https://drivewayzusa.co/guides/driveway-camera-and-security-integration/,driveway-camera-and-security-integration,B_REPLACE_BULK,guides/driveway-camera-and-security-integration/index.html,hero-camera-post-concrete-frontage.webp,"small camera post beside a smooth sealed concrete frontage, concrete, residential frontage, sealed, bright midday, eye level","people, faces, vehicle badges, brand logos, text, watermarks, signage, house numbers",small camera post beside a smooth sealed concrete frontage,concrete,residential frontage,sealed,bright midday,eye level,Camera post at the curb beside a smooth sealed concrete frontage,pending
https://drivewayzusa.co/guides/driveway-cape-seal-combined-chip-and-slurry-treatment/,driveway-cape-seal-combined-chip-and-slurry-treatment,B_REPLACE_BULK,guides/driveway-cape-seal-combined-chip-and-slurry-treatment/index.html,hero-cape-seal-slurry-chip-texture.webp,"speckled chip aggregate bound in a dark slurry coat, chip-seal, close-up surface detail, sealed, overcast, low angle along surface","people, faces, vehicle badges, brand logos, text, watermarks, signage, house numbers",speckled chip aggregate bound in a dark slurry coat,chip-seal,close-up surface detail,sealed,overcast,low angle along surface,Speckled aggregate bound in a dark slurry under flat light,pending
https://drivewayzusa.co/guides/driveway-capital-improvement-planning-big-project-budgeting/,driveway-capital-improvement-planning-big-project-budgeting,B_REPLACE_BULK,guides/driveway-capital-improvement-planning-big-project-budgeting/index.html,hero-graded-base-awaiting-paving.webp,"graded gravel base with edge forms ready for surfacing, gravel, work-in-progress, new, golden hour, elevated three-quarter","people, faces, vehicle badges, brand logos, text, watermarks, signage, house numbers",graded gravel base with edge forms ready for surfacing,gravel,work-in-progress,new,golden hour,elevated three-quarter,Graded gravel base with edge forms ready for new surfacing,pending
https://drivewayzusa.co/guides/driveway-carbon-footprint-calculator-measuring-environmental-impact/,driveway-carbon-footprint-calculator-measuring-environmental-impact,B_REPLACE_BULK,guides/driveway-carbon-footprint-calculator-measuring-environmental-impact/index.html,hero-permeable-gravel-greenery-drive.webp,"open graded gravel drive bordered by planting beds, gravel, residential frontage, new, bright midday, eye level","people, faces, vehicle badges, brand logos, text, watermarks, signage, house numbers",open graded gravel drive bordered by planting beds,gravel,residential frontage,new,bright midday,eye level,Open graded gravel drive bordered by planting beds at midday,pending
https://drivewayzusa.co/guides/driveway-carbon-sequestration-how-some-materials-absorb-co2/,driveway-carbon-sequestration-how-some-materials-absorb-co2,B_REPLACE_BULK,guides/driveway-carbon-sequestration-how-some-materials-absorb-co2/index.html,hero-grass-joints-paver-closeup.webp,"grass growing between weathered paver joints, pavers, close-up surface detail, weathered, wet after rain, low angle along surface","people, faces, vehicle badges, brand logos, text, watermarks, signage, house numbers",grass growing between weathered paver joints,pavers,close-up surface detail,weathered,wet after rain,low angle along surface,Grass growing between weathered paver joints after a rain shower,pending
https://drivewayzusa.co/guides/driveway-cement-types-portland-blended-and-specialty/,driveway-cement-types-portland-blended-and-specialty,B_REPLACE_BULK,guides/driveway-cement-types-portland-blended-and-specialty/index.html,hero-smooth-cement-surface-detail.webp,"smooth gray cement surface with fine trowel marks, concrete, close-up surface detail, new, overcast, low angle along surface","people, faces, vehicle badges, brand logos, text, watermarks, signage, house numbers",smooth gray cement surface with fine trowel marks,concrete,close-up surface detail,new,overcast,low angle along surface,Smooth gray cement surface with fine trowel marks in soft light,pending
https://drivewayzusa.co/guides/driveway-certificate-of-completion-municipal-approval/,driveway-certificate-of-completion-municipal-approval,B_REPLACE_BULK,guides/driveway-certificate-of-completion-municipal-approval/index.html,hero-finished-concrete-drive-dusk.webp,"finished concrete drive with crisp edges at dusk, concrete, residential frontage, sealed, golden hour, eye level","people, faces, vehicle badges, brand logos, text, watermarks, signage, house numbers",finished concrete drive with crisp edges at dusk,concrete,residential frontage,sealed,golden hour,eye level,Finished concrete drive with crisp edges in warm dusk light,pending
https://drivewayzusa.co/guides/driveway-certification-programs-becoming-a-qualified-installer/,driveway-certification-programs-becoming-a-qualified-installer,B_REPLACE_BULK,guides/driveway-certification-programs-becoming-a-qualified-installer/index.html,hero-screed-board-fresh-concrete.webp,"screed board resting across fresh concrete between timber forms, concrete, work-in-progress, new, bright midday, eye level","people, faces, vehicle badges, brand logos, text, watermarks, signage, house numbers",screed board resting across fresh concrete between timber forms,concrete,work-in-progress,new,bright midday,eye level,Screed board resting across fresh concrete between timber edge forms,pending
https://drivewayzusa.co/guides/driveway-change-order-template-documenting-modifications/,driveway-change-order-template-documenting-modifications,B_REPLACE_BULK,guides/driveway-change-order-template-documenting-modifications/index.html,hero-form-boards-partly-poured-drive.webp,"partly poured concrete drive with forms marking the next section, concrete, work-in-progress, new, overcast, elevated three-quarter","people, faces, vehicle badges, brand logos, text, watermarks, signage, house numbers",partly poured concrete drive with forms marking the next section,concrete,work-in-progress,new,overcast,elevated three-quarter,Partly poured concrete drive with forms marking the next section,pending
https://drivewayzusa.co/guides/driveway-channel-drain-types-and-installation-guide/,driveway-channel-drain-types-and-installation-guide,B_REPLACE_BULK,guides/driveway-channel-drain-types-and-installation-guide/index.html,hero-trench-drain-grate-drive.webp,"metal grate of a trench drain set across a wet concrete drive, concrete, close-up surface detail, new, wet after rain, low angle along surface","people, faces, vehicle badges, brand logos, text, watermarks, signage, house numbers",metal grate of a trench drain set across a wet concrete drive,concrete,close-up surface detail,new,wet after rain,low angle along surface,Metal grate of a trench drain set across a wet concrete drive,pending
https://drivewayzusa.co/guides/driveway-chemical-resistance-oil-gas-and-de-icer-effects/,driveway-chemical-resistance-oil-gas-and-de-icer-effects,B_REPLACE_BULK,guides/driveway-chemical-resistance-oil-gas-and-de-icer-effects/index.html,hero-oil-stain-marks-asphalt-detail.webp,"oil stains and salt residue on weathered asphalt, asphalt, close-up surface detail, weathered, bright midday, low angle along surface","people, faces, vehicle badges, brand logos, text, watermarks, signage, house numbers",oil stains and salt residue on weathered asphalt,asphalt,close-up surface detail,weathered,bright midday,low angle along surface,Dark oil stains and salt residue on weathered asphalt at midday,pending
https://drivewayzusa.co/guides/driveway-chip-seal-surface-treatment-process/,driveway-chip-seal-surface-treatment-process,B_REPLACE_BULK,guides/driveway-chip-seal-surface-treatment-process/index.html,hero-loose-chips-on-binder.webp,"loose aggregate scattered over fresh binder on a rural lane, chip-seal, rural approach, mid-repair, golden hour, low angle along surface","people, faces, vehicle badges, brand logos, text, watermarks, signage, house numbers",loose aggregate scattered over fresh binder on a rural lane,chip-seal,rural approach,mid-repair,golden hour,low angle along surface,Loose aggregate scattered over fresh binder along a rural lane,pending
https://drivewayzusa.co/guides/driveway-climate-adaptation-strategy-building-for-future-conditions/,driveway-climate-adaptation-strategy-building-for-future-conditions,B_REPLACE_BULK,guides/driveway-climate-adaptation-strategy-building-for-future-conditions/index.html,hero-puddled-sealed-concrete-drive.webp,"sealed concrete drive holding rain puddles, concrete, residential frontage, sealed, wet after rain, eye level","people, faces, vehicle badges, brand logos, text, watermarks, signage, house numbers",sealed concrete drive holding rain puddles,concrete,residential frontage,sealed,wet after rain,eye level,Sealed concrete drive holding puddles after steady rain,pending
https://drivewayzusa.co/guides/driveway-coating-products-comparison/,driveway-coating-products-comparison,B_REPLACE_BULK,guides/driveway-coating-products-comparison/index.html,hero-coated-uncoated-asphalt-boundary.webp,"boundary between glossy coated and dull untreated asphalt, asphalt, close-up surface detail, sealed, overcast, elevated three-quarter","people, faces, vehicle badges, brand logos, text, watermarks, signage, house numbers",boundary between glossy coated and dull untreated asphalt,asphalt,close-up surface detail,sealed,overcast,elevated three-quarter,Boundary line where glossy coating meets dull untreated asphalt,pending
https://drivewayzusa.co/guides/driveway-coefficient-of-friction-measuring-slip-resistance/,driveway-coefficient-of-friction-measuring-slip-resistance,B_REPLACE_BULK,guides/driveway-coefficient-of-friction-measuring-slip-resistance/index.html,hero-broom-texture-grip-closeup.webp,"broomed concrete texture with parallel ridges, concrete, close-up surface detail, new, bright midday, low angle along surface","people, faces, vehicle badges, brand logos, text, watermarks, signage, house numbers",broomed concrete texture with parallel ridges,concrete,close-up surface detail,new,bright midday,low angle along surface,Broomed concrete texture with parallel ridges filling the frame,pending
https://drivewayzusa.co/guides/driveway-cold-in-place-recycling-budget-friendly-rehabilitation/,driveway-cold-in-place-recycling-budget-friendly-rehabilitation,B_REPLACE_BULK,guides/driveway-cold-in-place-recycling-budget-friendly-rehabilitation/index.html,hero-milled-asphalt-rural-lane.webp,"milled asphalt lane with grooved texture, asphalt, rural approach, mid-repair, overcast, eye level","people, faces, vehicle badges, brand logos, text, watermarks, signage, house numbers",milled asphalt lane with grooved texture,asphalt,rural approach,mid-repair,overcast,eye level,Milled asphalt lane with grooved texture stretching into open fields,pending
https://drivewayzusa.co/guides/driveway-cold-pour-crack-filler-diy-application-guide/,driveway-cold-pour-crack-filler-diy-application-guide,B_REPLACE_BULK,guides/driveway-cold-pour-crack-filler-diy-application-guide/index.html,hero-gray-filler-wide-crack.webp,"fresh gray filler running along a wide asphalt crack, asphalt, close-up surface detail, mid-repair, overcast, low angle along surface","people, faces, vehicle badges, brand logos, text, watermarks, signage, house numbers",fresh gray filler running along a wide asphalt crack,asphalt,close-up surface detail,mid-repair,overcast,low angle along surface,Fresh gray filler running along a wide asphalt fissure,pending
https://drivewayzusa.co/guides/driveway-color-fading-how-to-restore-and-protect/,driveway-color-fading-how-to-restore-and-protect,B_REPLACE_BULK,guides/driveway-color-fading-how-to-restore-and-protect/index.html,hero-sun-faded-asphalt-pale-patches.webp,"sun bleached asphalt with pale patches, asphalt, close-up surface detail, weathered, bright midday, eye level","people, faces, vehicle badges, brand logos, text, watermarks, signage, house numbers",sun bleached asphalt with pale patches,asphalt,close-up surface detail,weathered,bright midday,eye level,Sun bleached asphalt with pale patches beside deeper original tone,pending
https://drivewayzusa.co/guides/driveway-color-restoration-techniques/,driveway-color-restoration-techniques,B_REPLACE_BULK,guides/driveway-color-restoration-techniques/index.html,hero-color-stain-half-applied.webp,"fresh stain darkening half of a weathered concrete drive, concrete, work-in-progress, mid-repair, golden hour, elevated three-quarter","people, faces, vehicle badges, brand logos, text, watermarks, signage, house numbers",fresh stain darkening half of a weathered concrete drive,concrete,work-in-progress,mid-repair,golden hour,elevated three-quarter,Fresh stain darkening half of a weathered concrete drive,pending
https://drivewayzusa.co/guides/driveway-community-design-standards-neighborhood-harmony/,driveway-community-design-standards-neighborhood-harmony,B_REPLACE_BULK,guides/driveway-community-design-standards-neighborhood-harmony/index.html,hero-matching-paver-drives-street.webp,"matching paver drives along a quiet street, pavers, residential frontage, new, golden hour, eye level","people, faces, vehicle badges, brand logos, text, watermarks, signage, house numbers",matching paver drives along a quiet street,pavers,residential frontage,new,golden hour,eye level,Matching paver drives along a quiet street in evening light,pending
https://drivewayzusa.co/guides/driveway-compaction-testing-standards-and-methods/,driveway-compaction-testing-standards-and-methods,B_REPLACE_BULK,guides/driveway-compaction-testing-standards-and-methods/index.html,hero-plate-compactor-gravel-base.webp,"plate compactor resting on a freshly packed gravel base, gravel, work-in-progress, new, bright midday, low angle along surface","people, faces, vehicle badges, brand logos, text, watermarks, signage, house numbers",plate compactor resting on a freshly packed gravel base,gravel,work-in-progress,new,bright midday,low angle along surface,Plate compactor resting on a freshly packed gravel base layer,pending
https://drivewayzusa.co/guides/driveway-compaction-testing-why-it-matters/,driveway-compaction-testing-why-it-matters,B_REPLACE_BULK,guides/driveway-compaction-testing-why-it-matters/index.html,hero-rutted-wheel-paths-asphalt.webp,"settled wheel paths and cracks across uneven asphalt, asphalt, close-up surface detail, cracked, overcast, low angle along surface","people, faces, vehicle badges, brand logos, text, watermarks, signage, house numbers",settled wheel paths and cracks across uneven asphalt,asphalt,close-up surface detail,cracked,overcast,low angle along surface,Settled wheel paths and cracks across an uneven asphalt surface,pending
https://drivewayzusa.co/guides/driveway-complete-streets-integration-multi-modal-access/,driveway-complete-streets-integration-multi-modal-access,B_REPLACE_BULK,guides/driveway-complete-streets-integration-multi-modal-access/index.html,hero-apron-sidewalk-painted-lane.webp,"concrete apron crossing a sidewalk beside a painted lane, concrete, residential frontage, new, overcast, elevated three-quarter","people, faces, vehicle badges, brand logos, text, watermarks, signage, house numbers",concrete apron crossing a sidewalk beside a painted lane,concrete,residential frontage,new,overcast,elevated three-quarter,Concrete apron crossing a sidewalk beside a painted street lane,pending
https://drivewayzusa.co/guides/driveway-completed-operations-coverage-post-project-protection/,driveway-completed-operations-coverage-post-project-protection,B_REPLACE_BULK,guides/driveway-completed-operations-coverage-post-project-protection/index.html,hero-finished-sealed-drive-evening.webp,"finished sealed asphalt drive in warm evening light, asphalt, residential frontage, sealed, golden hour, eye level","people, faces, vehicle badges, brand logos, text, watermarks, signage, house numbers",finished sealed asphalt drive in warm evening light,asphalt,residential frontage,sealed,golden hour,eye level,Finished sealed asphalt drive glowing in warm evening light,pending
https://drivewayzusa.co/guides/driveway-compressive-strength-test-concrete-quality-check/,driveway-compressive-strength-test-concrete-quality-check,B_REPLACE_BULK,guides/driveway-compressive-strength-test-concrete-quality-check/index.html,hero-concrete-core-sample-slab.webp,"drilled concrete core sample lying on a finished slab, concrete, close-up surface detail, new, overcast, low angle along surface","people, faces, vehicle badges, brand logos, text, watermarks, signage, house numbers",drilled concrete core sample lying on a finished slab,concrete,close-up surface detail,new,overcast,low angle along surface,Concrete core sample resting on a finished slab under overcast skies,pending
https://drivewayzusa.co/guides/driveway-concrete-burns-protecting-skin-during-installation/,driveway-concrete-burns-protecting-skin-during-installation,B_REPLACE_BULK,guides/driveway-concrete-burns-protecting-skin-during-installation/index.html,hero-steel-trowel-resting-wet-cement.webp,"steel finishing trowel resting on wet cement mid pour, concrete, work-in-progress, new, bright midday, eye level","people, faces, vehicle badges, brand logos, text, watermarks, signage, house numbers",steel finishing trowel resting on wet cement mid pour,concrete,work-in-progress,new,bright midday,eye level,Steel finishing trowel resting on wet cement during a concrete pour,pending
https://drivewayzusa.co/guides/driveway-concrete-pigment-adding-color-to-your-mix/,driveway-concrete-pigment-adding-color-to-your-mix,B_REPLACE_BULK,guides/driveway-concrete-pigment-adding-color-to-your-mix/index.html,hero-pigment-color-strips-fresh-concrete.webp,"warm pigment color strips brushed across fresh concrete, concrete, close-up surface detail, new, golden hour, low angle along surface","people, faces, vehicle badges, brand logos, text, watermarks, signage, house numbers",warm pigment color strips brushed across fresh concrete,concrete,close-up surface detail,new,golden hour,low angle along surface,Warm pigment color strips brushed across fresh concrete in golden light,pending
https://drivewayzusa.co/guides/driveway-concrete-polishing-outdoors-is-it-practical/,driveway-concrete-polishing-outdoors-is-it-practical,B_REPLACE_BULK,guides/driveway-concrete-polishing-outdoors-is-it-practical/index.html,hero-polished-slab-reflecting-sky.webp,"polished concrete slab reflecting clouds overhead, concrete, close-up surface detail, new, bright midday, low angle along surface","people, faces, vehicle badges, brand logos, text, watermarks, signage, house numbers",polished concrete slab reflecting clouds overhead,concrete,close-up surface detail,new,bright midday,low angle along surface,Polished concrete slab reflecting clouds across a smooth ground surface,pending
https://drivewayzusa.co/guides/driveway-concrete-slump-test-what-it-tells-you/,driveway-concrete-slump-test-what-it-tells-you,B_REPLACE_BULK,guides/driveway-concrete-slump-test-what-it-tells-you/index.html,hero-slump-cone-fresh-concrete-mound.webp,"metal slump cone beside a settled mound of fresh concrete, concrete, work-in-progress, new, overcast, eye level","people, faces, vehicle badges, brand logos, text, watermarks, signage, house numbers",metal slump cone beside a settled mound of fresh concrete,concrete,work-in-progress,new,overcast,eye level,Slump cone beside a settled mound of fresh concrete on a slab,pending
https://drivewayzusa.co/guides/driveway-concrete-vs-asphalt-in-your-climate-zone/,driveway-concrete-vs-asphalt-in-your-climate-zone,B_REPLACE_BULK,guides/driveway-concrete-vs-asphalt-in-your-climate-zone/index.html,hero-frosty-concrete-asphalt-seam.webp,"frosty seam where a concrete drive meets an asphalt street, concrete, close-up surface detail, weathered, overcast, low angle along surface","people, faces, vehicle badges, brand logos, text, watermarks, signage, house numbers",frosty seam where a concrete drive meets an asphalt street,concrete,close-up surface detail,weathered,overcast,low angle along surface,Light frost along the seam where a concrete drive meets asphalt,pending
https://drivewayzusa.co/guides/driveway-condition-and-home-inspection-what-buyers-look-for/,driveway-condition-and-home-inspection-what-buyers-look-for,B_REPLACE_BULK,guides/driveway-condition-and-home-inspection-what-buyers-look-for/index.html,hero-cracked-patched-asphalt-frontage.webp,"cracked and patched asphalt driveway at a home frontage, asphalt, residential frontage, cracked, bright midday, elevated three-quarter","people, faces, vehicle badges, brand logos, text, watermarks, signage, house numbers",cracked and patched asphalt driveway at a home frontage,asphalt,residential frontage,cracked,bright midday,elevated three-quarter,Wide cracks and patch lines across an old asphalt frontage drive,pending
https://drivewayzusa.co/guides/driveway-condition-assessment-protocol-standardized-evaluation/,driveway-condition-assessment-protocol-standardized-evaluation,B_REPLACE_BULK,guides/driveway-condition-assessment-protocol-standardized-evaluation/index.html,hero-measuring-wheel-weathered-concrete.webp,"measuring wheel standing on weathered concrete, concrete, close-up surface detail, weathered, overcast, eye level","people, faces, vehicle badges, brand logos, text, watermarks, signage, house numbers",measuring wheel standing on weathered concrete,concrete,close-up surface detail,weathered,overcast,eye level,Measuring wheel standing on a weathered concrete driveway under gray skies,pending
https://drivewayzusa.co/guides/driveway-condition-survey-form-annual-documentation/,driveway-condition-survey-form-annual-documentation,B_REPLACE_BULK,guides/driveway-condition-survey-form-annual-documentation/index.html,hero-damp-weathered-concrete-elevated-view.webp,"damp weathered concrete lane stretching toward open fields, concrete, rural approach, weathered, wet after rain, elevated three-quarter","people, faces, vehicle badges, brand logos, text, watermarks, signage, house numbers",damp weathered concrete lane stretching toward open fields,concrete,rural approach,weathered,wet after rain,elevated three-quarter,Damp weathered concrete lane stretching toward open fields after rain,pending
https://drivewayzusa.co/guides/driveway-connected-home-integration-linking-to-smart-systems/,driveway-connected-home-integration-linking-to-smart-systems,B_REPLACE_BULK,guides/driveway-connected-home-integration-linking-to-smart-systems/index.html,hero-bollard-lights-sealed-drive-dusk.webp,"low bollard lights glowing along a sealed driveway at dusk, asphalt, residential frontage, sealed, golden hour, elevated three-quarter","people, faces, vehicle badges, brand logos, text, watermarks, signage, house numbers",low bollard lights glowing along a sealed driveway at dusk,asphalt,residential frontage,sealed,golden hour,elevated three-quarter,Low bollard lights glowing along a sealed driveway at dusk,pending
https://drivewayzusa.co/guides/driveway-construction-bond-financial-guarantee-requirements/,driveway-construction-bond-financial-guarantee-requirements,B_REPLACE_BULK,guides/driveway-construction-bond-financial-guarantee-requirements/index.html,hero-wooden-forms-raked-gravel-bed.webp,"wooden forms staked around a raked gravel bed, gravel, work-in-progress, new, overcast, eye level","people, faces, vehicle badges, brand logos, text, watermarks, signage, house numbers",wooden forms staked around a raked gravel bed,gravel,work-in-progress,new,overcast,eye level,Wooden forms staked around a raked gravel bed awaiting a pour,pending
https://drivewayzusa.co/guides/driveway-continuing-education-staying-current-with-technology/,driveway-continuing-education-staying-current-with-technology,B_REPLACE_BULK,guides/driveway-continuing-education-staying-current-with-technology/index.html,hero-laser-level-fresh-slab.webp,"rotary laser level on a tripod beside a freshly poured slab, concrete, work-in-progress, new, bright midday, eye level","people, faces, vehicle badges, brand logos, text, watermarks, signage, house numbers",rotary laser level on a tripod beside a freshly poured slab,concrete,work-in-progress,new,bright midday,eye level,Rotary laser level on a tripod beside a freshly poured slab,pending
https://drivewayzusa.co/guides/driveway-contract-dispute-resolution-mediation-vs-arbitration/,driveway-contract-dispute-resolution-mediation-vs-arbitration,B_REPLACE_BULK,guides/driveway-contract-dispute-resolution-mediation-vs-arbitration/index.html,hero-cracked-slab-partial-patch-repair.webp,"partially patched crack running across a damp gray slab, concrete, close-up surface detail, mid-repair, wet after rain, low angle along surface","people, faces, vehicle badges, brand logos, text, watermarks, signage, house numbers",partially patched crack running across a damp gray slab,concrete,close-up surface detail,mid-repair,wet after rain,low angle along surface,Partially patched crack running across a gray concrete slab,pending
https://drivewayzusa.co/guides/driveway-contract-template-standard-terms-and-conditions/,driveway-contract-template-standard-terms-and-conditions,B_REPLACE_BULK,guides/driveway-contract-template-standard-terms-and-conditions/index.html,hero-sealed-asphalt-golden-glow.webp,"freshly sealed asphalt drive glowing in warm evening light, asphalt, residential frontage, sealed, golden hour, elevated three-quarter","people, faces, vehicle badges, brand logos, text, watermarks, signage, house numbers",freshly sealed asphalt drive glowing in warm evening light,asphalt,residential frontage,sealed,golden hour,elevated three-quarter,Freshly sealed asphalt glowing in warm evening light beside a lawn,pending
https://drivewayzusa.co/guides/driveway-contractor-arbitration-resolving-quality-disputes/,driveway-contractor-arbitration-resolving-quality-disputes,B_REPLACE_BULK,guides/driveway-contractor-arbitration-resolving-quality-disputes/index.html,hero-rough-finish-ridges-concrete-closeup.webp,"uneven ridged patches across a poorly finished concrete surface, concrete, close-up surface detail, weathered, bright midday, low angle along surface","people, faces, vehicle badges, brand logos, text, watermarks, signage, house numbers",uneven ridged patches across a poorly finished concrete surface,concrete,close-up surface detail,weathered,bright midday,low angle along surface,Uneven ridged patches across a poorly finished concrete driveway surface,pending
https://drivewayzusa.co/guides/driveway-contractor-bond-verification-ensuring-protection/,driveway-contractor-bond-verification-ensuring-protection,B_REPLACE_BULK,guides/driveway-contractor-bond-verification-ensuring-protection/index.html,hero-sealed-concrete-crisp-lawn-edges.webp,"sealed concrete drive with crisp lawn edges, concrete, residential frontage, sealed, bright midday, elevated three-quarter","people, faces, vehicle badges, brand logos, text, watermarks, signage, house numbers",sealed concrete drive with crisp lawn edges,concrete,residential frontage,sealed,bright midday,elevated three-quarter,Sealed concrete drive with crisp lawn edges under bright midday sun,pending
https://drivewayzusa.co/guides/driveway-contractor-business-insurance-coverage-you-need/,driveway-contractor-business-insurance-coverage-you-need,B_REPLACE_BULK,guides/driveway-contractor-business-insurance-coverage-you-need/index.html,hero-wheelbarrow-fresh-concrete-forms.webp,"wheelbarrow of wet concrete beside staked forms on gravel, concrete, work-in-progress, new, overcast, eye level","people, faces, vehicle badges, brand logos, text, watermarks, signage, house numbers",wheelbarrow of wet concrete beside staked forms on gravel,concrete,work-in-progress,new,overcast,eye level,Wheelbarrow of wet concrete beside staked forms on a gravel base,pending
https://drivewayzusa.co/guides/driveway-contractor-insurance-what-homeowners-should-verify/,driveway-contractor-insurance-what-homeowners-should-verify,B_REPLACE_BULK,guides/driveway-contractor-insurance-what-homeowners-should-verify/index.html,hero-hairline-cracked-drive-quiet-frontage.webp,"hairline cracks across an aging concrete frontage drive, concrete, residential frontage, cracked, overcast, elevated three-quarter","people, faces, vehicle badges, brand logos, text, watermarks, signage, house numbers",hairline cracks across an aging concrete frontage drive,concrete,residential frontage,cracked,overcast,elevated three-quarter,Hairline cracks across an aging concrete drive at a quiet frontage,pending
https://drivewayzusa.co/guides/driveway-contractor-insurance-what-they-should-carry/,driveway-contractor-insurance-what-they-should-carry,B_REPLACE_BULK,guides/driveway-contractor-insurance-what-they-should-carry/index.html,hero-hand-tamper-compacted-gravel.webp,"hand tamper resting on a freshly compacted gravel base, gravel, work-in-progress, new, bright midday, low angle along surface","people, faces, vehicle badges, brand logos, text, watermarks, signage, house numbers",hand tamper resting on a freshly compacted gravel base,gravel,work-in-progress,new,bright midday,low angle along surface,Hand tamper resting on a freshly compacted gravel driveway base,pending
https://drivewayzusa.co/guides/driveway-contractor-interview-questions-what-to-ask/,driveway-contractor-interview-questions-what-to-ask,B_REPLACE_BULK,guides/driveway-contractor-interview-questions-what-to-ask/index.html,hero-sunlit-weathered-gravel-approach.webp,"weathered gravel drive curving through grass in evening light, gravel, rural approach, weathered, golden hour, eye level","people, faces, vehicle badges, brand logos, text, watermarks, signage, house numbers",weathered gravel drive curving through grass in evening light,gravel,rural approach,weathered,golden hour,eye level,Weathered gravel drive curving through grass in warm evening light,pending
https://drivewayzusa.co/guides/driveway-contractor-license-verification-how-to-check/,driveway-contractor-license-verification-how-to-check,B_REPLACE_BULK,guides/driveway-contractor-license-verification-how-to-check/index.html,hero-smooth-troweled-finish-closeup.webp,"smooth troweled concrete surface with fine arc marks, concrete, close-up surface detail, new, overcast, low angle along surface","people, faces, vehicle badges, brand logos, text, watermarks, signage, house numbers",smooth troweled concrete surface with fine arc marks,concrete,close-up surface detail,new,overcast,low angle along surface,Smooth troweled concrete surface with fine arc marks under soft light,pending
https://drivewayzusa.co/guides/driveway-contractor-licensing-requirements-by-state/,driveway-contractor-licensing-requirements-by-state,B_REPLACE_BULK,guides/driveway-contractor-licensing-requirements-by-state/index.html,hero-aged-asphalt-drive-hedge-line.webp,"aged asphalt drive running past a trimmed hedge, asphalt, residential frontage, weathered, overcast, elevated three-quarter","people, faces, vehicle badges, brand logos, text, watermarks, signage, house numbers",aged asphalt drive running past a trimmed hedge,asphalt,residential frontage,weathered,overcast,elevated three-quarter,Aged asphalt drive running past a trimmed hedge in soft light,pending
https://drivewayzusa.co/guides/driveway-contractor-red-flags-to-avoid/,driveway-contractor-red-flags-to-avoid,B_REPLACE_BULK,guides/driveway-contractor-red-flags-to-avoid/index.html,hero-delaminated-concrete-flakes-closeup.webp,"flaking delaminated patches lifting off a concrete surface, concrete, close-up surface detail, cracked, bright midday, low angle along surface","people, faces, vehicle badges, brand logos, text, watermarks, signage, house numbers",flaking delaminated patches lifting off a concrete surface,concrete,close-up surface detail,cracked,bright midday,low angle along surface,Flaking delaminated patches lifting off a concrete driveway surface,pending
https://drivewayzusa.co/guides/driveway-contractor-scheduling-app-coordinating-crews/,driveway-contractor-scheduling-app-coordinating-crews,B_REPLACE_BULK,guides/driveway-contractor-scheduling-app-coordinating-crews/index.html,hero-tools-staged-resurfaced-slab-dawn.webp,"finishing tools staged along a half resurfaced slab at dawn, concrete, work-in-progress, mid-repair, golden hour, eye level","people, faces, vehicle badges, brand logos, text, watermarks, signage, house numbers",finishing tools staged along a half resurfaced slab at dawn,concrete,work-in-progress,mid-repair,golden hour,eye level,Finishing tools staged along a half resurfaced slab at dawn,pending
https://drivewayzusa.co/guides/driveway-contractor-seo-how-paving-companies-get-found-online/,driveway-contractor-seo-how-paving-companies-get-found-online,B_REPLACE_BULK,guides/driveway-contractor-seo-how-paving-companies-get-found-online/index.html,hero-resin-bound-drive-frontage-midday.webp,"resin bound driveway with smooth pebble finish at a tidy frontage, resin, residential frontage, sealed, bright midday, eye level","people, faces, vehicle badges, brand logos, text, watermarks, signage, house numbers",resin bound driveway with smooth pebble finish at a tidy frontage,resin,residential frontage,sealed,bright midday,eye level,Resin bound driveway with smooth pebble finish at a tidy frontage,pending
https://drivewayzusa.co/guides/driveway-contractor-social-media-building-trust-with-photos/,driveway-contractor-social-media-building-trust-with-photos,B_REPLACE_BULK,guides/driveway-contractor-social-media-building-trust-with-photos/index.html,hero-sealed-asphalt-plain-frontage-dusk.webp,"sealed asphalt front drive beside a modest home, asphalt, residential frontage, sealed, golden hour, eye level","people, faces, vehicle badges, brand logos, text, watermarks, signage, house numbers",sealed asphalt front drive beside a modest home,asphalt,residential frontage,sealed,golden hour,eye level,Sealed asphalt front drive gleaming beside a modest home at dusk,pending
https://drivewayzusa.co/guides/driveway-contractor-truck-setup-tools-and-organization/,driveway-contractor-truck-setup-tools-and-organization,B_REPLACE_BULK,guides/driveway-contractor-truck-setup-tools-and-organization/index.html,hero-equipment-tailgate-fresh-asphalt.webp,"equipment arranged on an open tailgate beside a fresh asphalt mat, asphalt, work-in-progress, new, bright midday, eye level","people, faces, vehicle badges, brand logos, text, watermarks, signage, house numbers",equipment arranged on an open tailgate beside a fresh asphalt mat,asphalt,work-in-progress,new,bright midday,eye level,Hand equipment arranged on an open tailgate beside a fresh asphalt mat,pending
https://drivewayzusa.co/guides/driveway-contractor-website-must-haves-winning-online/,driveway-contractor-website-must-haves-winning-online,B_REPLACE_BULK,guides/driveway-contractor-website-must-haves-winning-online/index.html,hero-basketweave-pavers-soft-morning-light.webp,"basketweave paver frontage edged by lawn, pavers, residential frontage, new, golden hour, elevated three-quarter","people, faces, vehicle badges, brand logos, text, watermarks, signage, house numbers",basketweave paver frontage edged by lawn,pavers,residential frontage,new,golden hour,elevated three-quarter,Basketweave paver frontage edged by lawn under soft morning light,pending
https://drivewayzusa.co/guides/driveway-contractors-in-albuquerque-nm-how-to-choose/,driveway-contractors-in-albuquerque-nm-how-to-choose,B_REPLACE_BULK,guides/driveway-contractors-in-albuquerque-nm-how-to-choose/index.html,hero-broomed-concrete-quiet-frontage.webp,"broomed concrete frontage, concrete, residential frontage, new, overcast, eye level","people, faces, vehicle badges, brand logos, text, watermarks, signage, house numbers",broomed concrete frontage,concrete,residential frontage,new,overcast,eye level,Broomed concrete frontage stretching under a flat overcast sky,pending
https://drivewayzusa.co/guides/driveway-contractors-in-anchorage-ak-how-to-choose/,driveway-contractors-in-anchorage-ak-how-to-choose,B_REPLACE_BULK,guides/driveway-contractors-in-anchorage-ak-how-to-choose/index.html,hero-wet-gravel-rural-turnoff.webp,"damp gravel approach between field edges, gravel, rural approach, weathered, wet after rain, eye level","people, faces, vehicle badges, brand logos, text, watermarks, signage, house numbers",damp gravel approach between field edges,gravel,rural approach,weathered,wet after rain,eye level,Damp gravel approach curving between field edges after steady rain,pending
https://drivewayzusa.co/guides/driveway-contractors-in-atlanta-ga-how-to-choose/,driveway-contractors-in-atlanta-ga-how-to-choose,B_REPLACE_BULK,guides/driveway-contractors-in-atlanta-ga-how-to-choose/index.html,hero-paver-joint-sand-closeup.webp,"sand filled joints between clay pavers, pavers, close-up surface detail, new, bright midday, low angle along surface","people, faces, vehicle badges, brand logos, text, watermarks, signage, house numbers",sand filled joints between clay pavers,pavers,close-up surface detail,new,bright midday,low angle along surface,Sand filled joints between clay pavers under harsh midday sun,pending
https://drivewayzusa.co/guides/driveway-contractors-in-austin-tx-how-to-choose/,driveway-contractors-in-austin-tx-how-to-choose,B_REPLACE_BULK,guides/driveway-contractors-in-austin-tx-how-to-choose/index.html,hero-dusty-gravel-track-open-pasture.webp,"dusty gravel track crossing open pasture, gravel, rural approach, weathered, bright midday, elevated three-quarter","people, faces, vehicle badges, brand logos, text, watermarks, signage, house numbers",dusty gravel track crossing open pasture,gravel,rural approach,weathered,bright midday,elevated three-quarter,Dusty gravel track crossing open pasture toward a distant gate,pending
https://drivewayzusa.co/guides/driveway-contractors-in-baltimore-md-how-to-choose/,driveway-contractors-in-baltimore-md-how-to-choose,B_REPLACE_BULK,guides/driveway-contractors-in-baltimore-md-how-to-choose/index.html,hero-branching-cracks-dull-asphalt.webp,"branching cracks in weathered asphalt near a curb, asphalt, residential frontage, cracked, overcast, eye level","people, faces, vehicle badges, brand logos, text, watermarks, signage, house numbers",branching cracks in weathered asphalt near a curb,asphalt,residential frontage,cracked,overcast,eye level,Branching cracks spread across dull weathered asphalt near the curb,pending
https://drivewayzusa.co/guides/driveway-contractors-in-birmingham-al-how-to-choose/,driveway-contractors-in-birmingham-al-how-to-choose,B_REPLACE_BULK,guides/driveway-contractors-in-birmingham-al-how-to-choose/index.html,hero-long-crack-bisecting-concrete-panel.webp,"long crack bisecting a concrete panel, concrete, close-up surface detail, cracked, overcast, low angle along surface","people, faces, vehicle badges, brand logos, text, watermarks, signage, house numbers",long crack bisecting a concrete panel,concrete,close-up surface detail,cracked,overcast,low angle along surface,Long crack bisecting an aged concrete panel in gray light,pending
https://drivewayzusa.co/guides/driveway-contractors-in-boise-id-how-to-choose/,driveway-contractors-in-boise-id-how-to-choose,B_REPLACE_BULK,guides/driveway-contractors-in-boise-id-how-to-choose/index.html,hero-drum-roller-fresh-blacktop.webp,"steel drum roller compacting a fresh blacktop mat, asphalt, work-in-progress, new, bright midday, elevated three-quarter","people, faces, vehicle badges, brand logos, text, watermarks, signage, house numbers",steel drum roller compacting a fresh blacktop mat,asphalt,work-in-progress,new,bright midday,elevated three-quarter,Steel drum roller compacting a fresh blacktop mat in bright sun,pending
https://drivewayzusa.co/guides/driveway-contractors-in-boston-ma-how-to-choose/,driveway-contractors-in-boston-ma-how-to-choose,B_REPLACE_BULK,guides/driveway-contractors-in-boston-ma-how-to-choose/index.html,hero-dark-sealed-drive-late-light.webp,"dark sealed drive catching low evening sun, asphalt, residential frontage, sealed, golden hour, eye level","people, faces, vehicle badges, brand logos, text, watermarks, signage, house numbers",dark sealed drive catching low evening sun,asphalt,residential frontage,sealed,golden hour,eye level,Dark sealed surface catching low evening sun along a quiet frontage,pending
https://drivewayzusa.co/guides/driveway-contractors-in-buffalo-ny-how-to-choose/,driveway-contractors-in-buffalo-ny-how-to-choose,B_REPLACE_BULK,guides/driveway-contractors-in-buffalo-ny-how-to-choose/index.html,hero-gray-asphalt-melting-snowline.webp,"melting snow along edges of weathered gray asphalt, asphalt, residential frontage, weathered, overcast, eye level","people, faces, vehicle badges, brand logos, text, watermarks, signage, house numbers",melting snow along edges of weathered gray asphalt,asphalt,residential frontage,weathered,overcast,eye level,Melting snow clinging to the edges of weathered gray asphalt,pending
https://drivewayzusa.co/guides/driveway-contractors-in-charleston-sc-how-to-choose/,driveway-contractors-in-charleston-sc-how-to-choose,B_REPLACE_BULK,guides/driveway-contractors-in-charleston-sc-how-to-choose/index.html,hero-cobblestone-warm-morning-frontage.webp,"cobblestone frontage in warm morning light, cobblestone, residential frontage, weathered, golden hour, elevated three-quarter","people, faces, vehicle badges, brand logos, text, watermarks, signage, house numbers",cobblestone frontage in warm morning light,cobblestone,residential frontage,weathered,golden hour,elevated three-quarter,Cobblestone frontage glowing softly in warm early morning light,pending
https://drivewayzusa.co/guides/driveway-contractors-in-charlotte-nc-how-to-choose/,driveway-contractors-in-charlotte-nc-how-to-choose,B_REPLACE_BULK,guides/driveway-contractors-in-charlotte-nc-how-to-choose/index.html,hero-clean-new-slab-bright-midday.webp,"clean new concrete slab in bright sun, concrete, residential frontage, new, bright midday, low angle along surface","people, faces, vehicle badges, brand logos, text, watermarks, signage, house numbers",clean new concrete slab in bright sun,concrete,residential frontage,new,bright midday,low angle along surface,Clean new concrete slab running toward a small house in bright sun,pending
https://drivewayzusa.co/guides/driveway-contractors-in-chicago-il-how-to-choose/,driveway-contractors-in-chicago-il-how-to-choose,B_REPLACE_BULK,guides/driveway-contractors-in-chicago-il-how-to-choose/index.html,hero-square-sawn-patch-asphalt.webp,"fresh square patch with sawn seams in old asphalt, asphalt, close-up surface detail, mid-repair, overcast, low angle along surface","people, faces, vehicle badges, brand logos, text, watermarks, signage, house numbers",fresh square patch with sawn seams in old asphalt,asphalt,close-up surface detail,mid-repair,overcast,low angle along surface,Fresh square patch with crisp sawn seams set into old asphalt,pending
https://drivewayzusa.co/guides/driveway-contractors-in-cleveland-oh-how-to-choose/,driveway-contractors-in-cleveland-oh-how-to-choose,B_REPLACE_BULK,guides/driveway-contractors-in-cleveland-oh-how-to-choose/index.html,hero-rain-slick-sealed-slab.webp,"rain slick sealed concrete, concrete, residential frontage, sealed, wet after rain, eye level","people, faces, vehicle badges, brand logos, text, watermarks, signage, house numbers",rain slick sealed concrete,concrete,residential frontage,sealed,wet after rain,eye level,Rain slick sealed concrete reflecting a flat gray sky overhead,pending
https://drivewayzusa.co/guides/driveway-contractors-in-columbus-oh-how-to-choose/,driveway-contractors-in-columbus-oh-how-to-choose,B_REPLACE_BULK,guides/driveway-contractors-in-columbus-oh-how-to-choose/index.html,hero-newly-graded-gravel-farm-lane.webp,"newly graded gravel lane under wide sky, gravel, rural approach, new, bright midday, elevated three-quarter","people, faces, vehicle badges, brand logos, text, watermarks, signage, house numbers",newly graded gravel lane under wide sky,gravel,rural approach,new,bright midday,elevated three-quarter,Newly graded gravel lane stretching straight beneath a wide midday sky,pending
https://drivewayzusa.co/guides/driveway-contractors-in-dallas-tx-how-to-choose/,driveway-contractors-in-dallas-tx-how-to-choose,B_REPLACE_BULK,guides/driveway-contractors-in-dallas-tx-how-to-choose/index.html,hero-string-lines-over-paver-sand-bed.webp,"half laid paver field with string lines over sand bed, pavers, work-in-progress, mid-repair, bright midday, elevated three-quarter","people, faces, vehicle badges, brand logos, text, watermarks, signage, house numbers",half laid paver field with string lines over sand bed,pavers,work-in-progress,mid-repair,bright midday,elevated three-quarter,Half laid paver field with string lines above the sand bed,pending
https://drivewayzusa.co/guides/driveway-contractors-in-denver-co-how-to-choose/,driveway-contractors-in-denver-co-how-to-choose,B_REPLACE_BULK,guides/driveway-contractors-in-denver-co-how-to-choose/index.html,hero-resin-pebbles-damp-sheen-closeup.webp,"damp resin bound pebbles with soft sheen, resin, close-up surface detail, sealed, wet after rain, low angle along surface","people, faces, vehicle badges, brand logos, text, watermarks, signage, house numbers",damp resin bound pebbles with soft sheen,resin,close-up surface detail,sealed,wet after rain,low angle along surface,Damp resin bound pebbles with a soft sheen after the rain,pending
https://drivewayzusa.co/guides/driveway-contractors-in-des-moines-ia-how-to-choose/,driveway-contractors-in-des-moines-ia-how-to-choose,B_REPLACE_BULK,guides/driveway-contractors-in-des-moines-ia-how-to-choose/index.html,hero-cracked-lane-tall-grass-dusk.webp,"cracked asphalt lane bordered by tall grass, asphalt, rural approach, cracked, golden hour, eye level","people, faces, vehicle badges, brand logos, text, watermarks, signage, house numbers",cracked asphalt lane bordered by tall grass,asphalt,rural approach,cracked,golden hour,eye level,Cracked lane bordered by tall grass under low dusk light,pending
https://drivewayzusa.co/guides/driveway-contractors-in-detroit-mi-how-to-choose/,driveway-contractors-in-detroit-mi-how-to-choose,B_REPLACE_BULK,guides/driveway-contractors-in-detroit-mi-how-to-choose/index.html,hero-stained-concrete-frontage-gray-sky.webp,"stained weathered concrete frontage, concrete, residential frontage, weathered, overcast, elevated three-quarter","people, faces, vehicle badges, brand logos, text, watermarks, signage, house numbers",stained weathered concrete frontage,concrete,residential frontage,weathered,overcast,elevated three-quarter,Stained weathered concrete frontage beneath a heavy gray sky,pending
https://drivewayzusa.co/guides/driveway-contractors-in-hartford-ct-how-to-choose/,driveway-contractors-in-hartford-ct-how-to-choose,B_REPLACE_BULK,guides/driveway-contractors-in-hartford-ct-how-to-choose/index.html,hero-mortar-patch-beside-weathered-slab.webp,"gray mortar patch butted against a weathered slab edge, concrete, close-up surface detail, mid-repair, golden hour, low angle along surface","people, faces, vehicle badges, brand logos, text, watermarks, signage, house numbers",gray mortar patch butted against a weathered slab edge,concrete,close-up surface detail,mid-repair,golden hour,low angle along surface,Gray mortar patch butted against a weathered concrete slab edge,pending
https://drivewayzusa.co/guides/driveway-contractors-in-houston-tx-how-to-choose/,driveway-contractors-in-houston-tx-how-to-choose,B_REPLACE_BULK,guides/driveway-contractors-in-houston-tx-how-to-choose/index.html,hero-chip-seal-track-dry-pasture.webp,"chip seal track through dry pasture, chip-seal, rural approach, weathered, bright midday, low angle along surface","people, faces, vehicle badges, brand logos, text, watermarks, signage, house numbers",chip seal track through dry pasture,chip-seal,rural approach,weathered,bright midday,low angle along surface,Chip seal track running through dry pasture in hard sun,pending
https://drivewayzusa.co/guides/driveway-contractors-in-indianapolis-in-how-to-choose/,driveway-contractors-in-indianapolis-in-how-to-choose,B_REPLACE_BULK,guides/driveway-contractors-in-indianapolis-in-how-to-choose/index.html,hero-dark-fresh-blacktop-flat-sky.webp,"dark fresh blacktop under flat sky, asphalt, residential frontage, new, overcast, eye level","people, faces, vehicle badges, brand logos, text, watermarks, signage, house numbers",dark fresh blacktop under flat sky,asphalt,residential frontage,new,overcast,eye level,Dark fresh blacktop under a flat overcast sky at the curb,pending
https://drivewayzusa.co/guides/driveway-contractors-in-jacksonville-fl-how-to-choose/,driveway-contractors-in-jacksonville-fl-how-to-choose,B_REPLACE_BULK,guides/driveway-contractors-in-jacksonville-fl-how-to-choose/index.html,hero-glossy-pavers-warm-evening-light.webp,"glossy sealed pavers in warm evening light, pavers, residential frontage, sealed, golden hour, elevated three-quarter","people, faces, vehicle badges, brand logos, text, watermarks, signage, house numbers",glossy sealed pavers in warm evening light,pavers,residential frontage,sealed,golden hour,elevated three-quarter,Glossy sealed pavers catching warm evening light along the frontage,pending
https://drivewayzusa.co/guides/driveway-contractors-in-kansas-city-ks-how-to-choose/,driveway-contractors-in-kansas-city-ks-how-to-choose,B_REPLACE_BULK,guides/driveway-contractors-in-kansas-city-ks-how-to-choose/index.html,hero-wood-forms-open-excavation.webp,"Excavated driveway base lined with wooden form boards and grade stakes, none, work-in-progress, mid-repair, overcast, elevated three-quarter","people, faces, vehicle badges, brand logos, text, watermarks, signage, house numbers",Excavated driveway base lined with wooden form boards and grade stakes,none,work-in-progress,mid-repair,overcast,elevated three-quarter,Excavated driveway base lined with wooden form boards under gray skies,pending
https://drivewayzusa.co/guides/driveway-contractors-in-kansas-city-mo-how-to-choose/,driveway-contractors-in-kansas-city-mo-how-to-choose,B_REPLACE_BULK,guides/driveway-contractors-in-kansas-city-mo-how-to-choose/index.html,hero-wet-concrete-leveling-pass.webp,"Wet concrete driveway surface being leveled between form boards, concrete, work-in-progress, mid-repair, bright midday, low angle along surface","people, faces, vehicle badges, brand logos, text, watermarks, signage, house numbers",Wet concrete driveway surface being leveled between form boards,concrete,work-in-progress,mid-repair,bright midday,low angle along surface,Wet concrete driveway surface being leveled between straight form boards,pending
https://drivewayzusa.co/guides/driveway-contractors-in-las-vegas-nv-how-to-choose/,driveway-contractors-in-las-vegas-nv-how-to-choose,B_REPLACE_BULK,guides/driveway-contractors-in-las-vegas-nv-how-to-choose/index.html,hero-sealcoat-strokes-midday-light.webp,"Fresh sealcoat strokes across a dark asphalt driveway surface, asphalt, close-up surface detail, sealed, bright midday, low angle along surface","people, faces, vehicle badges, brand logos, text, watermarks, signage, house numbers",Fresh sealcoat strokes across a dark asphalt driveway surface,asphalt,close-up surface detail,sealed,bright midday,low angle along surface,Fresh sealcoat brush strokes across a dark asphalt driveway surface,pending
https://drivewayzusa.co/guides/driveway-contractors-in-las-vegas-nv-local-guide/,driveway-contractors-in-las-vegas-nv-local-guide,B_REPLACE_BULK,guides/driveway-contractors-in-las-vegas-nv-local-guide/index.html,hero-warm-light-paver-front-drive.webp,"New interlocking paver driveway in front of a suburban home, pavers, residential frontage, new, golden hour, eye level","people, faces, vehicle badges, brand logos, text, watermarks, signage, house numbers",New interlocking paver driveway in front of a suburban home,pavers,residential frontage,new,golden hour,eye level,New interlocking paver driveway glowing in warm evening light,pending
https://drivewayzusa.co/guides/driveway-contractors-in-little-rock-ar-how-to-choose/,driveway-contractors-in-little-rock-ar-how-to-choose,B_REPLACE_BULK,guides/driveway-contractors-in-little-rock-ar-how-to-choose/index.html,hero-rutted-gravel-lane-gray-sky.webp,"Weathered gravel lane with shallow wheel ruts through open land, gravel, rural approach, weathered, overcast, elevated three-quarter","people, faces, vehicle badges, brand logos, text, watermarks, signage, house numbers",Weathered gravel lane with shallow wheel ruts through open land,gravel,rural approach,weathered,overcast,elevated three-quarter,Weathered gravel lane with shallow wheel ruts under overcast skies,pending
https://drivewayzusa.co/guides/driveway-contractors-in-los-angeles-ca-how-to-choose/,driveway-contractors-in-los-angeles-ca-how-to-choose,B_REPLACE_BULK,guides/driveway-contractors-in-los-angeles-ca-how-to-choose/index.html,hero-evening-light-new-concrete-drive.webp,"Smooth new concrete driveway before a single story home, concrete, residential frontage, new, golden hour, elevated three-quarter","people, faces, vehicle badges, brand logos, text, watermarks, signage, house numbers",Smooth new concrete driveway before a single story home,concrete,residential frontage,new,golden hour,elevated three-quarter,Smooth new concrete driveway catching low golden evening light,pending
https://drivewayzusa.co/guides/driveway-contractors-in-madison-wi-how-to-choose/,driveway-contractors-in-madison-wi-how-to-choose,B_REPLACE_BULK,guides/driveway-contractors-in-madison-wi-how-to-choose/index.html,hero-rain-pooled-crack-asphalt.webp,"Rainwater pooled along a long crack in an asphalt driveway, asphalt, close-up surface detail, cracked, wet after rain, low angle along surface","people, faces, vehicle badges, brand logos, text, watermarks, signage, house numbers",Rainwater pooled along a long crack in an asphalt driveway,asphalt,close-up surface detail,cracked,wet after rain,low angle along surface,Rainwater pooled along a long crack in an asphalt driveway,pending
https://drivewayzusa.co/guides/driveway-contractors-in-memphis-tn-how-to-choose/,driveway-contractors-in-memphis-tn-how-to-choose,B_REPLACE_BULK,guides/driveway-contractors-in-memphis-tn-how-to-choose/index.html,hero-fresh-chip-seal-evening-light.webp,"Fresh chip seal drive stretching toward open fields, chip-seal, rural approach, new, golden hour, eye level","people, faces, vehicle badges, brand logos, text, watermarks, signage, house numbers",Fresh chip seal drive stretching toward open fields,chip-seal,rural approach,new,golden hour,eye level,Fresh chip seal drive stretching toward open fields at dusk,pending
https://drivewayzusa.co/guides/driveway-contractors-in-miami-fl-how-to-choose/,driveway-contractors-in-miami-fl-how-to-choose,B_REPLACE_BULK,guides/driveway-contractors-in-miami-fl-how-to-choose/index.html,hero-resin-pebbles-bright-sun.webp,"Sunlit resin bound pebble surface with speckled texture, resin, close-up surface detail, sealed, bright midday, low angle along surface","people, faces, vehicle badges, brand logos, text, watermarks, signage, house numbers",Sunlit resin bound pebble surface with speckled texture,resin,close-up surface detail,sealed,bright midday,low angle along surface,Sunlit resin bound pebble surface with uniform speckled texture,pending
https://drivewayzusa.co/guides/driveway-contractors-in-milwaukee-wi-how-to-choose/,driveway-contractors-in-milwaukee-wi-how-to-choose,B_REPLACE_BULK,guides/driveway-contractors-in-milwaukee-wi-how-to-choose/index.html,hero-rebar-mesh-over-graded-base.webp,"Steel reinforcement mesh laid over a graded gravel driveway base, gravel, work-in-progress, mid-repair, overcast, elevated three-quarter","people, faces, vehicle badges, brand logos, text, watermarks, signage, house numbers",Steel reinforcement mesh laid over a graded gravel driveway base,gravel,work-in-progress,mid-repair,overcast,elevated three-quarter,Steel reinforcement mesh laid over a graded gravel driveway base,pending
https://drivewayzusa.co/guides/driveway-contractors-in-minneapolis-mn-how-to-choose/,driveway-contractors-in-minneapolis-mn-how-to-choose,B_REPLACE_BULK,guides/driveway-contractors-in-minneapolis-mn-how-to-choose/index.html,hero-rain-glossed-asphalt-entry.webp,"Glossy sealed asphalt driveway still wet after rain, asphalt, residential frontage, sealed, wet after rain, eye level","people, faces, vehicle badges, brand logos, text, watermarks, signage, house numbers",Glossy sealed asphalt driveway still wet after rain,asphalt,residential frontage,sealed,wet after rain,eye level,Glossy sealed asphalt driveway still wet after a rain shower,pending
https://drivewayzusa.co/guides/driveway-contractors-in-nashville-tn-how-to-choose/,driveway-contractors-in-nashville-tn-how-to-choose,B_REPLACE_BULK,guides/driveway-contractors-in-nashville-tn-how-to-choose/index.html,hero-mossy-cobblestone-warm-light.webp,"Weathered cobblestone driveway with mossy joints, cobblestone, residential frontage, weathered, golden hour, eye level","people, faces, vehicle badges, brand logos, text, watermarks, signage, house numbers",Weathered cobblestone driveway with mossy joints,cobblestone,residential frontage,weathered,golden hour,eye level,Weathered cobblestone driveway with mossy joints in warm evening light,pending
https://drivewayzusa.co/guides/driveway-contractors-in-new-orleans-la-how-to-choose/,driveway-contractors-in-new-orleans-la-how-to-choose,B_REPLACE_BULK,guides/driveway-contractors-in-new-orleans-la-how-to-choose/index.html,hero-half-laid-pavers-sand-bed.webp,"Partly laid paver driveway over a screeded sand bedding layer, pavers, work-in-progress, mid-repair, overcast, elevated three-quarter","people, faces, vehicle badges, brand logos, text, watermarks, signage, house numbers",Partly laid paver driveway over a screeded sand bedding layer,pavers,work-in-progress,mid-repair,overcast,elevated three-quarter,Partly laid paver driveway over a screeded sand bedding layer,pending
https://drivewayzusa.co/guides/driveway-contractors-in-new-york-city-ny-how-to-choose/,driveway-contractors-in-new-york-city-ny-how-to-choose,B_REPLACE_BULK,guides/driveway-contractors-in-new-york-city-ny-how-to-choose/index.html,hero-broom-finish-midday-closeup.webp,"Fine broom texture across a new concrete driveway panel, concrete, close-up surface detail, new, bright midday, low angle along surface","people, faces, vehicle badges, brand logos, text, watermarks, signage, house numbers",Fine broom texture across a new concrete driveway panel,concrete,close-up surface detail,new,bright midday,low angle along surface,Fine broom texture across a new concrete driveway panel,pending
https://drivewayzusa.co/guides/driveway-contractors-in-newark-nj-how-to-choose/,driveway-contractors-in-newark-nj-how-to-choose,B_REPLACE_BULK,guides/driveway-contractors-in-newark-nj-how-to-choose/index.html,hero-faded-asphalt-plain-frontage.webp,"Faded weathered asphalt driveway before a modest suburban home, asphalt, residential frontage, weathered, overcast, eye level","people, faces, vehicle badges, brand logos, text, watermarks, signage, house numbers",Faded weathered asphalt driveway before a modest suburban home,asphalt,residential frontage,weathered,overcast,eye level,Faded weathered asphalt driveway before a modest suburban home,pending
https://drivewayzusa.co/guides/driveway-contractors-in-oklahoma-city-ok-how-to-choose/,driveway-contractors-in-oklahoma-city-ok-how-to-choose,B_REPLACE_BULK,guides/driveway-contractors-in-oklahoma-city-ok-how-to-choose/index.html,hero-smooth-graded-gravel-approach.webp,"Freshly graded gravel approach in low evening light, gravel, rural approach, new, golden hour, low angle along surface","people, faces, vehicle badges, brand logos, text, watermarks, signage, house numbers",Freshly graded gravel approach in low evening light,gravel,rural approach,new,golden hour,low angle along surface,Freshly graded gravel approach glowing in low evening light,pending
https://drivewayzusa.co/guides/driveway-contractors-in-omaha-ne-how-to-choose/,driveway-contractors-in-omaha-ne-how-to-choose,B_REPLACE_BULK,guides/driveway-contractors-in-omaha-ne-how-to-choose/index.html,hero-saw-cut-lines-fresh-slab.webp,"Fresh saw cut control joints across a new concrete slab, concrete, work-in-progress, new, bright midday, low angle along surface","people, faces, vehicle badges, brand logos, text, watermarks, signage, house numbers",Fresh saw cut control joints across a new concrete slab,concrete,work-in-progress,new,bright midday,low angle along surface,Fresh saw cut control joints across a new concrete slab,pending
https://drivewayzusa.co/guides/driveway-contractors-in-orlando-fl-how-to-choose/,driveway-contractors-in-orlando-fl-how-to-choose,B_REPLACE_BULK,guides/driveway-contractors-in-orlando-fl-how-to-choose/index.html,hero-wet-sealed-pavers-entry.webp,"Rain darkened sealed paver driveway from an elevated view, pavers, residential frontage, sealed, wet after rain, elevated three-quarter","people, faces, vehicle badges, brand logos, text, watermarks, signage, house numbers",Rain darkened sealed paver driveway from an elevated view,pavers,residential frontage,sealed,wet after rain,elevated three-quarter,Rain darkened sealed paver driveway seen from an elevated view,pending
https://drivewayzusa.co/guides/driveway-contractors-in-philadelphia-pa-how-to-choose/,driveway-contractors-in-philadelphia-pa-how-to-choose,B_REPLACE_BULK,guides/driveway-contractors-in-philadelphia-pa-how-to-choose/index.html,hero-aged-brick-paver-drive.webp,"Aged brick paver driveway with softened colors, pavers, residential frontage, weathered, overcast, eye level","people, faces, vehicle badges, brand logos, text, watermarks, signage, house numbers",Aged brick paver driveway with softened colors,pavers,residential frontage,weathered,overcast,eye level,Aged brick paver driveway with softened colors under gray skies,pending
https://drivewayzusa.co/guides/driveway-contractors-in-phoenix-az-how-to-choose/,driveway-contractors-in-phoenix-az-how-to-choose,B_REPLACE_BULK,guides/driveway-contractors-in-phoenix-az-how-to-choose/index.html,hero-heat-cracked-concrete-closeup.webp,"Heat cracked concrete driveway surface in harsh sunlight, concrete, close-up surface detail, cracked, bright midday, low angle along surface","people, faces, vehicle badges, brand logos, text, watermarks, signage, house numbers",Heat cracked concrete driveway surface in harsh sunlight,concrete,close-up surface detail,cracked,bright midday,low angle along surface,Heat cracked concrete driveway surface in harsh midday sunlight,pending
https://drivewayzusa.co/guides/driveway-contractors-in-pittsburgh-pa-how-to-choose/,driveway-contractors-in-pittsburgh-pa-how-to-choose,B_REPLACE_BULK,guides/driveway-contractors-in-pittsburgh-pa-how-to-choose/index.html,hero-fresh-overlay-rolled-edge.webp,"Fresh asphalt overlay rolled along the edge of older pavement, asphalt, work-in-progress, mid-repair, overcast, elevated three-quarter","people, faces, vehicle badges, brand logos, text, watermarks, signage, house numbers",Fresh asphalt overlay rolled along the edge of older pavement,asphalt,work-in-progress,mid-repair,overcast,elevated three-quarter,Fresh asphalt overlay rolled along the edge of older pavement,pending
https://drivewayzusa.co/guides/driveway-contractors-in-raleigh-nc-how-to-choose/,driveway-contractors-in-raleigh-nc-how-to-choose,B_REPLACE_BULK,guides/driveway-contractors-in-raleigh-nc-how-to-choose/index.html,hero-dusk-glow-sealed-drive.webp,"Sealed concrete driveway reflecting soft dusk light, concrete, residential frontage, sealed, golden hour, eye level","people, faces, vehicle badges, brand logos, text, watermarks, signage, house numbers",Sealed concrete driveway reflecting soft dusk light,concrete,residential frontage,sealed,golden hour,eye level,Sealed concrete driveway reflecting soft dusk light at the curb,pending
https://drivewayzusa.co/guides/driveway-contractors-in-richmond-va-how-to-choose/,driveway-contractors-in-richmond-va-how-to-choose,B_REPLACE_BULK,guides/driveway-contractors-in-richmond-va-how-to-choose/index.html,hero-wet-cobblestone-lane-low.webp,"Rain slick cobblestone lane leading through open countryside, cobblestone, rural approach, weathered, wet after rain, low angle along surface","people, faces, vehicle badges, brand logos, text, watermarks, signage, house numbers",Rain slick cobblestone lane leading through open countryside,cobblestone,rural approach,weathered,wet after rain,low angle along surface,Rain slick cobblestone lane leading through open countryside,pending
https://drivewayzusa.co/guides/driveway-contractors-in-salt-lake-city-ut-how-to-choose/,driveway-contractors-in-salt-lake-city-ut-how-to-choose,B_REPLACE_BULK,guides/driveway-contractors-in-salt-lake-city-ut-how-to-choose/index.html,hero-angular-crushed-stone-closeup.webp,"Angular crushed stone gravel surface in sharp light, gravel, close-up surface detail, new, bright midday, low angle along surface","people, faces, vehicle badges, brand logos, text, watermarks, signage, house numbers",Angular crushed stone gravel surface in sharp light,gravel,close-up surface detail,new,bright midday,low angle along surface,Angular crushed stone gravel surface in sharp midday light,pending
https://drivewayzusa.co/guides/driveway-contractors-in-san-antonio-tx-how-to-choose/,driveway-contractors-in-san-antonio-tx-how-to-choose,B_REPLACE_BULK,guides/driveway-contractors-in-san-antonio-tx-how-to-choose/index.html,hero-fresh-blacktop-warm-evening.webp,"Fresh black asphalt driveway in warm evening light, asphalt, residential frontage, new, golden hour, elevated three-quarter","people, faces, vehicle badges, brand logos, text, watermarks, signage, house numbers",Fresh black asphalt driveway in warm evening light,asphalt,residential frontage,new,golden hour,elevated three-quarter,Fresh black asphalt driveway glowing in warm evening light,pending
https://drivewayzusa.co/guides/driveway-contractors-in-san-diego-ca-how-to-choose/,driveway-contractors-in-san-diego-ca-how-to-choose,B_REPLACE_BULK,guides/driveway-contractors-in-san-diego-ca-how-to-choose/index.html,hero-broomed-concrete-evening-light.webp,"wide broom finished concrete drive in warm evening light, concrete, residential frontage, new, golden hour, eye level","people, faces, vehicle badges, brand logos, text, watermarks, signage, house numbers",wide broom finished concrete drive in warm evening light,concrete,residential frontage,new,golden hour,eye level,Wide broom finished concrete drive glowing in warm evening light,pending
https://drivewayzusa.co/guides/driveway-contractors-in-san-francisco-ca-how-to-choose/,driveway-contractors-in-san-francisco-ca-how-to-choose,B_REPLACE_BULK,guides/driveway-contractors-in-san-francisco-ca-how-to-choose/index.html,hero-smooth-asphalt-midday-sunlight.webp,"smooth freshly paved asphalt drive seen from above, asphalt, residential frontage, new, bright midday, elevated three-quarter","people, faces, vehicle badges, brand logos, text, watermarks, signage, house numbers",smooth freshly paved asphalt drive seen from above,asphalt,residential frontage,new,bright midday,elevated three-quarter,Smooth freshly paved asphalt drive under bright midday sun,pending
https://drivewayzusa.co/guides/driveway-contractors-in-san-jose-ca-how-to-choose/,driveway-contractors-in-san-jose-ca-how-to-choose,B_REPLACE_BULK,guides/driveway-contractors-in-san-jose-ca-how-to-choose/index.html,hero-sealed-paver-joints-overcast.webp,"sealed paver surface viewed low along the joints, pavers, residential frontage, sealed, overcast, low angle along surface","people, faces, vehicle badges, brand logos, text, watermarks, signage, house numbers",sealed paver surface viewed low along the joints,pavers,residential frontage,sealed,overcast,low angle along surface,Low view along sealed paver surface beneath overcast sky,pending
https://drivewayzusa.co/guides/driveway-contractors-in-savannah-ga-how-to-choose/,driveway-contractors-in-savannah-ga-how-to-choose,B_REPLACE_BULK,guides/driveway-contractors-in-savannah-ga-how-to-choose/index.html,hero-rain-darkened-concrete-frontage.webp,"rain darkened concrete drive reflecting cloudy sky, concrete, residential frontage, new, wet after rain, eye level","people, faces, vehicle badges, brand logos, text, watermarks, signage, house numbers",rain darkened concrete drive reflecting cloudy sky,concrete,residential frontage,new,wet after rain,eye level,Rain darkened concrete drive reflecting a cloudy sky,pending
https://drivewayzusa.co/guides/driveway-contractors-in-seattle-wa-how-to-choose/,driveway-contractors-in-seattle-wa-how-to-choose,B_REPLACE_BULK,guides/driveway-contractors-in-seattle-wa-how-to-choose/index.html,hero-gray-weathered-concrete-low-view.webp,"weathered gray concrete surface under heavy cloud cover, concrete, rural approach, weathered, overcast, low angle along surface","people, faces, vehicle badges, brand logos, text, watermarks, signage, house numbers",weathered gray concrete surface under heavy cloud cover,concrete,rural approach,weathered,overcast,low angle along surface,Low angle along weathered gray concrete surface under clouds,pending
https://drivewayzusa.co/guides/driveway-contractors-in-spokane-wa-how-to-choose/,driveway-contractors-in-spokane-wa-how-to-choose,B_REPLACE_BULK,guides/driveway-contractors-in-spokane-wa-how-to-choose/index.html,hero-gravel-approach-evening-glow.webp,"gravel track curving toward open pasture at dusk, gravel, rural approach, weathered, golden hour, elevated three-quarter","people, faces, vehicle badges, brand logos, text, watermarks, signage, house numbers",gravel track curving toward open pasture at dusk,gravel,rural approach,weathered,golden hour,elevated three-quarter,Gravel track curving toward open pasture in golden light,pending
https://drivewayzusa.co/guides/driveway-contractors-in-st-louis-mo-how-to-choose/,driveway-contractors-in-st-louis-mo-how-to-choose,B_REPLACE_BULK,guides/driveway-contractors-in-st-louis-mo-how-to-choose/index.html,hero-sealed-asphalt-bright-midday.webp,"glossy sealed asphalt drive in midday sun, asphalt, residential frontage, sealed, bright midday, eye level","people, faces, vehicle badges, brand logos, text, watermarks, signage, house numbers",glossy sealed asphalt drive in midday sun,asphalt,residential frontage,sealed,bright midday,eye level,Glossy sealed asphalt drive at eye level in midday sun,pending
https://drivewayzusa.co/guides/driveway-contractors-in-tampa-fl-how-to-choose/,driveway-contractors-in-tampa-fl-how-to-choose,B_REPLACE_BULK,guides/driveway-contractors-in-tampa-fl-how-to-choose/index.html,hero-warm-paver-frontage-sunset.webp,"interlocking paver drive catching warm sunset light, pavers, residential frontage, sealed, golden hour, elevated three-quarter","people, faces, vehicle badges, brand logos, text, watermarks, signage, house numbers",interlocking paver drive catching warm sunset light,pavers,residential frontage,sealed,golden hour,elevated three-quarter,Interlocking paver drive catching warm sunset light from above,pending
https://drivewayzusa.co/guides/driveway-contractors-in-tulsa-ok-how-to-choose/,driveway-contractors-in-tulsa-ok-how-to-choose,B_REPLACE_BULK,guides/driveway-contractors-in-tulsa-ok-how-to-choose/index.html,hero-plain-new-concrete-gray-day.webp,"plain new concrete drive under flat overcast sky, concrete, residential frontage, new, overcast, eye level","people, faces, vehicle badges, brand logos, text, watermarks, signage, house numbers",plain new concrete drive under flat overcast sky,concrete,residential frontage,new,overcast,eye level,Plain new concrete drive under a flat overcast sky,pending
https://drivewayzusa.co/guides/driveway-contractors-in-virginia-beach-va-how-to-choose/,driveway-contractors-in-virginia-beach-va-how-to-choose,B_REPLACE_BULK,guides/driveway-contractors-in-virginia-beach-va-how-to-choose/index.html,hero-wet-paver-drive-low-view.webp,"rain wet sealed paver drive viewed low along surface, pavers, residential frontage, sealed, wet after rain, low angle along surface","people, faces, vehicle badges, brand logos, text, watermarks, signage, house numbers",rain wet sealed paver drive viewed low along surface,pavers,residential frontage,sealed,wet after rain,low angle along surface,Rain wet sealed paver drive seen from low angle,pending
https://drivewayzusa.co/guides/driveway-core-sample-testing-thickness-verification/,driveway-core-sample-testing-thickness-verification,B_REPLACE_BULK,guides/driveway-core-sample-testing-thickness-verification/index.html,hero-drilled-core-cylinder-on-slab.webp,"cylindrical concrete core sample resting on cut slab, concrete, close-up surface detail, weathered, bright midday, eye level","people, faces, vehicle badges, brand logos, text, watermarks, signage, house numbers",cylindrical concrete core sample resting on cut slab,concrete,close-up surface detail,weathered,bright midday,eye level,Cylindrical concrete core sample resting on cut slab surface,pending
https://drivewayzusa.co/guides/driveway-corrective-maintenance-planning-addressing-existing-issues/,driveway-corrective-maintenance-planning-addressing-existing-issues,B_REPLACE_BULK,guides/driveway-corrective-maintenance-planning-addressing-existing-issues/index.html,hero-multiple-patches-weathered-asphalt.webp,"several dark repair patches across weathered asphalt, asphalt, residential frontage, mid-repair, overcast, elevated three-quarter","people, faces, vehicle badges, brand logos, text, watermarks, signage, house numbers",several dark repair patches across weathered asphalt,asphalt,residential frontage,mid-repair,overcast,elevated three-quarter,Several dark repair patches across a weathered asphalt surface,pending
https://drivewayzusa.co/guides/driveway-cost-breakdown-labor-materials-and-equipment/,driveway-cost-breakdown-labor-materials-and-equipment,B_REPLACE_BULK,guides/driveway-cost-breakdown-labor-materials-and-equipment/index.html,hero-partly-spread-gravel-base.webp,"gravel base layer spread partway across formed drive bed, gravel, work-in-progress, new, overcast, eye level","people, faces, vehicle badges, brand logos, text, watermarks, signage, house numbers",gravel base layer spread partway across formed drive bed,gravel,work-in-progress,new,overcast,eye level,Gravel base layer spread partway across a formed drive bed,pending
https://drivewayzusa.co/guides/driveway-cost-calculator-estimate-your-project-in-minutes/,driveway-cost-calculator-estimate-your-project-in-minutes,B_REPLACE_BULK,guides/driveway-cost-calculator-estimate-your-project-in-minutes/index.html,hero-stacked-paver-pallets-on-base.webp,"pallets of pavers stacked beside unfinished gravel base, pavers, work-in-progress, new, bright midday, elevated three-quarter","people, faces, vehicle badges, brand logos, text, watermarks, signage, house numbers",pallets of pavers stacked beside unfinished gravel base,pavers,work-in-progress,new,bright midday,elevated three-quarter,Pallets of pavers stacked beside an unfinished gravel base,pending
https://drivewayzusa.co/guides/driveway-cost-comparison-worksheet-budget-planning-tool/,driveway-cost-comparison-worksheet-budget-planning-tool,B_REPLACE_BULK,guides/driveway-cost-comparison-worksheet-budget-planning-tool/index.html,hero-slab-blacktop-meeting-line-closeup.webp,"seam where concrete slab meets blacktop drive, concrete, close-up surface detail, weathered, wet after rain, low angle along surface","people, faces, vehicle badges, brand logos, text, watermarks, signage, house numbers",seam where concrete slab meets blacktop drive,concrete,close-up surface detail,weathered,wet after rain,low angle along surface,Close view of the seam where a concrete slab meets blacktop,pending
https://drivewayzusa.co/guides/driveway-cost-estimator-breaking-down-material-and-labor/,driveway-cost-estimator-breaking-down-material-and-labor,B_REPLACE_BULK,guides/driveway-cost-estimator-breaking-down-material-and-labor/index.html,hero-closeup-asphalt-stone-matrix.webp,"tight closeup of stones and binder in asphalt, asphalt, close-up surface detail, weathered, bright midday, eye level","people, faces, vehicle badges, brand logos, text, watermarks, signage, house numbers",tight closeup of stones and binder in asphalt,asphalt,close-up surface detail,weathered,bright midday,eye level,Tight closeup of stones and binder in an asphalt surface,pending
https://drivewayzusa.co/guides/driveway-cost-plus-contract-transparent-pricing-model/,driveway-cost-plus-contract-transparent-pricing-model,B_REPLACE_BULK,guides/driveway-cost-plus-contract-transparent-pricing-model/index.html,hero-wet-concrete-patch-between-forms.webp,"wet concrete patch spread between wooden forms, concrete, work-in-progress, mid-repair, overcast, elevated three-quarter","people, faces, vehicle badges, brand logos, text, watermarks, signage, house numbers",wet concrete patch spread between wooden forms,concrete,work-in-progress,mid-repair,overcast,elevated three-quarter,Wet concrete patch spread between wooden forms under gray light,pending
https://drivewayzusa.co/guides/driveway-covenant-compliance-meeting-hoa-design-guidelines/,driveway-covenant-compliance-meeting-hoa-design-guidelines,B_REPLACE_BULK,guides/driveway-covenant-compliance-meeting-hoa-design-guidelines/index.html,hero-uniform-concrete-drive-neat-edges.webp,"uniform pale concrete drive with crisp neat lawn edges, concrete, residential frontage, weathered, golden hour, eye level","people, faces, vehicle badges, brand logos, text, watermarks, signage, house numbers",uniform pale concrete drive with crisp neat lawn edges,concrete,residential frontage,weathered,golden hour,eye level,Uniform pale concrete drive with crisp neat lawn edges,pending
https://drivewayzusa.co/guides/driveway-crack-filler-best-products-reviewed-for-2026/,driveway-crack-filler-best-products-reviewed-for-2026,B_REPLACE_BULK,guides/driveway-crack-filler-best-products-reviewed-for-2026/index.html,hero-long-crack-asphalt-closeup.webp,"long open crack running across gray asphalt, asphalt, close-up surface detail, cracked, overcast, low angle along surface","people, faces, vehicle badges, brand logos, text, watermarks, signage, house numbers",long open crack running across gray asphalt,asphalt,close-up surface detail,cracked,overcast,low angle along surface,Long crack running across gray asphalt in close view,pending
https://drivewayzusa.co/guides/driveway-crack-filling-products-and-techniques/,driveway-crack-filling-products-and-techniques,B_REPLACE_BULK,guides/driveway-crack-filling-products-and-techniques/index.html,hero-rubberized-filler-crack-macro.webp,"rubberized filler pressed into an open asphalt crack, asphalt, close-up surface detail, mid-repair, wet after rain, low angle along surface","people, faces, vehicle badges, brand logos, text, watermarks, signage, house numbers",rubberized filler pressed into an open asphalt crack,asphalt,close-up surface detail,mid-repair,wet after rain,low angle along surface,Rubberized filler pressed into an open asphalt crack closeup,pending
https://drivewayzusa.co/guides/driveway-crack-routing-preparing-for-sealant-application/,driveway-crack-routing-preparing-for-sealant-application,B_REPLACE_BULK,guides/driveway-crack-routing-preparing-for-sealant-application/index.html,hero-routed-crack-groove-asphalt.webp,"freshly routed groove following a crack in asphalt, asphalt, close-up surface detail, mid-repair, bright midday, low angle along surface","people, faces, vehicle badges, brand logos, text, watermarks, signage, house numbers",freshly routed groove following a crack in asphalt,asphalt,close-up surface detail,mid-repair,bright midday,low angle along surface,Freshly routed groove following a crack in weathered asphalt,pending
https://drivewayzusa.co/guides/driveway-crack-sealing-vs-crack-filling-whats-different/,driveway-crack-sealing-vs-crack-filling-whats-different,B_REPLACE_BULK,guides/driveway-crack-sealing-vs-crack-filling-whats-different/index.html,hero-sealed-crack-beside-filled-crack.webp,"two differently repaired cracks side by side on asphalt, asphalt, close-up surface detail, mid-repair, wet after rain, elevated three-quarter","people, faces, vehicle badges, brand logos, text, watermarks, signage, house numbers",two differently repaired cracks side by side on asphalt,asphalt,close-up surface detail,mid-repair,wet after rain,elevated three-quarter,Two repaired cracks side by side on an asphalt surface,pending
https://drivewayzusa.co/guides/driveway-craftsmanship-what-separates-good-from-great/,driveway-craftsmanship-what-separates-good-from-great,B_REPLACE_BULK,guides/driveway-craftsmanship-what-separates-good-from-great/index.html,hero-flawless-broom-texture-smooth-slab.webp,"evenly broomed smooth concrete with flawless straight lines, concrete, close-up surface detail, new, golden hour, low angle along surface","people, faces, vehicle badges, brand logos, text, watermarks, signage, house numbers",evenly broomed smooth concrete with flawless straight lines,concrete,close-up surface detail,new,golden hour,low angle along surface,Evenly broomed smooth concrete surface with flawless straight lines,pending
https://drivewayzusa.co/guides/driveway-crew-safety-osha-requirements-for-paving/,driveway-crew-safety-osha-requirements-for-paving,B_REPLACE_BULK,guides/driveway-crew-safety-osha-requirements-for-paving/index.html,hero-saw-cut-edge-cracked-asphalt.webp,"freshly sawn edge along cracked asphalt at work site, asphalt, work-in-progress, cracked, bright midday, elevated three-quarter","people, faces, vehicle badges, brand logos, text, watermarks, signage, house numbers",freshly sawn edge along cracked asphalt at work site,asphalt,work-in-progress,cracked,bright midday,elevated three-quarter,Freshly sawn edge along cracked asphalt at a work site,pending
https://drivewayzusa.co/guides/driveway-critical-path-method-project-scheduling-technique/,driveway-critical-path-method-project-scheduling-technique,B_REPLACE_BULK,guides/driveway-critical-path-method-project-scheduling-technique/index.html,hero-staked-string-over-cracked-asphalt.webp,"stakes and string marking sections across cracked asphalt, asphalt, work-in-progress, cracked, overcast, eye level","people, faces, vehicle badges, brand logos, text, watermarks, signage, house numbers",stakes and string marking sections across cracked asphalt,asphalt,work-in-progress,cracked,overcast,eye level,Stakes and string marking sections across cracked asphalt surface,pending
https://drivewayzusa.co/guides/driveway-curb-appeal-for-selling-your-home/,driveway-curb-appeal-for-selling-your-home,B_REPLACE_BULK,guides/driveway-curb-appeal-for-selling-your-home/index.html,hero-glossy-paver-drive-warm-glow.webp,"freshly sealed paver driveway leading to a tidy front entry, groomed lawn on both sides, pavers, residential frontage, sealed, golden hour, eye level","people, faces, vehicle badges, brand logos, text, watermarks, signage, house numbers","freshly sealed paver driveway leading to a tidy front entry, groomed lawn on both sides",pavers,residential frontage,sealed,golden hour,eye level,Glossy sealed paver driveway glowing in warm evening light,pending
https://drivewayzusa.co/guides/driveway-customer-communication-setting-expectations/,driveway-customer-communication-setting-expectations,B_REPLACE_BULK,guides/driveway-customer-communication-setting-expectations/index.html,hero-gravel-base-awaiting-first-pour.webp,"compacted gravel driveway base graded and ready for its first surface course, gravel, work-in-progress, mid-repair, overcast, elevated three-quarter","people, faces, vehicle badges, brand logos, text, watermarks, signage, house numbers",compacted gravel driveway base graded and ready for its first surface course,gravel,work-in-progress,mid-repair,overcast,elevated three-quarter,Compacted gravel driveway base awaiting its first surface pour,pending
https://drivewayzusa.co/guides/driveway-damage-after-construction-getting-contractors-to-pay/,driveway-damage-after-construction-getting-contractors-to-pay,B_REPLACE_BULK,guides/driveway-damage-after-construction-getting-contractors-to-pay/index.html,hero-deep-tire-gouge-cracked-slab.webp,"deep tire gouges and fresh cracks scarring a concrete driveway slab, concrete, close-up surface detail, cracked, bright midday, low angle along surface","people, faces, vehicle badges, brand logos, text, watermarks, signage, house numbers",deep tire gouges and fresh cracks scarring a concrete driveway slab,concrete,close-up surface detail,cracked,bright midday,low angle along surface,Deep tire gouges and cracks across a concrete driveway slab,pending
https://drivewayzusa.co/guides/driveway-damage-from-garbage-trucks-filing-for-repairs/,driveway-damage-from-garbage-trucks-filing-for-repairs,B_REPLACE_BULK,guides/driveway-damage-from-garbage-trucks-filing-for-repairs/index.html,hero-crushed-slab-corner-heavy-load.webp,"crushed and broken corner of a concrete driveway slab with rubble fragments, concrete, close-up surface detail, cracked, overcast, eye level","people, faces, vehicle badges, brand logos, text, watermarks, signage, house numbers",crushed and broken corner of a concrete driveway slab with rubble fragments,concrete,close-up surface detail,cracked,overcast,eye level,Crushed concrete slab corner broken under a heavy load,pending
https://drivewayzusa.co/guides/driveway-defect-notification-reporting-problems-promptly/,driveway-defect-notification-reporting-problems-promptly,B_REPLACE_BULK,guides/driveway-defect-notification-reporting-problems-promptly/index.html,hero-spreading-crack-wet-asphalt-closeup.webp,"spreading crack cutting across a rain darkened asphalt driveway surface, asphalt, close-up surface detail, cracked, wet after rain, low angle along surface","people, faces, vehicle badges, brand logos, text, watermarks, signage, house numbers",spreading crack cutting across a rain darkened asphalt driveway surface,asphalt,close-up surface detail,cracked,wet after rain,low angle along surface,Spreading crack across a rain darkened asphalt driveway surface,pending
https://drivewayzusa.co/guides/driveway-deflection-testing-measuring-structural-capacity/,driveway-deflection-testing-measuring-structural-capacity,B_REPLACE_BULK,guides/driveway-deflection-testing-measuring-structural-capacity/index.html,hero-straightedge-across-concrete-slab.webp,"metal straightedge resting across a smooth new concrete driveway slab, concrete, close-up surface detail, new, overcast, low angle along surface","people, faces, vehicle badges, brand logos, text, watermarks, signage, house numbers",metal straightedge resting across a smooth new concrete driveway slab,concrete,close-up surface detail,new,overcast,low angle along surface,Metal straightedge resting across a smooth concrete driveway slab,pending
https://drivewayzusa.co/guides/driveway-degreaser-best-products-for-stubborn-stains/,driveway-degreaser-best-products-for-stubborn-stains,B_REPLACE_BULK,guides/driveway-degreaser-best-products-for-stubborn-stains/index.html,hero-dark-oil-stains-gray-concrete.webp,"dark oil stains soaked into weathered gray concrete driveway panels, concrete, close-up surface detail, weathered, bright midday, eye level","people, faces, vehicle badges, brand logos, text, watermarks, signage, house numbers",dark oil stains soaked into weathered gray concrete driveway panels,concrete,close-up surface detail,weathered,bright midday,eye level,Dark oil stains soaking into weathered gray concrete,pending
https://drivewayzusa.co/guides/driveway-demolition-and-removal-cost-and-process/,driveway-demolition-and-removal-cost-and-process,B_REPLACE_BULK,guides/driveway-demolition-and-removal-cost-and-process/index.html,hero-broken-slab-chunks-removal-site.webp,"broken concrete slab chunks heaped in a pile during driveway removal, concrete, work-in-progress, mid-repair, bright midday, eye level","people, faces, vehicle badges, brand logos, text, watermarks, signage, house numbers",broken concrete slab chunks heaped in a pile during driveway removal,concrete,work-in-progress,mid-repair,bright midday,eye level,Broken concrete slab chunks piled during driveway removal,pending
https://drivewayzusa.co/guides/driveway-demolition-and-removal-costs/,driveway-demolition-and-removal-costs,B_REPLACE_BULK,guides/driveway-demolition-and-removal-costs/index.html,hero-torn-up-asphalt-chunks-pile.webp,"torn up asphalt chunks piled beside a stripped driveway bed, asphalt, work-in-progress, mid-repair, overcast, elevated three-quarter","people, faces, vehicle badges, brand logos, text, watermarks, signage, house numbers",torn up asphalt chunks piled beside a stripped driveway bed,asphalt,work-in-progress,mid-repair,overcast,elevated three-quarter,Torn up asphalt chunks heaped beside a stripped driveway,pending
https://drivewayzusa.co/guides/driveway-demolition-permit-removing-existing-pavement/,driveway-demolition-permit-removing-existing-pavement,B_REPLACE_BULK,guides/driveway-demolition-permit-removing-existing-pavement/index.html,hero-excavated-drive-footprint-string-lines.webp,"excavated driveway footprint outlined with grade stakes and string lines, none, work-in-progress, mid-repair, overcast, elevated three-quarter","people, faces, vehicle badges, brand logos, text, watermarks, signage, house numbers",excavated driveway footprint outlined with grade stakes and string lines,none,work-in-progress,mid-repair,overcast,elevated three-quarter,Excavated driveway footprint marked with stakes and string,pending
https://drivewayzusa.co/guides/driveway-density-test-confirming-proper-compaction/,driveway-density-test-confirming-proper-compaction,B_REPLACE_BULK,guides/driveway-density-test-confirming-proper-compaction/index.html,hero-firmly-compacted-gravel-surface-texture.webp,"tightly compacted gravel base surface with dense interlocked stone texture, gravel, close-up surface detail, new, bright midday, low angle along surface","people, faces, vehicle badges, brand logos, text, watermarks, signage, house numbers",tightly compacted gravel base surface with dense interlocked stone texture,gravel,close-up surface detail,new,bright midday,low angle along surface,Firmly compacted gravel base surface with tight stone texture,pending
https://drivewayzusa.co/guides/driveway-deposit-amount-how-much-is-too-much/,driveway-deposit-amount-how-much-is-too-much,B_REPLACE_BULK,guides/driveway-deposit-amount-how-much-is-too-much/index.html,hero-new-broomed-surface-macro-detail.webp,"new broomed concrete driveway surface texture filling the frame, concrete, close-up surface detail, new, overcast, low angle along surface","people, faces, vehicle badges, brand logos, text, watermarks, signage, house numbers",new broomed concrete driveway surface texture filling the frame,concrete,close-up surface detail,new,overcast,low angle along surface,New broomed concrete surface texture in soft overcast light,pending
https://drivewayzusa.co/guides/driveway-design-build-contract-one-stop-shop-approach/,driveway-design-build-contract-one-stop-shop-approach,B_REPLACE_BULK,guides/driveway-design-build-contract-one-stop-shop-approach/index.html,hero-form-lumber-stakes-evening-base.webp,"form lumber and stakes outlining a gravel driveway base ready to pour, gravel, work-in-progress, mid-repair, golden hour, eye level","people, faces, vehicle badges, brand logos, text, watermarks, signage, house numbers",form lumber and stakes outlining a gravel driveway base ready to pour,gravel,work-in-progress,mid-repair,golden hour,eye level,Form lumber and stakes outline a gravel driveway base,pending
https://drivewayzusa.co/guides/driveway-design-ideas-from-hgtv-what-works-in-real-life/,driveway-design-ideas-from-hgtv-what-works-in-real-life,B_REPLACE_BULK,guides/driveway-design-ideas-from-hgtv-what-works-in-real-life/index.html,hero-basketweave-paver-frontage-evening.webp,"basketweave pattern paver driveway sweeping up to a front entry, pavers, residential frontage, new, golden hour, elevated three-quarter","people, faces, vehicle badges, brand logos, text, watermarks, signage, house numbers",basketweave pattern paver driveway sweeping up to a front entry,pavers,residential frontage,new,golden hour,elevated three-quarter,Basketweave paver driveway glowing in warm evening light,pending
https://drivewayzusa.co/guides/driveway-design-mistakes-that-lower-your-home-value/,driveway-design-mistakes-that-lower-your-home-value,B_REPLACE_BULK,guides/driveway-design-mistakes-that-lower-your-home-value/index.html,hero-stained-weathered-drive-uneven-panels.webp,"stained weathered driveway with uneven settled concrete panels at a frontage, concrete, residential frontage, weathered, overcast, eye level","people, faces, vehicle badges, brand logos, text, watermarks, signage, house numbers",stained weathered driveway with uneven settled concrete panels at a frontage,concrete,residential frontage,weathered,overcast,eye level,Stained weathered driveway with uneven settled concrete panels,pending
https://drivewayzusa.co/guides/driveway-do-nothing-alternative-when-waiting-is-smart/,driveway-do-nothing-alternative-when-waiting-is-smart,B_REPLACE_BULK,guides/driveway-do-nothing-alternative-when-waiting-is-smart/index.html,hero-aged-asphalt-drive-still-intact.webp,"aged asphalt driveway faded gray but still intact along a rural approach, asphalt, rural approach, weathered, overcast, eye level","people, faces, vehicle badges, brand logos, text, watermarks, signage, house numbers",aged asphalt driveway faded gray but still intact along a rural approach,asphalt,rural approach,weathered,overcast,eye level,Aged asphalt driveway faded gray but still intact,pending
https://drivewayzusa.co/guides/driveway-drainage-problems-causes-and-fixes/,driveway-drainage-problems-causes-and-fixes,B_REPLACE_BULK,guides/driveway-drainage-problems-causes-and-fixes/index.html,hero-standing-water-low-spot-drive.webp,"standing water pooled in a low spot on a weathered asphalt driveway, asphalt, close-up surface detail, weathered, wet after rain, low angle along surface","people, faces, vehicle badges, brand logos, text, watermarks, signage, house numbers",standing water pooled in a low spot on a weathered asphalt driveway,asphalt,close-up surface detail,weathered,wet after rain,low angle along surface,Standing water pooled in a low spot on asphalt,pending
https://drivewayzusa.co/guides/driveway-drone-photography-aerial-view-of-your-property/,driveway-drone-photography-aerial-view-of-your-property,B_REPLACE_BULK,guides/driveway-drone-photography-aerial-view-of-your-property/index.html,hero-high-view-concrete-drive-lawn-stripes.webp,"long new concrete driveway bordered by striped lawn seen from a high vantage, concrete, residential frontage, new, bright midday, elevated three-quarter","people, faces, vehicle badges, brand logos, text, watermarks, signage, house numbers",long new concrete driveway bordered by striped lawn seen from a high vantage,concrete,residential frontage,new,bright midday,elevated three-quarter,High angle look down a long concrete driveway,pending
https://drivewayzusa.co/guides/driveway-edge-crumbling-causes-and-repair-solutions/,driveway-edge-crumbling-causes-and-repair-solutions,B_REPLACE_BULK,guides/driveway-edge-crumbling-causes-and-repair-solutions/index.html,hero-crumbling-concrete-edge-gravel-verge.webp,"crumbling concrete driveway edge breaking away into a gravel verge, concrete, close-up surface detail, cracked, bright midday, low angle along surface","people, faces, vehicle badges, brand logos, text, watermarks, signage, house numbers",crumbling concrete driveway edge breaking away into a gravel verge,concrete,close-up surface detail,cracked,bright midday,low angle along surface,Crumbling concrete driveway edge shedding gravel at the verge,pending
https://drivewayzusa.co/guides/driveway-edging-options-and-installation-guide/,driveway-edging-options-and-installation-guide,B_REPLACE_BULK,guides/driveway-edging-options-and-installation-guide/index.html,hero-soldier-course-paver-edging.webp,"soldier course paver edging strip bordering a concrete driveway, pavers, close-up surface detail, new, golden hour, low angle along surface","people, faces, vehicle badges, brand logos, text, watermarks, signage, house numbers",soldier course paver edging strip bordering a concrete driveway,pavers,close-up surface detail,new,golden hour,low angle along surface,Soldier course paver edging bordering a concrete driveway,pending
https://drivewayzusa.co/guides/driveway-electric-scooter-and-bike-access-micro-mobility-design/,driveway-electric-scooter-and-bike-access-micro-mobility-design,B_REPLACE_BULK,guides/driveway-electric-scooter-and-bike-access-micro-mobility-design/index.html,hero-wide-smooth-drive-gentle-curve.webp,"wide smooth concrete driveway with a gentle entry curve at a frontage, concrete, residential frontage, new, bright midday, elevated three-quarter","people, faces, vehicle badges, brand logos, text, watermarks, signage, house numbers",wide smooth concrete driveway with a gentle entry curve at a frontage,concrete,residential frontage,new,bright midday,elevated three-quarter,Wide smooth concrete driveway with a gentle entry curve,pending
https://drivewayzusa.co/guides/driveway-emergency-repair-contact-list-be-prepared/,driveway-emergency-repair-contact-list-be-prepared,B_REPLACE_BULK,guides/driveway-emergency-repair-contact-list-be-prepared/index.html,hero-water-filled-pothole-asphalt-drive.webp,"water filled pothole breaking through the surface of an asphalt driveway, asphalt, close-up surface detail, cracked, wet after rain, eye level","people, faces, vehicle badges, brand logos, text, watermarks, signage, house numbers",water filled pothole breaking through the surface of an asphalt driveway,asphalt,close-up surface detail,cracked,wet after rain,eye level,Water filled pothole breaking through an asphalt driveway,pending
https://drivewayzusa.co/guides/driveway-emergency-vehicle-access-width-and-turn-requirements/,driveway-emergency-vehicle-access-width-and-turn-requirements,B_REPLACE_BULK,guides/driveway-emergency-vehicle-access-width-and-turn-requirements/index.html,hero-extra-wide-sealed-rural-drive.webp,"extra wide sealed driveway stretching across open rural land, asphalt, rural approach, sealed, golden hour, elevated three-quarter","people, faces, vehicle badges, brand logos, text, watermarks, signage, house numbers",extra wide sealed driveway stretching across open rural land,asphalt,rural approach,sealed,golden hour,elevated three-quarter,Extra wide sealed driveway stretching across open land,pending
https://drivewayzusa.co/guides/driveway-encroachment-permit-when-you-cross-property-lines/,driveway-encroachment-permit-when-you-cross-property-lines,B_REPLACE_BULK,guides/driveway-encroachment-permit-when-you-cross-property-lines/index.html,hero-wide-concrete-apron-street-walk.webp,"wide concrete driveway apron reaching the public walk by the street, concrete, residential frontage, new, bright midday, eye level","people, faces, vehicle badges, brand logos, text, watermarks, signage, house numbers",wide concrete driveway apron reaching the public walk by the street,concrete,residential frontage,new,bright midday,eye level,Wide concrete driveway apron reaching the walk by the street,pending
https://drivewayzusa.co/guides/driveway-encroachment-what-to-do/,driveway-encroachment-what-to-do,B_REPLACE_BULK,guides/driveway-encroachment-what-to-do/index.html,hero-neighboring-drives-shared-seam.webp,"shared seam where two neighboring driveways meet side by side, asphalt, close-up surface detail, weathered, overcast, low angle along surface","people, faces, vehicle badges, brand logos, text, watermarks, signage, house numbers",shared seam where two neighboring driveways meet side by side,asphalt,close-up surface detail,weathered,overcast,low angle along surface,Two neighboring driveways meeting at a shared center seam,pending
https://drivewayzusa.co/guides/driveway-engraved-concrete-custom-designs-after-installation/,driveway-engraved-concrete-custom-designs-after-installation,B_REPLACE_BULK,guides/driveway-engraved-concrete-custom-designs-after-installation/index.html,hero-carved-pattern-concrete-slab.webp,"decorative carved geometric pattern cut into a smooth concrete slab surface, concrete, residential frontage, new, golden hour, eye level","people, faces, vehicle badges, brand logos, text, watermarks, signage, house numbers",decorative carved geometric pattern cut into a smooth concrete slab surface,concrete,residential frontage,new,golden hour,eye level,Carved geometric pattern cut into a smooth concrete slab,pending
https://drivewayzusa.co/guides/driveway-environmental-assessment-contaminated-soil-check/,driveway-environmental-assessment-contaminated-soil-check,B_REPLACE_BULK,guides/driveway-environmental-assessment-contaminated-soil-check/index.html,hero-sample-hole-bare-earth-strip.webp,"small soil sample test hole dug beside a bare earth drive strip with mounded spoil, none, work-in-progress, mid-repair, wet after rain, elevated three-quarter","people, faces, vehicle badges, brand logos, text, watermarks, signage, house numbers",small soil sample test hole dug beside a bare earth drive strip with mounded spoil,none,work-in-progress,mid-repair,wet after rain,elevated three-quarter,Small sample hole dug beside a bare earth drive strip,pending
https://drivewayzusa.co/guides/driveway-estimating-mistakes-contractors-make/,driveway-estimating-mistakes-contractors-make,B_REPLACE_BULK,guides/driveway-estimating-mistakes-contractors-make/index.html,hero-uneven-form-boards-gravel-base.webp,"uneven wooden form boards staked along a gravel driveway base, gravel, work-in-progress, mid-repair, overcast, low angle along surface","people, faces, vehicle badges, brand logos, text, watermarks, signage, house numbers",uneven wooden form boards staked along a gravel driveway base,gravel,work-in-progress,mid-repair,overcast,low angle along surface,Uneven wooden form boards staked along a gravel base,pending
https://drivewayzusa.co/guides/driveway-estimation-software-digital-bidding-tools/,driveway-estimation-software-digital-bidding-tools,B_REPLACE_BULK,guides/driveway-estimation-software-digital-bidding-tools/index.html,hero-damp-broom-lines-fresh-pour.webp,"damp broom lines across a freshly poured concrete driveway surface, concrete, work-in-progress, new, bright midday, eye level","people, faces, vehicle badges, brand logos, text, watermarks, signage, house numbers",damp broom lines across a freshly poured concrete driveway surface,concrete,work-in-progress,new,bright midday,eye level,Damp broom lines across a freshly poured concrete surface,pending
https://drivewayzusa.co/guides/driveway-excavation-and-site-preparation/,driveway-excavation-and-site-preparation,B_REPLACE_BULK,guides/driveway-excavation-and-site-preparation/index.html,hero-excavated-strip-string-lines.webp,"open excavated driveway strip with leveled soil and taut string lines between stakes, none, work-in-progress, mid-repair, bright midday, elevated three-quarter","people, faces, vehicle badges, brand logos, text, watermarks, signage, house numbers",open excavated driveway strip with leveled soil and taut string lines between stakes,none,work-in-progress,mid-repair,bright midday,elevated three-quarter,Open excavated strip with leveled soil and string lines,pending
https://drivewayzusa.co/guides/driveway-excavation-grading/,driveway-excavation-grading,B_REPLACE_BULK,guides/driveway-excavation-grading/index.html,hero-graded-gravel-base-slope.webp,"freshly graded gravel base sloping gently toward the street, gravel, work-in-progress, mid-repair, overcast, low angle along surface","people, faces, vehicle badges, brand logos, text, watermarks, signage, house numbers",freshly graded gravel base sloping gently toward the street,gravel,work-in-progress,mid-repair,overcast,low angle along surface,Freshly graded gravel base sloping gently toward the street,pending
https://drivewayzusa.co/guides/driveway-expansion-joint-repair-and-replacement/,driveway-expansion-joint-repair-and-replacement,B_REPLACE_BULK,guides/driveway-expansion-joint-repair-and-replacement/index.html,hero-old-filler-wide-joint-gap.webp,"old crumbling filler pulled from a wide expansion joint gap between concrete slabs, concrete, close-up surface detail, mid-repair, bright midday, low angle along surface","people, faces, vehicle badges, brand logos, text, watermarks, signage, house numbers",old crumbling filler pulled from a wide expansion joint gap between concrete slabs,concrete,close-up surface detail,mid-repair,bright midday,low angle along surface,Old filler pulled from a wide gap between concrete slabs,pending
https://drivewayzusa.co/guides/driveway-expansion-joints-and-control-joints-explained/,driveway-expansion-joints-and-control-joints-explained,B_REPLACE_BULK,guides/driveway-expansion-joints-and-control-joints-explained/index.html,hero-sawn-grooves-wide-gaps-slab.webp,"sawn control grooves and wider expansion gaps crossing a new concrete driveway, concrete, close-up surface detail, new, overcast, elevated three-quarter","people, faces, vehicle badges, brand logos, text, watermarks, signage, house numbers",sawn control grooves and wider expansion gaps crossing a new concrete driveway,concrete,close-up surface detail,new,overcast,elevated three-quarter,Sawn grooves and wide gaps crossing a new concrete surface,pending
https://drivewayzusa.co/guides/driveway-exposed-aggregate-sealing-protecting-the-finish/,driveway-exposed-aggregate-sealing-protecting-the-finish,B_REPLACE_BULK,guides/driveway-exposed-aggregate-sealing-protecting-the-finish/index.html,hero-wet-sheen-pebbled-concrete.webp,"glossy sealer sheen over exposed pebble aggregate after rain, concrete, close-up surface detail, sealed, wet after rain, low angle along surface","people, faces, vehicle badges, brand logos, text, watermarks, signage, house numbers",glossy sealer sheen over exposed pebble aggregate after rain,concrete,close-up surface detail,sealed,wet after rain,low angle along surface,Glossy wet sheen over pebbled concrete after a rain shower,pending
https://drivewayzusa.co/guides/driveway-failure-analysis-root-cause-identification/,driveway-failure-analysis-root-cause-identification,B_REPLACE_BULK,guides/driveway-failure-analysis-root-cause-identification/index.html,hero-settled-slab-deep-cracks.webp,"settled concrete slab with deep cracks and a broken corner, concrete, close-up surface detail, cracked, overcast, low angle along surface","people, faces, vehicle badges, brand logos, text, watermarks, signage, house numbers",settled concrete slab with deep cracks and a broken corner,concrete,close-up surface detail,cracked,overcast,low angle along surface,Settled slab with deep cracks and a broken corner,pending
https://drivewayzusa.co/guides/driveway-fall-preparation-leaf-removal-and-pre-winter-care/,driveway-fall-preparation-leaf-removal-and-pre-winter-care,B_REPLACE_BULK,guides/driveway-fall-preparation-leaf-removal-and-pre-winter-care/index.html,hero-autumn-leaves-concrete-strip.webp,"fallen autumn leaves scattered across a weathered concrete driveway, concrete, residential frontage, weathered, golden hour, eye level","people, faces, vehicle badges, brand logos, text, watermarks, signage, house numbers",fallen autumn leaves scattered across a weathered concrete driveway,concrete,residential frontage,weathered,golden hour,eye level,Fallen autumn leaves scattered across a weathered concrete parking strip,pending
https://drivewayzusa.co/guides/driveway-faq-most-common-questions-answered/,driveway-faq-most-common-questions-answered,B_REPLACE_BULK,guides/driveway-faq-most-common-questions-answered/index.html,hero-dark-sealed-drive-plain-garage.webp,"dark sealed asphalt driveway leading to a plain garage, asphalt, residential frontage, sealed, bright midday, elevated three-quarter","people, faces, vehicle badges, brand logos, text, watermarks, signage, house numbers",dark sealed asphalt driveway leading to a plain garage,asphalt,residential frontage,sealed,bright midday,elevated three-quarter,Dark sealed asphalt drive leading to a plain garage,pending
https://drivewayzusa.co/guides/driveway-fence-setback-at-entry-visibility-requirements/,driveway-fence-setback-at-entry-visibility-requirements,B_REPLACE_BULK,guides/driveway-fence-setback-at-entry-visibility-requirements/index.html,hero-gravel-opening-low-wooden-rails.webp,"gravel driveway entry opening between low wooden fence rails and posts, gravel, rural approach, weathered, golden hour, eye level","people, faces, vehicle badges, brand logos, text, watermarks, signage, house numbers",gravel driveway entry opening between low wooden fence rails and posts,gravel,rural approach,weathered,golden hour,eye level,Gravel drive opening between low wooden rails and posts,pending
https://drivewayzusa.co/guides/driveway-fiber-reinforced-overlay-enhanced-crack-resistance/,driveway-fiber-reinforced-overlay-enhanced-crack-resistance,B_REPLACE_BULK,guides/driveway-fiber-reinforced-overlay-enhanced-crack-resistance/index.html,hero-thin-resurfacing-coat-aged-drive.webp,"fresh thin resurfacing coat being spread across an aging concrete driveway, concrete, work-in-progress, mid-repair, overcast, low angle along surface","people, faces, vehicle badges, brand logos, text, watermarks, signage, house numbers",fresh thin resurfacing coat being spread across an aging concrete driveway,concrete,work-in-progress,mid-repair,overcast,low angle along surface,Fresh thin resurfacing coat spread across an aging concrete drive,pending
https://drivewayzusa.co/guides/driveway-final-completion-when-everything-is-done/,driveway-final-completion-when-everything-is-done,B_REPLACE_BULK,guides/driveway-final-completion-when-everything-is-done/index.html,hero-finished-new-slab-evening-light.webp,"finished new concrete driveway glowing in soft evening light, concrete, residential frontage, new, golden hour, eye level","people, faces, vehicle badges, brand logos, text, watermarks, signage, house numbers",finished new concrete driveway glowing in soft evening light,concrete,residential frontage,new,golden hour,eye level,Finished new concrete surface glowing in soft evening light,pending
https://drivewayzusa.co/guides/driveway-final-inspection-checklist-passing-municipal-review/,driveway-final-inspection-checklist-passing-municipal-review,B_REPLACE_BULK,guides/driveway-final-inspection-checklist-passing-municipal-review/index.html,hero-straight-sawn-grooves-from-above.webp,"clean new concrete slab with straight sawn grooves seen from a high view, concrete, residential frontage, new, bright midday, elevated three-quarter","people, faces, vehicle badges, brand logos, text, watermarks, signage, house numbers",clean new concrete slab with straight sawn grooves seen from a high view,concrete,residential frontage,new,bright midday,elevated three-quarter,Clean new slab with straight sawn grooves viewed from above,pending
https://drivewayzusa.co/guides/driveway-final-payment-when-to-release-the-last-check/,driveway-final-payment-when-to-release-the-last-check,B_REPLACE_BULK,guides/driveway-final-payment-when-to-release-the-last-check/index.html,hero-raindrops-freshly-sealed-surface.webp,"raindrops beading on a freshly sealed concrete driveway surface, concrete, close-up surface detail, sealed, wet after rain, low angle along surface","people, faces, vehicle badges, brand logos, text, watermarks, signage, house numbers",raindrops beading on a freshly sealed concrete driveway surface,concrete,close-up surface detail,sealed,wet after rain,low angle along surface,Raindrops beading on a freshly sealed concrete surface,pending
https://drivewayzusa.co/guides/driveway-financing-options-for-homeowners/,driveway-financing-options-for-homeowners,B_REPLACE_BULK,guides/driveway-financing-options-for-homeowners/index.html,hero-fine-broom-texture-bright-sun.webp,"fine broom texture on new concrete in bright sunlight, concrete, close-up surface detail, new, bright midday, low angle along surface","people, faces, vehicle badges, brand logos, text, watermarks, signage, house numbers",fine broom texture on new concrete in bright sunlight,concrete,close-up surface detail,new,bright midday,low angle along surface,Fine broom texture on new concrete in bright sunlight,pending
https://drivewayzusa.co/guides/driveway-fire-access-requirements-meeting-fire-code/,driveway-fire-access-requirements-meeting-fire-code,B_REPLACE_BULK,guides/driveway-fire-access-requirements-meeting-fire-code/index.html,hero-wide-gravel-approach-open-sides.webp,"wide gravel driveway approach with clear open space on both sides, gravel, rural approach, weathered, bright midday, eye level","people, faces, vehicle badges, brand logos, text, watermarks, signage, house numbers",wide gravel driveway approach with clear open space on both sides,gravel,rural approach,weathered,bright midday,eye level,Wide gravel approach with clear open space on both sides,pending
https://drivewayzusa.co/guides/driveway-flexural-strength-bending-resistance-of-concrete/,driveway-flexural-strength-bending-resistance-of-concrete,B_REPLACE_BULK,guides/driveway-flexural-strength-bending-resistance-of-concrete/index.html,hero-thick-slab-edge-gravel-base.webp,"thick concrete slab edge resting on a compacted gravel base, concrete, close-up surface detail, new, overcast, eye level","people, faces, vehicle badges, brand logos, text, watermarks, signage, house numbers",thick concrete slab edge resting on a compacted gravel base,concrete,close-up surface detail,new,overcast,eye level,Thick concrete slab edge resting on a compacted gravel base,pending
https://drivewayzusa.co/guides/driveway-fog-seal-light-application-asphalt-preservation/,driveway-fog-seal-light-application-asphalt-preservation,B_REPLACE_BULK,guides/driveway-fog-seal-light-application-asphalt-preservation/index.html,hero-sealant-mist-half-blacktop.webp,"fine sealant mist darkening one half of a worn asphalt driveway, asphalt, work-in-progress, mid-repair, overcast, low angle along surface","people, faces, vehicle badges, brand logos, text, watermarks, signage, house numbers",fine sealant mist darkening one half of a worn asphalt driveway,asphalt,work-in-progress,mid-repair,overcast,low angle along surface,Fine sealant mist darkening one half of a worn blacktop drive,pending
https://drivewayzusa.co/guides/driveway-for-climate-zone-1-extreme-cold-materials/,driveway-for-climate-zone-1-extreme-cold-materials,B_REPLACE_BULK,guides/driveway-for-climate-zone-1-extreme-cold-materials/index.html,hero-snow-lined-concrete-gray-sky.webp,"snow lined concrete driveway under a flat gray winter sky, concrete, residential frontage, weathered, overcast, eye level","people, faces, vehicle badges, brand logos, text, watermarks, signage, house numbers",snow lined concrete driveway under a flat gray winter sky,concrete,residential frontage,weathered,overcast,eye level,Snow lined concrete drive under a flat gray sky,pending
https://drivewayzusa.co/guides/driveway-for-climate-zone-2-cold-winter-materials/,driveway-for-climate-zone-2-cold-winter-materials,B_REPLACE_BULK,guides/driveway-for-climate-zone-2-cold-winter-materials/index.html,hero-melting-frost-fine-cracks.webp,"melting frost around fine cracks in an asphalt driveway surface, asphalt, residential frontage, cracked, wet after rain, low angle along surface","people, faces, vehicle badges, brand logos, text, watermarks, signage, house numbers",melting frost around fine cracks in an asphalt driveway surface,asphalt,residential frontage,cracked,wet after rain,low angle along surface,Melting frost around fine cracks in a blacktop surface,pending
https://drivewayzusa.co/guides/driveway-for-climate-zone-3-mixed-climate-materials/,driveway-for-climate-zone-3-mixed-climate-materials,B_REPLACE_BULK,guides/driveway-for-climate-zone-3-mixed-climate-materials/index.html,hero-paver-half-sun-half-shade.webp,"paver driveway half in warm sun and half in cool shade, pavers, residential frontage, new, golden hour, elevated three-quarter","people, faces, vehicle badges, brand logos, text, watermarks, signage, house numbers",paver driveway half in warm sun and half in cool shade,pavers,residential frontage,new,golden hour,elevated three-quarter,Paver drive half in warm sun and half in cool shade,pending
https://drivewayzusa.co/guides/driveway-for-climate-zone-4-mild-winter-materials/,driveway-for-climate-zone-4-mild-winter-materials,B_REPLACE_BULK,guides/driveway-for-climate-zone-4-mild-winter-materials/index.html,hero-sunlit-gravel-frontage-low-shrubs.webp,"sunlit gravel driveway frontage bordered by low green shrubs, gravel, residential frontage, new, bright midday, eye level","people, faces, vehicle badges, brand logos, text, watermarks, signage, house numbers",sunlit gravel driveway frontage bordered by low green shrubs,gravel,residential frontage,new,bright midday,eye level,Sunlit gravel frontage bordered by low green shrubs,pending
https://drivewayzusa.co/guides/driveway-for-climate-zone-5-hot-and-humid-materials/,driveway-for-climate-zone-5-hot-and-humid-materials,B_REPLACE_BULK,guides/driveway-for-climate-zone-5-hot-and-humid-materials/index.html,hero-humid-shine-sealed-concrete-drive.webp,"sealed concrete drive glistening with moisture after rain, concrete, residential frontage, sealed, wet after rain, elevated three-quarter","people, faces, vehicle badges, brand logos, text, watermarks, signage, house numbers",sealed concrete drive glistening with moisture after rain,concrete,residential frontage,sealed,wet after rain,elevated three-quarter,Sealed concrete drive glistening with rain moisture under gray skies,pending
https://drivewayzusa.co/guides/driveway-for-climate-zone-6-hot-and-dry-materials/,driveway-for-climate-zone-6-hot-and-dry-materials,B_REPLACE_BULK,guides/driveway-for-climate-zone-6-hot-and-dry-materials/index.html,hero-dry-dusty-asphalt-rural-approach.webp,"dry dusty asphalt lane under harsh sun, asphalt, rural approach, weathered, bright midday, low angle along surface","people, faces, vehicle badges, brand logos, text, watermarks, signage, house numbers",dry dusty asphalt lane under harsh sun,asphalt,rural approach,weathered,bright midday,low angle along surface,Dry dusty asphalt lane stretching toward open land under harsh midday sun,pending
https://drivewayzusa.co/guides/driveway-for-rental-properties-best-materials-for-durability/,driveway-for-rental-properties-best-materials-for-durability,B_REPLACE_BULK,guides/driveway-for-rental-properties-best-materials-for-durability/index.html,hero-plain-asphalt-drive-overcast-frontage.webp,"plain asphalt front drive with neat edges, asphalt, residential frontage, new, overcast, eye level","people, faces, vehicle badges, brand logos, text, watermarks, signage, house numbers",plain asphalt front drive with neat edges,asphalt,residential frontage,new,overcast,eye level,Plain asphalt front drive in flat overcast light with neat edges,pending
https://drivewayzusa.co/guides/driveway-force-majeure-when-nature-stops-construction/,driveway-force-majeure-when-nature-stops-construction,B_REPLACE_BULK,guides/driveway-force-majeure-when-nature-stops-construction/index.html,hero-rain-puddles-unfinished-gravel-base.webp,"rain puddles pooling on an unfinished gravel base, gravel, work-in-progress, mid-repair, wet after rain, eye level","people, faces, vehicle badges, brand logos, text, watermarks, signage, house numbers",rain puddles pooling on an unfinished gravel base,gravel,work-in-progress,mid-repair,wet after rain,eye level,Rain puddles pooling on an unfinished gravel base at a halted work site,pending
https://drivewayzusa.co/guides/driveway-forensic-investigation-determining-cause-of-failure/,driveway-forensic-investigation-determining-cause-of-failure,B_REPLACE_BULK,guides/driveway-forensic-investigation-determining-cause-of-failure/index.html,hero-deep-branching-cracks-gray-asphalt.webp,"deep branching cracks across weathered gray asphalt, asphalt, close-up surface detail, cracked, overcast, low angle along surface","people, faces, vehicle badges, brand logos, text, watermarks, signage, house numbers",deep branching cracks across weathered gray asphalt,asphalt,close-up surface detail,cracked,overcast,low angle along surface,Deep branching cracks across weathered gray asphalt viewed at surface level,pending
https://drivewayzusa.co/guides/driveway-freeze-thaw-testing-astm-c666-method/,driveway-freeze-thaw-testing-astm-c666-method,B_REPLACE_BULK,guides/driveway-freeze-thaw-testing-astm-c666-method/index.html,hero-freeze-damaged-scaled-concrete-closeup.webp,"scaled flaking concrete surface with frost damage, concrete, close-up surface detail, cracked, overcast, eye level","people, faces, vehicle badges, brand logos, text, watermarks, signage, house numbers",scaled flaking concrete surface with frost damage,concrete,close-up surface detail,cracked,overcast,eye level,Scaled flaking concrete surface with frost damage shown in tight closeup,pending
https://drivewayzusa.co/guides/driveway-full-depth-reclamation-rebuilding-from-the-ground-up/,driveway-full-depth-reclamation-rebuilding-from-the-ground-up,B_REPLACE_BULK,guides/driveway-full-depth-reclamation-rebuilding-from-the-ground-up/index.html,hero-pulverized-reclaimed-drive-base.webp,"pulverized old pavement blended into fresh base material, gravel, work-in-progress, mid-repair, bright midday, elevated three-quarter","people, faces, vehicle badges, brand logos, text, watermarks, signage, house numbers",pulverized old pavement blended into fresh base material,gravel,work-in-progress,mid-repair,bright midday,elevated three-quarter,Pulverized old pavement blended into fresh base material awaiting compaction,pending
https://drivewayzusa.co/guides/driveway-garage-sale-setup-protecting-surface-from-display-items/,driveway-garage-sale-setup-protecting-surface-from-display-items,B_REPLACE_BULK,guides/driveway-garage-sale-setup-protecting-surface-from-display-items/index.html,hero-foam-mats-sealed-concrete-drive.webp,"foam padding sheets resting on a sealed concrete drive, concrete, residential frontage, sealed, bright midday, elevated three-quarter","people, faces, vehicle badges, brand logos, text, watermarks, signage, house numbers",foam padding sheets resting on a sealed concrete drive,concrete,residential frontage,sealed,bright midday,elevated three-quarter,Foam padding sheets resting on a sealed concrete drive in midday sun,pending
https://drivewayzusa.co/guides/driveway-garden-adjacent-design-protecting-both-zones/,driveway-garden-adjacent-design-protecting-both-zones,B_REPLACE_BULK,guides/driveway-garden-adjacent-design-protecting-both-zones/index.html,hero-gravel-drive-flowering-garden-border.webp,"gravel drive bordered by flowering garden beds, gravel, residential frontage, new, golden hour, eye level","people, faces, vehicle badges, brand logos, text, watermarks, signage, house numbers",gravel drive bordered by flowering garden beds,gravel,residential frontage,new,golden hour,eye level,Gravel drive bordered by flowering garden beds in warm evening light,pending
https://drivewayzusa.co/guides/driveway-gas-line-proximity-safety-setbacks/,driveway-gas-line-proximity-safety-setbacks,B_REPLACE_BULK,guides/driveway-gas-line-proximity-safety-setbacks/index.html,hero-locate-flags-along-gravel-edge.webp,"small utility marking flags along the edge of a gravel drive, gravel, work-in-progress, mid-repair, overcast, eye level","people, faces, vehicle badges, brand logos, text, watermarks, signage, house numbers",small utility marking flags along the edge of a gravel drive,gravel,work-in-progress,mid-repair,overcast,eye level,Small utility marking flags lining the edge of a gravel drive,pending
https://drivewayzusa.co/guides/driveway-gates-and-security-features/,driveway-gates-and-security-features,B_REPLACE_BULK,guides/driveway-gates-and-security-features/index.html,hero-closed-metal-gate-asphalt-lane.webp,"closed metal gate spanning a weathered asphalt lane, asphalt, rural approach, weathered, golden hour, eye level","people, faces, vehicle badges, brand logos, text, watermarks, signage, house numbers",closed metal gate spanning a weathered asphalt lane,asphalt,rural approach,weathered,golden hour,eye level,Closed metal gate spanning a weathered asphalt lane at golden hour,pending
https://drivewayzusa.co/guides/driveway-general-liability-insurance-what-contractors-need/,driveway-general-liability-insurance-what-contractors-need,B_REPLACE_BULK,guides/driveway-general-liability-insurance-what-contractors-need/index.html,hero-wet-pour-between-wood-forms.webp,"wet concrete poured between wooden forms at an active site, concrete, work-in-progress, new, overcast, low angle along surface","people, faces, vehicle badges, brand logos, text, watermarks, signage, house numbers",wet concrete poured between wooden forms at an active site,concrete,work-in-progress,new,overcast,low angle along surface,Wet concrete poured between wooden forms at an active work site,pending
https://drivewayzusa.co/guides/driveway-geographic-information-system-gis-mapping-for-maintenance/,driveway-geographic-information-system-gis-mapping-for-maintenance,B_REPLACE_BULK,guides/driveway-geographic-information-system-gis-mapping-for-maintenance/index.html,hero-weathered-asphalt-drive-elevated-view.webp,"long weathered asphalt drive seen from a raised viewpoint, asphalt, rural approach, weathered, golden hour, elevated three-quarter","people, faces, vehicle badges, brand logos, text, watermarks, signage, house numbers",long weathered asphalt drive seen from a raised viewpoint,asphalt,rural approach,weathered,golden hour,elevated three-quarter,Long weathered asphalt drive seen from above in warm low light,pending
https://drivewayzusa.co/guides/driveway-geotechnical-assessment-soil-conditions-matter/,driveway-geotechnical-assessment-soil-conditions-matter,B_REPLACE_BULK,guides/driveway-geotechnical-assessment-soil-conditions-matter/index.html,hero-open-test-pit-soil-layers.webp,"open test pit exposing layered soil beside a planned drive route, none, work-in-progress, mid-repair, bright midday, eye level","people, faces, vehicle badges, brand logos, text, watermarks, signage, house numbers",open test pit exposing layered soil beside a planned drive route,none,work-in-progress,mid-repair,bright midday,eye level,Open test pit exposing layered soil beside a planned drive route,pending
https://drivewayzusa.co/guides/driveway-geotechnical-report-when-you-need-professional-soil-analysis/,driveway-geotechnical-report-when-you-need-professional-soil-analysis,B_REPLACE_BULK,guides/driveway-geotechnical-report-when-you-need-professional-soil-analysis/index.html,hero-damp-clay-subgrade-closeup.webp,"damp clay subgrade texture filling the frame, none, close-up surface detail, mid-repair, overcast, eye level","people, faces, vehicle badges, brand logos, text, watermarks, signage, house numbers",damp clay subgrade texture filling the frame,none,close-up surface detail,mid-repair,overcast,eye level,Damp clay subgrade texture filling the frame under soft gray light,pending
https://drivewayzusa.co/guides/driveway-glossary-terms-every-homeowner-should-know/,driveway-glossary-terms-every-homeowner-should-know,B_REPLACE_BULK,guides/driveway-glossary-terms-every-homeowner-should-know/index.html,hero-low-angle-broomed-concrete-joint.webp,"broomed concrete texture with a sawn joint, concrete, close-up surface detail, new, bright midday, low angle along surface","people, faces, vehicle badges, brand logos, text, watermarks, signage, house numbers",broomed concrete texture with a sawn joint,concrete,close-up surface detail,new,bright midday,low angle along surface,Broomed concrete texture with a sawn joint running toward the horizon,pending
https://drivewayzusa.co/guides/driveway-gps-staking-precise-layout-from-digital-plans/,driveway-gps-staking-precise-layout-from-digital-plans,B_REPLACE_BULK,guides/driveway-gps-staking-precise-layout-from-digital-plans/index.html,hero-layout-stakes-bright-string-lines.webp,"wooden stakes and bright string lines marking a future layout, none, work-in-progress, mid-repair, overcast, elevated three-quarter","people, faces, vehicle badges, brand logos, text, watermarks, signage, house numbers",wooden stakes and bright string lines marking a future layout,none,work-in-progress,mid-repair,overcast,elevated three-quarter,Wooden stakes and bright string lines marking a future drive layout,pending
https://drivewayzusa.co/guides/driveway-grade-and-slope-regulations/,driveway-grade-and-slope-regulations,B_REPLACE_BULK,guides/driveway-grade-and-slope-regulations/index.html,hero-steep-asphalt-drive-bright-sun.webp,"steeply sloped asphalt drive climbing toward a garage, asphalt, residential frontage, new, bright midday, elevated three-quarter","people, faces, vehicle badges, brand logos, text, watermarks, signage, house numbers",steeply sloped asphalt drive climbing toward a garage,asphalt,residential frontage,new,bright midday,elevated three-quarter,Steeply sloped asphalt drive climbing toward a garage in bright sun,pending
https://drivewayzusa.co/guides/driveway-grading-cost-leveling-before-installation/,driveway-grading-cost-leveling-before-installation,B_REPLACE_BULK,guides/driveway-grading-cost-leveling-before-installation/index.html,hero-leveled-gravel-bed-screed-rails.webp,"leveled gravel bed with screed rails, gravel, work-in-progress, mid-repair, overcast, low angle along surface","people, faces, vehicle badges, brand logos, text, watermarks, signage, house numbers",leveled gravel bed with screed rails,gravel,work-in-progress,mid-repair,overcast,low angle along surface,Leveled gravel bed with screed rails ready for the next layer,pending
https://drivewayzusa.co/guides/driveway-grading-permit-when-earthwork-requires-approval/,driveway-grading-permit-when-earthwork-requires-approval,B_REPLACE_BULK,guides/driveway-grading-permit-when-earthwork-requires-approval/index.html,hero-fresh-earth-cut-drive-site.webp,"freshly cut earth excavation for a new drive, none, work-in-progress, mid-repair, bright midday, eye level","people, faces, vehicle badges, brand logos, text, watermarks, signage, house numbers",freshly cut earth excavation for a new drive,none,work-in-progress,mid-repair,bright midday,eye level,Freshly cut earth excavation where a new drive will be built,pending
https://drivewayzusa.co/guides/driveway-graffiti-removal-protecting-your-property/,driveway-graffiti-removal-protecting-your-property,B_REPLACE_BULK,guides/driveway-graffiti-removal-protecting-your-property/index.html,hero-pressure-washed-stripe-gray-concrete.webp,"clean pressure washed stripe across stained gray concrete, concrete, close-up surface detail, mid-repair, bright midday, low angle along surface","people, faces, vehicle badges, brand logos, text, watermarks, signage, house numbers",clean pressure washed stripe across stained gray concrete,concrete,close-up surface detail,mid-repair,bright midday,low angle along surface,Clean pressure washed stripe cutting across stained gray concrete surface,pending
https://drivewayzusa.co/guides/driveway-ground-penetrating-radar-subsurface-investigation/,driveway-ground-penetrating-radar-subsurface-investigation,B_REPLACE_BULK,guides/driveway-ground-penetrating-radar-subsurface-investigation/index.html,hero-chalk-grid-weathered-asphalt-scan.webp,"chalk grid lines marked across weathered asphalt, asphalt, close-up surface detail, weathered, overcast, eye level","people, faces, vehicle badges, brand logos, text, watermarks, signage, house numbers",chalk grid lines marked across weathered asphalt,asphalt,close-up surface detail,weathered,overcast,eye level,Chalk grid lines marked across weathered asphalt before scanning begins,pending
https://drivewayzusa.co/guides/driveway-guaranteed-maximum-price-budget-protection/,driveway-guaranteed-maximum-price-budget-protection,B_REPLACE_BULK,guides/driveway-guaranteed-maximum-price-budget-protection/index.html,hero-string-grid-over-graded-base.webp,"string grid stretched over a graded base, gravel, work-in-progress, mid-repair, overcast, low angle along surface","people, faces, vehicle badges, brand logos, text, watermarks, signage, house numbers",string grid stretched over a graded base,gravel,work-in-progress,mid-repair,overcast,low angle along surface,String grid stretched over a graded base awaiting its new surface,pending
https://drivewayzusa.co/guides/driveway-habitat-impact-environmental-review-requirements/,driveway-habitat-impact-environmental-review-requirements,B_REPLACE_BULK,guides/driveway-habitat-impact-environmental-review-requirements/index.html,hero-gravel-edge-tall-native-grasses.webp,"tall native grasses crowding the edge of a gravel lane, gravel, rural approach, weathered, golden hour, low angle along surface","people, faces, vehicle badges, brand logos, text, watermarks, signage, house numbers",tall native grasses crowding the edge of a gravel lane,gravel,rural approach,weathered,golden hour,low angle along surface,Tall native grasses crowding the edge of a gravel lane in warm evening light,pending
https://drivewayzusa.co/guides/driveway-heaving-and-buckling-causes-and-repair-options/,driveway-heaving-and-buckling-causes-and-repair-options,B_REPLACE_BULK,guides/driveway-heaving-and-buckling-causes-and-repair-options/index.html,hero-lifted-concrete-slab-buckled-joint.webp,"lifted concrete slab tilted at a buckled joint, concrete, close-up surface detail, cracked, bright midday, low angle along surface","people, faces, vehicle badges, brand logos, text, watermarks, signage, house numbers",lifted concrete slab tilted at a buckled joint,concrete,close-up surface detail,cracked,bright midday,low angle along surface,Lifted concrete slab tilted at a buckled joint in harsh sunlight,pending
https://drivewayzusa.co/guides/driveway-heavy-equipment-safety-avoiding-accidents/,driveway-heavy-equipment-safety-avoiding-accidents,B_REPLACE_BULK,guides/driveway-heavy-equipment-safety-avoiding-accidents/index.html,hero-ride-on-roller-fresh-mat-edge.webp,"ride-on roller parked beside a fresh asphalt mat with clear open space around it, asphalt, work-in-progress, new, bright midday, low angle along surface","people, faces, vehicle badges, brand logos, text, watermarks, signage, house numbers",ride-on roller parked beside a fresh asphalt mat with clear open space around it,asphalt,work-in-progress,new,bright midday,low angle along surface,ride-on roller parked beside a fresh asphalt mat in bright midday light,pending
https://drivewayzusa.co/guides/driveway-historic-preservation-standards-secretary-of-interior-guidelines/,driveway-historic-preservation-standards-secretary-of-interior-guidelines,B_REPLACE_BULK,guides/driveway-historic-preservation-standards-secretary-of-interior-guidelines/index.html,hero-worn-cobblestone-wheel-tracks.webp,"weathered cobblestone lane with worn wheel tracks and aged stone joints, cobblestone, rural approach, weathered, overcast, eye level","people, faces, vehicle badges, brand logos, text, watermarks, signage, house numbers",weathered cobblestone lane with worn wheel tracks and aged stone joints,cobblestone,rural approach,weathered,overcast,eye level,weathered cobblestone lane with worn wheel tracks under an overcast sky,pending
https://drivewayzusa.co/guides/driveway-holdback-protecting-against-incomplete-work/,driveway-holdback-protecting-against-incomplete-work,B_REPLACE_BULK,guides/driveway-holdback-protecting-against-incomplete-work/index.html,hero-partly-poured-slab-wood-forms.webp,"partly poured concrete slab inside wooden forms awaiting completion, concrete, work-in-progress, mid-repair, overcast, elevated three-quarter","people, faces, vehicle badges, brand logos, text, watermarks, signage, house numbers",partly poured concrete slab inside wooden forms awaiting completion,concrete,work-in-progress,mid-repair,overcast,elevated three-quarter,partly poured concrete slab inside wooden forms awaiting completion,pending
https://drivewayzusa.co/guides/driveway-holiday-decorating-tips-protecting-your-surface/,driveway-holiday-decorating-tips-protecting-your-surface,B_REPLACE_BULK,guides/driveway-holiday-decorating-tips-protecting-your-surface/index.html,hero-string-lights-sealed-drive-dusk.webp,"sealed asphalt frontage at dusk with string lights along the lawn edge, asphalt, residential frontage, sealed, golden hour, eye level","people, faces, vehicle badges, brand logos, text, watermarks, signage, house numbers",sealed asphalt frontage at dusk with string lights along the lawn edge,asphalt,residential frontage,sealed,golden hour,eye level,sealed asphalt driveway frontage at dusk with string lights along the lawn edge,pending
https://drivewayzusa.co/guides/driveway-hot-asphalt-burns-worker-safety-protocols/,driveway-hot-asphalt-burns-worker-safety-protocols,B_REPLACE_BULK,guides/driveway-hot-asphalt-burns-worker-safety-protocols/index.html,hero-steam-rising-fresh-asphalt.webp,"steam rising from a freshly laid hot asphalt mat, asphalt, work-in-progress, new, bright midday, low angle along surface","people, faces, vehicle badges, brand logos, text, watermarks, signage, house numbers",steam rising from a freshly laid hot asphalt mat,asphalt,work-in-progress,new,bright midday,low angle along surface,steam rising from a freshly laid hot asphalt mat in midday sun,pending
https://drivewayzusa.co/guides/driveway-hot-in-place-recycling-repurposing-existing-asphalt/,driveway-hot-in-place-recycling-repurposing-existing-asphalt,B_REPLACE_BULK,guides/driveway-hot-in-place-recycling-repurposing-existing-asphalt/index.html,hero-milled-asphalt-grooves-closeup.webp,"parallel grooves milled into weathered asphalt pavement ready for reworking, asphalt, close-up surface detail, mid-repair, overcast, low angle along surface","people, faces, vehicle badges, brand logos, text, watermarks, signage, house numbers",parallel grooves milled into weathered asphalt pavement ready for reworking,asphalt,close-up surface detail,mid-repair,overcast,low angle along surface,close view of parallel grooves milled into weathered asphalt pavement,pending
https://drivewayzusa.co/guides/driveway-hot-pour-crack-sealant-professional-application/,driveway-hot-pour-crack-sealant-professional-application,B_REPLACE_BULK,guides/driveway-hot-pour-crack-sealant-professional-application/index.html,hero-glossy-sealant-filled-crack.webp,"glossy hot pour sealant ribbon filling a long crack in asphalt, asphalt, close-up surface detail, mid-repair, golden hour, low angle along surface","people, faces, vehicle badges, brand logos, text, watermarks, signage, house numbers",glossy hot pour sealant ribbon filling a long crack in asphalt,asphalt,close-up surface detail,mid-repair,golden hour,low angle along surface,glossy dark filler ribbon settling into a long crack in weathered asphalt,pending
https://drivewayzusa.co/guides/driveway-hot-tire-marks-on-sealcoated-asphalt/,driveway-hot-tire-marks-on-sealcoated-asphalt,B_REPLACE_BULK,guides/driveway-hot-tire-marks-on-sealcoated-asphalt/index.html,hero-tire-scuff-marks-sealed-asphalt.webp,"dark tire scuff marks crossing a freshly sealed asphalt surface, asphalt, close-up surface detail, sealed, bright midday, eye level","people, faces, vehicle badges, brand logos, text, watermarks, signage, house numbers",dark tire scuff marks crossing a freshly sealed asphalt surface,asphalt,close-up surface detail,sealed,bright midday,eye level,dark rubber scuffs streaked across a freshly sealed asphalt surface,pending
https://drivewayzusa.co/guides/driveway-ideas-for-selling-your-home-fast/,driveway-ideas-for-selling-your-home-fast,B_REPLACE_BULK,guides/driveway-ideas-for-selling-your-home-fast/index.html,hero-tidy-paver-drive-sunset-glow.webp,"tidy interlocking paver driveway glowing beside a neat lawn at sunset, pavers, residential frontage, new, golden hour, elevated three-quarter","people, faces, vehicle badges, brand logos, text, watermarks, signage, house numbers",tidy interlocking paver driveway glowing beside a neat lawn at sunset,pavers,residential frontage,new,golden hour,elevated three-quarter,tidy interlocking paver driveway glowing in warm sunset light beside lawn,pending
https://drivewayzusa.co/guides/driveway-illumination-requirements-municipal-lighting-standards/,driveway-illumination-requirements-municipal-lighting-standards,B_REPLACE_BULK,guides/driveway-illumination-requirements-municipal-lighting-standards/index.html,hero-path-lights-concrete-drive-dusk.webp,"low path lights glowing along the edge of a sealed concrete driveway at dusk, concrete, residential frontage, sealed, golden hour, eye level","people, faces, vehicle badges, brand logos, text, watermarks, signage, house numbers",low path lights glowing along the edge of a sealed concrete driveway at dusk,concrete,residential frontage,sealed,golden hour,eye level,low path lights glowing along a sealed concrete driveway at dusk,pending
https://drivewayzusa.co/guides/driveway-impact-resistance-handling-dropped-objects/,driveway-impact-resistance-handling-dropped-objects,B_REPLACE_BULK,guides/driveway-impact-resistance-handling-dropped-objects/index.html,hero-impact-chip-concrete-surface.webp,"impact chip with radial cracks in a concrete driveway surface, concrete, close-up surface detail, cracked, bright midday, low angle along surface","people, faces, vehicle badges, brand logos, text, watermarks, signage, house numbers",impact chip with radial cracks in a concrete driveway surface,concrete,close-up surface detail,cracked,bright midday,low angle along surface,impact chip and radial cracks in a concrete driveway surface closeup,pending
https://drivewayzusa.co/guides/driveway-improvement-priorities-what-to-fix-first/,driveway-improvement-priorities-what-to-fix-first,B_REPLACE_BULK,guides/driveway-improvement-priorities-what-to-fix-first/index.html,hero-weathered-asphalt-frontage-fine-cracks.webp,"weathered asphalt frontage with fine cracks and faded patched areas, asphalt, residential frontage, weathered, overcast, elevated three-quarter","people, faces, vehicle badges, brand logos, text, watermarks, signage, house numbers",weathered asphalt frontage with fine cracks and faded patched areas,asphalt,residential frontage,weathered,overcast,elevated three-quarter,weathered asphalt frontage showing fine cracks and faded patched areas,pending
https://drivewayzusa.co/guides/driveway-in-buffer-zone-environmental-setback-requirements/,driveway-in-buffer-zone-environmental-setback-requirements,B_REPLACE_BULK,guides/driveway-in-buffer-zone-environmental-setback-requirements/index.html,hero-gravel-lane-reed-lined-verge.webp,"gravel lane bordered by tall reeds and meadow grasses under gray skies, gravel, rural approach, weathered, overcast, eye level","people, faces, vehicle badges, brand logos, text, watermarks, signage, house numbers",gravel lane bordered by tall reeds and meadow grasses under gray skies,gravel,rural approach,weathered,overcast,eye level,gravel lane bordered by tall reeds and wet meadow grasses under gray skies,pending
https://drivewayzusa.co/guides/driveway-industry-associations-napa-acpa-and-icpi/,driveway-industry-associations-napa-acpa-and-icpi,B_REPLACE_BULK,guides/driveway-industry-associations-napa-acpa-and-icpi/index.html,hero-crushed-stone-stockpile-graded-base.webp,"crushed stone stockpile beside a graded gravel driveway base, gravel, close-up surface detail, new, bright midday, eye level","people, faces, vehicle badges, brand logos, text, watermarks, signage, house numbers",crushed stone stockpile beside a graded gravel driveway base,gravel,close-up surface detail,new,bright midday,eye level,crushed stone stockpile beside a graded gravel driveway base in midday light,pending
https://drivewayzusa.co/guides/driveway-infrared-thermography-detecting-subsurface-voids/,driveway-infrared-thermography-detecting-subsurface-voids,B_REPLACE_BULK,guides/driveway-infrared-thermography-detecting-subsurface-voids/index.html,hero-chalk-survey-marks-weathered-concrete.webp,"chalk survey grid marked across a weathered concrete driveway surface, concrete, close-up surface detail, weathered, overcast, elevated three-quarter","people, faces, vehicle badges, brand logos, text, watermarks, signage, house numbers",chalk survey grid marked across a weathered concrete driveway surface,concrete,close-up surface detail,weathered,overcast,elevated three-quarter,chalk survey grid marking a weathered concrete driveway surface for scanning,pending
https://drivewayzusa.co/guides/driveway-inland-marine-insurance-equipment-and-materials/,driveway-inland-marine-insurance-equipment-and-materials,B_REPLACE_BULK,guides/driveway-inland-marine-insurance-equipment-and-materials/index.html,hero-excavator-bucket-graded-gravel-base.webp,"excavator bucket resting on a graded gravel base at a driveway work site, gravel, work-in-progress, new, overcast, eye level","people, faces, vehicle badges, brand logos, text, watermarks, signage, house numbers",excavator bucket resting on a graded gravel base at a driveway work site,gravel,work-in-progress,new,overcast,eye level,excavator bucket resting on a graded gravel base at a driveway site,pending
https://drivewayzusa.co/guides/driveway-inspection-during-home-purchase-what-to-look-for/,driveway-inspection-during-home-purchase-what-to-look-for,B_REPLACE_BULK,guides/driveway-inspection-during-home-purchase-what-to-look-for/index.html,hero-weathered-concrete-frontage-after-rain.webp,"weathered concrete driveway frontage still damp after rain, concrete, residential frontage, weathered, wet after rain, elevated three-quarter","people, faces, vehicle badges, brand logos, text, watermarks, signage, house numbers",weathered concrete driveway frontage still damp after rain,concrete,residential frontage,weathered,wet after rain,elevated three-quarter,weathered concrete driveway frontage still damp after rain,pending
https://drivewayzusa.co/guides/driveway-inspection-fees-and-what-they-cover/,driveway-inspection-fees-and-what-they-cover,B_REPLACE_BULK,guides/driveway-inspection-fees-and-what-they-cover/index.html,hero-settlement-crack-across-slab.webp,"settlement crack running across a weathered concrete slab, concrete, close-up surface detail, cracked, overcast, low angle along surface","people, faces, vehicle badges, brand logos, text, watermarks, signage, house numbers",settlement crack running across a weathered concrete slab,concrete,close-up surface detail,cracked,overcast,low angle along surface,settlement crack running across a weathered concrete slab close view,pending
https://drivewayzusa.co/guides/driveway-inspection-report-template-professional-assessment/,driveway-inspection-report-template-professional-assessment,B_REPLACE_BULK,guides/driveway-inspection-report-template-professional-assessment/index.html,hero-neat-paver-drive-elevated-view.webp,"neat interlocking paver driveway viewed from an elevated three-quarter angle, pavers, residential frontage, new, bright midday, elevated three-quarter","people, faces, vehicle badges, brand logos, text, watermarks, signage, house numbers",neat interlocking paver driveway viewed from an elevated three-quarter angle,pavers,residential frontage,new,bright midday,elevated three-quarter,elevated view of a neat interlocking paver driveway in bright midday light,pending
https://drivewayzusa.co/guides/driveway-inspection-scheduling-municipal-review-process/,driveway-inspection-scheduling-municipal-review-process,B_REPLACE_BULK,guides/driveway-inspection-scheduling-municipal-review-process/index.html,hero-stakes-string-graded-approach-corner.webp,"stakes and bright string lines marking a planned driveway corner on graded gravel, gravel, work-in-progress, new, golden hour, low angle along surface","people, faces, vehicle badges, brand logos, text, watermarks, signage, house numbers",stakes and bright string lines marking a planned driveway corner on graded gravel,gravel,work-in-progress,new,golden hour,low angle along surface,stakes and bright string lines marking a planned driveway corner at dawn,pending
https://drivewayzusa.co/guides/driveway-installation-checklist-dont-miss-these-steps/,driveway-installation-checklist-dont-miss-these-steps,B_REPLACE_BULK,guides/driveway-installation-checklist-dont-miss-these-steps/index.html,hero-level-string-compacted-gravel-base.webp,"level string stretched over a compacted gravel base ready for paving, gravel, work-in-progress, mid-repair, overcast, low angle along surface","people, faces, vehicle badges, brand logos, text, watermarks, signage, house numbers",level string stretched over a compacted gravel base ready for paving,gravel,work-in-progress,mid-repair,overcast,low angle along surface,level string stretched over a compacted gravel base ready for paving,pending
https://drivewayzusa.co/guides/driveway-installation-over-utility-easements/,driveway-installation-over-utility-easements,B_REPLACE_BULK,guides/driveway-installation-over-utility-easements/index.html,hero-locate-flags-new-concrete-edge.webp,"small locate flags marking utility lines along the edge of a new concrete driveway, concrete, residential frontage, new, bright midday, eye level","people, faces, vehicle badges, brand logos, text, watermarks, signage, house numbers",small locate flags marking utility lines along the edge of a new concrete driveway,concrete,residential frontage,new,bright midday,eye level,small locate flags marking utility lines along a new concrete driveway edge,pending
https://drivewayzusa.co/guides/driveway-insurance-claims-documenting-damage-for-coverage/,driveway-insurance-claims-documenting-damage-for-coverage,B_REPLACE_BULK,guides/driveway-insurance-claims-documenting-damage-for-coverage/index.html,hero-wide-crack-concrete-wet-rain.webp,"wide crack splitting a rain wet concrete driveway panel, concrete, close-up surface detail, cracked, wet after rain, low angle along surface","people, faces, vehicle badges, brand logos, text, watermarks, signage, house numbers",wide crack splitting a rain wet concrete driveway panel,concrete,close-up surface detail,cracked,wet after rain,low angle along surface,wide crack splitting a rain wet concrete driveway panel close view,pending
https://drivewayzusa.co/guides/driveway-joint-sand-replacement-step-by-step/,driveway-joint-sand-replacement-step-by-step,B_REPLACE_BULK,guides/driveway-joint-sand-replacement-step-by-step/index.html,hero-fresh-sand-swept-paver-joints.webp,"fresh joint sand swept between interlocking pavers, pavers, close-up surface detail, mid-repair, bright midday, low angle along surface","people, faces, vehicle badges, brand logos, text, watermarks, signage, house numbers",fresh joint sand swept between interlocking pavers,pavers,close-up surface detail,mid-repair,bright midday,low angle along surface,fresh joint sand swept between interlocking pavers in bright sunlight,pending
https://drivewayzusa.co/guides/driveway-landscaping-borders-and-plantings/,driveway-landscaping-borders-and-plantings,B_REPLACE_BULK,guides/driveway-landscaping-borders-and-plantings/index.html,hero-concrete-drive-low-planting-borders.webp,"concrete driveway edged with low planting beds in warm evening light, concrete, residential frontage, new, golden hour, elevated three-quarter","people, faces, vehicle badges, brand logos, text, watermarks, signage, house numbers",concrete driveway edged with low planting beds in warm evening light,concrete,residential frontage,new,golden hour,elevated three-quarter,concrete driveway edged with low planting beds in warm evening light,pending
https://drivewayzusa.co/guides/driveway-last-mile-delivery-design-e-commerce-era-access/,driveway-last-mile-delivery-design-e-commerce-era-access,B_REPLACE_BULK,guides/driveway-last-mile-delivery-design-e-commerce-era-access/index.html,hero-wide-concrete-apron-turning-space.webp,"wide concrete parking apron with open turning space in front of a garage, concrete, residential frontage, new, bright midday, eye level","people, faces, vehicle badges, brand logos, text, watermarks, signage, house numbers",wide concrete parking apron with open turning space in front of a garage,concrete,residential frontage,new,bright midday,eye level,Wide concrete parking apron with open turning space in midday sun,pending
https://drivewayzusa.co/guides/driveway-latent-defect-hidden-problems-that-appear-later/,driveway-latent-defect-hidden-problems-that-appear-later,B_REPLACE_BULK,guides/driveway-latent-defect-hidden-problems-that-appear-later/index.html,hero-faint-hairline-crack-concrete-closeup.webp,"faint hairline crack crossing a pale concrete slab, concrete, close-up surface detail, cracked, overcast, low angle along surface","people, faces, vehicle badges, brand logos, text, watermarks, signage, house numbers",faint hairline crack crossing a pale concrete slab,concrete,close-up surface detail,cracked,overcast,low angle along surface,Faint hairline crack crossing a pale concrete slab under gray sky,pending
https://drivewayzusa.co/guides/driveway-latex-modified-overlay-flexible-resurfacing/,driveway-latex-modified-overlay-flexible-resurfacing,B_REPLACE_BULK,guides/driveway-latex-modified-overlay-flexible-resurfacing/index.html,hero-flexible-overlay-squeegee-pass.webp,"thin polymer overlay being spread with a squeegee across an older concrete slab, concrete, work-in-progress, mid-repair, overcast, low angle along surface","people, faces, vehicle badges, brand logos, text, watermarks, signage, house numbers",thin polymer overlay being spread with a squeegee across an older concrete slab,concrete,work-in-progress,mid-repair,overcast,low angle along surface,Thin polymer overlay being spread across an older concrete slab,pending
https://drivewayzusa.co/guides/driveway-layouts-straight-l-shaped-circular-and-more/,driveway-layouts-straight-l-shaped-circular-and-more,B_REPLACE_BULK,guides/driveway-layouts-straight-l-shaped-circular-and-more/index.html,hero-curved-concrete-loop-drive.webp,"curved concrete drive looping around a front lawn, concrete, residential frontage, new, golden hour, elevated three-quarter","people, faces, vehicle badges, brand logos, text, watermarks, signage, house numbers",curved concrete drive looping around a front lawn,concrete,residential frontage,new,golden hour,elevated three-quarter,Curved concrete drive looping around a front lawn at golden hour,pending
https://drivewayzusa.co/guides/driveway-lead-generation-for-contractors-getting-more-jobs/,driveway-lead-generation-for-contractors-getting-more-jobs,B_REPLACE_BULK,guides/driveway-lead-generation-for-contractors-getting-more-jobs/index.html,hero-staged-paving-equipment-job-site.webp,"paving equipment staged beside a freshly laid asphalt surface, asphalt, work-in-progress, mid-repair, bright midday, elevated three-quarter","people, faces, vehicle badges, brand logos, text, watermarks, signage, house numbers",paving equipment staged beside a freshly laid asphalt surface,asphalt,work-in-progress,mid-repair,bright midday,elevated three-quarter,Paving equipment staged beside a freshly laid asphalt surface,pending
https://drivewayzusa.co/guides/driveway-letter-of-completion-formal-project-closeout/,driveway-letter-of-completion-formal-project-closeout,B_REPLACE_BULK,guides/driveway-letter-of-completion-formal-project-closeout/index.html,hero-finished-drive-clean-edges-gray-sky.webp,"freshly finished concrete drive with crisp edges, concrete, residential frontage, new, overcast, eye level","people, faces, vehicle badges, brand logos, text, watermarks, signage, house numbers",freshly finished concrete drive with crisp edges,concrete,residential frontage,new,overcast,eye level,Freshly finished concrete drive with crisp edges under gray sky,pending
https://drivewayzusa.co/guides/driveway-leveling-when-and-how-to-fix-uneven-surfaces/,driveway-leveling-when-and-how-to-fix-uneven-surfaces,B_REPLACE_BULK,guides/driveway-leveling-when-and-how-to-fix-uneven-surfaces/index.html,hero-offset-slab-joint-height-gap.webp,"two concrete slabs meeting at a raised offset joint, concrete, close-up surface detail, cracked, bright midday, low angle along surface","people, faces, vehicle badges, brand logos, text, watermarks, signage, house numbers",two concrete slabs meeting at a raised offset joint,concrete,close-up surface detail,cracked,bright midday,low angle along surface,Two concrete slabs with a raised offset joint in bright sunlight,pending
https://drivewayzusa.co/guides/driveway-lien-rights-protecting-yourself-from-non-payment-claims/,driveway-lien-rights-protecting-yourself-from-non-payment-claims,B_REPLACE_BULK,guides/driveway-lien-rights-protecting-yourself-from-non-payment-claims/index.html,hero-rain-glossed-sealed-drive-frontage.webp,"rain glossed sealed asphalt in front of a closed garage, asphalt, residential frontage, sealed, wet after rain, eye level","people, faces, vehicle badges, brand logos, text, watermarks, signage, house numbers",rain glossed sealed asphalt in front of a closed garage,asphalt,residential frontage,sealed,wet after rain,eye level,Rain glossed sealed asphalt in front of a closed garage,pending
https://drivewayzusa.co/guides/driveway-lifecycle-extension-strategies-getting-more-years-from-your-surface/,driveway-lifecycle-extension-strategies-getting-more-years-from-your-surface,B_REPLACE_BULK,guides/driveway-lifecycle-extension-strategies-getting-more-years-from-your-surface/index.html,hero-older-sealed-asphalt-rural-lane.webp,"older sealed asphalt lane with intact surface running between open fields, asphalt, rural approach, sealed, overcast, elevated three-quarter","people, faces, vehicle badges, brand logos, text, watermarks, signage, house numbers",older sealed asphalt lane with intact surface running between open fields,asphalt,rural approach,sealed,overcast,elevated three-quarter,Older sealed asphalt lane with intact surface under overcast sky,pending
https://drivewayzusa.co/guides/driveway-lighting-types-installation-and-costs/,driveway-lighting-types-installation-and-costs,B_REPLACE_BULK,guides/driveway-lighting-types-installation-and-costs/index.html,hero-recessed-lights-concrete-drive-edge.webp,"small ground lights glowing along the edge of a concrete drive at dusk, concrete, residential frontage, new, golden hour, eye level","people, faces, vehicle badges, brand logos, text, watermarks, signage, house numbers",small ground lights glowing along the edge of a concrete drive at dusk,concrete,residential frontage,new,golden hour,eye level,Small ground lights glowing along a concrete drive edge at dusk,pending
https://drivewayzusa.co/guides/driveway-lump-sum-contract-fixed-price-agreements/,driveway-lump-sum-contract-fixed-price-agreements,B_REPLACE_BULK,guides/driveway-lump-sum-contract-fixed-price-agreements/index.html,hero-smooth-fresh-slab-sunlit-texture.webp,"smooth finished concrete slab texture in bright sunlight, concrete, close-up surface detail, new, bright midday, low angle along surface","people, faces, vehicle badges, brand logos, text, watermarks, signage, house numbers",smooth finished concrete slab texture in bright sunlight,concrete,close-up surface detail,new,bright midday,low angle along surface,Smooth finished concrete slab texture in bright midday sunlight,pending
https://drivewayzusa.co/guides/driveway-maintenance-agreement-template-service-contracts/,driveway-maintenance-agreement-template-service-contracts,B_REPLACE_BULK,guides/driveway-maintenance-agreement-template-service-contracts/index.html,hero-beaded-rain-sealed-asphalt-high-view.webp,"beads of rain standing on a sealed asphalt surface, asphalt, close-up surface detail, sealed, wet after rain, elevated three-quarter","people, faces, vehicle badges, brand logos, text, watermarks, signage, house numbers",beads of rain standing on a sealed asphalt surface,asphalt,close-up surface detail,sealed,wet after rain,elevated three-quarter,Beads of rain on a sealed asphalt surface seen from above,pending
https://drivewayzusa.co/guides/driveway-maintenance-binder-organizing-all-your-records/,driveway-maintenance-binder-organizing-all-your-records,B_REPLACE_BULK,guides/driveway-maintenance-binder-organizing-all-your-records/index.html,hero-long-gravel-drive-hedgerow.webp,"long weathered gravel drive running beside a hedgerow, gravel, rural approach, weathered, bright midday, eye level","people, faces, vehicle badges, brand logos, text, watermarks, signage, house numbers",long weathered gravel drive running beside a hedgerow,gravel,rural approach,weathered,bright midday,eye level,Long weathered gravel drive running beside a hedgerow in sunlight,pending
https://drivewayzusa.co/guides/driveway-maintenance-calendar-by-season/,driveway-maintenance-calendar-by-season,B_REPLACE_BULK,guides/driveway-maintenance-calendar-by-season/index.html,hero-frost-lined-paver-joints.webp,"frost lined joints between weathered pavers, pavers, close-up surface detail, weathered, overcast, low angle along surface","people, faces, vehicle badges, brand logos, text, watermarks, signage, house numbers",frost lined joints between weathered pavers,pavers,close-up surface detail,weathered,overcast,low angle along surface,Frost lined paver joints on a weathered surface under gray sky,pending
https://drivewayzusa.co/guides/driveway-maintenance-calendar-month-by-month-tasks/,driveway-maintenance-calendar-month-by-month-tasks,B_REPLACE_BULK,guides/driveway-maintenance-calendar-month-by-month-tasks/index.html,hero-sealed-slab-after-rain-shower.webp,"sealed concrete slab still damp after a light rain shower, concrete, residential frontage, sealed, wet after rain, eye level","people, faces, vehicle badges, brand logos, text, watermarks, signage, house numbers",sealed concrete slab still damp after a light rain shower,concrete,residential frontage,sealed,wet after rain,eye level,Sealed concrete slab still damp after a light rain shower,pending
https://drivewayzusa.co/guides/driveway-maintenance-for-landlords-protecting-your-investment/,driveway-maintenance-for-landlords-protecting-your-investment,B_REPLACE_BULK,guides/driveway-maintenance-for-landlords-protecting-your-investment/index.html,hero-plain-weathered-asphalt-frontage.webp,"plain weathered asphalt in front of a small house, asphalt, residential frontage, weathered, overcast, eye level","people, faces, vehicle badges, brand logos, text, watermarks, signage, house numbers",plain weathered asphalt in front of a small house,asphalt,residential frontage,weathered,overcast,eye level,Plain weathered asphalt before a small house under cloudy sky,pending
https://drivewayzusa.co/guides/driveway-maintenance-log-tracking-work-over-time/,driveway-maintenance-log-tracking-work-over-time,B_REPLACE_BULK,guides/driveway-maintenance-log-tracking-work-over-time/index.html,hero-patch-sequence-weathered-asphalt.webp,"several repair patches of different ages across weathered asphalt, asphalt, close-up surface detail, mid-repair, bright midday, elevated three-quarter","people, faces, vehicle badges, brand logos, text, watermarks, signage, house numbers",several repair patches of different ages across weathered asphalt,asphalt,close-up surface detail,mid-repair,bright midday,elevated three-quarter,Several repair patches of different ages across weathered asphalt,pending
https://drivewayzusa.co/guides/driveway-maintenance-schedule-year-by-year-guide/,driveway-maintenance-schedule-year-by-year-guide,B_REPLACE_BULK,guides/driveway-maintenance-schedule-year-by-year-guide/index.html,hero-evening-sun-sealed-paver-drive.webp,"sealed paver drive glowing in warm evening sunlight, pavers, residential frontage, sealed, golden hour, eye level","people, faces, vehicle badges, brand logos, text, watermarks, signage, house numbers",sealed paver drive glowing in warm evening sunlight,pavers,residential frontage,sealed,golden hour,eye level,Sealed paver drive glowing in warm evening sunlight,pending
https://drivewayzusa.co/guides/driveway-material-comparison-aesthetic-rankings/,driveway-material-comparison-aesthetic-rankings,B_REPLACE_BULK,guides/driveway-material-comparison-aesthetic-rankings/index.html,hero-paver-apron-meets-concrete-drive.webp,"decorative paver apron meeting a plain concrete surface, pavers, close-up surface detail, new, golden hour, low angle along surface","people, faces, vehicle badges, brand logos, text, watermarks, signage, house numbers",decorative paver apron meeting a plain concrete surface,pavers,close-up surface detail,new,golden hour,low angle along surface,Decorative paver apron meeting a plain concrete surface up close,pending
https://drivewayzusa.co/guides/driveway-material-comparison-durability-rankings/,driveway-material-comparison-durability-rankings,B_REPLACE_BULK,guides/driveway-material-comparison-durability-rankings/index.html,hero-blacktop-meets-pale-slab-low-angle.webp,"dark asphalt meeting pale concrete along a straight joint line, asphalt, close-up surface detail, weathered, bright midday, low angle along surface","people, faces, vehicle badges, brand logos, text, watermarks, signage, house numbers",dark asphalt meeting pale concrete along a straight joint line,asphalt,close-up surface detail,weathered,bright midday,low angle along surface,Dark asphalt meeting pale concrete along a joint at low angle,pending
https://drivewayzusa.co/guides/driveway-material-comparison-environmental-rankings/,driveway-material-comparison-environmental-rankings,B_REPLACE_BULK,guides/driveway-material-comparison-environmental-rankings/index.html,hero-permeable-pavers-draining-rainwater-joints.webp,"permeable pavers with wide open joints draining rainwater, pavers, close-up surface detail, new, wet after rain, elevated three-quarter","people, faces, vehicle badges, brand logos, text, watermarks, signage, house numbers",permeable pavers with wide open joints draining rainwater,pavers,close-up surface detail,new,wet after rain,elevated three-quarter,Permeable pavers draining rainwater through wide open joints,pending
https://drivewayzusa.co/guides/driveway-material-comparison-maintenance-rankings/,driveway-material-comparison-maintenance-rankings,B_REPLACE_BULK,guides/driveway-material-comparison-maintenance-rankings/index.html,hero-resin-surface-meets-concrete-border.webp,"resin bound pebble surface meeting a smooth concrete border strip, resin, close-up surface detail, new, overcast, elevated three-quarter","people, faces, vehicle badges, brand logos, text, watermarks, signage, house numbers",resin bound pebble surface meeting a smooth concrete border strip,resin,close-up surface detail,new,overcast,elevated three-quarter,Resin bound pebble surface meeting a smooth concrete border strip,pending
https://drivewayzusa.co/guides/driveway-material-identification-guide-what-do-i-have/,driveway-material-identification-guide-what-do-i-have,B_REPLACE_BULK,guides/driveway-material-identification-guide-what-do-i-have/index.html,hero-exposed-aggregate-macro-texture.webp,"exposed aggregate concrete texture with varied embedded stones, concrete, close-up surface detail, weathered, bright midday, low angle along surface","people, faces, vehicle badges, brand logos, text, watermarks, signage, house numbers",exposed aggregate concrete texture with varied embedded stones,concrete,close-up surface detail,weathered,bright midday,low angle along surface,Exposed aggregate concrete texture with varied embedded stones in sunlight,pending
https://drivewayzusa.co/guides/driveway-material-msds-safety-data-sheets-you-should-keep/,driveway-material-msds-safety-data-sheets-you-should-keep,B_REPLACE_BULK,guides/driveway-material-msds-safety-data-sheets-you-should-keep/index.html,hero-sealcoat-spread-wet-band.webp,"wet sealcoat band spread across part of an asphalt surface, asphalt, work-in-progress, mid-repair, overcast, low angle along surface","people, faces, vehicle badges, brand logos, text, watermarks, signage, house numbers",wet sealcoat band spread across part of an asphalt surface,asphalt,work-in-progress,mid-repair,overcast,low angle along surface,Wet sealcoat band spread across part of an asphalt surface,pending
https://drivewayzusa.co/guides/driveway-material-price-forecast-2026-and-beyond/,driveway-material-price-forecast-2026-and-beyond,B_REPLACE_BULK,guides/driveway-material-price-forecast-2026-and-beyond/index.html,hero-crushed-stone-piles-bright-sun.webp,"heaps of crushed stone aggregate at a work site, gravel, work-in-progress, new, bright midday, eye level","people, faces, vehicle badges, brand logos, text, watermarks, signage, house numbers",heaps of crushed stone aggregate at a work site,gravel,work-in-progress,new,bright midday,eye level,Heaps of crushed stone aggregate at a work site in sunlight,pending
https://drivewayzusa.co/guides/driveway-material-sample-keeping-reference-for-future-repairs/,driveway-material-sample-keeping-reference-for-future-repairs,B_REPLACE_BULK,guides/driveway-material-sample-keeping-reference-for-future-repairs/index.html,hero-material-samples-on-concrete-slab.webp,"small chunks of different paving surfaces lined up on a concrete slab, concrete, close-up surface detail, new, bright midday, elevated three-quarter","people, faces, vehicle badges, brand logos, text, watermarks, signage, house numbers",small chunks of different paving surfaces lined up on a concrete slab,concrete,close-up surface detail,new,bright midday,elevated three-quarter,Small chunks of different paving surfaces lined on a concrete slab,pending
https://drivewayzusa.co/guides/driveway-material-selection-flowchart-find-your-best-match/,driveway-material-selection-flowchart-find-your-best-match,B_REPLACE_BULK,guides/driveway-material-selection-flowchart-find-your-best-match/index.html,hero-brick-paver-meets-loose-gravel.webp,"boundary where interlocking brick pavers end at a strip of loose gravel, pavers, close-up surface detail, weathered, golden hour, low angle along surface","people, faces, vehicle badges, brand logos, text, watermarks, signage, house numbers",boundary where interlocking brick pavers end at a strip of loose gravel,pavers,close-up surface detail,weathered,golden hour,low angle along surface,Interlocking brick pavers ending at a strip of loose gravel,pending
https://drivewayzusa.co/guides/driveway-material-selection-for-extreme-weather-regions/,driveway-material-selection-for-extreme-weather-regions,B_REPLACE_BULK,guides/driveway-material-selection-for-extreme-weather-regions/index.html,hero-ice-patches-weathered-concrete-drive.webp,"weathered concrete drive holding patches of melting ice, concrete, residential frontage, weathered, overcast, eye level","people, faces, vehicle badges, brand logos, text, watermarks, signage, house numbers",weathered concrete drive holding patches of melting ice,concrete,residential frontage,weathered,overcast,eye level,Weathered concrete drive with patches of melting ice,pending
https://drivewayzusa.co/guides/driveway-material-substitution-when-alternatives-are-needed/,driveway-material-substitution-when-alternatives-are-needed,B_REPLACE_BULK,guides/driveway-material-substitution-when-alternatives-are-needed/index.html,hero-fresh-gravel-over-old-concrete-slab.webp,"fresh gravel spread over the edge of an old concrete slab mid project, gravel, work-in-progress, mid-repair, bright midday, elevated three-quarter","people, faces, vehicle badges, brand logos, text, watermarks, signage, house numbers",fresh gravel spread over the edge of an old concrete slab mid project,gravel,work-in-progress,mid-repair,bright midday,elevated three-quarter,Fresh gravel spread over the edge of an old concrete slab,pending
https://drivewayzusa.co/guides/driveway-material-testing-app-smartphone-field-tools/,driveway-material-testing-app-smartphone-field-tools,B_REPLACE_BULK,guides/driveway-material-testing-app-smartphone-field-tools/index.html,hero-thin-crack-network-aged-asphalt.webp,"fine crack network across a dull weathered asphalt surface, asphalt, close-up surface detail, cracked, overcast, low angle along surface","people, faces, vehicle badges, brand logos, text, watermarks, signage, house numbers",fine crack network across a dull weathered asphalt surface,asphalt,close-up surface detail,cracked,overcast,low angle along surface,Fine crack network across a dull weathered asphalt surface,pending
https://drivewayzusa.co/guides/driveway-material-testing-labs-verifying-quality/,driveway-material-testing-labs-verifying-quality,B_REPLACE_BULK,guides/driveway-material-testing-labs-verifying-quality/index.html,hero-row-of-core-samples-on-slab.webp,"row of drilled concrete core samples resting on a slab, concrete, close-up surface detail, new, bright midday, elevated three-quarter","people, faces, vehicle badges, brand logos, text, watermarks, signage, house numbers",row of drilled concrete core samples resting on a slab,concrete,close-up surface detail,new,bright midday,elevated three-quarter,Row of drilled concrete core samples resting on a slab,pending
https://drivewayzusa.co/guides/driveway-material-warranty-comparison-whats-covered/,driveway-material-warranty-comparison-whats-covered,B_REPLACE_BULK,guides/driveway-material-warranty-comparison-whats-covered/index.html,hero-glossy-meets-dull-concrete-seam.webp,"seam where glossy sealed concrete meets a dull unsealed slab, concrete, close-up surface detail, sealed, overcast, low angle along surface","people, faces, vehicle badges, brand logos, text, watermarks, signage, house numbers",seam where glossy sealed concrete meets a dull unsealed slab,concrete,close-up surface detail,sealed,overcast,low angle along surface,Glossy sealed concrete meeting dull unsealed slab at a seam,pending
https://drivewayzusa.co/guides/driveway-mechanics-lien-what-homeowners-need-to-know/,driveway-mechanics-lien-what-homeowners-need-to-know,B_REPLACE_BULK,guides/driveway-mechanics-lien-what-homeowners-need-to-know/index.html,hero-neat-asphalt-drive-gray-garage-door.webp,"neat asphalt drive leading up to a gray garage door, asphalt, residential frontage, new, golden hour, eye level","people, faces, vehicle badges, brand logos, text, watermarks, signage, house numbers",neat asphalt drive leading up to a gray garage door,asphalt,residential frontage,new,golden hour,eye level,Neat asphalt drive leading up to a gray garage door,pending
https://drivewayzusa.co/guides/driveway-metallic-epoxy-coating-high-gloss-options/,driveway-metallic-epoxy-coating-high-gloss-options,B_REPLACE_BULK,guides/driveway-metallic-epoxy-coating-high-gloss-options/index.html,hero-metallic-swirl-glossy-concrete-closeup.webp,"glossy metallic swirl coating over a smooth concrete surface, concrete, close-up surface detail, sealed, bright midday, low angle along surface","people, faces, vehicle badges, brand logos, text, watermarks, signage, house numbers",glossy metallic swirl coating over a smooth concrete surface,concrete,close-up surface detail,sealed,bright midday,low angle along surface,Glossy metallic swirl coating over a smooth concrete surface,pending
https://drivewayzusa.co/guides/driveway-microsurfacing-advanced-preventive-maintenance/,driveway-microsurfacing-advanced-preventive-maintenance,B_REPLACE_BULK,guides/driveway-microsurfacing-advanced-preventive-maintenance/index.html,hero-fresh-micro-coat-spread-asphalt.webp,"fresh thin dark coating spread across an asphalt drive surface, asphalt, work-in-progress, sealed, overcast, elevated three-quarter","people, faces, vehicle badges, brand logos, text, watermarks, signage, house numbers",fresh thin dark coating spread across an asphalt drive surface,asphalt,work-in-progress,sealed,overcast,elevated three-quarter,Fresh thin dark coating spread across an asphalt drive surface,pending
https://drivewayzusa.co/guides/driveway-moss-killer-products-and-natural-solutions/,driveway-moss-killer-products-and-natural-solutions,B_REPLACE_BULK,guides/driveway-moss-killer-products-and-natural-solutions/index.html,hero-moss-filled-paver-joints-closeup.webp,"green moss filling the joints between weathered brick pavers, pavers, close-up surface detail, weathered, wet after rain, low angle along surface","people, faces, vehicle badges, brand logos, text, watermarks, signage, house numbers",green moss filling the joints between weathered brick pavers,pavers,close-up surface detail,weathered,wet after rain,low angle along surface,Green moss filling the joints between weathered brick pavers,pending
https://drivewayzusa.co/guides/driveway-moving-day-protection-heavy-load-precautions/,driveway-moving-day-protection-heavy-load-precautions,B_REPLACE_BULK,guides/driveway-moving-day-protection-heavy-load-precautions/index.html,hero-plywood-sheets-over-concrete-drive.webp,"plywood sheets laid over a sealed concrete drive to shield the surface, concrete, residential frontage, sealed, overcast, elevated three-quarter","people, faces, vehicle badges, brand logos, text, watermarks, signage, house numbers",plywood sheets laid over a sealed concrete drive to shield the surface,concrete,residential frontage,sealed,overcast,elevated three-quarter,Plywood sheets laid over a concrete drive to shield the surface,pending
https://drivewayzusa.co/guides/driveway-myths-debunked-common-misconceptions/,driveway-myths-debunked-common-misconceptions,B_REPLACE_BULK,guides/driveway-myths-debunked-common-misconceptions/index.html,hero-cracked-asphalt-lane-open-field.webp,"cracked asphalt lane running through open grassy fields, asphalt, rural approach, cracked, golden hour, eye level","people, faces, vehicle badges, brand logos, text, watermarks, signage, house numbers",cracked asphalt lane running through open grassy fields,asphalt,rural approach,cracked,golden hour,eye level,Cracked asphalt lane running through open grassy fields,pending
https://drivewayzusa.co/guides/driveway-near-cell-tower-access-and-easement-issues/,driveway-near-cell-tower-access-and-easement-issues,B_REPLACE_BULK,guides/driveway-near-cell-tower-access-and-easement-issues/index.html,hero-gravel-drive-distant-lattice-tower.webp,"gravel drive stretching toward a distant lattice tower on open land, gravel, rural approach, weathered, overcast, eye level","people, faces, vehicle badges, brand logos, text, watermarks, signage, house numbers",gravel drive stretching toward a distant lattice tower on open land,gravel,rural approach,weathered,overcast,eye level,Gravel drive stretching toward a distant lattice tower on open land,pending
https://drivewayzusa.co/guides/driveway-near-railroad-crossing-sight-distance-requirements/,driveway-near-railroad-crossing-sight-distance-requirements,B_REPLACE_BULK,guides/driveway-near-railroad-crossing-sight-distance-requirements/index.html,hero-asphalt-lane-ending-at-rail-tracks.webp,"short asphalt lane ending at a set of railroad tracks, asphalt, rural approach, weathered, bright midday, eye level","people, faces, vehicle badges, brand logos, text, watermarks, signage, house numbers",short asphalt lane ending at a set of railroad tracks,asphalt,rural approach,weathered,bright midday,eye level,Short asphalt lane ending at a set of railroad tracks,pending
https://drivewayzusa.co/guides/driveway-negotiation-points-in-home-sales/,driveway-negotiation-points-in-home-sales,B_REPLACE_BULK,guides/driveway-negotiation-points-in-home-sales/index.html,hero-well-kept-brick-paver-frontage.webp,"well kept brick paver drive in front of a suburban home, pavers, residential frontage, sealed, golden hour, elevated three-quarter","people, faces, vehicle badges, brand logos, text, watermarks, signage, house numbers",well kept brick paver drive in front of a suburban home,pavers,residential frontage,sealed,golden hour,elevated three-quarter,Well kept brick paver drive in front of a suburban home,pending
https://drivewayzusa.co/guides/driveway-neighbor-communication-telling-them-about-your-project/,driveway-neighbor-communication-telling-them-about-your-project,B_REPLACE_BULK,guides/driveway-neighbor-communication-telling-them-about-your-project/index.html,hero-staked-forms-along-gravel-drive-bed.webp,"staked wooden forms set along the edge of a gravel drive bed, gravel, work-in-progress, mid-repair, overcast, eye level","people, faces, vehicle badges, brand logos, text, watermarks, signage, house numbers",staked wooden forms set along the edge of a gravel drive bed,gravel,work-in-progress,mid-repair,overcast,eye level,Staked wooden forms set along the edge of a gravel drive bed,pending
https://drivewayzusa.co/guides/driveway-net-zero-paving-achieving-carbon-neutrality/,driveway-net-zero-paving-achieving-carbon-neutrality,B_REPLACE_BULK,guides/driveway-net-zero-paving-achieving-carbon-neutrality/index.html,hero-permeable-pavers-green-joint-lines.webp,"permeable pavers with green grass growing along every joint line, pavers, close-up surface detail, new, bright midday, low angle along surface","people, faces, vehicle badges, brand logos, text, watermarks, signage, house numbers",permeable pavers with green grass growing along every joint line,pavers,close-up surface detail,new,bright midday,low angle along surface,Permeable pavers with green grass growing along every joint line,pending
https://drivewayzusa.co/guides/driveway-noise-impact-study-traffic-and-construction-noise/,driveway-noise-impact-study-traffic-and-construction-noise,B_REPLACE_BULK,guides/driveway-noise-impact-study-traffic-and-construction-noise/index.html,hero-concrete-drive-along-quiet-street.webp,"plain concrete drive running alongside a quiet paved street, concrete, residential frontage, weathered, overcast, eye level","people, faces, vehicle badges, brand logos, text, watermarks, signage, house numbers",plain concrete drive running alongside a quiet paved street,concrete,residential frontage,weathered,overcast,eye level,Plain concrete drive running alongside a quiet paved street,pending
https://drivewayzusa.co/guides/driveway-occupancy-requirement-when-driveway-affects-building-use/,driveway-occupancy-requirement-when-driveway-affects-building-use,B_REPLACE_BULK,guides/driveway-occupancy-requirement-when-driveway-affects-building-use/index.html,hero-new-concrete-drive-plain-garage-doors.webp,"new concrete drive leading to a pair of closed garage doors, concrete, residential frontage, new, bright midday, elevated three-quarter","people, faces, vehicle badges, brand logos, text, watermarks, signage, house numbers",new concrete drive leading to a pair of closed garage doors,concrete,residential frontage,new,bright midday,elevated three-quarter,New concrete drive leading to a pair of closed garage doors,pending
https://drivewayzusa.co/guides/driveway-oil-absorbent-products-kitty-litter-vs-commercial/,driveway-oil-absorbent-products-kitty-litter-vs-commercial,B_REPLACE_BULK,guides/driveway-oil-absorbent-products-kitty-litter-vs-commercial/index.html,hero-granules-over-dark-oil-stain-concrete.webp,"light granules poured over a dark oil stain on concrete, concrete, close-up surface detail, weathered, overcast, low angle along surface","people, faces, vehicle badges, brand logos, text, watermarks, signage, house numbers",light granules poured over a dark oil stain on concrete,concrete,close-up surface detail,weathered,overcast,low angle along surface,Light granules poured over a dark oil stain on concrete,pending
https://drivewayzusa.co/guides/driveway-owner-builder-managing-your-own-project/,driveway-owner-builder-managing-your-own-project,B_REPLACE_BULK,guides/driveway-owner-builder-managing-your-own-project/index.html,hero-partly-formed-gravel-drive-bed.webp,"partly formed gravel drive bed framed by wooden form boards, gravel, work-in-progress, mid-repair, golden hour, eye level","people, faces, vehicle badges, brand logos, text, watermarks, signage, house numbers",partly formed gravel drive bed framed by wooden form boards,gravel,work-in-progress,mid-repair,golden hour,eye level,Partly formed gravel drive bed framed by wooden form boards,pending
https://drivewayzusa.co/guides/driveway-package-delivery-notification-smart-camera-alerts/,driveway-package-delivery-notification-smart-camera-alerts,B_REPLACE_BULK,guides/driveway-package-delivery-notification-smart-camera-alerts/index.html,hero-wall-mounted-camera-above-drive.webp,"small outdoor camera mounted above a clean concrete drive, concrete, residential frontage, new, bright midday, eye level","people, faces, vehicle badges, brand logos, text, watermarks, signage, house numbers",small outdoor camera mounted above a clean concrete drive,concrete,residential frontage,new,bright midday,eye level,Small outdoor camera mounted above a clean concrete drive,pending
https://drivewayzusa.co/guides/driveway-party-and-event-setup-temporary-protection-ideas/,driveway-party-and-event-setup-temporary-protection-ideas,B_REPLACE_BULK,guides/driveway-party-and-event-setup-temporary-protection-ideas/index.html,hero-protective-mats-over-paver-drive.webp,"temporary protective mats laid across a sealed paver drive, pavers, residential frontage, sealed, golden hour, elevated three-quarter","people, faces, vehicle badges, brand logos, text, watermarks, signage, house numbers",temporary protective mats laid across a sealed paver drive,pavers,residential frontage,sealed,golden hour,elevated three-quarter,Temporary protective mats laid across a sealed paver drive,pending
https://drivewayzusa.co/guides/driveway-pavement-management-system-data-driven-decisions/,driveway-pavement-management-system-data-driven-decisions,B_REPLACE_BULK,guides/driveway-pavement-management-system-data-driven-decisions/index.html,hero-chalk-section-lines-weathered-asphalt.webp,"weathered asphalt marked with chalk section lines for inspection, asphalt, close-up surface detail, weathered, wet after rain, elevated three-quarter","people, faces, vehicle badges, brand logos, text, watermarks, signage, house numbers",weathered asphalt marked with chalk section lines for inspection,asphalt,close-up surface detail,weathered,wet after rain,elevated three-quarter,Weathered asphalt marked with chalk section lines for inspection,pending
https://drivewayzusa.co/guides/driveway-paver-lifting-and-resetting-repair-guide/,driveway-paver-lifting-and-resetting-repair-guide,B_REPLACE_BULK,guides/driveway-paver-lifting-and-resetting-repair-guide/index.html,hero-lifted-paver-reset-sand-bed.webp,"lifted paver removed beside releveled units on a smooth sand bed, pavers, work-in-progress, mid-repair, overcast, low angle along surface","people, faces, vehicle badges, brand logos, text, watermarks, signage, house numbers",lifted paver removed beside releveled units on a smooth sand bed,pavers,work-in-progress,mid-repair,overcast,low angle along surface,Uneven paver lifted beside releveled units on a smooth sand bed,pending
https://drivewayzusa.co/guides/driveway-paver-replacement-matching-colors-and-sizes/,driveway-paver-replacement-matching-colors-and-sizes,B_REPLACE_BULK,guides/driveway-paver-replacement-matching-colors-and-sizes/index.html,hero-new-paver-samples-weathered-units.webp,"fresh paving stone samples laid beside weathered units for tone matching, pavers, close-up surface detail, weathered, bright midday, low angle along surface","people, faces, vehicle badges, brand logos, text, watermarks, signage, house numbers",fresh paving stone samples laid beside weathered units for tone matching,pavers,close-up surface detail,weathered,bright midday,low angle along surface,Fresh paving stones laid beside weathered units to check tone match,pending
https://drivewayzusa.co/guides/driveway-payment-application-template-tracking-costs/,driveway-payment-application-template-tracking-costs,B_REPLACE_BULK,guides/driveway-payment-application-template-tracking-costs/index.html,hero-sealed-asphalt-gutter-line.webp,"glossy sealed asphalt surface meeting a concrete gutter at the curb, asphalt, close-up surface detail, sealed, bright midday, low angle along surface","people, faces, vehicle badges, brand logos, text, watermarks, signage, house numbers",glossy sealed asphalt surface meeting a concrete gutter at the curb,asphalt,close-up surface detail,sealed,bright midday,low angle along surface,Glossy sealed asphalt surface meeting a concrete gutter at the curb,pending
https://drivewayzusa.co/guides/driveway-payment-bond-protecting-against-non-payment/,driveway-payment-bond-protecting-against-non-payment,B_REPLACE_BULK,guides/driveway-payment-bond-protecting-against-non-payment/index.html,hero-mixer-chute-over-wood-forms.webp,"mixer chute pouring wet concrete between staked wooden forms, concrete, work-in-progress, new, overcast, elevated three-quarter","people, faces, vehicle badges, brand logos, text, watermarks, signage, house numbers",mixer chute pouring wet concrete between staked wooden forms,concrete,work-in-progress,new,overcast,elevated three-quarter,Mixer chute pouring wet concrete between staked wooden forms,pending
https://drivewayzusa.co/guides/driveway-performance-bond-ensuring-project-completion/,driveway-performance-bond-ensuring-project-completion,B_REPLACE_BULK,guides/driveway-performance-bond-ensuring-project-completion/index.html,hero-washed-aggregate-finish-closeup.webp,"freshly washed exposed aggregate concrete finish, concrete, close-up surface detail, new, bright midday, low angle along surface","people, faces, vehicle badges, brand logos, text, watermarks, signage, house numbers",freshly washed exposed aggregate concrete finish,concrete,close-up surface detail,new,bright midday,low angle along surface,Freshly washed exposed aggregate concrete finish in bright midday sun,pending
https://drivewayzusa.co/guides/driveway-permits-and-regulations-in-alabama/,driveway-permits-and-regulations-in-alabama,B_REPLACE_BULK,guides/driveway-permits-and-regulations-in-alabama/index.html,hero-new-concrete-single-story-frontage.webp,"new concrete drive curving toward a modest single story home, concrete, residential frontage, new, golden hour, eye level","people, faces, vehicle badges, brand logos, text, watermarks, signage, house numbers",new concrete drive curving toward a modest single story home,concrete,residential frontage,new,golden hour,eye level,New concrete drive curving toward a modest single story home,pending
https://drivewayzusa.co/guides/driveway-permits-and-regulations-in-alaska/,driveway-permits-and-regulations-in-alaska,B_REPLACE_BULK,guides/driveway-permits-and-regulations-in-alaska/index.html,hero-rain-dark-gravel-rural-approach.webp,"rain darkened gravel approach stretching toward open meadow, gravel, rural approach, weathered, wet after rain, elevated three-quarter","people, faces, vehicle badges, brand logos, text, watermarks, signage, house numbers",rain darkened gravel approach stretching toward open meadow,gravel,rural approach,weathered,wet after rain,elevated three-quarter,Rain darkened gravel approach stretching toward open meadow,pending
https://drivewayzusa.co/guides/driveway-permits-and-regulations-in-arizona/,driveway-permits-and-regulations-in-arizona,B_REPLACE_BULK,guides/driveway-permits-and-regulations-in-arizona/index.html,hero-dark-sealed-drive-sunny-frontage.webp,"dark sealed asphalt frontage reflecting harsh sunlight, asphalt, residential frontage, sealed, bright midday, eye level","people, faces, vehicle badges, brand logos, text, watermarks, signage, house numbers",dark sealed asphalt frontage reflecting harsh sunlight,asphalt,residential frontage,sealed,bright midday,eye level,Dark sealed asphalt frontage reflecting harsh midday sunlight,pending
https://drivewayzusa.co/guides/driveway-permits-and-regulations-in-california/,driveway-permits-and-regulations-in-california,B_REPLACE_BULK,guides/driveway-permits-and-regulations-in-california/index.html,hero-new-paver-drive-dusk-lawn-edge.webp,"newly laid paver drive with a crisp lawn edge at dusk, pavers, residential frontage, new, golden hour, eye level","people, faces, vehicle badges, brand logos, text, watermarks, signage, house numbers",newly laid paver drive with a crisp lawn edge at dusk,pavers,residential frontage,new,golden hour,eye level,Newly laid paver drive edged with lawn in warm evening light,pending
https://drivewayzusa.co/guides/driveway-permits-and-regulations-in-colorado/,driveway-permits-and-regulations-in-colorado,B_REPLACE_BULK,guides/driveway-permits-and-regulations-in-colorado/index.html,hero-weathered-asphalt-lane-gray-overcast.webp,"weathered asphalt lane running between open fields under gray sky, asphalt, rural approach, weathered, overcast, elevated three-quarter","people, faces, vehicle badges, brand logos, text, watermarks, signage, house numbers",weathered asphalt lane running between open fields under gray sky,asphalt,rural approach,weathered,overcast,elevated three-quarter,Weathered asphalt lane running between open fields under gray sky,pending
https://drivewayzusa.co/guides/driveway-permits-and-regulations-in-connecticut/,driveway-permits-and-regulations-in-connecticut,B_REPLACE_BULK,guides/driveway-permits-and-regulations-in-connecticut/index.html,hero-cracked-concrete-panels-quiet-frontage.webp,"cracked concrete panels fronting a modest home on a gray day, concrete, residential frontage, cracked, overcast, eye level","people, faces, vehicle badges, brand logos, text, watermarks, signage, house numbers",cracked concrete panels fronting a modest home on a gray day,concrete,residential frontage,cracked,overcast,eye level,Cracked concrete panels fronting a modest home on a gray day,pending
https://drivewayzusa.co/guides/driveway-permits-and-regulations-in-delaware/,driveway-permits-and-regulations-in-delaware,B_REPLACE_BULK,guides/driveway-permits-and-regulations-in-delaware/index.html,hero-rain-beaded-sealed-paver-closeup.webp,"rain beads dotting sealed paver joints after a shower, pavers, close-up surface detail, sealed, wet after rain, low angle along surface","people, faces, vehicle badges, brand logos, text, watermarks, signage, house numbers",rain beads dotting sealed paver joints after a shower,pavers,close-up surface detail,sealed,wet after rain,low angle along surface,Rain beads dotting sealed paver joints after a passing shower,pending
https://drivewayzusa.co/guides/driveway-permits-and-regulations-in-florida/,driveway-permits-and-regulations-in-florida,B_REPLACE_BULK,guides/driveway-permits-and-regulations-in-florida/index.html,hero-new-blacktop-frontage-harsh-midday.webp,"fresh black asphalt frontage glaring under harsh sun, asphalt, residential frontage, new, bright midday, eye level","people, faces, vehicle badges, brand logos, text, watermarks, signage, house numbers",fresh black asphalt frontage glaring under harsh sun,asphalt,residential frontage,new,bright midday,eye level,Fresh black asphalt frontage glaring under harsh midday sun,pending
https://drivewayzusa.co/guides/driveway-permits-and-regulations-in-georgia/,driveway-permits-and-regulations-in-georgia,B_REPLACE_BULK,guides/driveway-permits-and-regulations-in-georgia/index.html,hero-weathered-gravel-lane-evening-light.webp,"weathered gravel lane glowing in low evening light beside a pasture fence, gravel, rural approach, weathered, golden hour, eye level","people, faces, vehicle badges, brand logos, text, watermarks, signage, house numbers",weathered gravel lane glowing in low evening light beside a pasture fence,gravel,rural approach,weathered,golden hour,eye level,Weathered gravel lane glowing in low evening light past pasture fence,pending
https://drivewayzusa.co/guides/driveway-permits-and-regulations-in-hawaii/,driveway-permits-and-regulations-in-hawaii,B_REPLACE_BULK,guides/driveway-permits-and-regulations-in-hawaii/index.html,hero-sealed-slab-frontage-after-rain.webp,"sealed concrete frontage glistening with shallow puddles after rain, concrete, residential frontage, sealed, wet after rain, elevated three-quarter","people, faces, vehicle badges, brand logos, text, watermarks, signage, house numbers",sealed concrete frontage glistening with shallow puddles after rain,concrete,residential frontage,sealed,wet after rain,elevated three-quarter,Sealed concrete frontage glistening with shallow puddles after rain,pending
https://drivewayzusa.co/guides/driveway-permits-and-regulations-in-iowa/,driveway-permits-and-regulations-in-iowa,B_REPLACE_BULK,guides/driveway-permits-and-regulations-in-iowa/index.html,hero-cracked-asphalt-lane-low-view.webp,"long cracks running down an asphalt lane seen from surface level, asphalt, rural approach, cracked, overcast, low angle along surface","people, faces, vehicle badges, brand logos, text, watermarks, signage, house numbers",long cracks running down an asphalt lane seen from surface level,asphalt,rural approach,cracked,overcast,low angle along surface,Long cracks running down an asphalt lane seen from surface level,pending
https://drivewayzusa.co/guides/driveway-permits-and-regulations-in-louisiana/,driveway-permits-and-regulations-in-louisiana,B_REPLACE_BULK,guides/driveway-permits-and-regulations-in-louisiana/index.html,hero-fresh-patch-beside-open-pothole.webp,"fresh asphalt patch tamped beside an open pothole awaiting repair, asphalt, work-in-progress, mid-repair, overcast, elevated three-quarter","people, faces, vehicle badges, brand logos, text, watermarks, signage, house numbers",fresh asphalt patch tamped beside an open pothole awaiting repair,asphalt,work-in-progress,mid-repair,overcast,elevated three-quarter,Fresh asphalt patch tamped beside an open pothole awaiting repair,pending
https://drivewayzusa.co/guides/driveway-permits-and-regulations-in-maine/,driveway-permits-and-regulations-in-maine,B_REPLACE_BULK,guides/driveway-permits-and-regulations-in-maine/index.html,hero-weathered-cobblestone-frontage-gray-day.webp,"weathered cobblestone frontage under a flat gray sky, cobblestone, residential frontage, weathered, overcast, eye level","people, faces, vehicle badges, brand logos, text, watermarks, signage, house numbers",weathered cobblestone frontage under a flat gray sky,cobblestone,residential frontage,weathered,overcast,eye level,Weathered cobblestone frontage under a flat gray overcast sky,pending
https://drivewayzusa.co/guides/driveway-permits-and-regulations-in-maryland/,driveway-permits-and-regulations-in-maryland,B_REPLACE_BULK,guides/driveway-permits-and-regulations-in-maryland/index.html,hero-new-slab-frontage-elevated-midday.webp,"new concrete slab frontage seen from above in bright light, concrete, residential frontage, new, bright midday, elevated three-quarter","people, faces, vehicle badges, brand logos, text, watermarks, signage, house numbers",new concrete slab frontage seen from above in bright light,concrete,residential frontage,new,bright midday,elevated three-quarter,New concrete slab frontage seen from above in bright midday light,pending
https://drivewayzusa.co/guides/driveway-permits-and-regulations-in-massachusetts/,driveway-permits-and-regulations-in-massachusetts,B_REPLACE_BULK,guides/driveway-permits-and-regulations-in-massachusetts/index.html,hero-sealed-pavers-golden-hour-frontage.webp,"sealed paver frontage catching warm late day light, pavers, residential frontage, sealed, golden hour, eye level","people, faces, vehicle badges, brand logos, text, watermarks, signage, house numbers",sealed paver frontage catching warm late day light,pavers,residential frontage,sealed,golden hour,eye level,Sealed paver frontage catching warm golden hour light,pending
https://drivewayzusa.co/guides/driveway-permits-and-regulations-in-michigan/,driveway-permits-and-regulations-in-michigan,B_REPLACE_BULK,guides/driveway-permits-and-regulations-in-michigan/index.html,hero-half-graded-gravel-rural-lane.webp,"half graded gravel lane with fresh stone spread over the old surface, gravel, work-in-progress, mid-repair, overcast, elevated three-quarter","people, faces, vehicle badges, brand logos, text, watermarks, signage, house numbers",half graded gravel lane with fresh stone spread over the old surface,gravel,work-in-progress,mid-repair,overcast,elevated three-quarter,Half graded gravel lane with fresh stone spread over old surface,pending
https://drivewayzusa.co/guides/driveway-permits-and-regulations-in-minnesota/,driveway-permits-and-regulations-in-minnesota,B_REPLACE_BULK,guides/driveway-permits-and-regulations-in-minnesota/index.html,hero-cracked-slab-low-angle-midday.webp,"cracks crossing a concrete slab seen low along the sunlit surface, concrete, close-up surface detail, cracked, bright midday, low angle along surface","people, faces, vehicle badges, brand logos, text, watermarks, signage, house numbers",cracks crossing a concrete slab seen low along the sunlit surface,concrete,close-up surface detail,cracked,bright midday,low angle along surface,Cracks crossing a concrete slab seen low along the sunlit surface,pending
https://drivewayzusa.co/guides/driveway-permits-and-regulations-in-mississippi/,driveway-permits-and-regulations-in-mississippi,B_REPLACE_BULK,guides/driveway-permits-and-regulations-in-mississippi/index.html,hero-damp-gravel-track-low-view.webp,"damp gravel track puddled after rain seen from surface level, gravel, rural approach, weathered, wet after rain, low angle along surface","people, faces, vehicle badges, brand logos, text, watermarks, signage, house numbers",damp gravel track puddled after rain seen from surface level,gravel,rural approach,weathered,wet after rain,low angle along surface,Damp gravel track puddled after rain seen from surface level,pending
https://drivewayzusa.co/guides/driveway-permits-and-regulations-in-missouri/,driveway-permits-and-regulations-in-missouri,B_REPLACE_BULK,guides/driveway-permits-and-regulations-in-missouri/index.html,hero-sealed-blacktop-frontage-evening-glow.webp,"sealed blacktop frontage glowing softly in late evening light, asphalt, residential frontage, sealed, golden hour, eye level","people, faces, vehicle badges, brand logos, text, watermarks, signage, house numbers",sealed blacktop frontage glowing softly in late evening light,asphalt,residential frontage,sealed,golden hour,eye level,Sealed blacktop frontage glowing softly in late evening light,pending
https://drivewayzusa.co/guides/driveway-permits-and-regulations-in-montana/,driveway-permits-and-regulations-in-montana,B_REPLACE_BULK,guides/driveway-permits-and-regulations-in-montana/index.html,hero-new-chip-seal-open-rangeland.webp,"fresh chip seal approach crossing open grassland in warm light, chip-seal, rural approach, new, golden hour, elevated three-quarter","people, faces, vehicle badges, brand logos, text, watermarks, signage, house numbers",fresh chip seal approach crossing open grassland in warm light,chip-seal,rural approach,new,golden hour,elevated three-quarter,Fresh chip seal approach crossing open grassland in warm evening light,pending
https://drivewayzusa.co/guides/driveway-permits-and-regulations-in-nebraska/,driveway-permits-and-regulations-in-nebraska,B_REPLACE_BULK,guides/driveway-permits-and-regulations-in-nebraska/index.html,hero-clean-new-drive-gray-sky.webp,"smooth new concrete driveway leading to a garage under gray skies, concrete, residential frontage, new, overcast, eye level","people, faces, vehicle badges, brand logos, text, watermarks, signage, house numbers",smooth new concrete driveway leading to a garage under gray skies,concrete,residential frontage,new,overcast,eye level,smooth new concrete driveway leading to a garage under an overcast sky,pending
https://drivewayzusa.co/guides/driveway-permits-and-regulations-in-nevada/,driveway-permits-and-regulations-in-nevada,B_REPLACE_BULK,guides/driveway-permits-and-regulations-in-nevada/index.html,hero-faded-blacktop-harsh-sun-frontage.webp,"faded asphalt driveway in front of a single story home in harsh sunlight, asphalt, residential frontage, weathered, bright midday, eye level","people, faces, vehicle badges, brand logos, text, watermarks, signage, house numbers",faded asphalt driveway in front of a single story home in harsh sunlight,asphalt,residential frontage,weathered,bright midday,eye level,faded asphalt driveway in front of a single story home in harsh sun,pending
https://drivewayzusa.co/guides/driveway-permits-and-regulations-in-new-hampshire/,driveway-permits-and-regulations-in-new-hampshire,B_REPLACE_BULK,guides/driveway-permits-and-regulations-in-new-hampshire/index.html,hero-weathered-gravel-curve-evening.webp,"weathered gravel driveway curving toward a home in warm evening light, gravel, rural approach, weathered, golden hour, eye level","people, faces, vehicle badges, brand logos, text, watermarks, signage, house numbers",weathered gravel driveway curving toward a home in warm evening light,gravel,rural approach,weathered,golden hour,eye level,weathered gravel driveway curving toward a home in warm evening light,pending
https://drivewayzusa.co/guides/driveway-permits-and-regulations-in-new-jersey/,driveway-permits-and-regulations-in-new-jersey,B_REPLACE_BULK,guides/driveway-permits-and-regulations-in-new-jersey/index.html,hero-sealed-pavers-after-rain-above.webp,"rain darkened sealed paver driveway beside a lawn seen from above, pavers, residential frontage, sealed, wet after rain, elevated three-quarter","people, faces, vehicle badges, brand logos, text, watermarks, signage, house numbers",rain darkened sealed paver driveway beside a lawn seen from above,pavers,residential frontage,sealed,wet after rain,elevated three-quarter,rain darkened sealed paver driveway viewed from above beside a lawn,pending
https://drivewayzusa.co/guides/driveway-permits-and-regulations-in-new-mexico/,driveway-permits-and-regulations-in-new-mexico,B_REPLACE_BULK,guides/driveway-permits-and-regulations-in-new-mexico/index.html,hero-chip-seal-drive-dry-land-low.webp,"sun baked chip seal drive through dry open land seen from surface level, chip-seal, rural approach, weathered, bright midday, low angle along surface","people, faces, vehicle badges, brand logos, text, watermarks, signage, house numbers",sun baked chip seal drive through dry open land seen from surface level,chip-seal,rural approach,weathered,bright midday,low angle along surface,low view along a sun baked chip seal drive through dry open land,pending
https://drivewayzusa.co/guides/driveway-permits-and-regulations-in-new-york/,driveway-permits-and-regulations-in-new-york,B_REPLACE_BULK,guides/driveway-permits-and-regulations-in-new-york/index.html,hero-gray-concrete-crack-low-view.webp,"hairline cracks across a gray concrete driveway seen from surface level, concrete, close-up surface detail, cracked, overcast, low angle along surface","people, faces, vehicle badges, brand logos, text, watermarks, signage, house numbers",hairline cracks across a gray concrete driveway seen from surface level,concrete,close-up surface detail,cracked,overcast,low angle along surface,low angle view of hairline cracks across a gray concrete driveway,pending
https://drivewayzusa.co/guides/driveway-permits-and-regulations-in-north-carolina/,driveway-permits-and-regulations-in-north-carolina,B_REPLACE_BULK,guides/driveway-permits-and-regulations-in-north-carolina/index.html,hero-warm-glow-sealed-blacktop-drive.webp,"freshly sealed blacktop driveway glowing in warm evening light, asphalt, residential frontage, sealed, golden hour, eye level","people, faces, vehicle badges, brand logos, text, watermarks, signage, house numbers",freshly sealed blacktop driveway glowing in warm evening light,asphalt,residential frontage,sealed,golden hour,eye level,freshly sealed blacktop driveway glowing in warm evening light,pending
https://drivewayzusa.co/guides/driveway-permits-and-regulations-in-north-dakota/,driveway-permits-and-regulations-in-north-dakota,B_REPLACE_BULK,guides/driveway-permits-and-regulations-in-north-dakota/index.html,hero-graded-gravel-lane-high-view.webp,"freshly graded gravel lane seen from above under flat gray skies, gravel, rural approach, new, overcast, elevated three-quarter","people, faces, vehicle badges, brand logos, text, watermarks, signage, house numbers",freshly graded gravel lane seen from above under flat gray skies,gravel,rural approach,new,overcast,elevated three-quarter,freshly graded gravel lane seen from above under flat gray skies,pending
https://drivewayzusa.co/guides/driveway-permits-and-regulations-in-ohio/,driveway-permits-and-regulations-in-ohio,B_REPLACE_BULK,guides/driveway-permits-and-regulations-in-ohio/index.html,hero-aged-concrete-drive-from-above.webp,"weathered concrete driveway beside a lawn seen from a high angle, concrete, residential frontage, weathered, overcast, elevated three-quarter","people, faces, vehicle badges, brand logos, text, watermarks, signage, house numbers",weathered concrete driveway beside a lawn seen from a high angle,concrete,residential frontage,weathered,overcast,elevated three-quarter,weathered concrete driveway beside a lawn seen from a high angle,pending
https://drivewayzusa.co/guides/driveway-permits-and-regulations-in-oklahoma/,driveway-permits-and-regulations-in-oklahoma,B_REPLACE_BULK,guides/driveway-permits-and-regulations-in-oklahoma/index.html,hero-fresh-mat-compactor-low-angle.webp,"fresh asphalt mat being compacted on a driveway base seen from surface level, asphalt, work-in-progress, mid-repair, bright midday, low angle along surface","people, faces, vehicle badges, brand logos, text, watermarks, signage, house numbers",fresh asphalt mat being compacted on a driveway base seen from surface level,asphalt,work-in-progress,mid-repair,bright midday,low angle along surface,low view of fresh asphalt being compacted on a driveway base,pending
https://drivewayzusa.co/guides/driveway-permits-and-regulations-in-oregon/,driveway-permits-and-regulations-in-oregon,B_REPLACE_BULK,guides/driveway-permits-and-regulations-in-oregon/index.html,hero-new-interlocking-pavers-evening.webp,"new interlocking paver driveway catching warm light in front of a home, pavers, residential frontage, new, golden hour, eye level","people, faces, vehicle badges, brand logos, text, watermarks, signage, house numbers",new interlocking paver driveway catching warm light in front of a home,pavers,residential frontage,new,golden hour,eye level,new interlocking paver driveway catching warm light in front of a home,pending
https://drivewayzusa.co/guides/driveway-permits-and-regulations-in-pennsylvania/,driveway-permits-and-regulations-in-pennsylvania,B_REPLACE_BULK,guides/driveway-permits-and-regulations-in-pennsylvania/index.html,hero-rain-soaked-crack-concrete-closeup.webp,"rain soaked crack running through a concrete slab in close view, concrete, close-up surface detail, cracked, wet after rain, low angle along surface","people, faces, vehicle badges, brand logos, text, watermarks, signage, house numbers",rain soaked crack running through a concrete slab in close view,concrete,close-up surface detail,cracked,wet after rain,low angle along surface,close view of a rain soaked crack running through a concrete slab,pending
https://drivewayzusa.co/guides/driveway-permits-and-regulations-in-rhode-island/,driveway-permits-and-regulations-in-rhode-island,B_REPLACE_BULK,guides/driveway-permits-and-regulations-in-rhode-island/index.html,hero-cobblestone-low-view-late-light.webp,"mossy weathered cobblestones in warm late afternoon light from surface level, cobblestone, residential frontage, weathered, golden hour, low angle along surface","people, faces, vehicle badges, brand logos, text, watermarks, signage, house numbers",mossy weathered cobblestones in warm late afternoon light from surface level,cobblestone,residential frontage,weathered,golden hour,low angle along surface,low view along mossy weathered cobblestones in warm late afternoon light,pending
https://drivewayzusa.co/guides/driveway-permits-and-regulations-in-south-carolina/,driveway-permits-and-regulations-in-south-carolina,B_REPLACE_BULK,guides/driveway-permits-and-regulations-in-south-carolina/index.html,hero-new-blacktop-bright-sun-above.webp,"new blacktop driveway beside a trimmed lawn in bright midday sun seen from above, asphalt, residential frontage, new, bright midday, elevated three-quarter","people, faces, vehicle badges, brand logos, text, watermarks, signage, house numbers",new blacktop driveway beside a trimmed lawn in bright midday sun seen from above,asphalt,residential frontage,new,bright midday,elevated three-quarter,new blacktop driveway beside a trimmed lawn in bright midday sun,pending
https://drivewayzusa.co/guides/driveway-permits-and-regulations-in-south-dakota/,driveway-permits-and-regulations-in-south-dakota,B_REPLACE_BULK,guides/driveway-permits-and-regulations-in-south-dakota/index.html,hero-tire-rutted-gravel-open-fields.webp,"rutted gravel farm lane stretching toward open fields under gray skies, gravel, rural approach, weathered, overcast, eye level","people, faces, vehicle badges, brand logos, text, watermarks, signage, house numbers",rutted gravel farm lane stretching toward open fields under gray skies,gravel,rural approach,weathered,overcast,eye level,rutted gravel farm lane stretching toward open fields under gray skies,pending
https://drivewayzusa.co/guides/driveway-permits-and-regulations-in-texas/,driveway-permits-and-regulations-in-texas,B_REPLACE_BULK,guides/driveway-permits-and-regulations-in-texas/index.html,hero-glossy-concrete-drive-bright-sun.webp,"glossy sealed concrete driveway reflecting bright sun in front of a garage, concrete, residential frontage, sealed, bright midday, eye level","people, faces, vehicle badges, brand logos, text, watermarks, signage, house numbers",glossy sealed concrete driveway reflecting bright sun in front of a garage,concrete,residential frontage,sealed,bright midday,eye level,glossy sealed concrete driveway reflecting bright sun in front of a garage,pending
https://drivewayzusa.co/guides/driveway-permits-and-regulations-in-vermont/,driveway-permits-and-regulations-in-vermont,B_REPLACE_BULK,guides/driveway-permits-and-regulations-in-vermont/index.html,hero-cracked-lane-golden-hour-low.webp,"branching cracks in an asphalt lane at golden hour seen from surface level, asphalt, rural approach, cracked, golden hour, low angle along surface","people, faces, vehicle badges, brand logos, text, watermarks, signage, house numbers",branching cracks in an asphalt lane at golden hour seen from surface level,asphalt,rural approach,cracked,golden hour,low angle along surface,low view of branching cracks in an asphalt lane at golden hour,pending
https://drivewayzusa.co/guides/driveway-permits-and-regulations-in-virginia/,driveway-permits-and-regulations-in-virginia,B_REPLACE_BULK,guides/driveway-permits-and-regulations-in-virginia/index.html,hero-aged-paver-drive-high-view.webp,"aged brick paver driveway beside a garden bed seen from above, pavers, residential frontage, weathered, overcast, elevated three-quarter","people, faces, vehicle badges, brand logos, text, watermarks, signage, house numbers",aged brick paver driveway beside a garden bed seen from above,pavers,residential frontage,weathered,overcast,elevated three-quarter,aged brick paver driveway beside a garden bed viewed from above,pending
https://drivewayzusa.co/guides/driveway-permits-and-regulations-in-washington/,driveway-permits-and-regulations-in-washington,B_REPLACE_BULK,guides/driveway-permits-and-regulations-in-washington/index.html,hero-damp-concrete-stains-closeup.webp,"damp weathered concrete surface showing pores and faint stains from surface level, concrete, close-up surface detail, weathered, wet after rain, low angle along surface","people, faces, vehicle badges, brand logos, text, watermarks, signage, house numbers",damp weathered concrete surface showing pores and faint stains from surface level,concrete,close-up surface detail,weathered,wet after rain,low angle along surface,low view across damp weathered concrete showing pores and faint stains,pending
https://drivewayzusa.co/guides/driveway-permits-and-regulations-in-west-virginia/,driveway-permits-and-regulations-in-west-virginia,B_REPLACE_BULK,guides/driveway-permits-and-regulations-in-west-virginia/index.html,hero-wet-asphalt-winding-lane-above.webp,"rain darkened asphalt lane winding past trees seen from a high angle, asphalt, rural approach, weathered, wet after rain, elevated three-quarter","people, faces, vehicle badges, brand logos, text, watermarks, signage, house numbers",rain darkened asphalt lane winding past trees seen from a high angle,asphalt,rural approach,weathered,wet after rain,elevated three-quarter,rain darkened asphalt lane winding past trees seen from a high angle,pending
https://drivewayzusa.co/guides/driveway-permits-and-regulations-in-wyoming/,driveway-permits-and-regulations-in-wyoming,B_REPLACE_BULK,guides/driveway-permits-and-regulations-in-wyoming/index.html,hero-fresh-gravel-open-rangeland-sun.webp,"smooth graded gravel drive crossing open rangeland in bright midday sun, gravel, rural approach, new, bright midday, eye level","people, faces, vehicle badges, brand logos, text, watermarks, signage, house numbers",smooth graded gravel drive crossing open rangeland in bright midday sun,gravel,rural approach,new,bright midday,eye level,smooth graded gravel drive crossing open rangeland in bright midday sun,pending
https://drivewayzusa.co/guides/driveway-permits-how-much-do-they-cost/,driveway-permits-how-much-do-they-cost,B_REPLACE_BULK,guides/driveway-permits-how-much-do-they-cost/index.html,hero-crack-mortar-fill-closeup-low.webp,"repair mortar filling a crack in a concrete slab in close surface level view, concrete, close-up surface detail, mid-repair, bright midday, low angle along surface","people, faces, vehicle badges, brand logos, text, watermarks, signage, house numbers",repair mortar filling a crack in a concrete slab in close surface level view,concrete,close-up surface detail,mid-repair,bright midday,low angle along surface,low close view of repair mortar filling a crack in a concrete slab,pending
https://drivewayzusa.co/guides/driveway-permits-what-you-need-before-starting/,driveway-permits-what-you-need-before-starting,B_REPLACE_BULK,guides/driveway-permits-what-you-need-before-starting/index.html,hero-marked-drive-layout-gravel-base.webp,"stakes and string lines marking a planned driveway over a graded gravel base, gravel, work-in-progress, new, overcast, elevated three-quarter","people, faces, vehicle badges, brand logos, text, watermarks, signage, house numbers",stakes and string lines marking a planned driveway over a graded gravel base,gravel,work-in-progress,new,overcast,elevated three-quarter,stakes and string lines marking a planned driveway over a graded gravel base,pending
https://drivewayzusa.co/guides/driveway-pet-area-design-creating-a-safe-space/,driveway-pet-area-design-creating-a-safe-space,B_REPLACE_BULK,guides/driveway-pet-area-design-creating-a-safe-space/index.html,hero-paver-drive-grassy-side-yard.webp,"smooth paver driveway beside a fenced grass side yard in warm light, pavers, residential frontage, new, golden hour, eye level","people, faces, vehicle badges, brand logos, text, watermarks, signage, house numbers",smooth paver driveway beside a fenced grass side yard in warm light,pavers,residential frontage,new,golden hour,eye level,smooth paver driveway beside a fenced grass side yard in warm light,pending
https://drivewayzusa.co/guides/driveway-photo-documentation-before-during-and-after/,driveway-photo-documentation-before-during-and-after,B_REPLACE_BULK,guides/driveway-photo-documentation-before-during-and-after/index.html,hero-partly-poured-drive-warm-light.webp,"partly poured concrete driveway between wooden forms in warm evening light, concrete, work-in-progress, mid-repair, golden hour, eye level","people, faces, vehicle badges, brand logos, text, watermarks, signage, house numbers",partly poured concrete driveway between wooden forms in warm evening light,concrete,work-in-progress,mid-repair,golden hour,eye level,partly poured concrete driveway between wooden forms in warm evening light,pending
https://drivewayzusa.co/guides/driveway-photo-history-documenting-changes-and-aging/,driveway-photo-history-documenting-changes-and-aging,B_REPLACE_BULK,guides/driveway-photo-history-documenting-changes-and-aging/index.html,hero-faded-cracked-asphalt-aging-drive.webp,"aging asphalt driveway with fading, fine cracks, and old patch marks, asphalt, residential frontage, weathered, overcast, elevated three-quarter","people, faces, vehicle badges, brand logos, text, watermarks, signage, house numbers","aging asphalt driveway with fading, fine cracks, and old patch marks",asphalt,residential frontage,weathered,overcast,elevated three-quarter,Weathered asphalt surface showing years of fading cracks and small patches,pending
https://drivewayzusa.co/guides/driveway-photography-tips-capturing-the-best-angles-for-listings/,driveway-photography-tips-capturing-the-best-angles-for-listings,B_REPLACE_BULK,guides/driveway-photography-tips-capturing-the-best-angles-for-listings/index.html,hero-low-view-paver-drive-warm-light.webp,"smooth paver driveway glowing in warm low light, pavers, residential frontage, new, golden hour, low angle along surface","people, faces, vehicle badges, brand logos, text, watermarks, signage, house numbers",smooth paver driveway glowing in warm low light,pavers,residential frontage,new,golden hour,low angle along surface,Low angle along smooth pavers glowing in warm evening light,pending
https://drivewayzusa.co/guides/driveway-planning-for-new-home-construction/,driveway-planning-for-new-home-construction,B_REPLACE_BULK,guides/driveway-planning-for-new-home-construction/index.html,hero-form-stakes-freshly-graded-bed.webp,"wooden form stakes and string lines marking a leveled gravel driveway base, gravel, work-in-progress, mid-repair, bright midday, eye level","people, faces, vehicle badges, brand logos, text, watermarks, signage, house numbers",wooden form stakes and string lines marking a leveled gravel driveway base,gravel,work-in-progress,mid-repair,bright midday,eye level,Wooden form stakes and string lines marking a leveled gravel base,pending
https://drivewayzusa.co/guides/driveway-pollution-liability-environmental-coverage/,driveway-pollution-liability-environmental-coverage,B_REPLACE_BULK,guides/driveway-pollution-liability-environmental-coverage/index.html,hero-oily-sheen-rain-wet-asphalt.webp,"oily rainbow sheen spread across rain wet asphalt, asphalt, close-up surface detail, weathered, wet after rain, low angle along surface","people, faces, vehicle badges, brand logos, text, watermarks, signage, house numbers",oily rainbow sheen spread across rain wet asphalt,asphalt,close-up surface detail,weathered,wet after rain,low angle along surface,Oily rainbow sheen spreading across rain wet asphalt pavement,pending
https://drivewayzusa.co/guides/driveway-polyaspartic-coating-fast-cure-alternative/,driveway-polyaspartic-coating-fast-cure-alternative,B_REPLACE_BULK,guides/driveway-polyaspartic-coating-fast-cure-alternative/index.html,hero-glossy-coating-half-applied-apron.webp,"glossy gray floor coating half applied across a concrete garage apron, concrete, close-up surface detail, mid-repair, bright midday, eye level","people, faces, vehicle badges, brand logos, text, watermarks, signage, house numbers",glossy gray floor coating half applied across a concrete garage apron,concrete,close-up surface detail,mid-repair,bright midday,eye level,Glossy gray finish half applied across a concrete garage apron,pending
https://drivewayzusa.co/guides/driveway-power-washing-before-home-sale-worth-the-cost/,driveway-power-washing-before-home-sale-worth-the-cost,B_REPLACE_BULK,guides/driveway-power-washing-before-home-sale-worth-the-cost/index.html,hero-wide-clean-stripe-dingy-slab.webp,"wide clean pressure washed stripe cutting through dingy gray concrete, concrete, close-up surface detail, mid-repair, overcast, eye level","people, faces, vehicle badges, brand logos, text, watermarks, signage, house numbers",wide clean pressure washed stripe cutting through dingy gray concrete,concrete,close-up surface detail,mid-repair,overcast,eye level,Clean pressure washed stripe cutting through dingy gray concrete,pending
https://drivewayzusa.co/guides/driveway-power-washing-frequency-guide/,driveway-power-washing-frequency-guide,B_REPLACE_BULK,guides/driveway-power-washing-frequency-guide/index.html,hero-half-washed-damp-concrete-drive.webp,"half washed concrete driveway still damp after cleaning, concrete, residential frontage, weathered, wet after rain, low angle along surface","people, faces, vehicle badges, brand logos, text, watermarks, signage, house numbers",half washed concrete driveway still damp after cleaning,concrete,residential frontage,weathered,wet after rain,low angle along surface,Half washed concrete drive still damp after a deep cleaning,pending
https://drivewayzusa.co/guides/driveway-power-washing-tips-for-a-clean-surface/,driveway-power-washing-tips-for-a-clean-surface,B_REPLACE_BULK,guides/driveway-power-washing-tips-for-a-clean-surface/index.html,hero-freshly-washed-concrete-uniform-finish.webp,"freshly washed concrete slab drying to an even tone, concrete, close-up surface detail, new, bright midday, eye level","people, faces, vehicle badges, brand logos, text, watermarks, signage, house numbers",freshly washed concrete slab drying to an even tone,concrete,close-up surface detail,new,bright midday,eye level,Freshly washed concrete slab drying to an even tone,pending
https://drivewayzusa.co/guides/driveway-ppe-requirements-protective-equipment-for-workers/,driveway-ppe-requirements-protective-equipment-for-workers,B_REPLACE_BULK,guides/driveway-ppe-requirements-protective-equipment-for-workers/index.html,hero-safety-gear-laid-on-slab.webp,"safety glasses, work gloves, and high visibility vest laid out on a concrete slab, concrete, work-in-progress, new, overcast, elevated three-quarter","people, faces, vehicle badges, brand logos, text, watermarks, signage, house numbers","safety glasses, work gloves, and high visibility vest laid out on a concrete slab",concrete,work-in-progress,new,overcast,elevated three-quarter,Safety glasses work gloves and high visibility vest laid on concrete,pending
https://drivewayzusa.co/guides/driveway-pressure-washing-mistakes-that-cause-damage/,driveway-pressure-washing-mistakes-that-cause-damage,B_REPLACE_BULK,guides/driveway-pressure-washing-mistakes-that-cause-damage/index.html,hero-etched-wand-marks-concrete-closeup.webp,"etched wand marks and streaks gouged into a concrete surface, concrete, close-up surface detail, weathered, overcast, low angle along surface","people, faces, vehicle badges, brand logos, text, watermarks, signage, house numbers",etched wand marks and streaks gouged into a concrete surface,concrete,close-up surface detail,weathered,overcast,low angle along surface,Etched wand marks and streaks gouged into a concrete surface,pending
https://drivewayzusa.co/guides/driveway-preventive-maintenance-program-saving-money-long-term/,driveway-preventive-maintenance-program-saving-money-long-term,B_REPLACE_BULK,guides/driveway-preventive-maintenance-program-saving-money-long-term/index.html,hero-sealed-lane-between-open-fields.webp,"long sealed asphalt lane running between open grassy fields, asphalt, rural approach, sealed, golden hour, eye level","people, faces, vehicle badges, brand logos, text, watermarks, signage, house numbers",long sealed asphalt lane running between open grassy fields,asphalt,rural approach,sealed,golden hour,eye level,Sealed asphalt lane running between open grassy fields at dusk,pending
https://drivewayzusa.co/guides/driveway-prime-coat-preparing-base-for-asphalt/,driveway-prime-coat-preparing-base-for-asphalt,B_REPLACE_BULK,guides/driveway-prime-coat-preparing-base-for-asphalt/index.html,hero-dark-prime-coat-gravel-base.webp,"dark tacky emulsion sprayed across a compacted gravel foundation layer, gravel, work-in-progress, mid-repair, overcast, low angle along surface","people, faces, vehicle badges, brand logos, text, watermarks, signage, house numbers",dark tacky emulsion sprayed across a compacted gravel foundation layer,gravel,work-in-progress,mid-repair,overcast,low angle along surface,Dark tacky emulsion sprayed across a compacted gravel foundation,pending
https://drivewayzusa.co/guides/driveway-problem-diagnosis-guide-identifying-issues-by-symptom/,driveway-problem-diagnosis-guide-identifying-issues-by-symptom,B_REPLACE_BULK,guides/driveway-problem-diagnosis-guide-identifying-issues-by-symptom/index.html,hero-cracked-stained-asphalt-overview.webp,"cracked stained asphalt drive with patches, ruts, and faded areas, asphalt, residential frontage, cracked, overcast, elevated three-quarter","people, faces, vehicle badges, brand logos, text, watermarks, signage, house numbers","cracked stained asphalt drive with patches, ruts, and faded areas",asphalt,residential frontage,cracked,overcast,elevated three-quarter,Cracked stained asphalt drive with patches ruts and faded areas,pending
https://drivewayzusa.co/guides/driveway-product-innovation-new-materials-and-methods/,driveway-product-innovation-new-materials-and-methods,B_REPLACE_BULK,guides/driveway-product-innovation-new-materials-and-methods/index.html,hero-seamless-resin-pebble-surface.webp,"permeable resin bound pebbles forming a seamless modern surface, resin, close-up surface detail, new, bright midday, eye level","people, faces, vehicle badges, brand logos, text, watermarks, signage, house numbers",permeable resin bound pebbles forming a seamless modern surface,resin,close-up surface detail,new,bright midday,eye level,Permeable resin bound pebbles forming a seamless modern surface,pending
https://drivewayzusa.co/guides/driveway-professional-liability-design-error-protection/,driveway-professional-liability-design-error-protection,B_REPLACE_BULK,guides/driveway-professional-liability-design-error-protection/index.html,hero-buckled-joint-raised-slab-edge.webp,"heaved concrete slab lifted at a buckled uneven joint, concrete, close-up surface detail, cracked, bright midday, low angle along surface","people, faces, vehicle badges, brand logos, text, watermarks, signage, house numbers",heaved concrete slab lifted at a buckled uneven joint,concrete,close-up surface detail,cracked,bright midday,low angle along surface,Heaved concrete slab lifted at a buckled uneven joint,pending
https://drivewayzusa.co/guides/driveway-progress-payment-paying-as-work-completes/,driveway-progress-payment-paying-as-work-completes,B_REPLACE_BULK,guides/driveway-progress-payment-paying-as-work-completes/index.html,hero-half-poured-slab-meets-base.webp,"half poured drive with wet concrete meeting a prepared gravel base, concrete, work-in-progress, mid-repair, bright midday, eye level","people, faces, vehicle badges, brand logos, text, watermarks, signage, house numbers",half poured drive with wet concrete meeting a prepared gravel base,concrete,work-in-progress,mid-repair,bright midday,eye level,Half poured drive with wet concrete meeting a prepared gravel base,pending
https://drivewayzusa.co/guides/driveway-project-case-studies-before-and-after/,driveway-project-case-studies-before-and-after,B_REPLACE_BULK,guides/driveway-project-case-studies-before-and-after/index.html,hero-light-overlay-meets-aged-slab.webp,"fresh light overlay meeting aged dark concrete along a straight boundary, concrete, work-in-progress, mid-repair, golden hour, low angle along surface","people, faces, vehicle badges, brand logos, text, watermarks, signage, house numbers",fresh light overlay meeting aged dark concrete along a straight boundary,concrete,work-in-progress,mid-repair,golden hour,low angle along surface,Fresh light overlay meeting aged dark concrete along a straight line,pending
https://drivewayzusa.co/guides/driveway-project-checklist-for-homeowners-free-pdf/,driveway-project-checklist-for-homeowners-free-pdf,B_REPLACE_BULK,guides/driveway-project-checklist-for-homeowners-free-pdf/index.html,hero-squared-new-slab-bright-lawn.webp,"squared new concrete slab with clean lines beside bright lawn, concrete, residential frontage, sealed, bright midday, eye level","people, faces, vehicle badges, brand logos, text, watermarks, signage, house numbers",squared new concrete slab with clean lines beside bright lawn,concrete,residential frontage,sealed,bright midday,eye level,Squared new concrete slab with clean lines beside bright lawn,pending
https://drivewayzusa.co/guides/driveway-project-delay-causes-weather-permits-and-supply/,driveway-project-delay-causes-weather-permits-and-supply,B_REPLACE_BULK,guides/driveway-project-delay-causes-weather-permits-and-supply/index.html,hero-puddled-base-under-gray-sky.webp,"unfinished gravel base holding rain puddles under a gray sky, gravel, work-in-progress, mid-repair, wet after rain, elevated three-quarter","people, faces, vehicle badges, brand logos, text, watermarks, signage, house numbers",unfinished gravel base holding rain puddles under a gray sky,gravel,work-in-progress,mid-repair,wet after rain,elevated three-quarter,Unfinished gravel base holding rain puddles under a gray sky,pending
https://drivewayzusa.co/guides/driveway-project-management-software-tracking-progress/,driveway-project-management-software-tracking-progress,B_REPLACE_BULK,guides/driveway-project-management-software-tracking-progress/index.html,hero-partly-laid-pavers-stacked-bundles.webp,"partly laid paver drive with stacked bundles waiting on the base, pavers, work-in-progress, mid-repair, overcast, elevated three-quarter","people, faces, vehicle badges, brand logos, text, watermarks, signage, house numbers",partly laid paver drive with stacked bundles waiting on the base,pavers,work-in-progress,mid-repair,overcast,elevated three-quarter,Partly laid paver drive with stacked bundles waiting on base,pending
https://drivewayzusa.co/guides/driveway-project-management-timeline-budget-and-quality-control/,driveway-project-management-timeline-budget-and-quality-control,B_REPLACE_BULK,guides/driveway-project-management-timeline-budget-and-quality-control/index.html,hero-chalk-line-smooth-fresh-slab.webp,"chalk snap line stretched across a smooth freshly finished slab, concrete, close-up surface detail, new, golden hour, eye level","people, faces, vehicle badges, brand logos, text, watermarks, signage, house numbers",chalk snap line stretched across a smooth freshly finished slab,concrete,close-up surface detail,new,golden hour,eye level,Chalk snap line stretched across a smooth freshly finished slab,pending
https://drivewayzusa.co/guides/driveway-project-management-working-with-your-contractor/,driveway-project-management-working-with-your-contractor,B_REPLACE_BULK,guides/driveway-project-management-working-with-your-contractor/index.html,hero-screed-rails-wet-pour-forms.webp,"screed rails guiding a wet concrete pour between wooden forms, concrete, work-in-progress, mid-repair, bright midday, low angle along surface","people, faces, vehicle badges, brand logos, text, watermarks, signage, house numbers",screed rails guiding a wet concrete pour between wooden forms,concrete,work-in-progress,mid-repair,bright midday,low angle along surface,Screed rails guiding a wet concrete pour between wooden forms,pending
https://drivewayzusa.co/guides/driveway-project-scope-creep-staying-on-budget/,driveway-project-scope-creep-staying-on-budget,B_REPLACE_BULK,guides/driveway-project-scope-creep-staying-on-budget/index.html,hero-extra-excavated-strip-beyond-strings.webp,"extra excavated strip widening the driveway footprint beyond marked string lines, none, work-in-progress, mid-repair, overcast, elevated three-quarter","people, faces, vehicle badges, brand logos, text, watermarks, signage, house numbers",extra excavated strip widening the driveway footprint beyond marked string lines,none,work-in-progress,mid-repair,overcast,elevated three-quarter,Extra excavated strip widening the footprint beyond marked string lines,pending
https://drivewayzusa.co/guides/driveway-project-timeline-from-planning-to-completion/,driveway-project-timeline-from-planning-to-completion,B_REPLACE_BULK,guides/driveway-project-timeline-from-planning-to-completion/index.html,hero-graded-gravel-lane-flat-fields.webp,"freshly graded gravel lane stretching toward open flat fields, gravel, rural approach, new, overcast, low angle along surface","people, faces, vehicle badges, brand logos, text, watermarks, signage, house numbers",freshly graded gravel lane stretching toward open flat fields,gravel,rural approach,new,overcast,low angle along surface,Freshly graded gravel lane stretching toward open flat fields,pending
https://drivewayzusa.co/guides/driveway-project-timeline-template-from-planning-to-completion/,driveway-project-timeline-template-from-planning-to-completion,B_REPLACE_BULK,guides/driveway-project-timeline-template-from-planning-to-completion/index.html,hero-blanket-peeled-fresh-slab-corner.webp,"curing blanket peeled back from the corner of a fresh concrete slab, concrete, close-up surface detail, new, golden hour, eye level","people, faces, vehicle badges, brand logos, text, watermarks, signage, house numbers",curing blanket peeled back from the corner of a fresh concrete slab,concrete,close-up surface detail,new,golden hour,eye level,Curing blanket peeled back from the corner of a fresh slab,pending
https://drivewayzusa.co/guides/driveway-property-survey-verifying-boundaries-before-building/,driveway-property-survey-verifying-boundaries-before-building,B_REPLACE_BULK,guides/driveway-property-survey-verifying-boundaries-before-building/index.html,hero-corner-stakes-string-layout.webp,"wooden survey stakes and taut string lines marking a planned driveway layout on bare ground, none, work-in-progress, new, overcast, elevated three-quarter","people, faces, vehicle badges, brand logos, text, watermarks, signage, house numbers",wooden survey stakes and taut string lines marking a planned driveway layout on bare ground,none,work-in-progress,new,overcast,elevated three-quarter,Wooden stakes and string lines marking a planned driveway layout,pending
https://drivewayzusa.co/guides/driveway-pros-and-cons-by-material-complete-breakdown/,driveway-pros-and-cons-by-material-complete-breakdown,B_REPLACE_BULK,guides/driveway-pros-and-cons-by-material-complete-breakdown/index.html,hero-brick-paver-meets-gravel-edge.webp,"boundary where a brick paver driveway meets a loose gravel edge, pavers, close-up surface detail, weathered, bright midday, low angle along surface","people, faces, vehicle badges, brand logos, text, watermarks, signage, house numbers",boundary where a brick paver driveway meets a loose gravel edge,pavers,close-up surface detail,weathered,bright midday,low angle along surface,Low view of brick pavers meeting a loose gravel drive edge,pending
https://drivewayzusa.co/guides/driveway-protective-coating-for-new-installations/,driveway-protective-coating-for-new-installations,B_REPLACE_BULK,guides/driveway-protective-coating-for-new-installations/index.html,hero-fresh-sealant-gloss-new-drive.webp,"glossy sealer sheen across a freshly poured concrete surface, concrete, close-up surface detail, sealed, golden hour, low angle along surface","people, faces, vehicle badges, brand logos, text, watermarks, signage, house numbers",glossy sealer sheen across a freshly poured concrete surface,concrete,close-up surface detail,sealed,golden hour,low angle along surface,Glossy sealer sheen across a freshly poured concrete surface,pending
https://drivewayzusa.co/guides/driveway-punch-list-template-final-inspection-form/,driveway-punch-list-template-final-inspection-form,B_REPLACE_BULK,guides/driveway-punch-list-template-final-inspection-form/index.html,hero-spirit-level-new-concrete-slab.webp,"long spirit level resting across a smooth new concrete slab, concrete, close-up surface detail, new, bright midday, low angle along surface","people, faces, vehicle badges, brand logos, text, watermarks, signage, house numbers",long spirit level resting across a smooth new concrete slab,concrete,close-up surface detail,new,bright midday,low angle along surface,Long level resting across a smooth new concrete slab surface,pending
https://drivewayzusa.co/guides/driveway-quality-control-ensuring-consistent-results/,driveway-quality-control-ensuring-consistent-results,B_REPLACE_BULK,guides/driveway-quality-control-ensuring-consistent-results/index.html,hero-uniform-broom-finish-sawn-joints.webp,"even broom finish and straight sawn joints across a fresh concrete driveway, concrete, close-up surface detail, new, overcast, elevated three-quarter","people, faces, vehicle badges, brand logos, text, watermarks, signage, house numbers",even broom finish and straight sawn joints across a fresh concrete driveway,concrete,close-up surface detail,new,overcast,elevated three-quarter,Even broom finish and straight sawn joints on fresh concrete,pending
https://drivewayzusa.co/guides/driveway-quick-fixes-before-listing-your-home/,driveway-quick-fixes-before-listing-your-home,B_REPLACE_BULK,guides/driveway-quick-fixes-before-listing-your-home/index.html,hero-filled-cracks-tidy-asphalt-frontage.webp,"freshly filled crack lines across a tidy asphalt driveway frontage, asphalt, residential frontage, mid-repair, golden hour, eye level","people, faces, vehicle badges, brand logos, text, watermarks, signage, house numbers",freshly filled crack lines across a tidy asphalt driveway frontage,asphalt,residential frontage,mid-repair,golden hour,eye level,Freshly filled crack lines across a tidy asphalt frontage,pending
https://drivewayzusa.co/guides/driveway-rain-sensor-automatic-irrigation-shutoff-near-pavement/,driveway-rain-sensor-automatic-irrigation-shutoff-near-pavement,B_REPLACE_BULK,guides/driveway-rain-sensor-automatic-irrigation-shutoff-near-pavement/index.html,hero-rain-sensor-wet-drive-edge.webp,"small rain sensor on a low post at the wet edge of a concrete driveway, concrete, close-up surface detail, new, wet after rain, low angle along surface","people, faces, vehicle badges, brand logos, text, watermarks, signage, house numbers",small rain sensor on a low post at the wet edge of a concrete driveway,concrete,close-up surface detail,new,wet after rain,low angle along surface,Small sensor on a post beside a wet concrete edge,pending
https://drivewayzusa.co/guides/driveway-reconstruction-vs-rehabilitation-making-the-right-call/,driveway-reconstruction-vs-rehabilitation-making-the-right-call,B_REPLACE_BULK,guides/driveway-reconstruction-vs-rehabilitation-making-the-right-call/index.html,hero-stripped-lane-beside-intact-asphalt.webp,"stripped driveway half down to base beside an intact aging asphalt surface, asphalt, work-in-progress, mid-repair, overcast, elevated three-quarter","people, faces, vehicle badges, brand logos, text, watermarks, signage, house numbers",stripped driveway half down to base beside an intact aging asphalt surface,asphalt,work-in-progress,mid-repair,overcast,elevated three-quarter,Stripped driveway half beside intact aging asphalt surface,pending
https://drivewayzusa.co/guides/driveway-reference-check-template-verifying-contractor-quality/,driveway-reference-check-template-verifying-contractor-quality,B_REPLACE_BULK,guides/driveway-reference-check-template-verifying-contractor-quality/index.html,hero-clean-jointed-drive-straight-edges.webp,"finished concrete driveway with clean sawn joints and straight edges, concrete, residential frontage, new, golden hour, eye level","people, faces, vehicle badges, brand logos, text, watermarks, signage, house numbers",finished concrete driveway with clean sawn joints and straight edges,concrete,residential frontage,new,golden hour,eye level,Clean sawn joints and straight edges on a finished drive,pending
https://drivewayzusa.co/guides/driveway-reflectors-and-markers/,driveway-reflectors-and-markers,B_REPLACE_BULK,guides/driveway-reflectors-and-markers/index.html,hero-reflector-posts-gravel-drive-edge.webp,"reflective marker posts lining the edge of a gravel drive at dusk, gravel, rural approach, weathered, golden hour, eye level","people, faces, vehicle badges, brand logos, text, watermarks, signage, house numbers",reflective marker posts lining the edge of a gravel drive at dusk,gravel,rural approach,weathered,golden hour,eye level,Reflective posts lining the edge of a gravel drive at dusk,pending
https://drivewayzusa.co/guides/driveway-refresh-ideas-under-2000/,driveway-refresh-ideas-under-2000,B_REPLACE_BULK,guides/driveway-refresh-ideas-under-2000/index.html,hero-cleaned-stripe-dingy-pavers.webp,"clean washed stripe crossing a dingy weathered paver surface, pavers, close-up surface detail, mid-repair, bright midday, low angle along surface","people, faces, vehicle badges, brand logos, text, watermarks, signage, house numbers",clean washed stripe crossing a dingy weathered paver surface,pavers,close-up surface detail,mid-repair,bright midday,low angle along surface,Clean washed stripe crossing a dingy weathered paver surface,pending
https://drivewayzusa.co/guides/driveway-reinforcement/,driveway-reinforcement,B_REPLACE_BULK,guides/driveway-reinforcement/index.html,hero-fiber-strands-wet-concrete-closeup.webp,"short synthetic fiber strands mixed through freshly poured wet concrete, concrete, work-in-progress, new, overcast, low angle along surface","people, faces, vehicle badges, brand logos, text, watermarks, signage, house numbers",short synthetic fiber strands mixed through freshly poured wet concrete,concrete,work-in-progress,new,overcast,low angle along surface,Short synthetic strands mixed through freshly poured wet concrete,pending
https://drivewayzusa.co/guides/driveway-remediation-plan-steps-to-fix-major-problems/,driveway-remediation-plan-steps-to-fix-major-problems,B_REPLACE_BULK,guides/driveway-remediation-plan-steps-to-fix-major-problems/index.html,hero-heaved-slabs-deep-wide-cracks.webp,"heaved concrete slabs with deep wide cracks across a home driveway, concrete, residential frontage, cracked, bright midday, eye level","people, faces, vehicle badges, brand logos, text, watermarks, signage, house numbers",heaved concrete slabs with deep wide cracks across a home driveway,concrete,residential frontage,cracked,bright midday,eye level,Heaved concrete slabs with deep wide cracks needing extensive repair,pending
https://drivewayzusa.co/guides/driveway-renovation-before-selling-your-home/,driveway-renovation-before-selling-your-home,B_REPLACE_BULK,guides/driveway-renovation-before-selling-your-home/index.html,hero-glossy-sealed-drive-tidy-lawn.webp,"freshly sealed dark asphalt driveway framed by tidy lawn edges, asphalt, residential frontage, sealed, golden hour, elevated three-quarter","people, faces, vehicle badges, brand logos, text, watermarks, signage, house numbers",freshly sealed dark asphalt driveway framed by tidy lawn edges,asphalt,residential frontage,sealed,golden hour,elevated three-quarter,Freshly sealed dark driveway framed by tidy lawn edges,pending
https://drivewayzusa.co/guides/driveway-repair-decision-tree-fix-it-or-replace-it/,driveway-repair-decision-tree-fix-it-or-replace-it,B_REPLACE_BULK,guides/driveway-repair-decision-tree-fix-it-or-replace-it/index.html,hero-patched-section-crumbling-asphalt-edge.webp,"patched section beside a crumbling worn asphalt surface, asphalt, close-up surface detail, mid-repair, overcast, low angle along surface","people, faces, vehicle badges, brand logos, text, watermarks, signage, house numbers",patched section beside a crumbling worn asphalt surface,asphalt,close-up surface detail,mid-repair,overcast,low angle along surface,Patched section beside a crumbling worn asphalt surface,pending
https://drivewayzusa.co/guides/driveway-replacement-after-home-purchase-planning-guide/,driveway-replacement-after-home-purchase-planning-guide,B_REPLACE_BULK,guides/driveway-replacement-after-home-purchase-planning-guide/index.html,hero-compacted-base-awaiting-new-slab.webp,"compacted gravel base formed and ready for a new slab pour, gravel, work-in-progress, new, bright midday, elevated three-quarter","people, faces, vehicle badges, brand logos, text, watermarks, signage, house numbers",compacted gravel base formed and ready for a new slab pour,gravel,work-in-progress,new,bright midday,elevated three-quarter,Compacted gravel base formed and ready for a new slab,pending
https://drivewayzusa.co/guides/driveway-request-for-proposal-template-rfp-for-contractors/,driveway-request-for-proposal-template-rfp-for-contractors,B_REPLACE_BULK,guides/driveway-request-for-proposal-template-rfp-for-contractors/index.html,hero-plain-cracked-concrete-gray-sky.webp,"hairline cracks crossing a plain concrete driveway under a gray sky, concrete, residential frontage, cracked, overcast, eye level","people, faces, vehicle badges, brand logos, text, watermarks, signage, house numbers",hairline cracks crossing a plain concrete driveway under a gray sky,concrete,residential frontage,cracked,overcast,eye level,Hairline cracks crossing a plain concrete drive under gray sky,pending
https://drivewayzusa.co/guides/driveway-research-and-development-university-studies/,driveway-research-and-development-university-studies,B_REPLACE_BULK,guides/driveway-research-and-development-university-studies/index.html,hero-sample-panels-finish-test-strip.webp,"row of small concrete test panels with varied surface finishes, concrete, close-up surface detail, new, bright midday, elevated three-quarter","people, faces, vehicle badges, brand logos, text, watermarks, signage, house numbers",row of small concrete test panels with varied surface finishes,concrete,close-up surface detail,new,bright midday,elevated three-quarter,Row of small concrete test panels with varied surface finishes,pending
https://drivewayzusa.co/guides/driveway-resilience-planning-preparing-for-extreme-weather/,driveway-resilience-planning-preparing-for-extreme-weather,B_REPLACE_BULK,guides/driveway-resilience-planning-preparing-for-extreme-weather/index.html,hero-rain-sheeting-sealed-drive-drain.webp,"rain water sheeting across a sealed asphalt driveway toward a drain, asphalt, residential frontage, sealed, wet after rain, low angle along surface","people, faces, vehicle badges, brand logos, text, watermarks, signage, house numbers",rain water sheeting across a sealed asphalt driveway toward a drain,asphalt,residential frontage,sealed,wet after rain,low angle along surface,Rain water sheeting across a sealed driveway toward a drain,pending
https://drivewayzusa.co/guides/driveway-resurfacing-vs-replacement-when-to-choose-each/,driveway-resurfacing-vs-replacement-when-to-choose-each,B_REPLACE_BULK,guides/driveway-resurfacing-vs-replacement-when-to-choose-each/index.html,hero-overlay-boundary-straight-sawn-line.webp,"fresh asphalt overlay ending at a straight sawn boundary line over the old surface, asphalt, work-in-progress, mid-repair, golden hour, low angle along surface","people, faces, vehicle badges, brand logos, text, watermarks, signage, house numbers",fresh asphalt overlay ending at a straight sawn boundary line over the old surface,asphalt,work-in-progress,mid-repair,golden hour,low angle along surface,Fresh asphalt overlay ending at a straight sawn boundary line,pending
https://drivewayzusa.co/guides/driveway-retainage-holding-back-for-quality-assurance/,driveway-retainage-holding-back-for-quality-assurance,B_REPLACE_BULK,guides/driveway-retainage-holding-back-for-quality-assurance/index.html,hero-smooth-sealed-drive-clean-apron.webp,"smooth sealed concrete driveway with a clean street apron, concrete, residential frontage, sealed, overcast, eye level","people, faces, vehicle badges, brand logos, text, watermarks, signage, house numbers",smooth sealed concrete driveway with a clean street apron,concrete,residential frontage,sealed,overcast,eye level,Smooth sealed concrete driveway with a clean street apron,pending
https://drivewayzusa.co/guides/driveway-retaining-wall-height-limits-code-requirements/,driveway-retaining-wall-height-limits-code-requirements,B_REPLACE_BULK,guides/driveway-retaining-wall-height-limits-code-requirements/index.html,hero-block-retaining-wall-gravel-drive.webp,"low stone block retaining wall rising beside a gravel driveway, gravel, rural approach, weathered, bright midday, eye level","people, faces, vehicle badges, brand logos, text, watermarks, signage, house numbers",low stone block retaining wall rising beside a gravel driveway,gravel,rural approach,weathered,bright midday,eye level,Low stone block wall rising beside a gravel drive,pending
https://drivewayzusa.co/guides/driveway-return-on-investment-by-neighborhood-type/,driveway-return-on-investment-by-neighborhood-type,B_REPLACE_BULK,guides/driveway-return-on-investment-by-neighborhood-type/index.html,hero-glowing-paver-drive-trimmed-hedges.webp,"glowing sealed paver driveway bordered by trimmed hedges, pavers, residential frontage, sealed, golden hour, elevated three-quarter","people, faces, vehicle badges, brand logos, text, watermarks, signage, house numbers",glowing sealed paver driveway bordered by trimmed hedges,pavers,residential frontage,sealed,golden hour,elevated three-quarter,Glowing sealed paver driveway bordered by trimmed hedges at dusk,pending
https://drivewayzusa.co/guides/driveway-right-of-way-and-easements-what-homeowners-need-to-know/,driveway-right-of-way-and-easements-what-homeowners-need-to-know,B_REPLACE_BULK,guides/driveway-right-of-way-and-easements-what-homeowners-need-to-know/index.html,hero-gravel-drive-meets-paved-road.webp,"gravel driveway ending where a paved rural road begins, gravel, rural approach, weathered, overcast, eye level","people, faces, vehicle badges, brand logos, text, watermarks, signage, house numbers",gravel driveway ending where a paved rural road begins,gravel,rural approach,weathered,overcast,eye level,Gravel driveway ending where a paved rural road begins,pending
https://drivewayzusa.co/guides/driveway-robotic-total-station-automated-survey-layout/,driveway-robotic-total-station-automated-survey-layout,B_REPLACE_BULK,guides/driveway-robotic-total-station-automated-survey-layout/index.html,hero-survey-instrument-tripod-staked-site.webp,"optical survey instrument on a tripod over a staked driveway site, none, work-in-progress, new, bright midday, eye level","people, faces, vehicle badges, brand logos, text, watermarks, signage, house numbers",optical survey instrument on a tripod over a staked driveway site,none,work-in-progress,new,bright midday,eye level,Optical instrument on a tripod over a staked drive site,pending
https://drivewayzusa.co/guides/driveway-roi-calculator-how-much-value-does-it-add/,driveway-roi-calculator-how-much-value-does-it-add,B_REPLACE_BULK,guides/driveway-roi-calculator-how-much-value-does-it-add/index.html,hero-fresh-sealed-drive-golden-light.webp,"freshly sealed concrete driveway with a deep even sheen, concrete, residential frontage, sealed, golden hour, elevated three-quarter","people, faces, vehicle badges, brand logos, text, watermarks, signage, house numbers",freshly sealed concrete driveway with a deep even sheen,concrete,residential frontage,sealed,golden hour,elevated three-quarter,Freshly sealed concrete drive glowing in warm evening light,pending
https://drivewayzusa.co/guides/driveway-safety-for-children/,driveway-safety-for-children,B_REPLACE_BULK,guides/driveway-safety-for-children/index.html,hero-even-concrete-drive-to-garage.webp,"smooth even concrete driveway running up to a garage, concrete, residential frontage, new, bright midday, eye level","people, faces, vehicle badges, brand logos, text, watermarks, signage, house numbers",smooth even concrete driveway running up to a garage,concrete,residential frontage,new,bright midday,eye level,Smooth even concrete drive running up to a garage door,pending
https://drivewayzusa.co/guides/driveway-safety-slip-resistance-in-wet-and-icy-conditions/,driveway-safety-slip-resistance-in-wet-and-icy-conditions,B_REPLACE_BULK,guides/driveway-safety-slip-resistance-in-wet-and-icy-conditions/index.html,hero-rain-beaded-broom-finish.webp,"rain beaded broom textured concrete surface showing grip, concrete, close-up surface detail, weathered, wet after rain, low angle along surface","people, faces, vehicle badges, brand logos, text, watermarks, signage, house numbers",rain beaded broom textured concrete surface showing grip,concrete,close-up surface detail,weathered,wet after rain,low angle along surface,Rain beads on a broom textured concrete surface with grip,pending
https://drivewayzusa.co/guides/driveway-sand-types-washed-mason-and-utility/,driveway-sand-types-washed-mason-and-utility,B_REPLACE_BULK,guides/driveway-sand-types-washed-mason-and-utility/index.html,hero-graded-sand-piles-paver-bed.webp,"separate piles of fine and coarse sand beside a gravel work area, none, work-in-progress, new, bright midday, eye level","people, faces, vehicle badges, brand logos, text, watermarks, signage, house numbers",separate piles of fine and coarse sand beside a gravel work area,none,work-in-progress,new,bright midday,eye level,Separate piles of fine and coarse sand beside a gravel work area,pending
https://drivewayzusa.co/guides/driveway-scaling-resistance-test-astm-c672-method/,driveway-scaling-resistance-test-astm-c672-method,B_REPLACE_BULK,guides/driveway-scaling-resistance-test-astm-c672-method/index.html,hero-flaking-scaled-concrete-closeup.webp,"flaking scaled patches across a weathered concrete surface, concrete, close-up surface detail, weathered, overcast, low angle along surface","people, faces, vehicle badges, brand logos, text, watermarks, signage, house numbers",flaking scaled patches across a weathered concrete surface,concrete,close-up surface detail,weathered,overcast,low angle along surface,Close view of flaking scaled patches across a concrete surface,pending
https://drivewayzusa.co/guides/driveway-schedule-of-values-breaking-down-project-cost/,driveway-schedule-of-values-breaking-down-project-cost,B_REPLACE_BULK,guides/driveway-schedule-of-values-breaking-down-project-cost/index.html,hero-graded-base-with-lumber-forms.webp,"partly prepared gravel base framed by lumber form boards, gravel, work-in-progress, new, overcast, elevated three-quarter","people, faces, vehicle badges, brand logos, text, watermarks, signage, house numbers",partly prepared gravel base framed by lumber form boards,gravel,work-in-progress,new,overcast,elevated three-quarter,Partly prepared gravel base framed by lumber form boards,pending
https://drivewayzusa.co/guides/driveway-school-zone-requirements-safety-near-schools/,driveway-school-zone-requirements-safety-near-schools,B_REPLACE_BULK,guides/driveway-school-zone-requirements-safety-near-schools/index.html,hero-sealed-drive-open-sight-lines.webp,"sealed asphalt driveway with clear open sight lines to the street, asphalt, residential frontage, sealed, bright midday, elevated three-quarter","people, faces, vehicle badges, brand logos, text, watermarks, signage, house numbers",sealed asphalt driveway with clear open sight lines to the street,asphalt,residential frontage,sealed,bright midday,elevated three-quarter,Clear open view along a sealed drive toward the street,pending
https://drivewayzusa.co/guides/driveway-scope-of-work-defining-the-project-clearly/,driveway-scope-of-work-defining-the-project-clearly,B_REPLACE_BULK,guides/driveway-scope-of-work-defining-the-project-clearly/index.html,hero-measuring-tape-across-gravel-base.webp,"measuring tape stretched across a staked gravel base, gravel, work-in-progress, new, bright midday, elevated three-quarter","people, faces, vehicle badges, brand logos, text, watermarks, signage, house numbers",measuring tape stretched across a staked gravel base,gravel,work-in-progress,new,bright midday,elevated three-quarter,Measuring tape stretched across a staked gravel base,pending
https://drivewayzusa.co/guides/driveway-sealcoat-failure-common-causes-and-remedies/,driveway-sealcoat-failure-common-causes-and-remedies,B_REPLACE_BULK,guides/driveway-sealcoat-failure-common-causes-and-remedies/index.html,hero-peeling-sealcoat-fine-cracks.webp,"worn peeling sealcoat with fine cracks across gray asphalt, asphalt, close-up surface detail, cracked, overcast, low angle along surface","people, faces, vehicle badges, brand logos, text, watermarks, signage, house numbers",worn peeling sealcoat with fine cracks across gray asphalt,asphalt,close-up surface detail,cracked,overcast,low angle along surface,Worn peeling sealcoat with fine cracks across gray asphalt,pending
https://drivewayzusa.co/guides/driveway-sealcoating-when-why-and-how-often/,driveway-sealcoating-when-why-and-how-often,B_REPLACE_BULK,guides/driveway-sealcoating-when-why-and-how-often/index.html,hero-wet-sealcoat-gloss-closeup.webp,"glossy wet sealant freshly spread over dark asphalt, asphalt, close-up surface detail, sealed, overcast, low angle along surface","people, faces, vehicle badges, brand logos, text, watermarks, signage, house numbers",glossy wet sealant freshly spread over dark asphalt,asphalt,close-up surface detail,sealed,overcast,low angle along surface,Close view of glossy wet sealant spread over dark asphalt,pending
https://drivewayzusa.co/guides/driveway-seasonal-checklist-printable-four-season-guide/,driveway-seasonal-checklist-printable-four-season-guide,B_REPLACE_BULK,guides/driveway-seasonal-checklist-printable-four-season-guide/index.html,hero-fallen-leaves-sealed-drive.webp,"fallen autumn leaves scattered across a dark sealed asphalt drive, asphalt, residential frontage, sealed, overcast, eye level","people, faces, vehicle badges, brand logos, text, watermarks, signage, house numbers",fallen autumn leaves scattered across a dark sealed asphalt drive,asphalt,residential frontage,sealed,overcast,eye level,Fallen autumn leaves scattered across a dark sealed drive,pending
https://drivewayzusa.co/guides/driveway-seasonal-material-sales-when-to-buy-for-savings/,driveway-seasonal-material-sales-when-to-buy-for-savings,B_REPLACE_BULK,guides/driveway-seasonal-material-sales-when-to-buy-for-savings/index.html,hero-bulk-gravel-pile-ready-delivery.webp,"bulk pile of crushed gravel awaiting use at a job site, gravel, work-in-progress, new, bright midday, eye level","people, faces, vehicle badges, brand logos, text, watermarks, signage, house numbers",bulk pile of crushed gravel awaiting use at a job site,gravel,work-in-progress,new,bright midday,eye level,Bulk pile of crushed gravel awaiting delivery at a job site,pending
https://drivewayzusa.co/guides/driveway-sewer-line-access-maintaining-utility-access/,driveway-sewer-line-access-maintaining-utility-access,B_REPLACE_BULK,guides/driveway-sewer-line-access-maintaining-utility-access/index.html,hero-flush-utility-cover-concrete-slab.webp,"round metal utility cover set flush into a concrete slab, concrete, close-up surface detail, new, overcast, elevated three-quarter","people, faces, vehicle badges, brand logos, text, watermarks, signage, house numbers",round metal utility cover set flush into a concrete slab,concrete,close-up surface detail,new,overcast,elevated three-quarter,Round metal access cover set flush into a concrete slab,pending
https://drivewayzusa.co/guides/driveway-silica-dust-exposure-health-risks-and-prevention/,driveway-silica-dust-exposure-health-risks-and-prevention,B_REPLACE_BULK,guides/driveway-silica-dust-exposure-health-risks-and-prevention/index.html,hero-dusty-saw-cut-concrete-groove.webp,"fine pale powder settling over a fresh saw cut in a concrete slab, concrete, work-in-progress, mid-repair, bright midday, low angle along surface","people, faces, vehicle badges, brand logos, text, watermarks, signage, house numbers",fine pale powder settling over a fresh saw cut in a concrete slab,concrete,work-in-progress,mid-repair,bright midday,low angle along surface,Fine pale powder settling over a fresh saw cut in concrete,pending
https://drivewayzusa.co/guides/driveway-slope-and-drainage-minimum-codes-and-best-practice/,driveway-slope-and-drainage-minimum-codes-and-best-practice,B_REPLACE_BULK,guides/driveway-slope-and-drainage-minimum-codes-and-best-practice/index.html,hero-runoff-flowing-tilted-concrete.webp,"rainwater sheeting across a gently tilted sealed concrete drive, concrete, residential frontage, sealed, wet after rain, elevated three-quarter","people, faces, vehicle badges, brand logos, text, watermarks, signage, house numbers",rainwater sheeting across a gently tilted sealed concrete drive,concrete,residential frontage,sealed,wet after rain,elevated three-quarter,Rainwater sheeting across a gently tilted sealed concrete drive,pending
https://drivewayzusa.co/guides/driveway-slope-drainage/,driveway-slope-drainage,B_REPLACE_BULK,guides/driveway-slope-drainage/index.html,hero-wet-asphalt-incline-puddles.webp,"wet asphalt incline dotted with shallow draining puddles, asphalt, rural approach, weathered, wet after rain, low angle along surface","people, faces, vehicle badges, brand logos, text, watermarks, signage, house numbers",wet asphalt incline dotted with shallow draining puddles,asphalt,rural approach,weathered,wet after rain,low angle along surface,Low view up a wet asphalt incline dotted with shallow puddles,pending
https://drivewayzusa.co/guides/driveway-smart-city-connection-iot-sensors-in-pavement/,driveway-smart-city-connection-iot-sensors-in-pavement,B_REPLACE_BULK,guides/driveway-smart-city-connection-iot-sensors-in-pavement/index.html,hero-flush-sensor-puck-asphalt.webp,"small round sensor puck set flush into dark sealed asphalt, asphalt, close-up surface detail, sealed, overcast, elevated three-quarter","people, faces, vehicle badges, brand logos, text, watermarks, signage, house numbers",small round sensor puck set flush into dark sealed asphalt,asphalt,close-up surface detail,sealed,overcast,elevated three-quarter,Small round sensor set flush into dark sealed asphalt,pending
https://drivewayzusa.co/guides/driveway-smart-irrigation-controller-protecting-pavement-edges/,driveway-smart-irrigation-controller-protecting-pavement-edges,B_REPLACE_BULK,guides/driveway-smart-irrigation-controller-protecting-pavement-edges/index.html,hero-sprinkler-mist-concrete-drive-edge.webp,"sprinkler mist drifting over the lawn edge beside a concrete drive, concrete, residential frontage, new, golden hour, eye level","people, faces, vehicle badges, brand logos, text, watermarks, signage, house numbers",sprinkler mist drifting over the lawn edge beside a concrete drive,concrete,residential frontage,new,golden hour,eye level,Sprinkler mist drifting over the lawn edge beside a concrete drive,pending
https://drivewayzusa.co/guides/driveway-smart-lock-gate-remote-access-control/,driveway-smart-lock-gate-remote-access-control,B_REPLACE_BULK,guides/driveway-smart-lock-gate-remote-access-control/index.html,hero-metal-gate-gravel-drive-entry.webp,"closed metal gate across a gravel drive entry, gravel, rural approach, weathered, golden hour, eye level","people, faces, vehicle badges, brand logos, text, watermarks, signage, house numbers",closed metal gate across a gravel drive entry,gravel,rural approach,weathered,golden hour,eye level,Closed metal gate across a gravel drive in warm light,pending
https://drivewayzusa.co/guides/driveway-snow-removal-equipment-blowers-plows-and-shovels-compared/,driveway-snow-removal-equipment-blowers-plows-and-shovels-compared,B_REPLACE_BULK,guides/driveway-snow-removal-equipment-blowers-plows-and-shovels-compared/index.html,hero-snow-blower-cleared-drive.webp,"snow blower resting on a partly cleared asphalt drive, asphalt, residential frontage, sealed, bright midday, eye level","people, faces, vehicle badges, brand logos, text, watermarks, signage, house numbers",snow blower resting on a partly cleared asphalt drive,asphalt,residential frontage,sealed,bright midday,eye level,Snow blower resting on a partly cleared asphalt drive,pending
https://drivewayzusa.co/guides/driveway-snow-stakes-and-edge-markers/,driveway-snow-stakes-and-edge-markers,B_REPLACE_BULK,guides/driveway-snow-stakes-and-edge-markers/index.html,hero-marker-stakes-snowy-drive-edge.webp,"reflective posts lining a snow covered gravel lane, gravel, rural approach, weathered, overcast, eye level","people, faces, vehicle badges, brand logos, text, watermarks, signage, house numbers",reflective posts lining a snow covered gravel lane,gravel,rural approach,weathered,overcast,eye level,Reflective posts lining a snow covered gravel lane under gray sky,pending
https://drivewayzusa.co/guides/driveway-soil-testing-why-its-essential-before-construction/,driveway-soil-testing-why-its-essential-before-construction,B_REPLACE_BULK,guides/driveway-soil-testing-why-its-essential-before-construction/index.html,hero-auger-soil-cores-test-hole.webp,"hand auger and extracted soil cores beside an open test hole, none, work-in-progress, new, bright midday, elevated three-quarter","people, faces, vehicle badges, brand logos, text, watermarks, signage, house numbers",hand auger and extracted soil cores beside an open test hole,none,work-in-progress,new,bright midday,elevated three-quarter,Hand auger and soil cores beside an open test hole,pending
https://drivewayzusa.co/guides/driveway-specification-writing-describing-what-you-want/,driveway-specification-writing-describing-what-you-want,B_REPLACE_BULK,guides/driveway-specification-writing-describing-what-you-want/index.html,hero-paver-sample-boards-on-gravel.webp,"assorted paver finish samples arranged on a flat gravel bed, pavers, work-in-progress, new, overcast, elevated three-quarter","people, faces, vehicle badges, brand logos, text, watermarks, signage, house numbers",assorted paver finish samples arranged on a flat gravel bed,pavers,work-in-progress,new,overcast,elevated three-quarter,Assorted paver finish samples arranged on a flat gravel bed,pending
https://drivewayzusa.co/guides/driveway-spray-applied-overlay-fast-installation-option/,driveway-spray-applied-overlay-fast-installation-option,B_REPLACE_BULK,guides/driveway-spray-applied-overlay-fast-installation-option/index.html,hero-sprayed-thin-overlay-concrete.webp,"thin fresh overlay coat partway across an old concrete slab, concrete, work-in-progress, mid-repair, bright midday, low angle along surface","people, faces, vehicle badges, brand logos, text, watermarks, signage, house numbers",thin fresh overlay coat partway across an old concrete slab,concrete,work-in-progress,mid-repair,bright midday,low angle along surface,Thin fresh overlay coat partway across an old concrete slab,pending
https://drivewayzusa.co/guides/driveway-spring-assessment-post-winter-damage-check/,driveway-spring-assessment-post-winter-damage-check,B_REPLACE_BULK,guides/driveway-spring-assessment-post-winter-damage-check/index.html,hero-salt-stained-cracked-concrete.webp,"salt stained cracks running across a concrete slab, concrete, residential frontage, cracked, overcast, low angle along surface","people, faces, vehicle badges, brand logos, text, watermarks, signage, house numbers",salt stained cracks running across a concrete slab,concrete,residential frontage,cracked,overcast,low angle along surface,Salt stained cracks running across a concrete slab under gray sky,pending
https://drivewayzusa.co/guides/driveway-staged-construction-building-in-phases/,driveway-staged-construction-building-in-phases,B_REPLACE_BULK,guides/driveway-staged-construction-building-in-phases/index.html,hero-staged-pour-form-boards-slab.webp,"partly poured concrete driveway slab between wooden forms, graded base exposed beyond, concrete, work-in-progress, mid-repair, overcast, elevated three-quarter","people, faces, vehicle badges, brand logos, text, watermarks, signage, house numbers","partly poured concrete driveway slab between wooden forms, graded base exposed beyond",concrete,work-in-progress,mid-repair,overcast,elevated three-quarter,Partly poured concrete slab between wooden forms under an overcast sky,pending
https://drivewayzusa.co/guides/driveway-stamped-overlay-adding-decorative-patterns/,driveway-stamped-overlay-adding-decorative-patterns,B_REPLACE_BULK,guides/driveway-stamped-overlay-adding-decorative-patterns/index.html,hero-stamped-overlay-fan-closeup.webp,"stamped concrete overlay with fan pattern, low view across the textured surface, concrete, close-up surface detail, sealed, golden hour, low angle along surface","people, faces, vehicle badges, brand logos, text, watermarks, signage, house numbers","stamped concrete overlay with fan pattern, low view across the textured surface",concrete,close-up surface detail,sealed,golden hour,low angle along surface,Stamped concrete fan pattern glowing in warm golden hour light,pending
https://drivewayzusa.co/guides/driveway-statute-of-limitations-time-to-file-a-claim/,driveway-statute-of-limitations-time-to-file-a-claim,B_REPLACE_BULK,guides/driveway-statute-of-limitations-time-to-file-a-claim/index.html,hero-aging-concrete-drive-gray-sky.webp,"weathered concrete driveway fronting a modest single story home, concrete, residential frontage, weathered, overcast, eye level","people, faces, vehicle badges, brand logos, text, watermarks, signage, house numbers",weathered concrete driveway fronting a modest single story home,concrete,residential frontage,weathered,overcast,eye level,Weathered concrete driveway fronting a quiet home under gray skies,pending
https://drivewayzusa.co/guides/driveway-statute-of-repose-ultimate-deadline-for-claims/,driveway-statute-of-repose-ultimate-deadline-for-claims,B_REPLACE_BULK,guides/driveway-statute-of-repose-ultimate-deadline-for-claims/index.html,hero-weathered-concrete-rural-approach.webp,"aging concrete rural driveway stretching toward open land, concrete, rural approach, weathered, bright midday, eye level","people, faces, vehicle badges, brand logos, text, watermarks, signage, house numbers",aging concrete rural driveway stretching toward open land,concrete,rural approach,weathered,bright midday,eye level,Aging concrete rural driveway stretching ahead in bright midday sun,pending
https://drivewayzusa.co/guides/driveway-stenciling-and-pattern-techniques/,driveway-stenciling-and-pattern-techniques,B_REPLACE_BULK,guides/driveway-stenciling-and-pattern-techniques/index.html,hero-stenciled-pattern-concrete-closeup.webp,"fresh stenciled geometric pattern pressed into smooth concrete, low close view, concrete, close-up surface detail, new, overcast, low angle along surface","people, faces, vehicle badges, brand logos, text, watermarks, signage, house numbers","fresh stenciled geometric pattern pressed into smooth concrete, low close view",concrete,close-up surface detail,new,overcast,low angle along surface,Fresh stenciled geometric pattern pressed into a smooth concrete surface,pending
https://drivewayzusa.co/guides/driveway-stone-dust-uses-and-application-guide/,driveway-stone-dust-uses-and-application-guide,B_REPLACE_BULK,guides/driveway-stone-dust-uses-and-application-guide/index.html,hero-fine-stone-dust-spread-closeup.webp,"fine stone dust spread in an even layer over a driveway base, low close view, gravel, close-up surface detail, mid-repair, bright midday, low angle along surface","people, faces, vehicle badges, brand logos, text, watermarks, signage, house numbers","fine stone dust spread in an even layer over a driveway base, low close view",gravel,close-up surface detail,mid-repair,bright midday,low angle along surface,Fine stone dust spread in an even layer over a driveway base,pending
https://drivewayzusa.co/guides/driveway-stop-notice-protecting-subcontractor-payments/,driveway-stop-notice-protecting-subcontractor-payments,B_REPLACE_BULK,guides/driveway-stop-notice-protecting-subcontractor-payments/index.html,hero-quiet-asphalt-lane-overcast-sky.webp,"quiet asphalt lane stretching toward open fields under gray skies, asphalt, rural approach, weathered, overcast, eye level","people, faces, vehicle badges, brand logos, text, watermarks, signage, house numbers",quiet asphalt lane stretching toward open fields under gray skies,asphalt,rural approach,weathered,overcast,eye level,Quiet asphalt lane stretching toward open fields under gray skies,pending
https://drivewayzusa.co/guides/driveway-structural-evaluation-when-to-call-an-engineer/,driveway-structural-evaluation-when-to-call-an-engineer,B_REPLACE_BULK,guides/driveway-structural-evaluation-when-to-call-an-engineer/index.html,hero-crack-gauge-concrete-slab-closeup.webp,"crack width gauge resting on a cracked concrete driveway slab, close view, concrete, close-up surface detail, cracked, overcast, eye level","people, faces, vehicle badges, brand logos, text, watermarks, signage, house numbers","crack width gauge resting on a cracked concrete driveway slab, close view",concrete,close-up surface detail,cracked,overcast,eye level,Crack width gauge resting on a cracked concrete driveway slab,pending
https://drivewayzusa.co/guides/driveway-sub-base-construction-best-practices/,driveway-sub-base-construction-best-practices,B_REPLACE_BULK,guides/driveway-sub-base-construction-best-practices/index.html,hero-vibratory-roller-gravel-base.webp,"vibratory roller compacting a gravel driveway sub-base, gravel, work-in-progress, mid-repair, overcast, elevated three-quarter","people, faces, vehicle badges, brand logos, text, watermarks, signage, house numbers",vibratory roller compacting a gravel driveway sub-base,gravel,work-in-progress,mid-repair,overcast,elevated three-quarter,Vibratory roller compacting a gravel driveway base under flat skies,pending
https://drivewayzusa.co/guides/driveway-sub-base-materials-choosing-the-right-foundation/,driveway-sub-base-materials-choosing-the-right-foundation,B_REPLACE_BULK,guides/driveway-sub-base-materials-choosing-the-right-foundation/index.html,hero-assorted-base-aggregate-piles.webp,"piles of assorted gravel and crushed stone staged beside a driveway footprint, gravel, work-in-progress, mid-repair, bright midday, eye level","people, faces, vehicle badges, brand logos, text, watermarks, signage, house numbers",piles of assorted gravel and crushed stone staged beside a driveway footprint,gravel,work-in-progress,mid-repair,bright midday,eye level,Piles of assorted gravel and crushed stone staged at a driveway site,pending
https://drivewayzusa.co/guides/driveway-subcontractor-vs-general-contractor-who-to-hire/,driveway-subcontractor-vs-general-contractor-who-to-hire,B_REPLACE_BULK,guides/driveway-subcontractor-vs-general-contractor-who-to-hire/index.html,hero-concrete-mixer-at-drive-site.webp,"concrete mixer parked beside wood forms of a driveway bed in late light, concrete, work-in-progress, mid-repair, golden hour, elevated three-quarter","people, faces, vehicle badges, brand logos, text, watermarks, signage, house numbers",concrete mixer parked beside wood forms of a driveway bed in late light,concrete,work-in-progress,mid-repair,golden hour,elevated three-quarter,Concrete mixer beside wood forms in warm late afternoon light,pending
https://drivewayzusa.co/guides/driveway-substantial-completion-when-the-project-is-usable/,driveway-substantial-completion-when-the-project-is-usable,B_REPLACE_BULK,guides/driveway-substantial-completion-when-the-project-is-usable/index.html,hero-completed-concrete-drive-sunset.webp,"finished concrete driveway with crisp edges before a residential garage, concrete, residential frontage, new, golden hour, elevated three-quarter","people, faces, vehicle badges, brand logos, text, watermarks, signage, house numbers",finished concrete driveway with crisp edges before a residential garage,concrete,residential frontage,new,golden hour,elevated three-quarter,Finished concrete driveway with crisp edges in warm sunset light,pending
https://drivewayzusa.co/guides/driveway-summer-protection-uv-and-heat-mitigation/,driveway-summer-protection-uv-and-heat-mitigation,B_REPLACE_BULK,guides/driveway-summer-protection-uv-and-heat-mitigation/index.html,hero-heat-haze-over-asphalt-drive.webp,"sun baked weathered asphalt driveway with heat haze over the surface, low view, asphalt, residential frontage, weathered, bright midday, low angle along surface","people, faces, vehicle badges, brand logos, text, watermarks, signage, house numbers","sun baked weathered asphalt driveway with heat haze over the surface, low view",asphalt,residential frontage,weathered,bright midday,low angle along surface,Sun baked weathered asphalt driveway shimmering in harsh midday heat,pending
https://drivewayzusa.co/guides/driveway-surface-course-vs-base-course-understanding-layers/,driveway-surface-course-vs-base-course-understanding-layers,B_REPLACE_BULK,guides/driveway-surface-course-vs-base-course-understanding-layers/index.html,hero-two-course-asphalt-edge-profile.webp,"exposed asphalt driveway edge showing surface course over base course, low close view, asphalt, close-up surface detail, mid-repair, overcast, low angle along surface","people, faces, vehicle badges, brand logos, text, watermarks, signage, house numbers","exposed asphalt driveway edge showing surface course over base course, low close view",asphalt,close-up surface detail,mid-repair,overcast,low angle along surface,Exposed edge showing surface and base courses of an asphalt driveway,pending
https://drivewayzusa.co/guides/driveway-surface-drainage-rate-how-fast-water-clears/,driveway-surface-drainage-rate-how-fast-water-clears,B_REPLACE_BULK,guides/driveway-surface-drainage-rate-how-fast-water-clears/index.html,hero-rain-runoff-sealed-concrete-drive.webp,"rainwater sheeting across a sealed concrete driveway, low view of the draining surface, concrete, close-up surface detail, sealed, wet after rain, low angle along surface","people, faces, vehicle badges, brand logos, text, watermarks, signage, house numbers","rainwater sheeting across a sealed concrete driveway, low view of the draining surface",concrete,close-up surface detail,sealed,wet after rain,low angle along surface,Rainwater sheeting off a sealed concrete driveway after a shower,pending
https://drivewayzusa.co/guides/driveway-sustainability-certifications-greenroads-and-envision/,driveway-sustainability-certifications-greenroads-and-envision,B_REPLACE_BULK,guides/driveway-sustainability-certifications-greenroads-and-envision/index.html,hero-permeable-paver-drive-planted-verge.webp,"permeable paver driveway with planted borders before a home, damp after rain, pavers, residential frontage, new, wet after rain, elevated three-quarter","people, faces, vehicle badges, brand logos, text, watermarks, signage, house numbers","permeable paver driveway with planted borders before a home, damp after rain",pavers,residential frontage,new,wet after rain,elevated three-quarter,Permeable paver driveway with planted borders glistening after rain,pending
https://drivewayzusa.co/guides/driveway-tack-coat-application-bonding-asphalt-layers/,driveway-tack-coat-application-bonding-asphalt-layers,B_REPLACE_BULK,guides/driveway-tack-coat-application-bonding-asphalt-layers/index.html,hero-glossy-tack-coat-asphalt-closeup.webp,"glossy black tack coat spread over an asphalt driveway surface, low close view, asphalt, close-up surface detail, mid-repair, overcast, low angle along surface","people, faces, vehicle badges, brand logos, text, watermarks, signage, house numbers","glossy black tack coat spread over an asphalt driveway surface, low close view",asphalt,close-up surface detail,mid-repair,overcast,low angle along surface,Glossy black tack coat spread over an asphalt driveway surface,pending
https://drivewayzusa.co/guides/driveway-temporary-surface-short-term-solutions/,driveway-temporary-surface-short-term-solutions,B_REPLACE_BULK,guides/driveway-temporary-surface-short-term-solutions/index.html,hero-temporary-gravel-track-bare-soil.webp,"loose gravel track running over bare soil toward open fields, gravel, rural approach, weathered, overcast, eye level","people, faces, vehicle badges, brand logos, text, watermarks, signage, house numbers",loose gravel track running over bare soil toward open fields,gravel,rural approach,weathered,overcast,eye level,Loose gravel track running over bare soil toward open fields,pending
https://drivewayzusa.co/guides/driveway-tensile-strength-how-concrete-resists-pulling-forces/,driveway-tensile-strength-how-concrete-resists-pulling-forces,B_REPLACE_BULK,guides/driveway-tensile-strength-how-concrete-resists-pulling-forces/index.html,hero-tension-crack-concrete-slab-closeup.webp,"wide tension crack splitting a pale concrete slab, close view, concrete, close-up surface detail, cracked, bright midday, eye level","people, faces, vehicle badges, brand logos, text, watermarks, signage, house numbers","wide tension crack splitting a pale concrete slab, close view",concrete,close-up surface detail,cracked,bright midday,eye level,Wide tension crack splitting a pale concrete slab in bright sun,pending
https://drivewayzusa.co/guides/driveway-thermal-expansion-why-joints-matter/,driveway-thermal-expansion-why-joints-matter,B_REPLACE_BULK,guides/driveway-thermal-expansion-why-joints-matter/index.html,hero-fresh-expansion-joint-groove-closeup.webp,"fresh expansion joint groove crossing smooth concrete, low view along the joint, concrete, close-up surface detail, new, golden hour, low angle along surface","people, faces, vehicle badges, brand logos, text, watermarks, signage, house numbers","fresh expansion joint groove crossing smooth concrete, low view along the joint",concrete,close-up surface detail,new,golden hour,low angle along surface,Fresh expansion joint groove crossing smooth concrete in golden light,pending
https://drivewayzusa.co/guides/driveway-thermal-shock-resistance-rapid-temperature-changes/,driveway-thermal-shock-resistance-rapid-temperature-changes,B_REPLACE_BULK,guides/driveway-thermal-shock-resistance-rapid-temperature-changes/index.html,hero-frost-patch-sunny-concrete-slab.webp,"melting frost patch on a weathered concrete slab, close view, concrete, close-up surface detail, weathered, bright midday, eye level","people, faces, vehicle badges, brand logos, text, watermarks, signage, house numbers","melting frost patch on a weathered concrete slab, close view",concrete,close-up surface detail,weathered,bright midday,eye level,Melting frost patch on a weathered concrete slab in bright sun,pending
https://drivewayzusa.co/guides/driveway-thickness-guide-for-cars-trucks-and-rvs/,driveway-thickness-guide-for-cars-trucks-and-rvs,B_REPLACE_BULK,guides/driveway-thickness-guide-for-cars-trucks-and-rvs/index.html,hero-8-inch-thick-slab-edge.webp,"thick eight inch concrete slab edge resting on a gravel base, close side view, concrete, close-up surface detail, new, bright midday, eye level","people, faces, vehicle badges, brand logos, text, watermarks, signage, house numbers","thick eight inch concrete slab edge resting on a gravel base, close side view",concrete,close-up surface detail,new,bright midday,eye level,Thick eight inch concrete slab edge resting on a gravel base,pending
https://drivewayzusa.co/guides/driveway-thickness-guide/,driveway-thickness-guide,B_REPLACE_BULK,guides/driveway-thickness-guide/index.html,hero-slab-edge-beside-asphalt-mat.webp,"concrete slab edge beside a fresh asphalt mat, low view comparing both edge profiles, concrete, close-up surface detail, new, overcast, low angle along surface","people, faces, vehicle badges, brand logos, text, watermarks, signage, house numbers","concrete slab edge beside a fresh asphalt mat, low view comparing both edge profiles",concrete,close-up surface detail,new,overcast,low angle along surface,Concrete slab edge beside a fresh asphalt mat showing thickness,pending
https://drivewayzusa.co/guides/driveway-time-and-materials-contract-flexible-pricing/,driveway-time-and-materials-contract-flexible-pricing,B_REPLACE_BULK,guides/driveway-time-and-materials-contract-flexible-pricing/index.html,hero-shovel-spreading-wet-concrete.webp,"shovel spreading wet concrete between wood forms on a driveway pour, concrete, work-in-progress, mid-repair, overcast, eye level","people, faces, vehicle badges, brand logos, text, watermarks, signage, house numbers",shovel spreading wet concrete between wood forms on a driveway pour,concrete,work-in-progress,mid-repair,overcast,eye level,Shovel spreading wet concrete between forms on a gray day,pending
https://drivewayzusa.co/guides/driveway-time-lapse-camera-documenting-construction/,driveway-time-lapse-camera-documenting-construction,B_REPLACE_BULK,guides/driveway-time-lapse-camera-documenting-construction/index.html,hero-tripod-camera-overlooking-drive-site.webp,"camera on a tripod overlooking a formed gravel driveway bed at dusk, gravel, work-in-progress, mid-repair, golden hour, elevated three-quarter","people, faces, vehicle badges, brand logos, text, watermarks, signage, house numbers",camera on a tripod overlooking a formed gravel driveway bed at dusk,gravel,work-in-progress,mid-repair,golden hour,elevated three-quarter,Camera on a tripod overlooking a formed driveway bed at dusk,pending
https://drivewayzusa.co/guides/driveway-tire-track-prevention-on-new-concrete/,driveway-tire-track-prevention-on-new-concrete,B_REPLACE_BULK,guides/driveway-tire-track-prevention-on-new-concrete/index.html,hero-unmarked-new-concrete-texture.webp,"unmarked broom-finished concrete slab surface with crisp texture, concrete, close-up surface detail, new, bright midday, low angle along surface","people, faces, vehicle badges, brand logos, text, watermarks, signage, house numbers",unmarked broom-finished concrete slab surface with crisp texture,concrete,close-up surface detail,new,bright midday,low angle along surface,Unmarked broom finish across a fresh concrete surface in bright sun,pending
https://drivewayzusa.co/guides/driveway-to-patio-transition-material-and-design-options/,driveway-to-patio-transition-material-and-design-options,B_REPLACE_BULK,guides/driveway-to-patio-transition-material-and-design-options/index.html,hero-paver-patio-joins-concrete-slab.webp,"boundary where a paver patio edge meets a concrete drive, concrete, residential frontage, new, golden hour, eye level","people, faces, vehicle badges, brand logos, text, watermarks, signage, house numbers",boundary where a paver patio edge meets a concrete drive,concrete,residential frontage,new,golden hour,eye level,Paver patio edge meeting a concrete drive in warm evening light,pending
https://drivewayzusa.co/guides/driveway-to-walkway-connection-maintaining-visual-flow/,driveway-to-walkway-connection-maintaining-visual-flow,B_REPLACE_BULK,guides/driveway-to-walkway-connection-maintaining-visual-flow/index.html,hero-concrete-walk-meets-asphalt-drive.webp,"concrete walkway joining an aged asphalt drive at a clean seam, asphalt, residential frontage, weathered, overcast, low angle along surface","people, faces, vehicle badges, brand logos, text, watermarks, signage, house numbers",concrete walkway joining an aged asphalt drive at a clean seam,asphalt,residential frontage,weathered,overcast,low angle along surface,Concrete walkway joining an aged asphalt drive under gray sky,pending
https://drivewayzusa.co/guides/driveway-topographic-survey-mapping-your-property-for-grading/,driveway-topographic-survey-mapping-your-property-for-grading,B_REPLACE_BULK,guides/driveway-topographic-survey-mapping-your-property-for-grading/index.html,hero-contour-stakes-sloped-bare-ground.webp,"wooden stakes and string lines marking elevations across sloped bare ground, none, work-in-progress, new, overcast, elevated three-quarter","people, faces, vehicle badges, brand logos, text, watermarks, signage, house numbers",wooden stakes and string lines marking elevations across sloped bare ground,none,work-in-progress,new,overcast,elevated three-quarter,Wooden stakes and string lines marking elevations on sloped ground,pending
https://drivewayzusa.co/guides/driveway-trade-shows-and-conferences-industry-events/,driveway-trade-shows-and-conferences-industry-events,B_REPLACE_BULK,guides/driveway-trade-shows-and-conferences-industry-events/index.html,hero-paver-sample-boards-display-row.webp,"rows of paver and aggregate sample boards arranged for display, pavers, close-up surface detail, new, bright midday, eye level","people, faces, vehicle badges, brand logos, text, watermarks, signage, house numbers",rows of paver and aggregate sample boards arranged for display,pavers,close-up surface detail,new,bright midday,eye level,Rows of paver and aggregate sample boards in bright light,pending
https://drivewayzusa.co/guides/driveway-traffic-control-during-construction-flagging-and-cones/,driveway-traffic-control-during-construction-flagging-and-cones,B_REPLACE_BULK,guides/driveway-traffic-control-during-construction-flagging-and-cones/index.html,hero-cones-lined-fresh-asphalt-edge.webp,"orange cones lined along the edge of a freshly laid asphalt mat, asphalt, work-in-progress, mid-repair, overcast, eye level","people, faces, vehicle badges, brand logos, text, watermarks, signage, house numbers",orange cones lined along the edge of a freshly laid asphalt mat,asphalt,work-in-progress,mid-repair,overcast,eye level,Orange cones lined along the edge of fresh asphalt,pending
https://drivewayzusa.co/guides/driveway-traffic-study-required-for-commercial-properties/,driveway-traffic-study-required-for-commercial-properties,B_REPLACE_BULK,guides/driveway-traffic-study-required-for-commercial-properties/index.html,hero-broad-asphalt-apron-street-view.webp,"wide asphalt entry apron meeting a street, seen from above, asphalt, residential frontage, new, bright midday, elevated three-quarter","people, faces, vehicle badges, brand logos, text, watermarks, signage, house numbers","wide asphalt entry apron meeting a street, seen from above",asphalt,residential frontage,new,bright midday,elevated three-quarter,Wide asphalt entry apron seen from above in midday sun,pending
https://drivewayzusa.co/guides/driveway-transformation-stories-real-homeowner-case-studies/,driveway-transformation-stories-real-homeowner-case-studies,B_REPLACE_BULK,guides/driveway-transformation-stories-real-homeowner-case-studies/index.html,hero-weathered-half-renewed-slab-line.webp,"aged concrete half meeting a freshly resurfaced half at a straight seam, concrete, work-in-progress, mid-repair, golden hour, elevated three-quarter","people, faces, vehicle badges, brand logos, text, watermarks, signage, house numbers",aged concrete half meeting a freshly resurfaced half at a straight seam,concrete,work-in-progress,mid-repair,golden hour,elevated three-quarter,Aged concrete half meeting a freshly resurfaced half at a straight seam,pending
https://drivewayzusa.co/guides/driveway-transition-strips-where-driveway-meets-garage/,driveway-transition-strips-where-driveway-meets-garage,B_REPLACE_BULK,guides/driveway-transition-strips-where-driveway-meets-garage/index.html,hero-metal-strip-garage-slab-joint.webp,"metal edge trim set into the seam where a sealed slab meets a garage floor, concrete, close-up surface detail, sealed, wet after rain, low angle along surface","people, faces, vehicle badges, brand logos, text, watermarks, signage, house numbers",metal edge trim set into the seam where a sealed slab meets a garage floor,concrete,close-up surface detail,sealed,wet after rain,low angle along surface,Metal edge trim set into the seam at a damp garage floor,pending
https://drivewayzusa.co/guides/driveway-tree-preservation-working-around-protected-trees/,driveway-tree-preservation-working-around-protected-trees,B_REPLACE_BULK,guides/driveway-tree-preservation-working-around-protected-trees/index.html,hero-curved-slab-around-tree-trunk.webp,"concrete drive curving past a mature tree trunk with root-safe clearance, concrete, residential frontage, new, golden hour, eye level","people, faces, vehicle badges, brand logos, text, watermarks, signage, house numbers",concrete drive curving past a mature tree trunk with root-safe clearance,concrete,residential frontage,new,golden hour,eye level,Concrete drive curving past a mature trunk in warm light,pending
https://drivewayzusa.co/guides/driveway-trends-from-home-and-garden-shows/,driveway-trends-from-home-and-garden-shows,B_REPLACE_BULK,guides/driveway-trends-from-home-and-garden-shows/index.html,hero-two-tone-paver-frontage-design.webp,"two tone paver drive with a contrasting border course, pavers, residential frontage, new, bright midday, elevated three-quarter","people, faces, vehicle badges, brand logos, text, watermarks, signage, house numbers",two tone paver drive with a contrasting border course,pavers,residential frontage,new,bright midday,elevated three-quarter,Two tone paver drive with contrasting border in midday sun,pending
https://drivewayzusa.co/guides/driveway-turnarounds-design-and-dimensions/,driveway-turnarounds-design-and-dimensions,B_REPLACE_BULK,guides/driveway-turnarounds-design-and-dimensions/index.html,hero-circular-concrete-turnaround-court.webp,"circular concrete court with generous turning space, viewed from above, concrete, residential frontage, new, overcast, elevated three-quarter","people, faces, vehicle badges, brand logos, text, watermarks, signage, house numbers","circular concrete court with generous turning space, viewed from above",concrete,residential frontage,new,overcast,elevated three-quarter,Circular concrete court with turning space viewed from above,pending
https://drivewayzusa.co/guides/driveway-ultra-thin-whitetopping-minimal-depth-concrete-overlay/,driveway-ultra-thin-whitetopping-minimal-depth-concrete-overlay,B_REPLACE_BULK,guides/driveway-ultra-thin-whitetopping-minimal-depth-concrete-overlay/index.html,hero-pale-overlay-over-dark-asphalt.webp,"pale thin coat of fresh concrete spreading over dark asphalt, concrete, work-in-progress, mid-repair, overcast, low angle along surface","people, faces, vehicle badges, brand logos, text, watermarks, signage, house numbers",pale thin coat of fresh concrete spreading over dark asphalt,concrete,work-in-progress,mid-repair,overcast,low angle along surface,Pale thin coat spreading over dark asphalt under gray sky,pending
https://drivewayzusa.co/guides/driveway-umbrella-policy-extra-liability-protection/,driveway-umbrella-policy-extra-liability-protection,B_REPLACE_BULK,guides/driveway-umbrella-policy-extra-liability-protection/index.html,hero-clean-sealed-drive-fenced-yard.webp,"clean sealed asphalt drive beside a fenced yard, asphalt, residential frontage, sealed, golden hour, eye level","people, faces, vehicle badges, brand logos, text, watermarks, signage, house numbers",clean sealed asphalt drive beside a fenced yard,asphalt,residential frontage,sealed,golden hour,eye level,Clean sealed asphalt drive beside a fenced yard in warm light,pending
https://drivewayzusa.co/guides/driveway-unbonded-concrete-overlay-structural-restoration/,driveway-unbonded-concrete-overlay-structural-restoration,B_REPLACE_BULK,guides/driveway-unbonded-concrete-overlay-structural-restoration/index.html,hero-new-overlay-poured-over-old.webp,"fresh concrete pour between forms covering an aged weathered slab, concrete, work-in-progress, mid-repair, overcast, low angle along surface","people, faces, vehicle badges, brand logos, text, watermarks, signage, house numbers",fresh concrete pour between forms covering an aged weathered slab,concrete,work-in-progress,mid-repair,overcast,low angle along surface,Fresh pour between forms covering an aged weathered slab,pending
https://drivewayzusa.co/guides/driveway-unit-price-contract-pay-per-square-foot/,driveway-unit-price-contract-pay-per-square-foot,B_REPLACE_BULK,guides/driveway-unit-price-contract-pay-per-square-foot/index.html,hero-chalk-grid-marked-cracked-slab.webp,"chalk grid marked across a cracked concrete panel for measurement, concrete, close-up surface detail, cracked, bright midday, eye level","people, faces, vehicle badges, brand logos, text, watermarks, signage, house numbers",chalk grid marked across a cracked concrete panel for measurement,concrete,close-up surface detail,cracked,bright midday,eye level,Chalk grid marked across a cracked concrete panel in bright sun,pending
https://drivewayzusa.co/guides/driveway-upgrade-priority-when-to-invest-in-improvements/,driveway-upgrade-priority-when-to-invest-in-improvements,B_REPLACE_BULK,guides/driveway-upgrade-priority-when-to-invest-in-improvements/index.html,hero-aging-lane-minor-cracks-fields.webp,"aging asphalt lane with small cracks running between open fields, asphalt, rural approach, cracked, golden hour, elevated three-quarter","people, faces, vehicle badges, brand logos, text, watermarks, signage, house numbers",aging asphalt lane with small cracks running between open fields,asphalt,rural approach,cracked,golden hour,elevated three-quarter,Aging asphalt lane with small cracks running between open fields,pending
https://drivewayzusa.co/guides/driveway-urban-planning-role-impervious-surface-regulations/,driveway-urban-planning-role-impervious-surface-regulations,B_REPLACE_BULK,guides/driveway-urban-planning-role-impervious-surface-regulations/index.html,hero-rain-sheet-flowing-off-slab.webp,"rainwater sheeting off a sealed slab toward a drain grate, concrete, close-up surface detail, sealed, wet after rain, elevated three-quarter","people, faces, vehicle badges, brand logos, text, watermarks, signage, house numbers",rainwater sheeting off a sealed slab toward a drain grate,concrete,close-up surface detail,sealed,wet after rain,elevated three-quarter,Rainwater sheeting off a sealed slab toward a drain grate,pending
https://drivewayzusa.co/guides/driveway-utility-locating-underground-line-detection/,driveway-utility-locating-underground-line-detection,B_REPLACE_BULK,guides/driveway-utility-locating-underground-line-detection/index.html,hero-colored-flags-asphalt-drive-edge.webp,"small colored marking flags along the edge of a rural asphalt lane, asphalt, rural approach, weathered, overcast, elevated three-quarter","people, faces, vehicle badges, brand logos, text, watermarks, signage, house numbers",small colored marking flags along the edge of a rural asphalt lane,asphalt,rural approach,weathered,overcast,elevated three-quarter,Small colored marking flags along the edge of a rural asphalt lane,pending
https://drivewayzusa.co/guides/driveway-uv-resistance-how-materials-handle-sunlight/,driveway-uv-resistance-how-materials-handle-sunlight,B_REPLACE_BULK,guides/driveway-uv-resistance-how-materials-handle-sunlight/index.html,hero-sun-bleached-contrast-shaded-slab.webp,"sun bleached concrete panel beside a shaded section showing color contrast, concrete, close-up surface detail, weathered, bright midday, eye level","people, faces, vehicle badges, brand logos, text, watermarks, signage, house numbers",sun bleached concrete panel beside a shaded section showing color contrast,concrete,close-up surface detail,weathered,bright midday,eye level,Sun bleached concrete panel beside a shaded section in harsh light,pending
https://drivewayzusa.co/guides/driveway-value-engineering-getting-more-for-your-money/,driveway-value-engineering-getting-more-for-your-money,B_REPLACE_BULK,guides/driveway-value-engineering-getting-more-for-your-money/index.html,hero-prepped-base-wood-forms-dawn.webp,"wooden forms staked along a compacted gravel base awaiting a pour, gravel, work-in-progress, new, golden hour, elevated three-quarter","people, faces, vehicle badges, brand logos, text, watermarks, signage, house numbers",wooden forms staked along a compacted gravel base awaiting a pour,gravel,work-in-progress,new,golden hour,elevated three-quarter,Wooden forms staked along a compacted gravel base in early light,pending
https://drivewayzusa.co/guides/driveway-vapor-barrier-when-to-use-plastic-sheeting/,driveway-vapor-barrier-when-to-use-plastic-sheeting,B_REPLACE_BULK,guides/driveway-vapor-barrier-when-to-use-plastic-sheeting/index.html,hero-plastic-sheeting-over-gravel-base.webp,"clear polyethylene film spread across a compacted gravel base, gravel, work-in-progress, new, bright midday, eye level","people, faces, vehicle badges, brand logos, text, watermarks, signage, house numbers",clear polyethylene film spread across a compacted gravel base,gravel,work-in-progress,new,bright midday,eye level,Clear polyethylene film spread across a compacted gravel base,pending
https://drivewayzusa.co/guides/driveway-vehicle-recognition-camera-whos-arriving/,driveway-vehicle-recognition-camera-whos-arriving,B_REPLACE_BULK,guides/driveway-vehicle-recognition-camera-whos-arriving/index.html,hero-entry-camera-post-asphalt-drive.webp,"compact camera on a low post beside a rain wet asphalt entry, asphalt, residential frontage, sealed, wet after rain, low angle along surface","people, faces, vehicle badges, brand logos, text, watermarks, signage, house numbers",compact camera on a low post beside a rain wet asphalt entry,asphalt,residential frontage,sealed,wet after rain,low angle along surface,Compact camera on a low post beside a rain wet asphalt entry,pending
https://drivewayzusa.co/guides/driveway-vehicle-to-infrastructure-communication-future-tech/,driveway-vehicle-to-infrastructure-communication-future-tech,B_REPLACE_BULK,guides/driveway-vehicle-to-infrastructure-communication-future-tech/index.html,hero-flush-lights-asphalt-drive-dusk.webp,"flush ground lights glowing along a sealed asphalt drive at dusk, asphalt, residential frontage, sealed, golden hour, elevated three-quarter","people, faces, vehicle badges, brand logos, text, watermarks, signage, house numbers",flush ground lights glowing along a sealed asphalt drive at dusk,asphalt,residential frontage,sealed,golden hour,elevated three-quarter,Flush ground lights glowing along a sealed asphalt drive at dusk,pending
https://drivewayzusa.co/guides/driveway-video-doorbell-integration-entry-monitoring/,driveway-video-doorbell-integration-entry-monitoring,B_REPLACE_BULK,guides/driveway-video-doorbell-integration-entry-monitoring/index.html,hero-camera-pillar-paver-drive-entry.webp,"weathered paver drive with a small camera mounted on a gate pillar, pavers, residential frontage, weathered, bright midday, eye level","people, faces, vehicle badges, brand logos, text, watermarks, signage, house numbers",weathered paver drive with a small camera mounted on a gate pillar,pavers,residential frontage,weathered,bright midday,eye level,Weathered paver drive with a small camera on a gate pillar,pending
https://drivewayzusa.co/guides/driveway-video-marketing-for-contractors-before-and-after-content/,driveway-video-marketing-for-contractors-before-and-after-content,B_REPLACE_BULK,guides/driveway-video-marketing-for-contractors-before-and-after-content/index.html,hero-weathered-meets-sealcoated-asphalt-half.webp,"boundary between dull weathered asphalt and a freshly coated dark half of the same driveway, asphalt, close-up surface detail, mid-repair, overcast, low angle along surface","people, faces, vehicle badges, brand logos, text, watermarks, signage, house numbers",boundary between dull weathered asphalt and a freshly coated dark half of the same driveway,asphalt,close-up surface detail,mid-repair,overcast,low angle along surface,Weathered asphalt driveway half coated with fresh dark sealant,pending
https://drivewayzusa.co/guides/driveway-video-pipe-inspection-checking-underground-drains/,driveway-video-pipe-inspection-checking-underground-drains,B_REPLACE_BULK,guides/driveway-video-pipe-inspection-checking-underground-drains/index.html,hero-camera-cable-culvert-pipe.webp,"small camera cable feeding into a corrugated culvert pipe beneath a gravel drive, gravel, rural approach, weathered, overcast, low angle along surface","people, faces, vehicle badges, brand logos, text, watermarks, signage, house numbers",small camera cable feeding into a corrugated culvert pipe beneath a gravel drive,gravel,rural approach,weathered,overcast,low angle along surface,Small camera cable feeding into a corrugated culvert under gravel,pending
https://drivewayzusa.co/guides/driveway-virtual-reality-walkthrough-pre-construction-preview/,driveway-virtual-reality-walkthrough-pre-construction-preview,B_REPLACE_BULK,guides/driveway-virtual-reality-walkthrough-pre-construction-preview/index.html,hero-string-stakes-bare-drive-footprint.webp,"wooden stakes and bright string lines marking a bare graded driveway footprint, none, work-in-progress, new, golden hour, elevated three-quarter","people, faces, vehicle badges, brand logos, text, watermarks, signage, house numbers",wooden stakes and bright string lines marking a bare graded driveway footprint,none,work-in-progress,new,golden hour,elevated three-quarter,Wooden stakes and bright string lines marking a bare driveway footprint,pending
https://drivewayzusa.co/guides/driveway-warranty-claims-how-to-file-successfully/,driveway-warranty-claims-how-to-file-successfully,B_REPLACE_BULK,guides/driveway-warranty-claims-how-to-file-successfully/index.html,hero-cracked-asphalt-drive-gray-frontage.webp,"cracked asphalt driveway in front of a garage, asphalt, residential frontage, cracked, bright midday, eye level","people, faces, vehicle badges, brand logos, text, watermarks, signage, house numbers",cracked asphalt driveway in front of a garage,asphalt,residential frontage,cracked,bright midday,eye level,Cracked asphalt driveway in front of a garage under midday sun,pending
https://drivewayzusa.co/guides/driveway-warranty-period-start-date-when-coverage-begins/,driveway-warranty-period-start-date-when-coverage-begins,B_REPLACE_BULK,guides/driveway-warranty-period-start-date-when-coverage-begins/index.html,hero-just-finished-concrete-front-drive.webp,"newly finished concrete driveway with clean sawn joints, concrete, residential frontage, new, bright midday, elevated three-quarter","people, faces, vehicle badges, brand logos, text, watermarks, signage, house numbers",newly finished concrete driveway with clean sawn joints,concrete,residential frontage,new,bright midday,elevated three-quarter,Newly finished concrete driveway with clean sawn joints and neat lawn,pending
https://drivewayzusa.co/guides/driveway-warranty-tracking-digital-record-keeping/,driveway-warranty-tracking-digital-record-keeping,B_REPLACE_BULK,guides/driveway-warranty-tracking-digital-record-keeping/index.html,hero-tablet-on-sealed-concrete.webp,"tablet resting on a smooth sealed concrete driveway surface, concrete, close-up surface detail, sealed, overcast, eye level","people, faces, vehicle badges, brand logos, text, watermarks, signage, house numbers",tablet resting on a smooth sealed concrete driveway surface,concrete,close-up surface detail,sealed,overcast,eye level,Tablet resting on a smooth sealed concrete driveway surface,pending
https://drivewayzusa.co/guides/driveway-water-main-location-protecting-underground-infrastructure/,driveway-water-main-location-protecting-underground-infrastructure,B_REPLACE_BULK,guides/driveway-water-main-location-protecting-underground-infrastructure/index.html,hero-utility-flags-asphalt-edge.webp,"colored utility marking flags along the edge of an asphalt driveway, asphalt, residential frontage, weathered, bright midday, low angle along surface","people, faces, vehicle badges, brand logos, text, watermarks, signage, house numbers",colored utility marking flags along the edge of an asphalt driveway,asphalt,residential frontage,weathered,bright midday,low angle along surface,Colored utility marking flags along the edge of an asphalt driveway,pending
https://drivewayzusa.co/guides/driveway-water-quality-impact-reducing-pollution-from-runoff/,driveway-water-quality-impact-reducing-pollution-from-runoff,B_REPLACE_BULK,guides/driveway-water-quality-impact-reducing-pollution-from-runoff/index.html,hero-runoff-sheeting-sealed-drive.webp,"rainwater sheeting off a sealed concrete driveway toward a grass verge, concrete, residential frontage, sealed, wet after rain, low angle along surface","people, faces, vehicle badges, brand logos, text, watermarks, signage, house numbers",rainwater sheeting off a sealed concrete driveway toward a grass verge,concrete,residential frontage,sealed,wet after rain,low angle along surface,Rainwater sheeting off a sealed concrete driveway toward grass,pending
https://drivewayzusa.co/guides/driveway-weather-day-policy-contract-terms-for-delays/,driveway-weather-day-policy-contract-terms-for-delays,B_REPLACE_BULK,guides/driveway-weather-day-policy-contract-terms-for-delays/index.html,hero-soaked-base-between-form-boards.webp,"rain soaked gravel base between wooden form boards awaiting paving, gravel, work-in-progress, mid-repair, wet after rain, elevated three-quarter","people, faces, vehicle badges, brand logos, text, watermarks, signage, house numbers",rain soaked gravel base between wooden form boards awaiting paving,gravel,work-in-progress,mid-repair,wet after rain,elevated three-quarter,Rain soaked gravel base between wooden form boards awaiting paving,pending
https://drivewayzusa.co/guides/driveway-weather-insurance-rain-delay-coverage/,driveway-weather-insurance-rain-delay-coverage,B_REPLACE_BULK,guides/driveway-weather-insurance-rain-delay-coverage/index.html,hero-plastic-sheeted-slab-drizzle.webp,"plastic sheeting weighted over a fresh concrete slab in drizzle, concrete, work-in-progress, mid-repair, wet after rain, eye level","people, faces, vehicle badges, brand logos, text, watermarks, signage, house numbers",plastic sheeting weighted over a fresh concrete slab in drizzle,concrete,work-in-progress,mid-repair,wet after rain,eye level,Plastic sheeting weighted over a fresh concrete slab in drizzle,pending
https://drivewayzusa.co/guides/driveway-weed-control-preventing-growth-between-cracks-and-joints/,driveway-weed-control-preventing-growth-between-cracks-and-joints,B_REPLACE_BULK,guides/driveway-weed-control-preventing-growth-between-cracks-and-joints/index.html,hero-weeds-sprouting-paver-joints.webp,"tall weeds sprouting from gaps in a weathered paver drive, pavers, close-up surface detail, weathered, bright midday, low angle along surface","people, faces, vehicle badges, brand logos, text, watermarks, signage, house numbers",tall weeds sprouting from gaps in a weathered paver drive,pavers,close-up surface detail,weathered,bright midday,low angle along surface,Tall weeds sprouting from gaps in a weathered paver drive,pending
https://drivewayzusa.co/guides/driveway-weight-limits-and-heavy-vehicles/,driveway-weight-limits-and-heavy-vehicles,B_REPLACE_BULK,guides/driveway-weight-limits-and-heavy-vehicles/index.html,hero-crushed-corner-cracked-slab-closeup.webp,"crushed corner of a cracked concrete driveway slab, concrete, close-up surface detail, cracked, overcast, low angle along surface","people, faces, vehicle badges, brand logos, text, watermarks, signage, house numbers",crushed corner of a cracked concrete driveway slab,concrete,close-up surface detail,cracked,overcast,low angle along surface,Crushed corner of a cracked concrete driveway slab close up,pending
https://drivewayzusa.co/guides/driveway-weight-limits/,driveway-weight-limits,B_REPLACE_BULK,guides/driveway-weight-limits/index.html,hero-thick-edged-new-concrete-drive.webp,"new thick edged concrete driveway, concrete, residential frontage, new, bright midday, elevated three-quarter","people, faces, vehicle badges, brand logos, text, watermarks, signage, house numbers",new thick edged concrete driveway,concrete,residential frontage,new,bright midday,elevated three-quarter,New thick edged concrete driveway viewed from above in bright sun,pending
https://drivewayzusa.co/guides/driveway-wetland-regulations-building-near-protected-areas/,driveway-wetland-regulations-building-near-protected-areas,B_REPLACE_BULK,guides/driveway-wetland-regulations-building-near-protected-areas/index.html,hero-gravel-drive-beside-marsh-reeds.webp,"gravel driveway running beside tall marsh reeds, gravel, rural approach, weathered, overcast, eye level","people, faces, vehicle badges, brand logos, text, watermarks, signage, house numbers",gravel driveway running beside tall marsh reeds,gravel,rural approach,weathered,overcast,eye level,Gravel driveway running beside tall marsh reeds under gray sky,pending
https://drivewayzusa.co/guides/driveway-whitetopping-concrete-over-existing-asphalt/,driveway-whitetopping-concrete-over-existing-asphalt,B_REPLACE_BULK,guides/driveway-whitetopping-concrete-over-existing-asphalt/index.html,hero-fresh-concrete-layer-over-asphalt.webp,"fresh pale concrete layer tapering over a dark weathered blacktop strip, concrete, close-up surface detail, new, bright midday, low angle along surface","people, faces, vehicle badges, brand logos, text, watermarks, signage, house numbers",fresh pale concrete layer tapering over a dark weathered blacktop strip,concrete,close-up surface detail,new,bright midday,low angle along surface,Fresh pale slab tapering over a dark weathered blacktop strip,pending
https://drivewayzusa.co/guides/driveway-width-requirements-by-municipality/,driveway-width-requirements-by-municipality,B_REPLACE_BULK,guides/driveway-width-requirements-by-municipality/index.html,hero-tape-stretched-across-driveway-width.webp,"tape measure stretched edge to edge across a concrete driveway, concrete, close-up surface detail, weathered, overcast, eye level","people, faces, vehicle badges, brand logos, text, watermarks, signage, house numbers",tape measure stretched edge to edge across a concrete driveway,concrete,close-up surface detail,weathered,overcast,eye level,Tape measure stretched edge to edge across a concrete driveway,pending
https://drivewayzusa.co/guides/driveway-winter-patch-cold-weather-emergency-repairs/,driveway-winter-patch-cold-weather-emergency-repairs,B_REPLACE_BULK,guides/driveway-winter-patch-cold-weather-emergency-repairs/index.html,hero-fresh-patch-snow-rimmed-pothole.webp,"fresh black patch filling a pothole rimmed with melting snow, asphalt, close-up surface detail, mid-repair, overcast, low angle along surface","people, faces, vehicle badges, brand logos, text, watermarks, signage, house numbers",fresh black patch filling a pothole rimmed with melting snow,asphalt,close-up surface detail,mid-repair,overcast,low angle along surface,Fresh black patch filling a pothole rimmed with melting snow,pending
https://drivewayzusa.co/guides/driveway-workers-compensation-protecting-against-liability/,driveway-workers-compensation-protecting-against-liability,B_REPLACE_BULK,guides/driveway-workers-compensation-protecting-against-liability/index.html,hero-safety-cones-fresh-pour-zone.webp,"safety cones set around a freshly poured concrete driveway section, concrete, work-in-progress, mid-repair, bright midday, eye level","people, faces, vehicle badges, brand logos, text, watermarks, signage, house numbers",safety cones set around a freshly poured concrete driveway section,concrete,work-in-progress,mid-repair,bright midday,eye level,Safety cones set around a freshly poured concrete driveway section,pending
https://drivewayzusa.co/guides/driveway-workmanship-warranty-standard-vs-extended/,driveway-workmanship-warranty-standard-vs-extended,B_REPLACE_BULK,guides/driveway-workmanship-warranty-standard-vs-extended/index.html,hero-sealed-unsealed-concrete-seam.webp,"sealed glossy concrete meeting dull unsealed concrete along a seam, concrete, close-up surface detail, sealed, golden hour, low angle along surface","people, faces, vehicle badges, brand logos, text, watermarks, signage, house numbers",sealed glossy concrete meeting dull unsealed concrete along a seam,concrete,close-up surface detail,sealed,golden hour,low angle along surface,Sealed glossy concrete meeting dull unsealed concrete along a seam,pending
https://drivewayzusa.co/guides/driveway-written-estimate-requirements-what-should-be-included/,driveway-written-estimate-requirements-what-should-be-included,B_REPLACE_BULK,guides/driveway-written-estimate-requirements-what-should-be-included/index.html,hero-measuring-wheel-paver-drive.webp,"measuring wheel standing on a weathered paver driveway surface, pavers, close-up surface detail, weathered, overcast, eye level","people, faces, vehicle badges, brand logos, text, watermarks, signage, house numbers",measuring wheel standing on a weathered paver driveway surface,pavers,close-up surface detail,weathered,overcast,eye level,Measuring wheel standing on a weathered paver driveway surface,pending
https://drivewayzusa.co/guides/easement-issues-affecting-driveways/,easement-issues-affecting-driveways,B_REPLACE_BULK,guides/easement-issues-affecting-driveways/index.html,hero-two-drives-shared-center-seam.webp,"two concrete driveways meeting along a shared center seam, concrete, residential frontage, weathered, bright midday, elevated three-quarter","people, faces, vehicle badges, brand logos, text, watermarks, signage, house numbers",two concrete driveways meeting along a shared center seam,concrete,residential frontage,weathered,bright midday,elevated three-quarter,Two concrete driveways meeting along a shared center seam,pending
https://drivewayzusa.co/guides/eco-friendly-driveway-options-pros-cons-and-costs/,eco-friendly-driveway-options-pros-cons-and-costs,B_REPLACE_BULK,guides/eco-friendly-driveway-options-pros-cons-and-costs/index.html,hero-permeable-pavers-grass-joint-grid.webp,"permeable paver driveway with grass filled joints, pavers, residential frontage, new, golden hour, elevated three-quarter","people, faces, vehicle badges, brand logos, text, watermarks, signage, house numbers",permeable paver driveway with grass filled joints,pavers,residential frontage,new,golden hour,elevated three-quarter,Permeable paver driveway with grass filled joints in warm light,pending
https://drivewayzusa.co/guides/emergency-vehicle-access-driveway-specifications/,emergency-vehicle-access-driveway-specifications,B_REPLACE_BULK,guides/emergency-vehicle-access-driveway-specifications/index.html,hero-extra-wide-clear-concrete-approach.webp,"extra wide concrete driveway with an open unobstructed approach, concrete, residential frontage, new, bright midday, eye level","people, faces, vehicle badges, brand logos, text, watermarks, signage, house numbers",extra wide concrete driveway with an open unobstructed approach,concrete,residential frontage,new,bright midday,eye level,Extra wide concrete driveway with an open unobstructed approach,pending
https://drivewayzusa.co/guides/environmental-permits-for-driveway-projects/,environmental-permits-for-driveway-projects,B_REPLACE_BULK,guides/environmental-permits-for-driveway-projects/index.html,hero-silt-fence-along-graded-site.webp,"black silt fence staked along a freshly graded driveway site, none, work-in-progress, mid-repair, overcast, eye level","people, faces, vehicle badges, brand logos, text, watermarks, signage, house numbers",black silt fence staked along a freshly graded driveway site,none,work-in-progress,mid-repair,overcast,eye level,Black silt fence staked along a freshly graded driveway site,pending
https://drivewayzusa.co/guides/ev-charging-station-integration-in-driveways/,ev-charging-station-integration-in-driveways,B_REPLACE_BULK,guides/ev-charging-station-integration-in-driveways/index.html,hero-charging-pedestal-paver-drive-edge.webp,"charging pedestal mounted at the edge of a new paver drive, pavers, residential frontage, new, golden hour, eye level","people, faces, vehicle badges, brand logos, text, watermarks, signage, house numbers",charging pedestal mounted at the edge of a new paver drive,pavers,residential frontage,new,golden hour,eye level,Charging pedestal mounted at the edge of a new paver drive,pending
https://drivewayzusa.co/guides/excavation-cost-for-driveways-what-to-expect/,excavation-cost-for-driveways-what-to-expect,B_REPLACE_BULK,guides/excavation-cost-for-driveways-what-to-expect/index.html,hero-excavated-drive-bed-earth-walls.webp,"excavated driveway bed with steep fresh cut earth walls, none, work-in-progress, mid-repair, overcast, eye level","people, faces, vehicle badges, brand logos, text, watermarks, signage, house numbers",excavated driveway bed with steep fresh cut earth walls,none,work-in-progress,mid-repair,overcast,eye level,Freshly dug earth bed with steep soil walls under gray skies,pending
https://drivewayzusa.co/guides/expansion-control-joints/,expansion-control-joints,B_REPLACE_BULK,guides/expansion-control-joints/index.html,hero-fiberboard-joint-between-slab-panels.webp,"fiberboard expansion joint between two broomed concrete panels, concrete, close-up surface detail, new, bright midday, low angle along surface","people, faces, vehicle badges, brand logos, text, watermarks, signage, house numbers",fiberboard expansion joint between two broomed concrete panels,concrete,close-up surface detail,new,bright midday,low angle along surface,Fiberboard strip filling the gap between two broomed concrete panels,pending
https://drivewayzusa.co/guides/exposed-aggregate-concrete-driveway-guide/,exposed-aggregate-concrete-driveway-guide,B_REPLACE_BULK,guides/exposed-aggregate-concrete-driveway-guide/index.html,hero-seeded-pebble-finish-warm-light.webp,"exposed pebble aggregate texture in washed concrete, concrete, close-up surface detail, new, golden hour, low angle along surface","people, faces, vehicle badges, brand logos, text, watermarks, signage, house numbers",exposed pebble aggregate texture in washed concrete,concrete,close-up surface detail,new,golden hour,low angle along surface,Small pebbles revealed in washed concrete catching warm evening light,pending
https://drivewayzusa.co/guides/extending-a-driveway-planning-and-costs/,extending-a-driveway-planning-and-costs,B_REPLACE_BULK,guides/extending-a-driveway-planning-and-costs/index.html,hero-excavated-strip-beside-existing-slab.webp,"dug out extension strip beside an older concrete driveway, concrete, work-in-progress, mid-repair, overcast, elevated three-quarter","people, faces, vehicle badges, brand logos, text, watermarks, signage, house numbers",dug out extension strip beside an older concrete driveway,concrete,work-in-progress,mid-repair,overcast,elevated three-quarter,Dug out extension strip running alongside an older concrete driveway,pending
https://drivewayzusa.co/guides/fall-driveway-prep-getting-ready-for-winter/,fall-driveway-prep-getting-ready-for-winter,B_REPLACE_BULK,guides/fall-driveway-prep-getting-ready-for-winter/index.html,hero-fallen-leaves-sealed-asphalt-drive.webp,"sealed asphalt driveway scattered with autumn leaves, asphalt, residential frontage, sealed, golden hour, eye level","people, faces, vehicle badges, brand logos, text, watermarks, signage, house numbers",sealed asphalt driveway scattered with autumn leaves,asphalt,residential frontage,sealed,golden hour,eye level,Autumn leaves scattered across a clean dark sealed driveway surface,pending
https://drivewayzusa.co/guides/fall-driveway-preparation-guide/,fall-driveway-preparation-guide,B_REPLACE_BULK,guides/fall-driveway-preparation-guide/index.html,hero-wet-leaves-cracked-concrete-drive.webp,"wet autumn leaves settled into cracks in a concrete driveway, concrete, residential frontage, cracked, wet after rain, low angle along surface","people, faces, vehicle badges, brand logos, text, watermarks, signage, house numbers",wet autumn leaves settled into cracks in a concrete driveway,concrete,residential frontage,cracked,wet after rain,low angle along surface,Wet autumn leaves settled into cracks across a concrete driveway,pending
https://drivewayzusa.co/guides/farmhouse-style-driveways-rustic-options/,farmhouse-style-driveways-rustic-options,B_REPLACE_BULK,guides/farmhouse-style-driveways-rustic-options/index.html,hero-rustic-gravel-lane-split-rail-fence.webp,"gravel lane beside a weathered split rail wooden fence, gravel, rural approach, weathered, golden hour, eye level","people, faces, vehicle badges, brand logos, text, watermarks, signage, house numbers",gravel lane beside a weathered split rail wooden fence,gravel,rural approach,weathered,golden hour,eye level,Gravel lane running beside a weathered split rail wooden fence,pending
https://drivewayzusa.co/guides/fiber-mesh-vs-rebar-in-concrete-driveways/,fiber-mesh-vs-rebar-in-concrete-driveways,B_REPLACE_BULK,guides/fiber-mesh-vs-rebar-in-concrete-driveways/index.html,hero-steel-bars-grid-over-drive-base.webp,"steel reinforcement bars in a grid awaiting a concrete pour, concrete, work-in-progress, new, bright midday, elevated three-quarter","people, faces, vehicle badges, brand logos, text, watermarks, signage, house numbers",steel reinforcement bars in a grid awaiting a concrete pour,concrete,work-in-progress,new,bright midday,elevated three-quarter,Steel reinforcement bars arranged in a grid awaiting a concrete pour,pending
https://drivewayzusa.co/guides/fire-access-requirements-for-driveways/,fire-access-requirements-for-driveways,B_REPLACE_BULK,guides/fire-access-requirements-for-driveways/index.html,hero-extra-wide-concrete-drive-clear-sides.webp,"extra wide concrete driveway with open clearance on both sides, concrete, residential frontage, new, bright midday, elevated three-quarter","people, faces, vehicle badges, brand logos, text, watermarks, signage, house numbers",extra wide concrete driveway with open clearance on both sides,concrete,residential frontage,new,bright midday,elevated three-quarter,Extra wide concrete driveway with clear open space on both sides,pending
https://drivewayzusa.co/guides/first-impressions-driveway-design-for-curb-appeal/,first-impressions-driveway-design-for-curb-appeal,B_REPLACE_BULK,guides/first-impressions-driveway-design-for-curb-appeal/index.html,hero-inviting-paver-drive-tidy-lawn.webp,"sealed paver driveway framed by a tidy front lawn, pavers, residential frontage, sealed, golden hour, eye level","people, faces, vehicle badges, brand logos, text, watermarks, signage, house numbers",sealed paver driveway framed by a tidy front lawn,pavers,residential frontage,sealed,golden hour,eye level,Neatly sealed paver driveway framed by a tidy green front lawn,pending
https://drivewayzusa.co/guides/first-impressions-why-your-driveway-matters-to-homebuyers/,first-impressions-why-your-driveway-matters-to-homebuyers,B_REPLACE_BULK,guides/first-impressions-why-your-driveway-matters-to-homebuyers/index.html,hero-spotless-concrete-drive-entry-walk.webp,"spotless new concrete driveway leading to a home entrance, concrete, residential frontage, new, overcast, eye level","people, faces, vehicle badges, brand logos, text, watermarks, signage, house numbers",spotless new concrete driveway leading to a home entrance,concrete,residential frontage,new,overcast,eye level,Spotless new concrete driveway leading toward a modest home entrance,pending
https://drivewayzusa.co/guides/first-time-homeowner-driveway-guide-where-to-start/,first-time-homeowner-driveway-guide-where-to-start,B_REPLACE_BULK,guides/first-time-homeowner-driveway-guide-where-to-start/index.html,hero-worn-asphalt-drive-modest-entry.webp,"worn asphalt driveway at a modest home entry, asphalt, residential frontage, weathered, overcast, eye level","people, faces, vehicle badges, brand logos, text, watermarks, signage, house numbers",worn asphalt driveway at a modest home entry,asphalt,residential frontage,weathered,overcast,eye level,Older faded driveway surface in front of a modest single story home,pending
https://drivewayzusa.co/guides/flagstone-driveway-natural-stone-options/,flagstone-driveway-natural-stone-options,B_REPLACE_BULK,guides/flagstone-driveway-natural-stone-options/index.html,hero-flat-stone-slabs-warm-light.webp,"large flat natural stone slabs fitted as a drive surface, pavers, close-up surface detail, weathered, golden hour, low angle along surface","people, faces, vehicle badges, brand logos, text, watermarks, signage, house numbers",large flat natural stone slabs fitted as a drive surface,pavers,close-up surface detail,weathered,golden hour,low angle along surface,Large flat stone pieces fitted tightly into a warm lit surface,pending
https://drivewayzusa.co/guides/fly-ash-in-concrete-driveways-sustainable-additive/,fly-ash-in-concrete-driveways-sustainable-additive,B_REPLACE_BULK,guides/fly-ash-in-concrete-driveways-sustainable-additive/index.html,hero-uniform-gray-fresh-slab-texture.webp,"smooth even gray fresh concrete surface with fine finish, concrete, close-up surface detail, new, bright midday, low angle along surface","people, faces, vehicle badges, brand logos, text, watermarks, signage, house numbers",smooth even gray fresh concrete surface with fine finish,concrete,close-up surface detail,new,bright midday,low angle along surface,Smooth even gray concrete surface with a fine uniform finish,pending
https://drivewayzusa.co/guides/french-drain-installation-along-a-driveway/,french-drain-installation-along-a-driveway,B_REPLACE_BULK,guides/french-drain-installation-along-a-driveway/index.html,hero-perforated-pipe-trench-drive-edge.webp,"perforated drain pipe in an open trench beside asphalt pavement, asphalt, work-in-progress, mid-repair, overcast, elevated three-quarter","people, faces, vehicle badges, brand logos, text, watermarks, signage, house numbers",perforated drain pipe in an open trench beside asphalt pavement,asphalt,work-in-progress,mid-repair,overcast,elevated three-quarter,Perforated drain pipe laid in an open trench beside the pavement edge,pending
https://drivewayzusa.co/guides/french-drain-installation-for-driveways/,french-drain-installation-for-driveways,B_REPLACE_BULK,guides/french-drain-installation-for-driveways/index.html,hero-gravel-backfill-drain-trench-closeup.webp,"gravel backfilled around a drain line in a narrow trench, gravel, close-up surface detail, mid-repair, overcast, low angle along surface","people, faces, vehicle badges, brand logos, text, watermarks, signage, house numbers",gravel backfilled around a drain line in a narrow trench,gravel,close-up surface detail,mid-repair,overcast,low angle along surface,Coarse gravel backfilled around a drain line in a narrow trench,pending
https://drivewayzusa.co/guides/front-yard-design-integrating-driveways/,front-yard-design-integrating-driveways,B_REPLACE_BULK,guides/front-yard-design-integrating-driveways/index.html,hero-sealed-paver-drive-mulched-beds.webp,"sealed paver driveway bordered by mulched planting beds, pavers, residential frontage, sealed, golden hour, eye level","people, faces, vehicle badges, brand logos, text, watermarks, signage, house numbers",sealed paver driveway bordered by mulched planting beds,pavers,residential frontage,sealed,golden hour,eye level,Sealed paver driveway bordered by mulched beds and trimmed shrubs,pending
https://drivewayzusa.co/guides/garbage-truck-access-considerations/,garbage-truck-access-considerations,B_REPLACE_BULK,guides/garbage-truck-access-considerations/index.html,hero-thick-apron-slab-heavy-duty.webp,"thick edged concrete apron slab built for heavy loads, concrete, residential frontage, new, bright midday, eye level","people, faces, vehicle badges, brand logos, text, watermarks, signage, house numbers",thick edged concrete apron slab built for heavy loads,concrete,residential frontage,new,bright midday,eye level,Thick edged concrete apron slab ready to handle heavy loads,pending
https://drivewayzusa.co/guides/geotextile-fabric-in-driveway-construction/,geotextile-fabric-in-driveway-construction,B_REPLACE_BULK,guides/geotextile-fabric-in-driveway-construction/index.html,hero-black-fabric-over-graded-soil.webp,"black geotextile fabric rolled over a smoothed soil base, none, work-in-progress, mid-repair, overcast, elevated three-quarter","people, faces, vehicle badges, brand logos, text, watermarks, signage, house numbers",black geotextile fabric rolled over a smoothed soil base,none,work-in-progress,mid-repair,overcast,elevated three-quarter,Black woven fabric rolled out across a smoothed soil base,pending
https://drivewayzusa.co/guides/grass-pavers-vs-permeable-pavers-which-is-greener/,grass-pavers-vs-permeable-pavers-which-is-greener,B_REPLACE_BULK,guides/grass-pavers-vs-permeable-pavers-which-is-greener/index.html,hero-grass-grid-meets-solid-pavers.webp,"turf filled grid blocks meeting solid interlocking pavers at a seam, pavers, close-up surface detail, new, overcast, low angle along surface","people, faces, vehicle badges, brand logos, text, watermarks, signage, house numbers",turf filled grid blocks meeting solid interlocking pavers at a seam,pavers,close-up surface detail,new,overcast,low angle along surface,Turf filled grid blocks meeting solid interlocking stones at a seam,pending
https://drivewayzusa.co/guides/gravel-driveway-cost-per-square-foot-guide/,gravel-driveway-cost-per-square-foot-guide,B_REPLACE_BULK,guides/gravel-driveway-cost-per-square-foot-guide/index.html,hero-damp-compacted-gravel-texture.webp,"damp compacted gravel surface with small angular stones, gravel, close-up surface detail, weathered, wet after rain, low angle along surface","people, faces, vehicle badges, brand logos, text, watermarks, signage, house numbers",damp compacted gravel surface with small angular stones,gravel,close-up surface detail,weathered,wet after rain,low angle along surface,Damp compacted gravel showing small angular stones after a rain shower,pending
https://drivewayzusa.co/guides/gravel-driveway-installation-step-by-step-guide/,gravel-driveway-installation-step-by-step-guide,B_REPLACE_BULK,guides/gravel-driveway-installation-step-by-step-guide/index.html,hero-fresh-gravel-spread-between-forms.webp,"freshly dumped gravel being spread into an even layer, gravel, work-in-progress, mid-repair, bright midday, elevated three-quarter","people, faces, vehicle badges, brand logos, text, watermarks, signage, house numbers",freshly dumped gravel being spread into an even layer,gravel,work-in-progress,mid-repair,bright midday,elevated three-quarter,Freshly dumped gravel being spread into a smooth even layer,pending
https://drivewayzusa.co/guides/gravel-driveway-lifespan-how-long-before-you-need-to-refresh/,gravel-driveway-lifespan-how-long-before-you-need-to-refresh,B_REPLACE_BULK,guides/gravel-driveway-lifespan-how-long-before-you-need-to-refresh/index.html,hero-thin-worn-gravel-bare-spots.webp,"worn gravel surface with thin bare patches and exposed soil, gravel, rural approach, weathered, bright midday, eye level","people, faces, vehicle badges, brand logos, text, watermarks, signage, house numbers",worn gravel surface with thin bare patches and exposed soil,gravel,rural approach,weathered,bright midday,eye level,Worn gravel surface with thin bare patches and exposed soil underneath,pending
https://drivewayzusa.co/guides/gravel-driveway-maintenance-raking-grading-and-refilling/,gravel-driveway-maintenance-raking-grading-and-refilling,B_REPLACE_BULK,guides/gravel-driveway-maintenance-raking-grading-and-refilling/index.html,hero-fresh-rake-lines-groomed-gravel.webp,"long rake lines across freshly groomed gravel, gravel, work-in-progress, mid-repair, golden hour, low angle along surface","people, faces, vehicle badges, brand logos, text, watermarks, signage, house numbers",long rake lines across freshly groomed gravel,gravel,work-in-progress,mid-repair,golden hour,low angle along surface,Long rake lines across freshly groomed gravel in warm evening light,pending
https://drivewayzusa.co/guides/heaving-and-frost-damage-repair/,heaving-and-frost-damage-repair,B_REPLACE_BULK,guides/heaving-and-frost-damage-repair/index.html,hero-frost-lifted-slabs-jagged-gaps.webp,"frost lifted concrete slabs sitting uneven with jagged gaps, concrete, close-up surface detail, cracked, wet after rain, low angle along surface","people, faces, vehicle badges, brand logos, text, watermarks, signage, house numbers",frost lifted concrete slabs sitting uneven with jagged gaps,concrete,close-up surface detail,cracked,wet after rain,low angle along surface,Frost lifted concrete slabs sitting uneven with jagged open gaps,pending
https://drivewayzusa.co/guides/hidden-costs-in-driveway-projects-you-should-know/,hidden-costs-in-driveway-projects-you-should-know,B_REPLACE_BULK,guides/hidden-costs-in-driveway-projects-you-should-know/index.html,hero-staked-forms-compacted-gravel-bed.webp,"compacted gravel driveway base framed by wooden form boards and grade stakes, gravel, work-in-progress, new, overcast, eye level","people, faces, vehicle badges, brand logos, text, watermarks, signage, house numbers",compacted gravel driveway base framed by wooden form boards and grade stakes,gravel,work-in-progress,new,overcast,eye level,Compacted gravel driveway base framed by wooden form boards and grade stakes,pending
https://drivewayzusa.co/guides/hidden-costs-of-driveway-installation-you-should-know-about/,hidden-costs-of-driveway-installation-you-should-know-about,B_REPLACE_BULK,guides/hidden-costs-of-driveway-installation-you-should-know-about/index.html,hero-gravel-base-layer-depth-profile.webp,"layered gravel base edge profile showing compacted stone depth, gravel, close-up surface detail, new, overcast, elevated three-quarter","people, faces, vehicle badges, brand logos, text, watermarks, signage, house numbers",layered gravel base edge profile showing compacted stone depth,gravel,close-up surface detail,new,overcast,elevated three-quarter,Compacted gravel base layers exposed along a driveway edge profile,pending
https://drivewayzusa.co/guides/high-altitude-driveways-colorado-considerations/,high-altitude-driveways-colorado-considerations,B_REPLACE_BULK,guides/high-altitude-driveways-colorado-considerations/index.html,hero-frost-lined-concrete-pasture-lane.webp,"weathered concrete lane with frost lining its joints crossing open pasture, concrete, rural approach, weathered, overcast, eye level","people, faces, vehicle badges, brand logos, text, watermarks, signage, house numbers",weathered concrete lane with frost lining its joints crossing open pasture,concrete,rural approach,weathered,overcast,eye level,Frost lining the joints of a weathered concrete lane through open pasture,pending
https://drivewayzusa.co/guides/historic-home-driveways-period-appropriate-materials/,historic-home-driveways-period-appropriate-materials,B_REPLACE_BULK,guides/historic-home-driveways-period-appropriate-materials/index.html,hero-aged-cobblestone-brick-edged-frontage.webp,"weathered cobblestone driveway with brick edging before an older home, cobblestone, residential frontage, weathered, golden hour, eye level","people, faces, vehicle badges, brand logos, text, watermarks, signage, house numbers",weathered cobblestone driveway with brick edging before an older home,cobblestone,residential frontage,weathered,golden hour,eye level,Weathered cobblestone driveway with brick edging in warm evening light,pending
https://drivewayzusa.co/guides/hoa-driveway-rules-and-approval-process/,hoa-driveway-rules-and-approval-process,B_REPLACE_BULK,guides/hoa-driveway-rules-and-approval-process/index.html,hero-uniform-sealed-drive-neat-verge.webp,"uniform sealed asphalt driveway with crisp edges before a tidy home, asphalt, residential frontage, sealed, bright midday, elevated three-quarter","people, faces, vehicle badges, brand logos, text, watermarks, signage, house numbers",uniform sealed asphalt driveway with crisp edges before a tidy home,asphalt,residential frontage,sealed,bright midday,elevated three-quarter,Uniform sealed asphalt driveway with crisp edges seen from above,pending
https://drivewayzusa.co/guides/home-inspector-driveway-report-understanding-the-findings/,home-inspector-driveway-report-understanding-the-findings,B_REPLACE_BULK,guides/home-inspector-driveway-report-understanding-the-findings/index.html,hero-chalk-circled-crack-concrete-panel.webp,"hairline crack across a concrete panel circled with chalk, concrete, close-up surface detail, cracked, bright midday, low angle along surface","people, faces, vehicle badges, brand logos, text, watermarks, signage, house numbers",hairline crack across a concrete panel circled with chalk,concrete,close-up surface detail,cracked,bright midday,low angle along surface,Chalk circle marking a hairline crack across a concrete driveway panel,pending
https://drivewayzusa.co/guides/home-value-impact-driveway-condition-assessment/,home-value-impact-driveway-condition-assessment,B_REPLACE_BULK,guides/home-value-impact-driveway-condition-assessment/index.html,hero-worn-asphalt-drive-tidy-lawn.webp,"weathered asphalt driveway beside a well kept lawn at dusk, asphalt, residential frontage, weathered, golden hour, elevated three-quarter","people, faces, vehicle badges, brand logos, text, watermarks, signage, house numbers",weathered asphalt driveway beside a well kept lawn at dusk,asphalt,residential frontage,weathered,golden hour,elevated three-quarter,Weathered asphalt driveway beside a tidy lawn in warm evening light,pending
https://drivewayzusa.co/guides/hot-climates-best-driveway-materials-for-nevada/,hot-climates-best-driveway-materials-for-nevada,B_REPLACE_BULK,guides/hot-climates-best-driveway-materials-for-nevada/index.html,hero-pale-pavers-glaring-midday-sun.webp,"pale interlocking paver driveway glaring under harsh sun, pavers, residential frontage, new, bright midday, low angle along surface","people, faces, vehicle badges, brand logos, text, watermarks, signage, house numbers",pale interlocking paver driveway glaring under harsh sun,pavers,residential frontage,new,bright midday,low angle along surface,Pale interlocking pavers glaring under harsh midday sunlight,pending
https://drivewayzusa.co/guides/hot-climates-best-driveway-materials-for-texas/,hot-climates-best-driveway-materials-for-texas,B_REPLACE_BULK,guides/hot-climates-best-driveway-materials-for-texas/index.html,hero-light-broomed-drive-sun-glare.webp,"light broomed concrete driveway reflecting bright glare, concrete, residential frontage, new, bright midday, low angle along surface","people, faces, vehicle badges, brand logos, text, watermarks, signage, house numbers",light broomed concrete driveway reflecting bright glare,concrete,residential frontage,new,bright midday,low angle along surface,Light broomed concrete driveway reflecting harsh midday glare,pending
https://drivewayzusa.co/guides/how-google-reviews-impact-driveway-contractor-business/,how-google-reviews-impact-driveway-contractor-business,B_REPLACE_BULK,guides/how-google-reviews-impact-driveway-contractor-business/index.html,hero-freshly-sealed-drive-evening-garage.webp,"freshly completed sealed driveway before a garage in evening light, asphalt, residential frontage, sealed, golden hour, eye level","people, faces, vehicle badges, brand logos, text, watermarks, signage, house numbers",freshly completed sealed driveway before a garage in evening light,asphalt,residential frontage,sealed,golden hour,eye level,Freshly sealed driveway glowing in evening light before a garage,pending
https://drivewayzusa.co/guides/how-long-does-a-new-driveway-last-by-material/,how-long-does-a-new-driveway-last-by-material,B_REPLACE_BULK,guides/how-long-does-a-new-driveway-last-by-material/index.html,hero-asphalt-concrete-centerline-joint.webp,"weathered asphalt meeting aged concrete along a straight centerline joint, asphalt, close-up surface detail, weathered, overcast, low angle along surface","people, faces, vehicle badges, brand logos, text, watermarks, signage, house numbers",weathered asphalt meeting aged concrete along a straight centerline joint,asphalt,close-up surface detail,weathered,overcast,low angle along surface,Weathered asphalt meeting aged concrete along a straight centerline joint,pending
https://drivewayzusa.co/guides/how-long-driveway-last/,how-long-driveway-last,B_REPLACE_BULK,guides/how-long-driveway-last/index.html,hero-aged-concrete-lane-open-land.webp,"aged but sound concrete lane crossing open land, concrete, rural approach, weathered, overcast, eye level","people, faces, vehicle badges, brand logos, text, watermarks, signage, house numbers",aged but sound concrete lane crossing open land,concrete,rural approach,weathered,overcast,eye level,Aged concrete lane still sound and level crossing open land,pending
https://drivewayzusa.co/guides/how-many-pavers-do-you-need-for-a-driveway-sizing-guide/,how-many-pavers-do-you-need-for-a-driveway-sizing-guide,B_REPLACE_BULK,guides/how-many-pavers-do-you-need-for-a-driveway-sizing-guide/index.html,hero-herringbone-paver-field-overhead.webp,"neat herringbone paver field viewed from overhead, pavers, close-up surface detail, new, bright midday, elevated three-quarter","people, faces, vehicle badges, brand logos, text, watermarks, signage, house numbers",neat herringbone paver field viewed from overhead,pavers,close-up surface detail,new,bright midday,elevated three-quarter,Neat herringbone paver pattern stretching across a driveway viewed overhead,pending
https://drivewayzusa.co/guides/how-much-concrete-do-you-need-for-a-driveway-calculator-and-tips/,how-much-concrete-do-you-need-for-a-driveway-calculator-and-tips,B_REPLACE_BULK,guides/how-much-concrete-do-you-need-for-a-driveway-calculator-and-tips/index.html,hero-partly-filled-pour-footprint-forms.webp,"formed driveway pour footprint partly filled with fresh wet concrete, concrete, work-in-progress, new, bright midday, elevated three-quarter","people, faces, vehicle badges, brand logos, text, watermarks, signage, house numbers",formed driveway pour footprint partly filled with fresh wet concrete,concrete,work-in-progress,new,bright midday,elevated three-quarter,Formed driveway pour footprint partly filled with fresh concrete from above,pending
https://drivewayzusa.co/guides/how-much-does-a-new-driveway-cost-in-2026/,how-much-does-a-new-driveway-cost-in-2026,B_REPLACE_BULK,guides/how-much-does-a-new-driveway-cost-in-2026/index.html,hero-leveled-base-ready-for-pour.webp,"leveled gravel base staked and strung awaiting its first surface pour, gravel, work-in-progress, new, overcast, elevated three-quarter","people, faces, vehicle badges, brand logos, text, watermarks, signage, house numbers",leveled gravel base staked and strung awaiting its first surface pour,gravel,work-in-progress,new,overcast,elevated three-quarter,Leveled gravel base staked and strung awaiting its first pour,pending
https://drivewayzusa.co/guides/how-often-should-you-seal-your-driveway/,how-often-should-you-seal-your-driveway,B_REPLACE_BULK,guides/how-often-should-you-seal-your-driveway/index.html,hero-mirror-sheen-sealed-blacktop.webp,"glossy sealcoated asphalt beading rainwater and reflecting the sky, asphalt, close-up surface detail, sealed, wet after rain, low angle along surface","people, faces, vehicle badges, brand logos, text, watermarks, signage, house numbers",glossy sealcoated asphalt beading rainwater and reflecting the sky,asphalt,close-up surface detail,sealed,wet after rain,low angle along surface,Glossy sealed asphalt beading rainwater and reflecting the sky,pending
https://drivewayzusa.co/guides/how-realtors-evaluate-driveway-condition/,how-realtors-evaluate-driveway-condition,B_REPLACE_BULK,guides/how-realtors-evaluate-driveway-condition/index.html,hero-presentable-sealed-drive-trimmed-lawn.webp,"presentable sealed concrete driveway with neatly trimmed lawn edges, concrete, residential frontage, sealed, golden hour, eye level","people, faces, vehicle badges, brand logos, text, watermarks, signage, house numbers",presentable sealed concrete driveway with neatly trimmed lawn edges,concrete,residential frontage,sealed,golden hour,eye level,Presentable sealed concrete driveway with neatly trimmed lawn edges,pending
https://drivewayzusa.co/guides/how-to-calculate-driveway-material-needs/,how-to-calculate-driveway-material-needs,B_REPLACE_BULK,guides/how-to-calculate-driveway-material-needs/index.html,hero-crushed-stone-delivery-pile.webp,"fresh crushed stone delivery pile on a graded driveway base, gravel, work-in-progress, new, bright midday, elevated three-quarter","people, faces, vehicle badges, brand logos, text, watermarks, signage, house numbers",fresh crushed stone delivery pile on a graded driveway base,gravel,work-in-progress,new,bright midday,elevated three-quarter,Fresh crushed stone pile delivered onto a graded driveway base,pending
https://drivewayzusa.co/guides/how-to-choose-a-driveway-material-when-youre-overwhelmed/,how-to-choose-a-driveway-material-when-youre-overwhelmed,B_REPLACE_BULK,guides/how-to-choose-a-driveway-material-when-youre-overwhelmed/index.html,hero-paver-strip-meets-smooth-concrete.webp,"paver strip meeting smooth broomed concrete along a clean joint, pavers, close-up surface detail, new, bright midday, low angle along surface","people, faces, vehicle badges, brand logos, text, watermarks, signage, house numbers",paver strip meeting smooth broomed concrete along a clean joint,pavers,close-up surface detail,new,bright midday,low angle along surface,Paver strip meeting smooth broomed concrete along a clean joint,pending
https://drivewayzusa.co/guides/how-to-file-a-complaint-against-a-driveway-contractor/,how-to-file-a-complaint-against-a-driveway-contractor,B_REPLACE_BULK,guides/how-to-file-a-complaint-against-a-driveway-contractor/index.html,hero-early-cracks-rough-trowel-slab.webp,"early cracks and rough trowel patches marring a young concrete slab, concrete, close-up surface detail, cracked, overcast, eye level","people, faces, vehicle badges, brand logos, text, watermarks, signage, house numbers",early cracks and rough trowel patches marring a young concrete slab,concrete,close-up surface detail,cracked,overcast,eye level,Early cracks and rough trowel patches marring a young concrete slab,pending
https://drivewayzusa.co/guides/how-to-fix-a-driveway-that-slopes-toward-your-house/,how-to-fix-a-driveway-that-slopes-toward-your-house,B_REPLACE_BULK,guides/how-to-fix-a-driveway-that-slopes-toward-your-house/index.html,hero-channel-drain-before-garage.webp,"channel drain catching rain runoff where a driveway meets the garage, concrete, residential frontage, sealed, wet after rain, eye level","people, faces, vehicle badges, brand logos, text, watermarks, signage, house numbers",channel drain catching rain runoff where a driveway meets the garage,concrete,residential frontage,sealed,wet after rain,eye level,Channel drain catching rain runoff where a driveway meets the garage,pending
https://drivewayzusa.co/guides/how-to-fix-a-sinking-driveway-mudjacking-vs-polyurethane-foam/,how-to-fix-a-sinking-driveway-mudjacking-vs-polyurethane-foam,B_REPLACE_BULK,guides/how-to-fix-a-sinking-driveway-mudjacking-vs-polyurethane-foam/index.html,hero-sunken-slab-lifted-back-level.webp,"sunken concrete slab lifted back level beside small patched drill holes, concrete, work-in-progress, mid-repair, bright midday, low angle along surface","people, faces, vehicle badges, brand logos, text, watermarks, signage, house numbers",sunken concrete slab lifted back level beside small patched drill holes,concrete,work-in-progress,mid-repair,bright midday,low angle along surface,Sunken concrete slab lifted back level beside small patched drill holes,pending
https://drivewayzusa.co/guides/how-to-fix-driveway-cracks-concrete-asphalt-and-paver-repair/,how-to-fix-driveway-cracks-concrete-asphalt-and-paver-repair,B_REPLACE_BULK,guides/how-to-fix-driveway-cracks-concrete-asphalt-and-paver-repair/index.html,hero-fresh-filler-winding-crack.webp,"fresh dark filler following a winding crack through gray asphalt, asphalt, close-up surface detail, mid-repair, overcast, low angle along surface","people, faces, vehicle badges, brand logos, text, watermarks, signage, house numbers",fresh dark filler following a winding crack through gray asphalt,asphalt,close-up surface detail,mid-repair,overcast,low angle along surface,Fresh dark filler following a winding crack through gray asphalt,pending
https://drivewayzusa.co/guides/how-to-fix-paver-driveways-settling-and-shifting-issues/,how-to-fix-paver-driveways-settling-and-shifting-issues,B_REPLACE_BULK,guides/how-to-fix-paver-driveways-settling-and-shifting-issues/index.html,hero-settled-pavers-lifted-fresh-sand.webp,"settled pavers lifted in sections with fresh sand screeded below, pavers, work-in-progress, mid-repair, golden hour, elevated three-quarter","people, faces, vehicle badges, brand logos, text, watermarks, signage, house numbers",settled pavers lifted in sections with fresh sand screeded below,pavers,work-in-progress,mid-repair,golden hour,elevated three-quarter,Settled pavers lifted in sections with fresh sand screeded below,pending
https://drivewayzusa.co/guides/how-to-level-sunken-paver-driveways/,how-to-level-sunken-paver-driveways,B_REPLACE_BULK,guides/how-to-level-sunken-paver-driveways/index.html,hero-sunken-pavers-exposed-sand-bed.webp,"sunken pavers lifted out exposing a rippled sand bedding layer, pavers, close-up surface detail, mid-repair, bright midday, elevated three-quarter","people, faces, vehicle badges, brand logos, text, watermarks, signage, house numbers",sunken pavers lifted out exposing a rippled sand bedding layer,pavers,close-up surface detail,mid-repair,bright midday,elevated three-quarter,Sunken pavers lifted out exposing a rippled sand bedding layer,pending
https://drivewayzusa.co/guides/how-to-negotiate-with-driveway-contractors/,how-to-negotiate-with-driveway-contractors,B_REPLACE_BULK,guides/how-to-negotiate-with-driveway-contractors/index.html,hero-measuring-tape-broomed-slab-edge.webp,"measuring tape laid across a freshly broomed concrete driveway slab, concrete, close-up surface detail, new, overcast, eye level","people, faces, vehicle badges, brand logos, text, watermarks, signage, house numbers",measuring tape laid across a freshly broomed concrete driveway slab,concrete,close-up surface detail,new,overcast,eye level,Measuring tape laid across a freshly broomed concrete driveway slab,pending
https://drivewayzusa.co/guides/how-to-patch-and-repair-asphalt-driveways/,how-to-patch-and-repair-asphalt-driveways,B_REPLACE_BULK,guides/how-to-patch-and-repair-asphalt-driveways/index.html,hero-cold-patch-tamped-into-pothole.webp,"fresh cold asphalt compound tamped into a sawn pothole on a worn drive, asphalt, close-up surface detail, mid-repair, bright midday, low angle along surface","people, faces, vehicle badges, brand logos, text, watermarks, signage, house numbers",fresh cold asphalt compound tamped into a sawn pothole on a worn drive,asphalt,close-up surface detail,mid-repair,bright midday,low angle along surface,Fresh cold asphalt compound tamped into a sawn pothole on a worn driveway,pending
https://drivewayzusa.co/guides/how-to-patch-and-repair-concrete-driveways/,how-to-patch-and-repair-concrete-driveways,B_REPLACE_BULK,guides/how-to-patch-and-repair-concrete-driveways/index.html,hero-wet-patch-mortar-crack-fill.webp,"wet gray mortar smoothed into a long crack across a concrete slab, concrete, close-up surface detail, mid-repair, overcast, low angle along surface","people, faces, vehicle badges, brand logos, text, watermarks, signage, house numbers",wet gray mortar smoothed into a long crack across a concrete slab,concrete,close-up surface detail,mid-repair,overcast,low angle along surface,Wet gray mortar smoothed into a long crack across a concrete driveway,pending
https://drivewayzusa.co/guides/how-to-prepare-your-property-for-driveway-installation/,how-to-prepare-your-property-for-driveway-installation,B_REPLACE_BULK,guides/how-to-prepare-your-property-for-driveway-installation/index.html,hero-staked-string-bare-lawn-layout.webp,"stakes and string marking a driveway footprint across a bare front lawn, none, work-in-progress, new, bright midday, eye level","people, faces, vehicle badges, brand logos, text, watermarks, signage, house numbers",stakes and string marking a driveway footprint across a bare front lawn,none,work-in-progress,new,bright midday,eye level,Stakes and string marking a driveway footprint across a bare front lawn,pending
https://drivewayzusa.co/guides/how-to-protect-your-driveway-from-tree-roots/,how-to-protect-your-driveway-from-tree-roots,B_REPLACE_BULK,guides/how-to-protect-your-driveway-from-tree-roots/index.html,hero-root-lifted-slab-edge-shadow.webp,"tree root lifting the edge of a cracked concrete slab in tree shadow, concrete, close-up surface detail, cracked, bright midday, low angle along surface","people, faces, vehicle badges, brand logos, text, watermarks, signage, house numbers",tree root lifting the edge of a cracked concrete slab in tree shadow,concrete,close-up surface detail,cracked,bright midday,low angle along surface,Tree root lifting the edge of a cracked concrete driveway slab,pending
https://drivewayzusa.co/guides/how-to-read-a-driveway-installation-contract/,how-to-read-a-driveway-installation-contract,B_REPLACE_BULK,guides/how-to-read-a-driveway-installation-contract/index.html,hero-wet-pour-flowing-into-forms.webp,"wet concrete flowing into wooden forms at a driveway pour site, concrete, work-in-progress, new, overcast, elevated three-quarter","people, faces, vehicle badges, brand logos, text, watermarks, signage, house numbers",wet concrete flowing into wooden forms at a driveway pour site,concrete,work-in-progress,new,overcast,elevated three-quarter,Wet concrete flowing into wooden forms at a driveway pour site,pending
https://drivewayzusa.co/guides/how-to-remove-an-old-driveway-before-installing-a-new-one/,how-to-remove-an-old-driveway-before-installing-a-new-one,B_REPLACE_BULK,guides/how-to-remove-an-old-driveway-before-installing-a-new-one/index.html,hero-broken-slab-chunks-beside-trench.webp,"broken concrete slab chunks piled beside an excavated driveway trench, concrete, work-in-progress, cracked, bright midday, elevated three-quarter","people, faces, vehicle badges, brand logos, text, watermarks, signage, house numbers",broken concrete slab chunks piled beside an excavated driveway trench,concrete,work-in-progress,cracked,bright midday,elevated three-quarter,Broken concrete slab chunks piled beside an excavated driveway trench,pending
https://drivewayzusa.co/guides/how-to-remove-ice-from-your-driveway-safely/,how-to-remove-ice-from-your-driveway-safely,B_REPLACE_BULK,guides/how-to-remove-ice-from-your-driveway-safely/index.html,hero-icy-sheet-over-concrete-drive.webp,"thin sheet of ice glazing a weathered concrete driveway in flat gray light, concrete, residential frontage, weathered, overcast, eye level","people, faces, vehicle badges, brand logos, text, watermarks, signage, house numbers",thin sheet of ice glazing a weathered concrete driveway in flat gray light,concrete,residential frontage,weathered,overcast,eye level,Thin sheet of ice glazing a weathered concrete driveway in flat gray light,pending
https://drivewayzusa.co/guides/how-to-remove-oil-stains-from-a-concrete-driveway/,how-to-remove-oil-stains-from-a-concrete-driveway,B_REPLACE_BULK,guides/how-to-remove-oil-stains-from-a-concrete-driveway/index.html,hero-oil-stain-ring-gray-concrete.webp,"dark oil ring soaking into a pale concrete driveway surface, concrete, close-up surface detail, weathered, bright midday, elevated three-quarter","people, faces, vehicle badges, brand logos, text, watermarks, signage, house numbers",dark oil ring soaking into a pale concrete driveway surface,concrete,close-up surface detail,weathered,bright midday,elevated three-quarter,Dark oil ring soaking into a pale concrete driveway surface,pending
https://drivewayzusa.co/guides/how-to-remove-oil-stains-from-an-asphalt-driveway/,how-to-remove-oil-stains-from-an-asphalt-driveway,B_REPLACE_BULK,guides/how-to-remove-oil-stains-from-an-asphalt-driveway/index.html,hero-dark-oil-blotch-faded-asphalt.webp,"dark oil blotches mottling a faded gray asphalt driveway surface, asphalt, close-up surface detail, weathered, overcast, low angle along surface","people, faces, vehicle badges, brand logos, text, watermarks, signage, house numbers",dark oil blotches mottling a faded gray asphalt driveway surface,asphalt,close-up surface detail,weathered,overcast,low angle along surface,Dark oil blotches mottling a faded gray asphalt driveway closeup,pending
https://drivewayzusa.co/guides/how-to-remove-paint-from-a-driveway/,how-to-remove-paint-from-a-driveway,B_REPLACE_BULK,guides/how-to-remove-paint-from-a-driveway/index.html,hero-paint-drips-weathered-concrete.webp,"dried paint drips spattered across a weathered concrete driveway slab, concrete, close-up surface detail, weathered, bright midday, eye level","people, faces, vehicle badges, brand logos, text, watermarks, signage, house numbers",dried paint drips spattered across a weathered concrete driveway slab,concrete,close-up surface detail,weathered,bright midday,eye level,Dried paint drips spattered across a weathered concrete driveway slab,pending
https://drivewayzusa.co/guides/how-to-resurface-an-asphalt-driveway-on-a-budget/,how-to-resurface-an-asphalt-driveway-on-a-budget,B_REPLACE_BULK,guides/how-to-resurface-an-asphalt-driveway-on-a-budget/index.html,hero-black-overlay-meets-gray-blacktop.webp,"fresh black overlay band meeting faded gray asphalt along a driveway, asphalt, work-in-progress, mid-repair, overcast, low angle along surface","people, faces, vehicle badges, brand logos, text, watermarks, signage, house numbers",fresh black overlay band meeting faded gray asphalt along a driveway,asphalt,work-in-progress,mid-repair,overcast,low angle along surface,Fresh black overlay band meeting faded gray asphalt on a driveway,pending
https://drivewayzusa.co/guides/how-to-stain-a-concrete-driveway-colors-and-techniques/,how-to-stain-a-concrete-driveway-colors-and-techniques,B_REPLACE_BULK,guides/how-to-stain-a-concrete-driveway-colors-and-techniques/index.html,hero-warm-brown-stain-half-slab.webp,"warm brown stain freshly applied over half of a concrete slab, concrete, work-in-progress, mid-repair, golden hour, elevated three-quarter","people, faces, vehicle badges, brand logos, text, watermarks, signage, house numbers",warm brown stain freshly applied over half of a concrete slab,concrete,work-in-progress,mid-repair,golden hour,elevated three-quarter,Warm brown stain freshly applied over half of a concrete driveway slab,pending
https://drivewayzusa.co/guides/how-to-vet-a-driveway-contractor-questions-to-ask/,how-to-vet-a-driveway-contractor-questions-to-ask,B_REPLACE_BULK,guides/how-to-vet-a-driveway-contractor-questions-to-ask/index.html,hero-crisp-new-slab-elevated-view.webp,"crisp new concrete driveway beside a neat lawn seen from above, concrete, residential frontage, new, golden hour, elevated three-quarter","people, faces, vehicle badges, brand logos, text, watermarks, signage, house numbers",crisp new concrete driveway beside a neat lawn seen from above,concrete,residential frontage,new,golden hour,elevated three-quarter,Elevated view of a crisp new concrete driveway beside a neat lawn,pending
https://drivewayzusa.co/guides/how-to-widen-an-existing-driveway/,how-to-widen-an-existing-driveway,B_REPLACE_BULK,guides/how-to-widen-an-existing-driveway/index.html,hero-dug-strip-along-concrete-drive.webp,"freshly dug gravel strip running alongside an existing concrete driveway, concrete, work-in-progress, mid-repair, bright midday, elevated three-quarter","people, faces, vehicle badges, brand logos, text, watermarks, signage, house numbers",freshly dug gravel strip running alongside an existing concrete driveway,concrete,work-in-progress,mid-repair,bright midday,elevated three-quarter,Freshly dug gravel strip running alongside an existing concrete driveway,pending
https://drivewayzusa.co/guides/how-to-winterize-your-driveway-before-the-first-freeze/,how-to-winterize-your-driveway-before-the-first-freeze,B_REPLACE_BULK,guides/how-to-winterize-your-driveway-before-the-first-freeze/index.html,hero-frost-rimed-sealed-asphalt-lane.webp,"frost riming the edge of a sealed asphalt lane in cold morning light, asphalt, rural approach, sealed, golden hour, low angle along surface","people, faces, vehicle badges, brand logos, text, watermarks, signage, house numbers",frost riming the edge of a sealed asphalt lane in cold morning light,asphalt,rural approach,sealed,golden hour,low angle along surface,Frost riming the edge of a sealed asphalt lane under cold morning light,pending
https://drivewayzusa.co/guides/how-your-soil-type-affects-driveway-material-choice/,how-your-soil-type-affects-driveway-material-choice,B_REPLACE_BULK,guides/how-your-soil-type-affects-driveway-material-choice/index.html,hero-layered-soil-test-pit-edge.webp,"layered soil profile exposed in a square test pit beside a gravel base, gravel, work-in-progress, new, overcast, eye level","people, faces, vehicle badges, brand logos, text, watermarks, signage, house numbers",layered soil profile exposed in a square test pit beside a gravel base,gravel,work-in-progress,new,overcast,eye level,Layered soil profile exposed in a square test pit beside a gravel base,pending
https://drivewayzusa.co/guides/hurricane-zones-driveway-design-for-resilience/,hurricane-zones-driveway-design-for-resilience,B_REPLACE_BULK,guides/hurricane-zones-driveway-design-for-resilience/index.html,hero-rainwater-off-sealed-drive-drain.webp,"rainwater sheeting off a sealed concrete driveway toward a trench drain, concrete, close-up surface detail, sealed, wet after rain, low angle along surface","people, faces, vehicle badges, brand logos, text, watermarks, signage, house numbers",rainwater sheeting off a sealed concrete driveway toward a trench drain,concrete,close-up surface detail,sealed,wet after rain,low angle along surface,Rainwater sheeting off a sealed concrete driveway toward a trench drain,pending
https://drivewayzusa.co/guides/impervious-surface-limits-and-driveways/,impervious-surface-limits-and-driveways,B_REPLACE_BULK,guides/impervious-surface-limits-and-driveways/index.html,hero-rain-soaking-wide-paver-joints.webp,"rain soaking into wide gravel joints between permeable pavers, pavers, close-up surface detail, new, wet after rain, low angle along surface","people, faces, vehicle badges, brand logos, text, watermarks, signage, house numbers",rain soaking into wide gravel joints between permeable pavers,pavers,close-up surface detail,new,wet after rain,low angle along surface,Rain soaking into the wide gravel joints between permeable pavers,pending
https://drivewayzusa.co/guides/insurance-considerations-for-driveway-projects/,insurance-considerations-for-driveway-projects,B_REPLACE_BULK,guides/insurance-considerations-for-driveway-projects/index.html,hero-flawless-sealed-concrete-frontage.webp,"flawless sealed concrete driveway leading to a quiet residential frontage, concrete, residential frontage, sealed, bright midday, eye level","people, faces, vehicle badges, brand logos, text, watermarks, signage, house numbers",flawless sealed concrete driveway leading to a quiet residential frontage,concrete,residential frontage,sealed,bright midday,eye level,Flawless sealed concrete driveway leading to a quiet residential frontage,pending
https://drivewayzusa.co/guides/integral-color-vs-surface-applied-concrete-driveway-color/,integral-color-vs-surface-applied-concrete-driveway-color,B_REPLACE_BULK,guides/integral-color-vs-surface-applied-concrete-driveway-color/index.html,hero-two-tone-concrete-color-boundary.webp,"two tones of colored concrete meeting along a straight sawn line, concrete, close-up surface detail, new, overcast, low angle along surface","people, faces, vehicle badges, brand logos, text, watermarks, signage, house numbers",two tones of colored concrete meeting along a straight sawn line,concrete,close-up surface detail,new,overcast,low angle along surface,Two tones of colored concrete meeting along a straight sawn line,pending
https://drivewayzusa.co/guides/investment-property-driveway-balancing-cost-and-quality/,investment-property-driveway-balancing-cost-and-quality,B_REPLACE_BULK,guides/investment-property-driveway-balancing-cost-and-quality/index.html,hero-modest-broomed-lane-open-pasture.webp,"modest broomed concrete lane running toward open pasture under a flat sky, concrete, rural approach, new, overcast, eye level","people, faces, vehicle badges, brand logos, text, watermarks, signage, house numbers",modest broomed concrete lane running toward open pasture under a flat sky,concrete,rural approach,new,overcast,eye level,Modest broomed concrete lane running toward open pasture under a flat sky,pending
https://drivewayzusa.co/guides/joint-sand-vs-polymeric-sand-for-pavers/,joint-sand-vs-polymeric-sand-for-pavers,B_REPLACE_BULK,guides/joint-sand-vs-polymeric-sand-for-pavers/index.html,hero-dry-dark-joint-sand-boundary.webp,"dry pale joint sand meeting darker settled sand across paver joints, pavers, close-up surface detail, mid-repair, bright midday, low angle along surface","people, faces, vehicle badges, brand logos, text, watermarks, signage, house numbers",dry pale joint sand meeting darker settled sand across paver joints,pavers,close-up surface detail,mid-repair,bright midday,low angle along surface,Dry pale joint sand meeting darker settled sand across paver joints,pending
https://drivewayzusa.co/guides/labor-shortage-impact-on-driveway-installation-costs/,labor-shortage-impact-on-driveway-installation-costs,B_REPLACE_BULK,guides/labor-shortage-impact-on-driveway-installation-costs/index.html,hero-empty-job-site-forms-waiting.webp,"wooden forms and a graded base waiting at an empty driveway job site, gravel, work-in-progress, mid-repair, golden hour, eye level","people, faces, vehicle badges, brand logos, text, watermarks, signage, house numbers",wooden forms and a graded base waiting at an empty driveway job site,gravel,work-in-progress,mid-repair,golden hour,eye level,Wooden forms and a graded base waiting at an empty driveway job site,pending
https://drivewayzusa.co/guides/large-driveway-cost-pricing-for-1000-square-feet/,large-driveway-cost-pricing-for-1000-square-feet,B_REPLACE_BULK,guides/large-driveway-cost-pricing-for-1000-square-feet/index.html,hero-sweeping-wide-concrete-drive-above.webp,"sweeping wide concrete driveway beside open lawn seen from above, concrete, residential frontage, new, golden hour, elevated three-quarter","people, faces, vehicle badges, brand logos, text, watermarks, signage, house numbers",sweeping wide concrete driveway beside open lawn seen from above,concrete,residential frontage,new,golden hour,elevated three-quarter,Elevated view of a sweeping wide concrete driveway beside open lawn,pending
https://drivewayzusa.co/guides/leaf-stain-prevention-and-removal/,leaf-stain-prevention-and-removal,B_REPLACE_BULK,guides/leaf-stain-prevention-and-removal/index.html,hero-tannin-stains-fallen-leaves.webp,"fallen autumn leaves pressed onto wet concrete leaving brown tannin stains, concrete, close-up surface detail, weathered, wet after rain, low angle along surface","people, faces, vehicle badges, brand logos, text, watermarks, signage, house numbers",fallen autumn leaves pressed onto wet concrete leaving brown tannin stains,concrete,close-up surface detail,weathered,wet after rain,low angle along surface,Fallen leaves pressing brown tannin marks into a wet concrete drive,pending
https://drivewayzusa.co/guides/liability-issues-driveway-injuries-and-accidents/,liability-issues-driveway-injuries-and-accidents,B_REPLACE_BULK,guides/liability-issues-driveway-injuries-and-accidents/index.html,hero-raised-slab-edge-trip-hazard.webp,"raised uneven concrete slab joint creating a trip hazard edge, concrete, close-up surface detail, cracked, bright midday, low angle along surface","people, faces, vehicle badges, brand logos, text, watermarks, signage, house numbers",raised uneven concrete slab joint creating a trip hazard edge,concrete,close-up surface detail,cracked,bright midday,low angle along surface,Raised uneven slab joint forming a trip edge on concrete,pending
https://drivewayzusa.co/guides/low-maintenance-driveway-materials-ranked/,low-maintenance-driveway-materials-ranked,B_REPLACE_BULK,guides/low-maintenance-driveway-materials-ranked/index.html,hero-even-sealed-drive-gray-skies.webp,"clean sealed concrete driveway with tidy lawn edges, concrete, residential frontage, sealed, overcast, elevated three-quarter","people, faces, vehicle badges, brand logos, text, watermarks, signage, house numbers",clean sealed concrete driveway with tidy lawn edges,concrete,residential frontage,sealed,overcast,elevated three-quarter,Even sealed concrete driveway with tidy edges under gray skies,pending
https://drivewayzusa.co/guides/matching-your-driveway-to-home-architecture/,matching-your-driveway-to-home-architecture,B_REPLACE_BULK,guides/matching-your-driveway-to-home-architecture/index.html,hero-warm-paver-drive-home-front.webp,"warm toned paver driveway leading to a home front, pavers, residential frontage, new, golden hour, eye level","people, faces, vehicle badges, brand logos, text, watermarks, signage, house numbers",warm toned paver driveway leading to a home front,pavers,residential frontage,new,golden hour,eye level,Warm toned paver driveway complementing the home facade at golden hour,pending
https://drivewayzusa.co/guides/mediterranean-home-driveways-tile-and-stone/,mediterranean-home-driveways-tile-and-stone,B_REPLACE_BULK,guides/mediterranean-home-driveways-tile-and-stone/index.html,hero-terracotta-stone-pavers-courtyard.webp,"terracotta toned stone pavers across a sunny courtyard style drive, pavers, residential frontage, new, bright midday, elevated three-quarter","people, faces, vehicle badges, brand logos, text, watermarks, signage, house numbers",terracotta toned stone pavers across a sunny courtyard style drive,pavers,residential frontage,new,bright midday,elevated three-quarter,Terracotta toned stone pavers spread across a sunny front courtyard,pending
https://drivewayzusa.co/guides/microtopping-for-driveways-ultra-thin-concrete-overlay/,microtopping-for-driveways-ultra-thin-concrete-overlay,B_REPLACE_BULK,guides/microtopping-for-driveways-ultra-thin-concrete-overlay/index.html,hero-squeegee-thin-gray-coat-slab.webp,"squeegee spreading a thin gray overlay coat over an old concrete slab, concrete, work-in-progress, mid-repair, bright midday, low angle along surface","people, faces, vehicle badges, brand logos, text, watermarks, signage, house numbers",squeegee spreading a thin gray overlay coat over an old concrete slab,concrete,work-in-progress,mid-repair,bright midday,low angle along surface,Fresh gray coating skimmed over a weathered concrete slab,pending
https://drivewayzusa.co/guides/mid-budget-driveway-renovation-5000-to-10000/,mid-budget-driveway-renovation-5000-to-10000,B_REPLACE_BULK,guides/mid-budget-driveway-renovation-5000-to-10000/index.html,hero-half-resurfaced-drive-overcast.webp,"half resurfaced concrete driveway with fresh coat meeting aged slab, concrete, work-in-progress, mid-repair, overcast, elevated three-quarter","people, faces, vehicle badges, brand logos, text, watermarks, signage, house numbers",half resurfaced concrete driveway with fresh coat meeting aged slab,concrete,work-in-progress,mid-repair,overcast,elevated three-quarter,Half resurfaced concrete driveway showing fresh coat meeting aged slab,pending
https://drivewayzusa.co/guides/modern-home-driveways-contemporary-design-ideas/,modern-home-driveways-contemporary-design-ideas,B_REPLACE_BULK,guides/modern-home-driveways-contemporary-design-ideas/index.html,hero-sawn-grid-new-concrete-drive.webp,"new concrete driveway cut into a geometric sawn grid, concrete, residential frontage, new, bright midday, eye level","people, faces, vehicle badges, brand logos, text, watermarks, signage, house numbers",new concrete driveway cut into a geometric sawn grid,concrete,residential frontage,new,bright midday,eye level,Geometric saw cut grid across a clean new concrete driveway,pending
https://drivewayzusa.co/guides/mold-and-mildew-prevention-on-driveways/,mold-and-mildew-prevention-on-driveways,B_REPLACE_BULK,guides/mold-and-mildew-prevention-on-driveways/index.html,hero-dark-mildew-blotches-damp-concrete.webp,"dark mildew blotches spreading across damp concrete, concrete, close-up surface detail, weathered, wet after rain, low angle along surface","people, faces, vehicle badges, brand logos, text, watermarks, signage, house numbers",dark mildew blotches spreading across damp concrete,concrete,close-up surface detail,weathered,wet after rain,low angle along surface,Dark mildew blotches spreading across a damp concrete surface,pending
https://drivewayzusa.co/guides/moss-and-algae-on-driveways-removal-and-prevention/,moss-and-algae-on-driveways-removal-and-prevention,B_REPLACE_BULK,guides/moss-and-algae-on-driveways-removal-and-prevention/index.html,hero-green-moss-patches-concrete-joints.webp,"green moss patches creeping along damp concrete joints, concrete, close-up surface detail, weathered, overcast, eye level","people, faces, vehicle badges, brand logos, text, watermarks, signage, house numbers",green moss patches creeping along damp concrete joints,concrete,close-up surface detail,weathered,overcast,eye level,Green moss patches creeping along damp concrete joints,pending
https://drivewayzusa.co/guides/moss-and-algae-removal-from-driveways/,moss-and-algae-removal-from-driveways,B_REPLACE_BULK,guides/moss-and-algae-removal-from-driveways/index.html,hero-cleaned-stripe-mossy-concrete.webp,"freshly cleaned stripe beside moss covered concrete, concrete, close-up surface detail, mid-repair, overcast, eye level","people, faces, vehicle badges, brand logos, text, watermarks, signage, house numbers",freshly cleaned stripe beside moss covered concrete,concrete,close-up surface detail,mid-repair,overcast,eye level,Freshly cleaned stripe beside a moss covered concrete surface,pending
https://drivewayzusa.co/guides/neighbor-disputes-over-driveway-access/,neighbor-disputes-over-driveway-access,B_REPLACE_BULK,guides/neighbor-disputes-over-driveway-access/index.html,hero-adjacent-drives-shared-seam.webp,"two neighboring concrete driveways meeting along a shared center seam, concrete, residential frontage, weathered, bright midday, eye level","people, faces, vehicle badges, brand logos, text, watermarks, signage, house numbers",two neighboring concrete driveways meeting along a shared center seam,concrete,residential frontage,weathered,bright midday,eye level,Two neighboring concrete driveways meeting along a shared center seam,pending
https://drivewayzusa.co/guides/new-construction-when-to-install-your-driveway-in-the-build-process/,new-construction-when-to-install-your-driveway-in-the-build-process,B_REPLACE_BULK,guides/new-construction-when-to-install-your-driveway-in-the-build-process/index.html,hero-formed-drive-base-beside-build.webp,"formed gravel drive base with lumber forms beside a house under construction, gravel, work-in-progress, new, overcast, eye level","people, faces, vehicle badges, brand logos, text, watermarks, signage, house numbers",formed gravel drive base with lumber forms beside a house under construction,gravel,work-in-progress,new,overcast,eye level,Formed gravel drive base beside a house under construction,pending
https://drivewayzusa.co/guides/new-driveway-vs-driveway-overlay-which-saves-more-money/,new-driveway-vs-driveway-overlay-which-saves-more-money,B_REPLACE_BULK,guides/new-driveway-vs-driveway-overlay-which-saves-more-money/index.html,hero-fresh-overlay-edge-aged-slab.webp,"edge of a fresh overlay meeting a worn older concrete slab, concrete, close-up surface detail, mid-repair, golden hour, low angle along surface","people, faces, vehicle badges, brand logos, text, watermarks, signage, house numbers",edge of a fresh overlay meeting a worn older concrete slab,concrete,close-up surface detail,mid-repair,golden hour,low angle along surface,Fresh overlay edge meeting a worn older concrete slab,pending
https://drivewayzusa.co/guides/new-homeowner-driveway-assessment-what-to-check-first/,new-homeowner-driveway-assessment-what-to-check-first,B_REPLACE_BULK,guides/new-homeowner-driveway-assessment-what-to-check-first/index.html,hero-hairline-cracks-stains-aged-slab.webp,"aging concrete slab with hairline cracks and stain spots, concrete, close-up surface detail, cracked, overcast, elevated three-quarter","people, faces, vehicle badges, brand logos, text, watermarks, signage, house numbers",aging concrete slab with hairline cracks and stain spots,concrete,close-up surface detail,cracked,overcast,elevated three-quarter,Hairline cracks and stain spots across an aging concrete slab,pending
https://drivewayzusa.co/guides/nighttime-driveway-safety-features/,nighttime-driveway-safety-features,B_REPLACE_BULK,guides/nighttime-driveway-safety-features/index.html,hero-low-edge-lights-dusk-drive.webp,"low edge lights glowing along a sealed driveway at dusk, concrete, residential frontage, sealed, golden hour, eye level","people, faces, vehicle badges, brand logos, text, watermarks, signage, house numbers",low edge lights glowing along a sealed driveway at dusk,concrete,residential frontage,sealed,golden hour,eye level,Low edge lights glowing along a sealed driveway at dusk,pending
https://drivewayzusa.co/guides/non-slip-surfaces-for-wet-conditions/,non-slip-surfaces-for-wet-conditions,B_REPLACE_BULK,guides/non-slip-surfaces-for-wet-conditions/index.html,hero-rain-darkened-broom-texture.webp,"rain darkened broom textured concrete with grip ridges, concrete, close-up surface detail, new, wet after rain, low angle along surface","people, faces, vehicle badges, brand logos, text, watermarks, signage, house numbers",rain darkened broom textured concrete with grip ridges,concrete,close-up surface detail,new,wet after rain,low angle along surface,Rain darkened broom textured concrete with grippy ridges,pending
https://drivewayzusa.co/guides/off-season-driveway-installation-save-money-in-winter/,off-season-driveway-installation-save-money-in-winter,B_REPLACE_BULK,guides/off-season-driveway-installation-save-money-in-winter/index.html,hero-frost-dusted-forms-gravel-base.webp,"frost dusted wooden forms set over a gravel drive base, gravel, work-in-progress, new, overcast, eye level","people, faces, vehicle badges, brand logos, text, watermarks, signage, house numbers",frost dusted wooden forms set over a gravel drive base,gravel,work-in-progress,new,overcast,eye level,Frost dusted wooden forms set over a gravel drive base,pending
https://drivewayzusa.co/guides/oil-stain-removal-from-asphalt-driveways/,oil-stain-removal-from-asphalt-driveways,B_REPLACE_BULK,guides/oil-stain-removal-from-asphalt-driveways/index.html,hero-oil-soaked-patch-faded-asphalt.webp,"dark oil soaked patch on faded asphalt, asphalt, close-up surface detail, weathered, bright midday, low angle along surface","people, faces, vehicle badges, brand logos, text, watermarks, signage, house numbers",dark oil soaked patch on faded asphalt,asphalt,close-up surface detail,weathered,bright midday,low angle along surface,Dark petroleum soaked patch on a faded blacktop surface,pending
https://drivewayzusa.co/guides/oil-stain-removal-from-concrete-driveways/,oil-stain-removal-from-concrete-driveways,B_REPLACE_BULK,guides/oil-stain-removal-from-concrete-driveways/index.html,hero-greasy-blotch-pale-concrete-slab.webp,"dark greasy oil blotch soaking into a pale concrete slab, concrete, close-up surface detail, weathered, golden hour, elevated three-quarter","people, faces, vehicle badges, brand logos, text, watermarks, signage, house numbers",dark greasy oil blotch soaking into a pale concrete slab,concrete,close-up surface detail,weathered,golden hour,elevated three-quarter,Dark greasy blotch soaking into a pale concrete slab,pending
https://drivewayzusa.co/guides/oyster-shell-driveway/,oyster-shell-driveway,B_REPLACE_BULK,guides/oyster-shell-driveway/index.html,hero-crushed-shell-rural-lane.webp,"crushed pale oyster shell lane through open rural ground, gravel, rural approach, new, bright midday, eye level","people, faces, vehicle badges, brand logos, text, watermarks, signage, house numbers",crushed pale oyster shell lane through open rural ground,gravel,rural approach,new,bright midday,eye level,Crushed pale shells spread across a sunlit rural lane,pending
https://drivewayzusa.co/guides/parking-pads-adding-extra-parking-space/,parking-pads-adding-extra-parking-space,B_REPLACE_BULK,guides/parking-pads-adding-extra-parking-space/index.html,hero-gravel-pad-country-approach.webp,"fresh gravel parking pad widening a country driveway approach, gravel, rural approach, new, overcast, elevated three-quarter","people, faces, vehicle badges, brand logos, text, watermarks, signage, house numbers",fresh gravel parking pad widening a country driveway approach,gravel,rural approach,new,overcast,elevated three-quarter,Fresh gravel pad widening a country driveway approach,pending
https://drivewayzusa.co/guides/paver-base-material-selection-guide/,paver-base-material-selection-guide,B_REPLACE_BULK,guides/paver-base-material-selection-guide/index.html,hero-layered-stone-base-bed.webp,"layered crushed stone base bed graded and ready for paving, gravel, work-in-progress, mid-repair, overcast, low angle along surface","people, faces, vehicle badges, brand logos, text, watermarks, signage, house numbers",layered crushed stone base bed graded and ready for paving,gravel,work-in-progress,mid-repair,overcast,low angle along surface,Layered crushed stone bed graded and ready for surfacing,pending
https://drivewayzusa.co/guides/paver-driveway-cost-per-square-foot-guide/,paver-driveway-cost-per-square-foot-guide,B_REPLACE_BULK,guides/paver-driveway-cost-per-square-foot-guide/index.html,hero-interlocked-pavers-midday-closeup.webp,"tightly interlocked concrete pavers in midday sun, pavers, close-up surface detail, new, bright midday, low angle along surface","people, faces, vehicle badges, brand logos, text, watermarks, signage, house numbers",tightly interlocked concrete pavers in midday sun,pavers,close-up surface detail,new,bright midday,low angle along surface,Tightly interlocked concrete pavers filling the frame in midday sun,pending
https://drivewayzusa.co/guides/paver-driveway-installation-step-by-step-guide/,paver-driveway-installation-step-by-step-guide,B_REPLACE_BULK,guides/paver-driveway-installation-step-by-step-guide/index.html,hero-partly-set-pavers-screeded-bed.webp,"pavers half laid over a screeded sand bed in warm light, pavers, work-in-progress, mid-repair, golden hour, elevated three-quarter","people, faces, vehicle badges, brand logos, text, watermarks, signage, house numbers",pavers half laid over a screeded sand bed in warm light,pavers,work-in-progress,mid-repair,golden hour,elevated three-quarter,Pavers half laid over a screeded sand bed in warm light,pending
https://drivewayzusa.co/guides/paver-driveway-lifespan-what-to-expect-over-30-years/,paver-driveway-lifespan-what-to-expect-over-30-years,B_REPLACE_BULK,guides/paver-driveway-lifespan-what-to-expect-over-30-years/index.html,hero-aged-pavers-low-angle-dusk.webp,"Weathered clay paver drive seen from a low angle in warm evening light, pavers, residential frontage, weathered, golden hour, low angle along surface","people, faces, vehicle badges, brand logos, text, watermarks, signage, house numbers",Weathered clay paver drive seen from a low angle in warm evening light,pavers,residential frontage,weathered,golden hour,low angle along surface,Low view across weathered clay pavers in warm evening light,pending
https://drivewayzusa.co/guides/paver-sealing-pros-cons-and-best-practices/,paver-sealing-pros-cons-and-best-practices,B_REPLACE_BULK,guides/paver-sealing-pros-cons-and-best-practices/index.html,hero-glossy-sealed-paver-sheen.webp,"Freshly sealed pavers with glossy wet sheen after rain, pavers, close-up surface detail, sealed, wet after rain, low angle along surface","people, faces, vehicle badges, brand logos, text, watermarks, signage, house numbers",Freshly sealed pavers with glossy wet sheen after rain,pavers,close-up surface detail,sealed,wet after rain,low angle along surface,Freshly sealed pavers with a glossy wet sheen after rain,pending
https://drivewayzusa.co/guides/pavers-vs-concrete-driveway-cost-durability-and-aesthetics/,pavers-vs-concrete-driveway-cost-durability-and-aesthetics,B_REPLACE_BULK,guides/pavers-vs-concrete-driveway-cost-durability-and-aesthetics/index.html,hero-pavers-meet-plain-concrete-joint.webp,"Clay pavers meeting a plain concrete slab along a straight joint, pavers, close-up surface detail, new, bright midday, elevated three-quarter","people, faces, vehicle badges, brand logos, text, watermarks, signage, house numbers",Clay pavers meeting a plain concrete slab along a straight joint,pavers,close-up surface detail,new,bright midday,elevated three-quarter,Clay pavers meeting a plain concrete slab along a straight joint,pending
https://drivewayzusa.co/guides/permeable-vs-standard-driveways-environmental-impact/,permeable-vs-standard-driveways-environmental-impact,B_REPLACE_BULK,guides/permeable-vs-standard-driveways-environmental-impact/index.html,hero-permeable-pavers-beside-solid-slab.webp,"Open joint pavers beside a solid slab after rainfall, pavers, close-up surface detail, new, wet after rain, elevated three-quarter","people, faces, vehicle badges, brand logos, text, watermarks, signage, house numbers",Open joint pavers beside a solid slab after rainfall,pavers,close-up surface detail,new,wet after rain,elevated three-quarter,Open joint pavers beside a solid slab after rainfall,pending
https://drivewayzusa.co/guides/permeable-vs-traditional-driveways-pros-cons-and-costs/,permeable-vs-traditional-driveways-pros-cons-and-costs,B_REPLACE_BULK,guides/permeable-vs-traditional-driveways-pros-cons-and-costs/index.html,hero-gravel-meets-asphalt-lane-boundary.webp,"Loose gravel meeting a worn asphalt lane along a rural road edge, gravel, rural approach, weathered, overcast, low angle along surface","people, faces, vehicle badges, brand logos, text, watermarks, signage, house numbers",Loose gravel meeting a worn asphalt lane along a rural road edge,gravel,rural approach,weathered,overcast,low angle along surface,Loose gravel meeting a worn asphalt lane at a low view,pending
https://drivewayzusa.co/guides/permeable-vs-traditional/,permeable-vs-traditional,B_REPLACE_BULK,guides/permeable-vs-traditional/index.html,hero-grass-jointed-paver-front-drive.webp,"Paver drive with grass filled joints under an overcast sky, pavers, residential frontage, weathered, overcast, eye level","people, faces, vehicle badges, brand logos, text, watermarks, signage, house numbers",Paver drive with grass filled joints under an overcast sky,pavers,residential frontage,weathered,overcast,eye level,Paver drive with grass filled joints under an overcast sky,pending
https://drivewayzusa.co/guides/pet-safety-considerations-in-driveway-design/,pet-safety-considerations-in-driveway-design,B_REPLACE_BULK,guides/pet-safety-considerations-in-driveway-design/index.html,hero-light-gray-sealed-drive-shade.webp,"Light gray sealed drive partly shaded beside a quiet lawn, concrete, residential frontage, sealed, bright midday, eye level","people, faces, vehicle badges, brand logos, text, watermarks, signage, house numbers",Light gray sealed drive partly shaded beside a quiet lawn,concrete,residential frontage,sealed,bright midday,eye level,Light gray sealed drive partly shaded beside a quiet lawn,pending
https://drivewayzusa.co/guides/planning-a-driveway-for-heavy-vehicles-and-work-trucks/,planning-a-driveway-for-heavy-vehicles-and-work-trucks,B_REPLACE_BULK,guides/planning-a-driveway-for-heavy-vehicles-and-work-trucks/index.html,hero-deep-slab-edge-closeup.webp,"Thick concrete slab edge showing deep section over compacted gravel, concrete, close-up surface detail, new, overcast, low angle along surface","people, faces, vehicle badges, brand logos, text, watermarks, signage, house numbers",Thick concrete slab edge showing deep section over compacted gravel,concrete,close-up surface detail,new,overcast,low angle along surface,Thick concrete slab edge showing deep section over compacted gravel,pending
https://drivewayzusa.co/guides/polymer-concrete-overlay-for-driveway-repair/,polymer-concrete-overlay-for-driveway-repair,B_REPLACE_BULK,guides/polymer-concrete-overlay-for-driveway-repair/index.html,hero-smooth-overlay-spread-over-slab.webp,"Smooth gray overlay being spread across an aged concrete slab, concrete, work-in-progress, mid-repair, bright midday, eye level","people, faces, vehicle badges, brand logos, text, watermarks, signage, house numbers",Smooth gray overlay being spread across an aged concrete slab,concrete,work-in-progress,mid-repair,bright midday,eye level,Smooth gray overlay being spread across an aged concrete slab,pending
https://drivewayzusa.co/guides/post-installation-driveway-care-the-first-30-days/,post-installation-driveway-care-the-first-30-days,B_REPLACE_BULK,guides/post-installation-driveway-care-the-first-30-days/index.html,hero-new-slab-curing-under-sheeting.webp,"New concrete slab curing under plastic sheeting in evening light, concrete, work-in-progress, new, golden hour, elevated three-quarter","people, faces, vehicle badges, brand logos, text, watermarks, signage, house numbers",New concrete slab curing under plastic sheeting in evening light,concrete,work-in-progress,new,golden hour,elevated three-quarter,New concrete slab curing under plastic sheeting in evening light,pending
https://drivewayzusa.co/guides/pothole-repair-diy-vs-professional/,pothole-repair-diy-vs-professional,B_REPLACE_BULK,guides/pothole-repair-diy-vs-professional/index.html,hero-open-pothole-broken-asphalt-edges.webp,"Open pothole with broken edges in a weathered asphalt drive, asphalt, close-up surface detail, cracked, overcast, low angle along surface","people, faces, vehicle badges, brand logos, text, watermarks, signage, house numbers",Open pothole with broken edges in a weathered asphalt drive,asphalt,close-up surface detail,cracked,overcast,low angle along surface,Open pothole with broken edges in a weathered asphalt drive,pending
https://drivewayzusa.co/guides/premium-driveway-renovation-15000-and-above/,premium-driveway-renovation-15000-and-above,B_REPLACE_BULK,guides/premium-driveway-renovation-15000-and-above/index.html,hero-stamped-border-inlaid-band-detail.webp,"Stamped border band with glossy sealer catching warm evening light, concrete, close-up surface detail, sealed, golden hour, eye level","people, faces, vehicle badges, brand logos, text, watermarks, signage, house numbers",Stamped border band with glossy sealer catching warm evening light,concrete,close-up surface detail,sealed,golden hour,eye level,Stamped border band with glossy sealer catching warm evening light,pending
https://drivewayzusa.co/guides/pressure-washing-your-driveway-best-practices/,pressure-washing-your-driveway-best-practices,B_REPLACE_BULK,guides/pressure-washing-your-driveway-best-practices/index.html,hero-clean-pass-across-dingy-concrete.webp,"Clean washed stripe cutting across a dingy concrete drive, concrete, work-in-progress, mid-repair, bright midday, low angle along surface","people, faces, vehicle badges, brand logos, text, watermarks, signage, house numbers",Clean washed stripe cutting across a dingy concrete drive,concrete,work-in-progress,mid-repair,bright midday,low angle along surface,Clean washed stripe cutting across a dingy concrete drive,pending
https://drivewayzusa.co/guides/property-line-disputes-and-driveways/,property-line-disputes-and-driveways,B_REPLACE_BULK,guides/property-line-disputes-and-driveways/index.html,hero-survey-stakes-drive-edge-string.webp,"Survey stakes and string marking a line beside a cracked drive, concrete, work-in-progress, cracked, overcast, eye level","people, faces, vehicle badges, brand logos, text, watermarks, signage, house numbers",Survey stakes and string marking a line beside a cracked drive,concrete,work-in-progress,cracked,overcast,eye level,Survey stakes and string marking a line beside a cracked drive,pending
https://drivewayzusa.co/guides/rainwater-harvesting-driveways-design-and-installation/,rainwater-harvesting-driveways-design-and-installation,B_REPLACE_BULK,guides/rainwater-harvesting-driveways-design-and-installation/index.html,hero-rain-flowing-into-channel-drain.webp,"Rain runoff flowing toward a channel drain at the drive edge, concrete, close-up surface detail, new, wet after rain, low angle along surface","people, faces, vehicle badges, brand logos, text, watermarks, signage, house numbers",Rain runoff flowing toward a channel drain at the drive edge,concrete,close-up surface detail,new,wet after rain,low angle along surface,Rain runoff flowing toward a channel drain at the drive edge,pending
https://drivewayzusa.co/guides/rainy-climates-best-driveway-materials-for-oregon/,rainy-climates-best-driveway-materials-for-oregon,B_REPLACE_BULK,guides/rainy-climates-best-driveway-materials-for-oregon/index.html,hero-rain-soaked-asphalt-drive-gray.webp,"Rain darkened sealed asphalt drive under a gray wet sky, asphalt, residential frontage, sealed, wet after rain, eye level","people, faces, vehicle badges, brand logos, text, watermarks, signage, house numbers",Rain darkened sealed asphalt drive under a gray wet sky,asphalt,residential frontage,sealed,wet after rain,eye level,Rain darkened sealed asphalt drive under a gray wet sky,pending
https://drivewayzusa.co/guides/rainy-climates-best-driveway-materials-for-washington/,rainy-climates-best-driveway-materials-for-washington,B_REPLACE_BULK,guides/rainy-climates-best-driveway-materials-for-washington/index.html,hero-broomed-drive-wet-rain-sheen.webp,"Weathered broom finished drive glistening with puddles after rain, concrete, residential frontage, weathered, wet after rain, elevated three-quarter","people, faces, vehicle badges, brand logos, text, watermarks, signage, house numbers",Weathered broom finished drive glistening with puddles after rain,concrete,residential frontage,weathered,wet after rain,elevated three-quarter,Weathered broom finished drive glistening with puddles after rain,pending
https://drivewayzusa.co/guides/real-estate-agent-tips-how-driveways-impact-home-sales/,real-estate-agent-tips-how-driveways-impact-home-sales,B_REPLACE_BULK,guides/real-estate-agent-tips-how-driveways-impact-home-sales/index.html,hero-neat-paver-drive-evening-lawn.webp,"Neat interlocking paver drive with trimmed lawn at dusk, pavers, residential frontage, new, golden hour, eye level","people, faces, vehicle badges, brand logos, text, watermarks, signage, house numbers",Neat interlocking paver drive with trimmed lawn at dusk,pavers,residential frontage,new,golden hour,eye level,Neat interlocking paver drive with trimmed lawn at dusk,pending
https://drivewayzusa.co/guides/real-estate-staging-driveway-curb-appeal-tips/,real-estate-staging-driveway-curb-appeal-tips,B_REPLACE_BULK,guides/real-estate-staging-driveway-curb-appeal-tips/index.html,hero-sealed-drive-manicured-frontage.webp,"Clean sealed concrete drive with manicured lawn under bright sun, concrete, residential frontage, sealed, bright midday, elevated three-quarter","people, faces, vehicle badges, brand logos, text, watermarks, signage, house numbers",Clean sealed concrete drive with manicured lawn under bright sun,concrete,residential frontage,sealed,bright midday,elevated three-quarter,Clean sealed concrete drive with manicured lawn under bright sun,pending
https://drivewayzusa.co/guides/rebar-and-wire-mesh-for-concrete-driveways/,rebar-and-wire-mesh-for-concrete-driveways,B_REPLACE_BULK,guides/rebar-and-wire-mesh-for-concrete-driveways/index.html,hero-rebar-cage-over-gravel-bed.webp,"Steel rebar grid laid over a compacted gravel drive bed, gravel, work-in-progress, new, bright midday, low angle along surface","people, faces, vehicle badges, brand logos, text, watermarks, signage, house numbers",Steel rebar grid laid over a compacted gravel drive bed,gravel,work-in-progress,new,bright midday,low angle along surface,Steel rebar grid laid over a compacted gravel drive bed,pending
https://drivewayzusa.co/guides/recycled-concrete-aggregate-for-driveway-base/,recycled-concrete-aggregate-for-driveway-base,B_REPLACE_BULK,guides/recycled-concrete-aggregate-for-driveway-base/index.html,hero-graded-recycled-aggregate-layer.webp,"Crushed stone spread in an even layer awaiting paving, gravel, work-in-progress, new, overcast, low angle along surface","people, faces, vehicle badges, brand logos, text, watermarks, signage, house numbers",Crushed stone spread in an even layer awaiting paving,gravel,work-in-progress,new,overcast,low angle along surface,Crushed stone spread in an even layer awaiting paving,pending
https://drivewayzusa.co/guides/recycled-glass-driveway/,recycled-glass-driveway,B_REPLACE_BULK,guides/recycled-glass-driveway/index.html,hero-glass-flecked-resin-surface-closeup.webp,"Bound surface flecked with colored glass catching bright midday light, resin, close-up surface detail, new, bright midday, eye level","people, faces, vehicle badges, brand logos, text, watermarks, signage, house numbers",Bound surface flecked with colored glass catching bright midday light,resin,close-up surface detail,new,bright midday,eye level,Bound surface flecked with colored glass catching bright midday light,pending
https://drivewayzusa.co/guides/recycled-material-driveways-types-and-benefits/,recycled-material-driveways-types-and-benefits,B_REPLACE_BULK,guides/recycled-material-driveways-types-and-benefits/index.html,hero-mixed-aggregate-lane-overcast.webp,"Lane surfaced with mixed crushed aggregate under flat gray light, gravel, rural approach, weathered, overcast, eye level","people, faces, vehicle badges, brand logos, text, watermarks, signage, house numbers",Lane surfaced with mixed crushed aggregate under flat gray light,gravel,rural approach,weathered,overcast,eye level,Lane surfaced with mixed crushed aggregate under flat gray light,pending
https://drivewayzusa.co/guides/recycling-old-driveway-materials/,recycling-old-driveway-materials,B_REPLACE_BULK,guides/recycling-old-driveway-materials/index.html,hero-rubble-pile-beside-excavated-drive.webp,"Broken concrete rubble piled beside an excavated drive footprint, concrete, work-in-progress, mid-repair, overcast, eye level","people, faces, vehicle badges, brand logos, text, watermarks, signage, house numbers",Broken concrete rubble piled beside an excavated drive footprint,concrete,work-in-progress,mid-repair,overcast,eye level,Broken concrete rubble piled beside an excavated drive footprint,pending
https://drivewayzusa.co/guides/resurfacing-vs-replacement/,resurfacing-vs-replacement,B_REPLACE_BULK,guides/resurfacing-vs-replacement/index.html,hero-fresh-coat-meets-aged-slab.webp,"Fresh gray coating meeting an aged worn slab at a straight edge, concrete, close-up surface detail, mid-repair, golden hour, low angle along surface","people, faces, vehicle badges, brand logos, text, watermarks, signage, house numbers",Fresh gray coating meeting an aged worn slab at a straight edge,concrete,close-up surface detail,mid-repair,golden hour,low angle along surface,Fresh gray coating meeting an aged worn slab at a straight edge,pending
https://drivewayzusa.co/guides/retaining-walls-and-driveways-design-integration/,retaining-walls-and-driveways-design-integration,B_REPLACE_BULK,guides/retaining-walls-and-driveways-design-integration/index.html,hero-rounded-stone-wall-paver-drive.webp,"low rounded stone retaining wall bordering a neat paver driveway, pavers, residential frontage, new, golden hour, eye level","people, faces, vehicle badges, brand logos, text, watermarks, signage, house numbers",low rounded stone retaining wall bordering a neat paver driveway,pavers,residential frontage,new,golden hour,eye level,Low rounded stone retaining wall bordering a neat paver driveway at dusk,pending
https://drivewayzusa.co/guides/rubber-driveway-pavers-recycled-material-options/,rubber-driveway-pavers-recycled-material-options,B_REPLACE_BULK,guides/rubber-driveway-pavers-recycled-material-options/index.html,hero-interlocking-rubber-paver-grid.webp,"interlocking rubber paver tiles with speckled recycled texture, pavers, close-up surface detail, new, bright midday, low angle along surface","people, faces, vehicle badges, brand logos, text, watermarks, signage, house numbers",interlocking rubber paver tiles with speckled recycled texture,pavers,close-up surface detail,new,bright midday,low angle along surface,Interlocking rubber paver tiles with speckled recycled surface texture,pending
https://drivewayzusa.co/guides/rust-stain-removal-from-concrete-driveways/,rust-stain-removal-from-concrete-driveways,B_REPLACE_BULK,guides/rust-stain-removal-from-concrete-driveways/index.html,hero-orange-rust-streaks-concrete.webp,"orange rust streaks bleeding across a gray concrete driveway, concrete, close-up surface detail, weathered, overcast, elevated three-quarter","people, faces, vehicle badges, brand logos, text, watermarks, signage, house numbers",orange rust streaks bleeding across a gray concrete driveway,concrete,close-up surface detail,weathered,overcast,elevated three-quarter,Orange rust streaks bleeding across a gray concrete driveway surface,pending
https://drivewayzusa.co/guides/rv-parking-pad-design-and-requirements/,rv-parking-pad-design-and-requirements,B_REPLACE_BULK,guides/rv-parking-pad-design-and-requirements/index.html,hero-deep-concrete-parking-pad-lawn.webp,"deep concrete parking pad with a wide lawn border, concrete, residential frontage, new, bright midday, elevated three-quarter","people, faces, vehicle badges, brand logos, text, watermarks, signage, house numbers",deep concrete parking pad with a wide lawn border,concrete,residential frontage,new,bright midday,elevated three-quarter,Deep concrete parking pad with lawn border under bright sun,pending
https://drivewayzusa.co/guides/salt-damage-repair-for-concrete-driveways/,salt-damage-repair-for-concrete-driveways,B_REPLACE_BULK,guides/salt-damage-repair-for-concrete-driveways/index.html,hero-salt-eaten-pits-concrete-panel.webp,"pitted salt eaten concrete with crumbling white patches, concrete, close-up surface detail, weathered, overcast, low angle along surface","people, faces, vehicle badges, brand logos, text, watermarks, signage, house numbers",pitted salt eaten concrete with crumbling white patches,concrete,close-up surface detail,weathered,overcast,low angle along surface,Pitted salt damaged concrete surface with crumbling white patches,pending
https://drivewayzusa.co/guides/school-bus-turnaround-requirements/,school-bus-turnaround-requirements,B_REPLACE_BULK,guides/school-bus-turnaround-requirements/index.html,hero-wide-asphalt-turnaround-apron.webp,"wide asphalt turnaround apron curving through open ground, asphalt, rural approach, new, golden hour, elevated three-quarter","people, faces, vehicle badges, brand logos, text, watermarks, signage, house numbers",wide asphalt turnaround apron curving through open ground,asphalt,rural approach,new,golden hour,elevated three-quarter,Wide asphalt turnaround apron curving through open grassy ground,pending
https://drivewayzusa.co/guides/seasonal-driveway-problems-and-solutions/,seasonal-driveway-problems-and-solutions,B_REPLACE_BULK,guides/seasonal-driveway-problems-and-solutions/index.html,hero-thin-snow-cracked-concrete-drive.webp,"thin snow settling over a cracked concrete driveway, concrete, residential frontage, cracked, overcast, eye level","people, faces, vehicle badges, brand logos, text, watermarks, signage, house numbers",thin snow settling over a cracked concrete driveway,concrete,residential frontage,cracked,overcast,eye level,Thin snow settling over a cracked concrete driveway surface,pending
https://drivewayzusa.co/guides/seasonal-pricing-for-driveway-projects/,seasonal-pricing-for-driveway-projects,B_REPLACE_BULK,guides/seasonal-pricing-for-driveway-projects/index.html,hero-wooden-stakes-string-bare-gravel-bed.webp,"wooden stakes and string lines laid over a graded gravel bed, gravel, work-in-progress, mid-repair, overcast, elevated three-quarter","people, faces, vehicle badges, brand logos, text, watermarks, signage, house numbers",wooden stakes and string lines laid over a graded gravel bed,gravel,work-in-progress,mid-repair,overcast,elevated three-quarter,Wooden stakes and string lines laid over a graded gravel bed,pending
https://drivewayzusa.co/guides/septic-system-considerations-for-driveways/,septic-system-considerations-for-driveways,B_REPLACE_BULK,guides/septic-system-considerations-for-driveways/index.html,hero-quiet-gravel-lane-open-turf.webp,"quiet gravel lane crossing open turf toward a rural home, gravel, rural approach, weathered, golden hour, eye level","people, faces, vehicle badges, brand logos, text, watermarks, signage, house numbers",quiet gravel lane crossing open turf toward a rural home,gravel,rural approach,weathered,golden hour,eye level,Quiet gravel lane crossing open turf toward a rural home,pending
https://drivewayzusa.co/guides/setback-requirements-for-driveways/,setback-requirements-for-driveways,B_REPLACE_BULK,guides/setback-requirements-for-driveways/index.html,hero-concrete-drive-wide-grass-margin.webp,"concrete driveway with a wide grass margin beside a fence line, concrete, residential frontage, new, bright midday, elevated three-quarter","people, faces, vehicle badges, brand logos, text, watermarks, signage, house numbers",concrete driveway with a wide grass margin beside a fence line,concrete,residential frontage,new,bright midday,elevated three-quarter,Concrete driveway with a wide grass margin beside a fence line,pending
https://drivewayzusa.co/guides/shared-driveway-agreements-legal-considerations/,shared-driveway-agreements-legal-considerations,B_REPLACE_BULK,guides/shared-driveway-agreements-legal-considerations/index.html,hero-matched-asphalt-drives-center-joint.webp,"two matching asphalt driveways divided by a center joint line, asphalt, residential frontage, sealed, bright midday, eye level","people, faces, vehicle badges, brand logos, text, watermarks, signage, house numbers",two matching asphalt driveways divided by a center joint line,asphalt,residential frontage,sealed,bright midday,eye level,Two matching asphalt driveways divided by a center joint line,pending
https://drivewayzusa.co/guides/shell-driveways-coastal-and-southern-options/,shell-driveways-coastal-and-southern-options,B_REPLACE_BULK,guides/shell-driveways-coastal-and-southern-options/index.html,hero-crushed-shell-drive-bright-sun.webp,"pale crushed shell driveway surface under glaring sun, gravel, residential frontage, new, bright midday, low angle along surface","people, faces, vehicle badges, brand logos, text, watermarks, signage, house numbers",pale crushed shell driveway surface under glaring sun,gravel,residential frontage,new,bright midday,low angle along surface,Pale crushed shell driveway surface under glaring midday sun,pending
https://drivewayzusa.co/guides/signs-your-driveway-needs-replacing-a-visual-guide/,signs-your-driveway-needs-replacing-a-visual-guide,B_REPLACE_BULK,guides/signs-your-driveway-needs-replacing-a-visual-guide/index.html,hero-faded-cracked-blacktop-plain-entry.webp,"faded cracked blacktop with oil stains before a modest garage, asphalt, residential frontage, cracked, overcast, low angle along surface","people, faces, vehicle badges, brand logos, text, watermarks, signage, house numbers",faded cracked blacktop with oil stains before a modest garage,asphalt,residential frontage,cracked,overcast,low angle along surface,Faded cracked blacktop with oil stains before a modest garage,pending
https://drivewayzusa.co/guides/silica-fume-concrete-for-driveways-ultra-high-strength/,silica-fume-concrete-for-driveways-ultra-high-strength,B_REPLACE_BULK,guides/silica-fume-concrete-for-driveways-ultra-high-strength/index.html,hero-dense-fine-gray-concrete-macro.webp,"dense fine grained gray concrete with a tight uniform finish, concrete, close-up surface detail, new, bright midday, eye level","people, faces, vehicle badges, brand logos, text, watermarks, signage, house numbers",dense fine grained gray concrete with a tight uniform finish,concrete,close-up surface detail,new,bright midday,eye level,Dense fine grained gray concrete surface with tight uniform finish,pending
https://drivewayzusa.co/guides/sinking-driveway-repair-options/,sinking-driveway-repair-options,B_REPLACE_BULK,guides/sinking-driveway-repair-options/index.html,hero-dipped-slab-mortar-leveling-repair.webp,"dipped concrete slab beside a fresh mortar leveling repair, concrete, work-in-progress, mid-repair, wet after rain, low angle along surface","people, faces, vehicle badges, brand logos, text, watermarks, signage, house numbers",dipped concrete slab beside a fresh mortar leveling repair,concrete,work-in-progress,mid-repair,wet after rain,low angle along surface,Dipped concrete slab beside a fresh mortar leveling repair,pending
https://drivewayzusa.co/guides/small-claims-court-for-driveway-disputes-a-guide/,small-claims-court-for-driveway-disputes-a-guide,B_REPLACE_BULK,guides/small-claims-court-for-driveway-disputes-a-guide/index.html,hero-chalk-arrows-cracked-blacktop.webp,"chalk arrows marking cracks on a damp weathered blacktop, asphalt, close-up surface detail, cracked, wet after rain, elevated three-quarter","people, faces, vehicle badges, brand logos, text, watermarks, signage, house numbers",chalk arrows marking cracks on a damp weathered blacktop,asphalt,close-up surface detail,cracked,wet after rain,elevated three-quarter,Chalk arrows marking cracks on a damp weathered blacktop surface,pending
https://drivewayzusa.co/guides/small-driveway-cost-budget-for-under-500-square-feet/,small-driveway-cost-budget-for-under-500-square-feet,B_REPLACE_BULK,guides/small-driveway-cost-budget-for-under-500-square-feet/index.html,hero-compact-broomed-concrete-pad.webp,"compact broomed concrete pad with crisp sawn control joints, concrete, close-up surface detail, new, overcast, eye level","people, faces, vehicle badges, brand logos, text, watermarks, signage, house numbers",compact broomed concrete pad with crisp sawn control joints,concrete,close-up surface detail,new,overcast,eye level,Compact broomed concrete pad with crisp sawn control joints,pending
https://drivewayzusa.co/guides/smart-driveway-technology-sensors-and-automation/,smart-driveway-technology-sensors-and-automation,B_REPLACE_BULK,guides/smart-driveway-technology-sensors-and-automation/index.html,hero-embedded-sensor-paver-drive-edge.webp,"flush sensor puck and small lights along a sealed paver driveway, pavers, residential frontage, sealed, golden hour, eye level","people, faces, vehicle badges, brand logos, text, watermarks, signage, house numbers",flush sensor puck and small lights along a sealed paver driveway,pavers,residential frontage,sealed,golden hour,eye level,Flush sensor puck and small lights along a sealed paver driveway,pending
https://drivewayzusa.co/guides/snow-melting-driveway-systems-radiant-heat-options/,snow-melting-driveway-systems-radiant-heat-options,B_REPLACE_BULK,guides/snow-melting-driveway-systems-radiant-heat-options/index.html,hero-bare-wet-concrete-strip-snow.webp,"bare wet concrete strip amid melting snow on a driveway, concrete, residential frontage, new, overcast, low angle along surface","people, faces, vehicle badges, brand logos, text, watermarks, signage, house numbers",bare wet concrete strip amid melting snow on a driveway,concrete,residential frontage,new,overcast,low angle along surface,Bare wet concrete strip amid melting snow on a driveway,pending
https://drivewayzusa.co/guides/snow-plow-damage-to-driveways-prevention-and-repair/,snow-plow-damage-to-driveways-prevention-and-repair,B_REPLACE_BULK,guides/snow-plow-damage-to-driveways-prevention-and-repair/index.html,hero-plow-gouges-chipped-asphalt-edge.webp,"deep plow gouges and chipped edges on a gray asphalt drive, asphalt, close-up surface detail, cracked, overcast, low angle along surface","people, faces, vehicle badges, brand logos, text, watermarks, signage, house numbers",deep plow gouges and chipped edges on a gray asphalt drive,asphalt,close-up surface detail,cracked,overcast,low angle along surface,Deep plow gouges and chipped edges on a gray asphalt drive,pending
https://drivewayzusa.co/guides/solar-powered-driveway-features/,solar-powered-driveway-features,B_REPLACE_BULK,guides/solar-powered-driveway-features/index.html,hero-solar-capped-post-lights-drive.webp,"solar capped post lights glowing along a gravel lane edge, gravel, rural approach, new, golden hour, eye level","people, faces, vehicle badges, brand logos, text, watermarks, signage, house numbers",solar capped post lights glowing along a gravel lane edge,gravel,rural approach,new,golden hour,eye level,Solar capped post lights glowing along a gravel lane edge,pending
https://drivewayzusa.co/guides/solar-reflective-driveway-materials-to-reduce-heat/,solar-reflective-driveway-materials-to-reduce-heat,B_REPLACE_BULK,guides/solar-reflective-driveway-materials-to-reduce-heat/index.html,hero-cool-light-gray-coating-closeup.webp,"light gray reflective coating on a concrete driveway in sun, concrete, close-up surface detail, sealed, bright midday, low angle along surface","people, faces, vehicle badges, brand logos, text, watermarks, signage, house numbers",light gray reflective coating on a concrete driveway in sun,concrete,close-up surface detail,sealed,bright midday,low angle along surface,Light gray reflective coating on a concrete driveway in bright sun,pending
https://drivewayzusa.co/guides/spring-driveway-inspection-checklist/,spring-driveway-inspection-checklist,B_REPLACE_BULK,guides/spring-driveway-inspection-checklist/index.html,hero-post-winter-concrete-drive-scan.webp,"weathered concrete driveway with faint cracks and leaf litter, concrete, residential frontage, weathered, overcast, elevated three-quarter","people, faces, vehicle badges, brand logos, text, watermarks, signage, house numbers",weathered concrete driveway with faint cracks and leaf litter,concrete,residential frontage,weathered,overcast,elevated three-quarter,Weathered concrete driveway with faint cracks and leaf litter,pending
https://drivewayzusa.co/guides/spring-driveway-maintenance-checklist-for-homeowners/,spring-driveway-maintenance-checklist-for-homeowners,B_REPLACE_BULK,guides/spring-driveway-maintenance-checklist-for-homeowners/index.html,hero-newly-sanded-paver-drive-frontage.webp,"paver driveway with freshly sanded joints beside trimmed lawn, pavers, residential frontage, sealed, bright midday, elevated three-quarter","people, faces, vehicle badges, brand logos, text, watermarks, signage, house numbers",paver driveway with freshly sanded joints beside trimmed lawn,pavers,residential frontage,sealed,bright midday,elevated three-quarter,Paver driveway with freshly sanded joints beside trimmed lawn,pending
https://drivewayzusa.co/guides/stagging-your-driveway-for-open-house-events/,stagging-your-driveway-for-open-house-events,B_REPLACE_BULK,guides/stagging-your-driveway-for-open-house-events/index.html,hero-gleaming-sealed-drive-flower-pots.webp,"gleaming sealed asphalt drive framed by flower pots and lawn, asphalt, residential frontage, sealed, golden hour, elevated three-quarter","people, faces, vehicle badges, brand logos, text, watermarks, signage, house numbers",gleaming sealed asphalt drive framed by flower pots and lawn,asphalt,residential frontage,sealed,golden hour,elevated three-quarter,Gleaming sealed asphalt drive framed by flower pots and lawn,pending
https://drivewayzusa.co/guides/stamped-concrete-driveways-patterns-and-costs/,stamped-concrete-driveways-patterns-and-costs,B_REPLACE_BULK,guides/stamped-concrete-driveways-patterns-and-costs/index.html,hero-stamped-fan-pattern-closeup.webp,"stamped concrete surface with a glossy fan pattern catching warm light, concrete, close-up surface detail, sealed, golden hour, low angle along surface","people, faces, vehicle badges, brand logos, text, watermarks, signage, house numbers",stamped concrete surface with a glossy fan pattern catching warm light,concrete,close-up surface detail,sealed,golden hour,low angle along surface,Glossy stamped fan pattern surface glowing in warm evening light,pending
https://drivewayzusa.co/guides/stamped-concrete-vs-natural-stone-driveway/,stamped-concrete-vs-natural-stone-driveway,B_REPLACE_BULK,guides/stamped-concrete-vs-natural-stone-driveway/index.html,hero-stamped-slab-meets-stone-flags.webp,"joint where a stamped concrete slab meets rough natural stone flags, concrete, close-up surface detail, weathered, bright midday, eye level","people, faces, vehicle badges, brand logos, text, watermarks, signage, house numbers",joint where a stamped concrete slab meets rough natural stone flags,concrete,close-up surface detail,weathered,bright midday,eye level,Stamped concrete meets rough natural stone flags at a center joint,pending
https://drivewayzusa.co/guides/standard-driveway-dimensions-width-length-and-size-guide/,standard-driveway-dimensions-width-length-and-size-guide,B_REPLACE_BULK,guides/standard-driveway-dimensions-width-length-and-size-guide/index.html,hero-measuring-wheel-gravel-lane-width.webp,"measuring wheel resting on a wide freshly graded gravel lane, gravel, rural approach, new, bright midday, elevated three-quarter","people, faces, vehicle badges, brand logos, text, watermarks, signage, house numbers",measuring wheel resting on a wide freshly graded gravel lane,gravel,rural approach,new,bright midday,elevated three-quarter,Measuring wheel resting on a wide freshly graded gravel lane,pending
https://drivewayzusa.co/guides/standard-driveway-dimensions/,standard-driveway-dimensions,B_REPLACE_BULK,guides/standard-driveway-dimensions/index.html,hero-tape-across-fresh-blacktop-width.webp,"tape measure stretched across the width of a fresh asphalt surface, asphalt, close-up surface detail, new, overcast, eye level","people, faces, vehicle badges, brand logos, text, watermarks, signage, house numbers",tape measure stretched across the width of a fresh asphalt surface,asphalt,close-up surface detail,new,overcast,eye level,Tape measure stretched across the full width of fresh blacktop,pending
https://drivewayzusa.co/guides/stormwater-regulations-affecting-driveways/,stormwater-regulations-affecting-driveways,B_REPLACE_BULK,guides/stormwater-regulations-affecting-driveways/index.html,hero-runoff-streaming-off-slab-edge.webp,"rainwater streaming off the edge of a sealed concrete slab, concrete, close-up surface detail, sealed, wet after rain, low angle along surface","people, faces, vehicle badges, brand logos, text, watermarks, signage, house numbers",rainwater streaming off the edge of a sealed concrete slab,concrete,close-up surface detail,sealed,wet after rain,low angle along surface,Rainwater streaming off the edge of a sealed concrete slab,pending
https://drivewayzusa.co/guides/summer-driveway-care-heat-protection-tips/,summer-driveway-care-heat-protection-tips,B_REPLACE_BULK,guides/summer-driveway-care-heat-protection-tips/index.html,hero-harsh-sun-sealed-blacktop-frontage.webp,"sealed blacktop frontage glaring under harsh midday sun, asphalt, residential frontage, sealed, bright midday, eye level","people, faces, vehicle badges, brand logos, text, watermarks, signage, house numbers",sealed blacktop frontage glaring under harsh midday sun,asphalt,residential frontage,sealed,bright midday,eye level,Sealed blacktop drive glaring under harsh midday sun,pending
https://drivewayzusa.co/guides/summer-driveway-care-protecting-against-uv-and-heat-damage/,summer-driveway-care-protecting-against-uv-and-heat-damage,B_REPLACE_BULK,guides/summer-driveway-care-protecting-against-uv-and-heat-damage/index.html,hero-bleached-asphalt-patches-closeup.webp,"sun bleached pale patches across a faded asphalt surface, asphalt, close-up surface detail, weathered, bright midday, low angle along surface","people, faces, vehicle badges, brand logos, text, watermarks, signage, house numbers",sun bleached pale patches across a faded asphalt surface,asphalt,close-up surface detail,weathered,bright midday,low angle along surface,Sun bleached pale patches across a faded asphalt surface,pending
https://drivewayzusa.co/guides/summer-driveway-maintenance-tasks/,summer-driveway-maintenance-tasks,B_REPLACE_BULK,guides/summer-driveway-maintenance-tasks/index.html,hero-clean-swept-asphalt-morning-light.webp,"freshly swept asphalt drive in soft golden morning light, asphalt, residential frontage, sealed, golden hour, elevated three-quarter","people, faces, vehicle badges, brand logos, text, watermarks, signage, house numbers",freshly swept asphalt drive in soft golden morning light,asphalt,residential frontage,sealed,golden hour,elevated three-quarter,Freshly swept asphalt drive in soft golden morning light,pending
https://drivewayzusa.co/guides/supply-chain-issues-affecting-driveway-material-prices/,supply-chain-issues-affecting-driveway-material-prices,B_REPLACE_BULK,guides/supply-chain-issues-affecting-driveway-material-prices/index.html,hero-bulk-aggregate-piles-overcast-yard.webp,"mounds of bulk gravel aggregate piled in a storage yard, gravel, work-in-progress, new, overcast, elevated three-quarter","people, faces, vehicle badges, brand logos, text, watermarks, signage, house numbers",mounds of bulk gravel aggregate piled in a storage yard,gravel,work-in-progress,new,overcast,elevated three-quarter,Mounds of bulk gravel aggregate waiting in a storage yard,pending
https://drivewayzusa.co/guides/tar-and-chip-vs-gravel-driveway-pros-and-cons/,tar-and-chip-vs-gravel-driveway-pros-and-cons,B_REPLACE_BULK,guides/tar-and-chip-vs-gravel-driveway-pros-and-cons/index.html,hero-chip-seal-meets-loose-gravel.webp,"edge where a chip sealed lane meets a loose gravel shoulder, chip-seal, rural approach, weathered, golden hour, low angle along surface","people, faces, vehicle badges, brand logos, text, watermarks, signage, house numbers",edge where a chip sealed lane meets a loose gravel shoulder,chip-seal,rural approach,weathered,golden hour,low angle along surface,Chip sealed lane meeting loose gravel shoulder in warm light,pending
https://drivewayzusa.co/guides/three-car-driveway-width-length-and-price-estimates/,three-car-driveway-width-length-and-price-estimates,B_REPLACE_BULK,guides/three-car-driveway-width-length-and-price-estimates/index.html,hero-three-bay-broomed-concrete-court.webp,"wide broomed concrete parking court with three open bays, concrete, residential frontage, new, overcast, elevated three-quarter","people, faces, vehicle badges, brand logos, text, watermarks, signage, house numbers",wide broomed concrete parking court with three open bays,concrete,residential frontage,new,overcast,elevated three-quarter,Wide broomed concrete court with three open parking bays,pending
https://drivewayzusa.co/guides/tire-mark-removal-from-concrete/,tire-mark-removal-from-concrete,B_REPLACE_BULK,guides/tire-mark-removal-from-concrete/index.html,hero-tire-scuff-marks-gray-concrete.webp,"dark tire scuff marks streaked across a pale concrete slab, concrete, close-up surface detail, weathered, bright midday, eye level","people, faces, vehicle badges, brand logos, text, watermarks, signage, house numbers",dark tire scuff marks streaked across a pale concrete slab,concrete,close-up surface detail,weathered,bright midday,eye level,Black tire streaks scuffed across a pale concrete surface,pending
https://drivewayzusa.co/guides/top-10-driveway-contractors-in-city-guide-template/,top-10-driveway-contractors-in-city-guide-template,B_REPLACE_BULK,guides/top-10-driveway-contractors-in-city-guide-template/index.html,hero-idle-paving-machine-graded-base.webp,"paving machine parked on a freshly graded gravel base, gravel, work-in-progress, mid-repair, bright midday, eye level","people, faces, vehicle badges, brand logos, text, watermarks, signage, house numbers",paving machine parked on a freshly graded gravel base,gravel,work-in-progress,mid-repair,bright midday,eye level,Paving machine parked on a freshly graded gravel base,pending
https://drivewayzusa.co/guides/top-10-driveway-mistakes-new-homeowners-make/,top-10-driveway-mistakes-new-homeowners-make,B_REPLACE_BULK,guides/top-10-driveway-mistakes-new-homeowners-make/index.html,hero-weeds-cracks-neglected-asphalt-drive.webp,"weeds sprouting from cracks in a neglected asphalt drive, asphalt, residential frontage, cracked, overcast, eye level","people, faces, vehicle badges, brand logos, text, watermarks, signage, house numbers",weeds sprouting from cracks in a neglected asphalt drive,asphalt,residential frontage,cracked,overcast,eye level,Weeds sprouting from cracks in a neglected asphalt drive,pending
https://drivewayzusa.co/guides/tree-removal-permits-for-driveway-projects/,tree-removal-permits-for-driveway-projects,B_REPLACE_BULK,guides/tree-removal-permits-for-driveway-projects/index.html,hero-mature-tree-staked-drive-footprint.webp,"mature shade tree beside string stakes marking a planned drive footprint, none, work-in-progress, mid-repair, overcast, elevated three-quarter","people, faces, vehicle badges, brand logos, text, watermarks, signage, house numbers",mature shade tree beside string stakes marking a planned drive footprint,none,work-in-progress,mid-repair,overcast,elevated three-quarter,Mature shade tree beside string stakes marking a planned drive,pending
https://drivewayzusa.co/guides/tree-root-damage-to-driveways-prevention-and-repair/,tree-root-damage-to-driveways-prevention-and-repair,B_REPLACE_BULK,guides/tree-root-damage-to-driveways-prevention-and-repair/index.html,hero-root-buckled-concrete-panel-crack.webp,"concrete panel buckled and cracked by tree roots pushing upward, concrete, close-up surface detail, cracked, golden hour, low angle along surface","people, faces, vehicle badges, brand logos, text, watermarks, signage, house numbers",concrete panel buckled and cracked by tree roots pushing upward,concrete,close-up surface detail,cracked,golden hour,low angle along surface,Buckled concrete panel cracked by tree roots pushing upward,pending
https://drivewayzusa.co/guides/turf-block-driveways-green-alternative-guide/,turf-block-driveways-green-alternative-guide,B_REPLACE_BULK,guides/turf-block-driveways-green-alternative-guide/index.html,hero-grass-grid-drive-bright-sun.webp,"grass growing through open grid pavers in bright sunlight, pavers, residential frontage, new, bright midday, low angle along surface","people, faces, vehicle badges, brand logos, text, watermarks, signage, house numbers",grass growing through open grid pavers in bright sunlight,pavers,residential frontage,new,bright midday,low angle along surface,Grass growing through open grid pavers in bright sunlight,pending
https://drivewayzusa.co/guides/two-car-driveway-dimensions-and-cost-guide/,two-car-driveway-dimensions-and-cost-guide,B_REPLACE_BULK,guides/two-car-driveway-dimensions-and-cost-guide/index.html,hero-double-wide-new-concrete-drive.webp,"new concrete drive with generous width and clean sawn joints, concrete, residential frontage, new, golden hour, eye level","people, faces, vehicle badges, brand logos, text, watermarks, signage, house numbers",new concrete drive with generous width and clean sawn joints,concrete,residential frontage,new,golden hour,eye level,New concrete drive with generous width and clean sawn joints,pending
https://drivewayzusa.co/guides/ultimate-guide-to-driveways-everything-you-need-to-know-in-2026/,ultimate-guide-to-driveways-everything-you-need-to-know-in-2026,B_REPLACE_BULK,guides/ultimate-guide-to-driveways-everything-you-need-to-know-in-2026/index.html,hero-straight-concrete-drive-morning-glow.webp,"straight sealed concrete drive glowing in soft morning light, concrete, residential frontage, sealed, golden hour, eye level","people, faces, vehicle badges, brand logos, text, watermarks, signage, house numbers",straight sealed concrete drive glowing in soft morning light,concrete,residential frontage,sealed,golden hour,eye level,Straight sealed concrete drive glowing in soft morning light,pending
https://drivewayzusa.co/guides/utility-line-locating-before-driveway-work/,utility-line-locating-before-driveway-work,B_REPLACE_BULK,guides/utility-line-locating-before-driveway-work/index.html,hero-utility-flags-bare-soil-strip.webp,"bright marking flags lining a bare strip of soil, none, work-in-progress, new, overcast, low angle along surface","people, faces, vehicle badges, brand logos, text, watermarks, signage, house numbers",bright marking flags lining a bare strip of soil,none,work-in-progress,new,overcast,low angle along surface,Bright marking flags lining a bare strip of soil,pending
https://drivewayzusa.co/guides/visibility-and-sight-lines-at-driveway-entrances/,visibility-and-sight-lines-at-driveway-entrances,B_REPLACE_BULK,guides/visibility-and-sight-lines-at-driveway-entrances/index.html,hero-clear-view-drive-entry-street.webp,"unobstructed view from a sealed driveway apron down a quiet street, asphalt, residential frontage, sealed, overcast, eye level","people, faces, vehicle badges, brand logos, text, watermarks, signage, house numbers",unobstructed view from a sealed driveway apron down a quiet street,asphalt,residential frontage,sealed,overcast,eye level,Unobstructed view from a driveway apron down a quiet street,pending
https://drivewayzusa.co/guides/weed-control-for-gravel-and-paver-driveways/,weed-control-for-gravel-and-paver-driveways,B_REPLACE_BULK,guides/weed-control-for-gravel-and-paver-driveways/index.html,hero-weeds-pushing-through-pale-gravel.webp,"green weeds pushing up through pale gravel stones, gravel, close-up surface detail, weathered, bright midday, low angle along surface","people, faces, vehicle badges, brand logos, text, watermarks, signage, house numbers",green weeds pushing up through pale gravel stones,gravel,close-up surface detail,weathered,bright midday,low angle along surface,Green weeds pushing up through pale gravel stones,pending
https://drivewayzusa.co/guides/well-protection-when-installing-driveways/,well-protection-when-installing-driveways,B_REPLACE_BULK,guides/well-protection-when-installing-driveways/index.html,hero-well-head-beside-gravel-drive.webp,"capped water well head beside a gravel drive in warm light, gravel, rural approach, new, golden hour, eye level","people, faces, vehicle badges, brand logos, text, watermarks, signage, house numbers",capped water well head beside a gravel drive in warm light,gravel,rural approach,new,golden hour,eye level,Capped water well head beside a gravel drive in warm light,pending
https://drivewayzusa.co/guides/wetland-considerations-for-driveway-installation/,wetland-considerations-for-driveway-installation,B_REPLACE_BULK,guides/wetland-considerations-for-driveway-installation/index.html,hero-raised-gravel-causeway-marsh-reeds.webp,"raised gravel causeway crossing marshy ground with tall reeds, gravel, rural approach, new, wet after rain, elevated three-quarter","people, faces, vehicle badges, brand logos, text, watermarks, signage, house numbers",raised gravel causeway crossing marshy ground with tall reeds,gravel,rural approach,new,wet after rain,elevated three-quarter,Raised gravel causeway crossing marshy ground with tall reeds,pending
https://drivewayzusa.co/guides/what-is-a-driveway-apron-and-why-does-it-matter/,what-is-a-driveway-apron-and-why-does-it-matter,B_REPLACE_BULK,guides/what-is-a-driveway-apron-and-why-does-it-matter/index.html,hero-broomed-apron-flush-with-street.webp,"broomed concrete apron sloping smoothly into the street gutter, concrete, residential frontage, new, bright midday, low angle along surface","people, faces, vehicle badges, brand logos, text, watermarks, signage, house numbers",broomed concrete apron sloping smoothly into the street gutter,concrete,residential frontage,new,bright midday,low angle along surface,Broomed concrete apron sloping smoothly into the street gutter,pending
https://drivewayzusa.co/guides/what-to-expect-during-driveway-construction-day-by-day/,what-to-expect-during-driveway-construction-day-by-day,B_REPLACE_BULK,guides/what-to-expect-during-driveway-construction-day-by-day/index.html,hero-leveling-wet-pour-late-light.webp,"fresh concrete pour being leveled between wooden form boards, concrete, work-in-progress, mid-repair, golden hour, eye level","people, faces, vehicle badges, brand logos, text, watermarks, signage, house numbers",fresh concrete pour being leveled between wooden form boards,concrete,work-in-progress,mid-repair,golden hour,eye level,Fresh concrete pour leveled between wooden forms in warm evening light,pending
https://drivewayzusa.co/guides/when-a-permit-is-required-for-driveway-work/,when-a-permit-is-required-for-driveway-work,B_REPLACE_BULK,guides/when-a-permit-is-required-for-driveway-work/index.html,hero-orange-stakes-string-bare-lot.webp,"wooden stakes and bright string marking a planned driveway outline on bare ground, none, work-in-progress, new, bright midday, elevated three-quarter","people, faces, vehicle badges, brand logos, text, watermarks, signage, house numbers",wooden stakes and bright string marking a planned driveway outline on bare ground,none,work-in-progress,new,bright midday,elevated three-quarter,Wooden stakes and bright string marking a planned driveway outline,pending
https://drivewayzusa.co/guides/when-can-you-drive/,when-can-you-drive,B_REPLACE_BULK,guides/when-can-you-drive/index.html,hero-unmarked-curing-slab-low-view.webp,"pristine unmarked new concrete driveway still curing, concrete, residential frontage, new, overcast, low angle along surface","people, faces, vehicle badges, brand logos, text, watermarks, signage, house numbers",pristine unmarked new concrete driveway still curing,concrete,residential frontage,new,overcast,low angle along surface,Unblemished new concrete driveway curing under a flat gray sky,pending
https://drivewayzusa.co/guides/when-to-hire-a-professional-for-driveway-repairs/,when-to-hire-a-professional-for-driveway-repairs,B_REPLACE_BULK,guides/when-to-hire-a-professional-for-driveway-repairs/index.html,hero-deep-crack-aging-asphalt-closeup.webp,"deep open crack running through aging asphalt surface, asphalt, close-up surface detail, cracked, wet after rain, low angle along surface","people, faces, vehicle badges, brand logos, text, watermarks, signage, house numbers",deep open crack running through aging asphalt surface,asphalt,close-up surface detail,cracked,wet after rain,low angle along surface,Deep open crack running through aging gray asphalt after rain,pending
https://drivewayzusa.co/guides/when-to-replace-vs-repair-your-driveway/,when-to-replace-vs-repair-your-driveway,B_REPLACE_BULK,guides/when-to-replace-vs-repair-your-driveway/index.html,hero-crumbling-slab-beside-fresh-pour.webp,"boundary where a crumbling weathered slab meets a smooth fresh concrete pour, concrete, close-up surface detail, mid-repair, golden hour, eye level","people, faces, vehicle badges, brand logos, text, watermarks, signage, house numbers",boundary where a crumbling weathered slab meets a smooth fresh concrete pour,concrete,close-up surface detail,mid-repair,golden hour,eye level,Crumbling weathered slab edge meeting a smooth fresh concrete pour,pending
https://drivewayzusa.co/guides/why-driveway-quotes-vary-so-much-understanding-pricing-factors/,why-driveway-quotes-vary-so-much-understanding-pricing-factors,B_REPLACE_BULK,guides/why-driveway-quotes-vary-so-much-understanding-pricing-factors/index.html,hero-staged-aggregate-piles-job-site.webp,"separate piles of different crushed aggregates staged at a work site, gravel, work-in-progress, new, bright midday, elevated three-quarter","people, faces, vehicle badges, brand logos, text, watermarks, signage, house numbers",separate piles of different crushed aggregates staged at a work site,gravel,work-in-progress,new,bright midday,elevated three-quarter,Separate piles of crushed aggregate staged at a driveway site,pending
https://drivewayzusa.co/guides/winter-driveway-maintenance-de-icing-snow-removal-and-damage-prevention/,winter-driveway-maintenance-de-icing-snow-removal-and-damage-prevention,B_REPLACE_BULK,guides/winter-driveway-maintenance-de-icing-snow-removal-and-damage-prevention/index.html,hero-salt-granules-frosted-slab.webp,"salt granules scattered across a frosted concrete slab, concrete, close-up surface detail, weathered, overcast, low angle along surface","people, faces, vehicle badges, brand logos, text, watermarks, signage, house numbers",salt granules scattered across a frosted concrete slab,concrete,close-up surface detail,weathered,overcast,low angle along surface,Salt granules scattered across a frosted gray concrete slab,pending
https://drivewayzusa.co/guides/winter-driveway-maintenance-salt-sand-and-snow-removal/,winter-driveway-maintenance-salt-sand-and-snow-removal,B_REPLACE_BULK,guides/winter-driveway-maintenance-salt-sand-and-snow-removal/index.html,hero-sand-spread-icy-drive.webp,"sand grit spread over an icy residential driveway for traction, asphalt, residential frontage, weathered, bright midday, eye level","people, faces, vehicle badges, brand logos, text, watermarks, signage, house numbers",sand grit spread over an icy residential driveway for traction,asphalt,residential frontage,weathered,bright midday,eye level,Sand grit spread over an icy residential driveway for traction,pending
https://drivewayzusa.co/guides/winter-driveway-survival-guide/,winter-driveway-survival-guide,B_REPLACE_BULK,guides/winter-driveway-survival-guide/index.html,hero-plowed-snow-banks-sealed-lane.webp,"plowed snow banks edging a sealed asphalt lane, asphalt, rural approach, sealed, overcast, elevated three-quarter","people, faces, vehicle badges, brand logos, text, watermarks, signage, house numbers",plowed snow banks edging a sealed asphalt lane,asphalt,rural approach,sealed,overcast,elevated three-quarter,Plowed snow banks edging a sealed asphalt lane under gray skies,pending
