timestamp,slug,html_path,status,og_title,og_image,og_url,notes
2026-07-29T23:46:01.908454,5-signs-your-driveway-needs-replacement,guides/5-signs-your-driveway-needs-replacement/index.html,skipped,,,,hero_img_not_found
2026-07-29T23:46:01.908626,accessible-driveway-design-ada-considerations,guides/accessible-driveway-design-ada-considerations/index.html,already_present,,,,og:image already in <head>
2026-07-29T23:46:01.908691,acid-staining-a-concrete-driveway-unique-effects,guides/acid-staining-a-concrete-driveway-unique-effects/index.html,already_present,,,,og:image already in <head>
2026-07-29T23:46:01.908761,airbnb-driveway-requirements-parking-for-short-term-rentals,guides/airbnb-driveway-requirements-parking-for-short-term-rentals/index.html,already_present,,,,og:image already in <head>
2026-07-29T23:46:01.908828,annual-driveway-maintenance-costs-by-material-type,guides/annual-driveway-maintenance-costs-by-material-type/index.html,already_present,,,,og:image already in <head>
2026-07-29T23:46:01.908892,ant-hill-prevention-in-paver-driveways,guides/ant-hill-prevention-in-paver-driveways/index.html,already_present,,,,og:image already in <head>
2026-07-29T23:46:01.908954,anti-ice-coatings-for-driveways,guides/anti-ice-coatings-for-driveways/index.html,already_present,,,,og:image already in <head>
2026-07-29T23:46:01.909021,apartment-complex-driveway-design,guides/apartment-complex-driveway-design/index.html,already_present,,,,og:image already in <head>
2026-07-29T23:46:01.909080,asphalt-compaction-tools-and-techniques,guides/asphalt-compaction-tools-and-techniques/index.html,already_present,,,,og:image already in <head>
2026-07-29T23:46:01.909143,asphalt-driveway-alligator-cracking-what-it-means-and-how-to-fix-it,guides/asphalt-driveway-alligator-cracking-what-it-means-and-how-to-fix-it/index.html,already_present,,,,og:image already in <head>
2026-07-29T23:46:01.909895,asphalt-driveway-cost-in-alabama-local-pricing,guides/asphalt-driveway-cost-in-alabama-local-pricing/index.html,injected,Asphalt Driveway Cost in Alabama: Local Pricing,https://drivewayzusa.co/images/heroes/hero-fresh-asphalt-aggregate-texture.webp,https://drivewayzusa.co/guides/asphalt-driveway-cost-in-alabama-local-pricing/,alt=Tight aggregate texture of a freshly paved asphal…
2026-07-29T23:46:01.910799,asphalt-driveway-cost-in-alaska-local-pricing,guides/asphalt-driveway-cost-in-alaska-local-pricing/index.html,injected,Asphalt Driveway Cost in Alaska: Local Pricing,https://drivewayzusa.co/images/heroes/hero-asphalt-edge-form-board.webp,https://drivewayzusa.co/guides/asphalt-driveway-cost-in-alaska-local-pricing/,alt=Fresh asphalt edge lined by a wooden form board u…
2026-07-29T23:46:01.911446,asphalt-driveway-cost-in-arizona-local-pricing,guides/asphalt-driveway-cost-in-arizona-local-pricing/index.html,injected,Asphalt Driveway Cost in Arizona: Local Pricing,https://drivewayzusa.co/images/heroes/hero-fresh-asphalt-mat-texture.webp,https://drivewayzusa.co/guides/asphalt-driveway-cost-in-arizona-local-pricing/,alt=Freshly compacted asphalt mat showing tight textu…
2026-07-29T23:46:01.912039,asphalt-driveway-cost-in-arkansas-local-pricing,guides/asphalt-driveway-cost-in-arkansas-local-pricing/index.html,injected,Asphalt Driveway Cost in Arkansas: Local Pricing Guide for Homeowners,https://drivewayzusa.co/images/heroes/hero-long-asphalt-drive-sunset.webp,https://drivewayzusa.co/guides/asphalt-driveway-cost-in-arkansas-local-pricing/,alt=Long weathered asphalt drive glowing under low go…
2026-07-29T23:46:01.912513,asphalt-driveway-cost-in-california-local-pricing,guides/asphalt-driveway-cost-in-california-local-pricing/index.html,injected,Asphalt Driveway Cost in California: Local Pricing,https://drivewayzusa.co/images/heroes/hero-rain-beaded-sealed-asphalt.webp,https://drivewayzusa.co/guides/asphalt-driveway-cost-in-california-local-pricing/,alt=Raindrops beading across a dark sealed asphalt su…
2026-07-29T23:46:01.913001,asphalt-driveway-cost-in-colorado-local-pricing,guides/asphalt-driveway-cost-in-colorado-local-pricing/index.html,injected,Asphalt Driveway Cost in Colorado: Local Pricing,https://drivewayzusa.co/images/heroes/hero-asphalt-patch-seam-detail.webp,https://drivewayzusa.co/guides/asphalt-driveway-cost-in-colorado-local-pricing/,alt=Straight seam of a fresh patch crossing a weather…
2026-07-29T23:46:01.913504,asphalt-driveway-cost-in-connecticut-local-pricing,guides/asphalt-driveway-cost-in-connecticut-local-pricing/index.html,injected,Asphalt Driveway Cost in Connecticut: Local Pricing,https://drivewayzusa.co/images/heroes/hero-fresh-asphalt-texture-closeup.webp,https://drivewayzusa.co/guides/asphalt-driveway-cost-in-connecticut-local-pricing/,alt=Fresh black asphalt surface with fine aggregate t…
2026-07-29T23:46:01.913890,asphalt-driveway-cost-in-delaware-local-pricing,guides/asphalt-driveway-cost-in-delaware-local-pricing/index.html,injected,Asphalt Driveway Cost in Delaware: Local Pricing,https://drivewayzusa.co/images/heroes/hero-new-asphalt-crisp-lawn-edge.webp,https://drivewayzusa.co/guides/asphalt-driveway-cost-in-delaware-local-pricing/,alt=New asphalt strip with a crisp edge along a mowed…
2026-07-29T23:46:01.914285,asphalt-driveway-cost-in-florida-local-pricing,guides/asphalt-driveway-cost-in-florida-local-pricing/index.html,injected,Asphalt Driveway Cost in Florida: Local Pricing,https://drivewayzusa.co/images/heroes/hero-oil-spotted-faded-asphalt.webp,https://drivewayzusa.co/guides/asphalt-driveway-cost-in-florida-local-pricing/,alt=Faded asphalt surface marked with dark oil spots …
2026-07-29T23:46:01.914652,asphalt-driveway-cost-in-georgia-local-pricing,guides/asphalt-driveway-cost-in-georgia-local-pricing/index.html,injected,Asphalt Driveway Cost in Georgia: Local Pricing,https://drivewayzusa.co/images/heroes/hero-asphalt-meets-gravel-shoulder.webp,https://drivewayzusa.co/guides/asphalt-driveway-cost-in-georgia-local-pricing/,alt=New asphalt lane meeting a loose gravel shoulder …
2026-07-29T23:46:01.915027,asphalt-driveway-cost-in-idaho-local-pricing,guides/asphalt-driveway-cost-in-idaho-local-pricing/index.html,injected,Asphalt Driveway Cost in Idaho: Local Pricing,https://drivewayzusa.co/images/heroes/hero-tack-coat-milled-joint.webp,https://drivewayzusa.co/guides/asphalt-driveway-cost-in-idaho-local-pricing/,alt=Glossy black tack coat sprayed along a milled asp…
2026-07-29T23:46:01.915501,asphalt-driveway-cost-in-illinois-local-pricing,guides/asphalt-driveway-cost-in-illinois-local-pricing/index.html,injected,Asphalt Driveway Cost in Illinois: Local Pricing,https://drivewayzusa.co/images/heroes/hero-wet-sealed-asphalt-reflections.webp,https://drivewayzusa.co/guides/asphalt-driveway-cost-in-illinois-local-pricing/,alt=Wet sealed asphalt drive reflecting pale sky afte…
2026-07-29T23:46:01.915996,asphalt-driveway-cost-in-indiana-local-pricing,guides/asphalt-driveway-cost-in-indiana-local-pricing/index.html,injected,Asphalt Driveway Cost in Indiana: Local Pricing,https://drivewayzusa.co/images/heroes/hero-hairline-cracks-gray-asphalt.webp,https://drivewayzusa.co/guides/asphalt-driveway-cost-in-indiana-local-pricing/,alt=Fine hairline cracks threading through a gray wea…
2026-07-29T23:46:01.916866,asphalt-driveway-cost-in-iowa-local-pricing,guides/asphalt-driveway-cost-in-iowa-local-pricing/index.html,injected,Asphalt Driveway Cost in Iowa: Local Pricing,https://drivewayzusa.co/images/heroes/hero-weathered-asphalt-field-lane.webp,https://drivewayzusa.co/guides/asphalt-driveway-cost-in-iowa-local-pricing/,alt=Weathered asphalt lane running past open fields a…
2026-07-29T23:46:01.917365,asphalt-driveway-cost-in-kansas-local-pricing,guides/asphalt-driveway-cost-in-kansas-local-pricing/index.html,injected,Asphalt Driveway Cost in Kansas: Local Pricing,https://drivewayzusa.co/images/heroes/hero-roller-marks-fresh-asphalt.webp,https://drivewayzusa.co/guides/asphalt-driveway-cost-in-kansas-local-pricing/,alt=Fresh asphalt mat showing roller passes under bri…
2026-07-29T23:46:01.917829,asphalt-driveway-cost-in-kentucky-local-pricing,guides/asphalt-driveway-cost-in-kentucky-local-pricing/index.html,injected,Asphalt Driveway Cost in Kentucky: Local Pricing,https://drivewayzusa.co/images/heroes/hero-patched-tire-paths-asphalt.webp,https://drivewayzusa.co/guides/asphalt-driveway-cost-in-kentucky-local-pricing/,alt=Weathered asphalt drive with darker patches along…
2026-07-29T23:46:01.918668,asphalt-driveway-cost-in-louisiana-local-pricing,guides/asphalt-driveway-cost-in-louisiana-local-pricing/index.html,injected,Asphalt Driveway Cost in Louisiana: Local Pricing,https://drivewayzusa.co/images/heroes/hero-cracked-asphalt-crumbling-edges.webp,https://drivewayzusa.co/guides/asphalt-driveway-cost-in-louisiana-local-pricing/,alt=Cracked asphalt surface with crumbling edges in h…
2026-07-29T23:46:01.919327,asphalt-driveway-cost-in-maine-local-pricing,guides/asphalt-driveway-cost-in-maine-local-pricing/index.html,injected,Asphalt Driveway Cost in Maine: Local Pricing,https://drivewayzusa.co/images/heroes/hero-fresh-asphalt-rain-sheen.webp,https://drivewayzusa.co/guides/asphalt-driveway-cost-in-maine-local-pricing/,alt=Fresh black asphalt glistening with a light sheen…
2026-07-29T23:46:01.919769,asphalt-driveway-cost-in-maryland-local-pricing,guides/asphalt-driveway-cost-in-maryland-local-pricing/index.html,injected,Asphalt Driveway Cost in Maryland: Local Pricing,https://drivewayzusa.co/images/heroes/hero-new-asphalt-curb-apron.webp,https://drivewayzusa.co/guides/asphalt-driveway-cost-in-maryland-local-pricing/,alt=New asphalt apron sloping toward a concrete curb …
2026-07-29T23:46:01.920188,asphalt-driveway-cost-in-massachusetts-local-pricing,guides/asphalt-driveway-cost-in-massachusetts-local-pricing/index.html,injected,Asphalt Driveway Cost in Massachusetts: Local Pricing,https://drivewayzusa.co/images/heroes/hero-grass-edged-weathered-asphalt.webp,https://drivewayzusa.co/guides/asphalt-driveway-cost-in-massachusetts-local-pricing/,alt=Weathered asphalt surface bordered by creeping gr…
2026-07-29T23:46:01.920575,asphalt-driveway-cost-in-michigan-local-pricing,guides/asphalt-driveway-cost-in-michigan-local-pricing/index.html,injected,Asphalt Driveway Cost in Michigan: Local Pricing,https://drivewayzusa.co/images/heroes/hero-crack-sealant-ribbon-damp.webp,https://drivewayzusa.co/guides/asphalt-driveway-cost-in-michigan-local-pricing/,alt=Glossy crack sealant ribbon crossing a damp aspha…
2026-07-29T23:46:01.920956,asphalt-driveway-cost-in-minnesota-local-pricing,guides/asphalt-driveway-cost-in-minnesota-local-pricing/index.html,injected,Asphalt Driveway Cost in Minnesota: Local Pricing,https://drivewayzusa.co/images/heroes/hero-cracked-drive-bright-sun.webp,https://drivewayzusa.co/guides/asphalt-driveway-cost-in-minnesota-local-pricing/,alt=Cracked asphalt drive catching hard shadows under…
2026-07-29T23:46:01.921410,asphalt-driveway-cost-in-mississippi-local-pricing,guides/asphalt-driveway-cost-in-mississippi-local-pricing/index.html,injected,Asphalt Driveway Cost in Mississippi: Local Pricing,https://drivewayzusa.co/images/heroes/hero-fresh-asphalt-sawn-edge.webp,https://drivewayzusa.co/guides/asphalt-driveway-cost-in-mississippi-local-pricing/,alt=Fresh asphalt surface with a clean sawn edge unde…
2026-07-29T23:46:01.921943,asphalt-driveway-cost-in-missouri-local-pricing,guides/asphalt-driveway-cost-in-missouri-local-pricing/index.html,injected,Asphalt Driveway Cost in Missouri: Local Pricing,https://drivewayzusa.co/images/heroes/hero-fresh-asphalt-mat-overcast.webp,https://drivewayzusa.co/guides/asphalt-driveway-cost-in-missouri-local-pricing/,alt=Freshly laid asphalt mat steaming gently under a …
2026-07-29T23:46:01.922322,asphalt-driveway-cost-in-montana-local-pricing,guides/asphalt-driveway-cost-in-montana-local-pricing/index.html,injected,Asphalt Driveway Cost in Montana: Local Pricing,https://drivewayzusa.co/images/heroes/hero-asphalt-drive-open-fields.webp,https://drivewayzusa.co/guides/asphalt-driveway-cost-in-montana-local-pricing/,alt=Smooth asphalt drive stretching toward open field…
2026-07-29T23:46:01.922693,asphalt-driveway-cost-in-nebraska-local-pricing,guides/asphalt-driveway-cost-in-nebraska-local-pricing/index.html,injected,Asphalt Driveway Cost in Nebraska: Local Pricing,https://drivewayzusa.co/images/heroes/hero-faded-asphalt-exposed-stones.webp,https://drivewayzusa.co/guides/asphalt-driveway-cost-in-nebraska-local-pricing/,alt=Weathered asphalt pavement with exposed stones un…
2026-07-29T23:46:01.923068,asphalt-driveway-cost-in-nevada-local-pricing,guides/asphalt-driveway-cost-in-nevada-local-pricing/index.html,injected,Asphalt Driveway Cost in Nevada: Local Pricing,https://drivewayzusa.co/images/heroes/hero-sun-baked-asphalt-frontage.webp,https://drivewayzusa.co/guides/asphalt-driveway-cost-in-nevada-local-pricing/,alt=Sun baked asphalt drive leading to a suburban gar…
2026-07-29T23:46:01.923439,asphalt-driveway-cost-in-new-hampshire-local-pricing,guides/asphalt-driveway-cost-in-new-hampshire-local-pricing/index.html,injected,Asphalt Driveway Cost in New Hampshire: Local Pricing,https://drivewayzusa.co/images/heroes/hero-asphalt-edge-form-boards.webp,https://drivewayzusa.co/guides/asphalt-driveway-cost-in-new-hampshire-local-pricing/,alt=Fresh asphalt edge tucked against wooden form boa…
2026-07-29T23:46:01.923855,asphalt-driveway-cost-in-new-jersey-local-pricing,guides/asphalt-driveway-cost-in-new-jersey-local-pricing/index.html,injected,Asphalt Driveway Cost in New Jersey: Local Pricing,https://drivewayzusa.co/images/heroes/hero-sealed-asphalt-wet-sheen.webp,https://drivewayzusa.co/guides/asphalt-driveway-cost-in-new-jersey-local-pricing/,alt=Sealed asphalt pavement glistening with rain wate…
2026-07-29T23:46:01.924261,asphalt-driveway-cost-in-new-mexico-local-pricing,guides/asphalt-driveway-cost-in-new-mexico-local-pricing/index.html,injected,Asphalt Driveway Cost in New Mexico: Local Pricing,https://drivewayzusa.co/images/heroes/hero-cracked-asphalt-dry-grass.webp,https://drivewayzusa.co/guides/asphalt-driveway-cost-in-new-mexico-local-pricing/,alt=Cracked asphalt lane bordered by dry grass in war…
2026-07-29T23:46:01.924651,asphalt-driveway-cost-in-new-york-local-pricing,guides/asphalt-driveway-cost-in-new-york-local-pricing/index.html,injected,Asphalt Driveway Cost in New York: Local Pricing,https://drivewayzusa.co/images/heroes/hero-asphalt-patch-repair-closeup.webp,https://drivewayzusa.co/guides/asphalt-driveway-cost-in-new-york-local-pricing/,alt=Fresh patch repair standing out on older asphalt …
2026-07-29T23:46:01.925186,asphalt-driveway-cost-in-north-carolina-local-pricing,guides/asphalt-driveway-cost-in-north-carolina-local-pricing/index.html,injected,Asphalt Driveway Cost in North Carolina: A Complete Guide for Tar-Heel Homeowners,https://drivewayzusa.co/images/heroes/hero-curved-asphalt-drive-midday.webp,https://drivewayzusa.co/guides/asphalt-driveway-cost-in-north-carolina-local-pricing/,alt=New asphalt drive curving toward a brick home und…
2026-07-29T23:46:01.925720,asphalt-driveway-cost-in-north-dakota-local-pricing,guides/asphalt-driveway-cost-in-north-dakota-local-pricing/index.html,injected,Asphalt Driveway Cost in North Dakota: A Complete Local Pricing Guide,https://drivewayzusa.co/images/heroes/hero-straight-asphalt-rural-lane.webp,https://drivewayzusa.co/guides/asphalt-driveway-cost-in-north-dakota-local-pricing/,alt=Straight asphalt lane crossing flat open land und…
2026-07-29T23:46:01.926330,asphalt-driveway-cost-in-oklahoma-local-pricing,guides/asphalt-driveway-cost-in-oklahoma-local-pricing/index.html,injected,Asphalt Driveway Cost in Oklahoma: Local Pricing,https://drivewayzusa.co/images/heroes/hero-asphalt-crack-filler-line.webp,https://drivewayzusa.co/guides/asphalt-driveway-cost-in-oklahoma-local-pricing/,alt=Dark crack filler tracing a repaired line across …
2026-07-29T23:46:01.927023,asphalt-driveway-cost-in-oregon-local-pricing,guides/asphalt-driveway-cost-in-oregon-local-pricing/index.html,injected,Asphalt Driveway Cost in Oregon: Local Pricing,https://drivewayzusa.co/images/heroes/hero-rain-beaded-asphalt-closeup.webp,https://drivewayzusa.co/guides/asphalt-driveway-cost-in-oregon-local-pricing/,alt=Rain beads dotting a weathered asphalt surface in…
2026-07-29T23:46:01.927644,asphalt-driveway-cost-in-pennsylvania-local-pricing,guides/asphalt-driveway-cost-in-pennsylvania-local-pricing/index.html,injected,Asphalt Driveway Cost in Pennsylvania: Local Pricing Guide for 2026,https://drivewayzusa.co/images/heroes/hero-asphalt-lute-fresh-mat.webp,https://drivewayzusa.co/guides/asphalt-driveway-cost-in-pennsylvania-local-pricing/,alt=Asphalt lute resting on a freshly spread blacktop…
2026-07-29T23:46:01.928161,asphalt-driveway-cost-in-rhode-island-local-pricing,guides/asphalt-driveway-cost-in-rhode-island-local-pricing/index.html,injected,Asphalt Driveway Cost in Rhode Island: Local Pricing,https://drivewayzusa.co/images/heroes/hero-short-sealed-asphalt-drive.webp,https://drivewayzusa.co/guides/asphalt-driveway-cost-in-rhode-island-local-pricing/,alt=Short sealed asphalt drive beside a modest clapbo…
2026-07-29T23:46:01.928683,asphalt-driveway-cost-in-south-carolina-local-pricing,guides/asphalt-driveway-cost-in-south-carolina-local-pricing/index.html,injected,Asphalt Driveway Cost in South Carolina: Local Pricing,https://drivewayzusa.co/images/heroes/hero-roller-marked-fresh-asphalt.webp,https://drivewayzusa.co/guides/asphalt-driveway-cost-in-south-carolina-local-pricing/,alt=Fresh asphalt showing soft roller marks in warm e…
2026-07-29T23:46:01.929248,asphalt-driveway-cost-in-south-dakota-local-pricing,guides/asphalt-driveway-cost-in-south-dakota-local-pricing/index.html,injected,Asphalt Driveway Cost in South Dakota: Local Pricing,https://drivewayzusa.co/images/heroes/hero-weathered-asphalt-fence-posts.webp,https://drivewayzusa.co/guides/asphalt-driveway-cost-in-south-dakota-local-pricing/,alt=Weathered asphalt lane running beside fence posts…
2026-07-29T23:46:01.929798,asphalt-driveway-cost-in-tennessee-local-pricing,guides/asphalt-driveway-cost-in-tennessee-local-pricing/index.html,injected,Asphalt Driveway Cost in Tennessee: Local Pricing,https://drivewayzusa.co/images/heroes/hero-crumbling-asphalt-edge-closeup.webp,https://drivewayzusa.co/guides/asphalt-driveway-cost-in-tennessee-local-pricing/,alt=Crumbling asphalt edge with loose gravel under fl…
2026-07-29T23:46:01.930296,asphalt-driveway-cost-in-texas-local-pricing,guides/asphalt-driveway-cost-in-texas-local-pricing/index.html,injected,Asphalt Driveway Cost in Texas: Local Pricing,https://drivewayzusa.co/images/heroes/hero-wide-asphalt-drive-midday.webp,https://drivewayzusa.co/guides/asphalt-driveway-cost-in-texas-local-pricing/,alt=Wide new asphalt drive in front of a single story…
2026-07-29T23:46:01.930759,asphalt-driveway-cost-in-utah-local-pricing,guides/asphalt-driveway-cost-in-utah-local-pricing/index.html,injected,Asphalt Driveway Cost in Utah: Local Pricing,https://drivewayzusa.co/images/heroes/hero-old-new-asphalt-joint.webp,https://drivewayzusa.co/guides/asphalt-driveway-cost-in-utah-local-pricing/,alt=Joint where new asphalt meets older pavement afte…
2026-07-29T23:46:01.931228,asphalt-driveway-cost-in-vermont-local-pricing,guides/asphalt-driveway-cost-in-vermont-local-pricing/index.html,injected,Asphalt Driveway Cost in Vermont: Local Pricing,https://drivewayzusa.co/images/heroes/hero-asphalt-lane-fallen-leaves.webp,https://drivewayzusa.co/guides/asphalt-driveway-cost-in-vermont-local-pricing/,alt=Weathered asphalt lane scattered with fallen leav…
2026-07-29T23:46:01.931637,asphalt-driveway-cost-in-virginia-local-pricing,guides/asphalt-driveway-cost-in-virginia-local-pricing/index.html,injected,Asphalt Driveway Cost in Virginia: Local Pricing,https://drivewayzusa.co/images/heroes/hero-clean-edged-sealed-drive.webp,https://drivewayzusa.co/guides/asphalt-driveway-cost-in-virginia-local-pricing/,alt=Freshly sealed asphalt drive with crisp edges in …
2026-07-29T23:46:01.932019,asphalt-driveway-cost-in-washington-local-pricing,guides/asphalt-driveway-cost-in-washington-local-pricing/index.html,injected,Asphalt Driveway Cost in Washington: Local Pricing,https://drivewayzusa.co/images/heroes/hero-wet-asphalt-gray-reflection.webp,https://drivewayzusa.co/guides/asphalt-driveway-cost-in-washington-local-pricing/,alt=Wet asphalt surface reflecting a cloudy sky after…
2026-07-29T23:46:01.932401,asphalt-driveway-cost-in-west-virginia-local-pricing,guides/asphalt-driveway-cost-in-west-virginia-local-pricing/index.html,injected,Asphalt Driveway Cost in West Virginia: Local Pricing,https://drivewayzusa.co/images/heroes/hero-cracked-asphalt-exposed-aggregate-stones.webp,https://drivewayzusa.co/guides/asphalt-driveway-cost-in-west-virginia-local-pricing/,alt=Cracked asphalt closeup with exposed stones and w…
2026-07-29T23:46:01.932850,asphalt-driveway-cost-in-wisconsin-local-pricing,guides/asphalt-driveway-cost-in-wisconsin-local-pricing/index.html,injected,Asphalt Driveway Cost in Wisconsin: Local Pricing,https://drivewayzusa.co/images/heroes/hero-cold-patch-pothole-repair.webp,https://drivewayzusa.co/guides/asphalt-driveway-cost-in-wisconsin-local-pricing/,alt=Cold patch material filling a pothole in worn asp…
2026-07-29T23:46:01.933295,asphalt-driveway-cost-in-wyoming-local-pricing,guides/asphalt-driveway-cost-in-wyoming-local-pricing/index.html,injected,Asphalt Driveway Cost in Wyoming: Local Pricing,https://drivewayzusa.co/images/heroes/hero-asphalt-ribbon-open-horizon.webp,https://drivewayzusa.co/guides/asphalt-driveway-cost-in-wyoming-local-pricing/,alt=New asphalt ribbon running straight toward an ope…
2026-07-29T23:46:01.935517,asphalt-driveway-cost-per-square-foot-guide,guides/asphalt-driveway-cost-per-square-foot-guide/index.html,injected,Asphalt Driveway Cost per Square Foot Guide,https://drivewayzusa.co/images/heroes/hero-asphalt-fine-aggregate-texture.webp,https://drivewayzusa.co/guides/asphalt-driveway-cost-per-square-foot-guide/,alt=Close view of fresh black asphalt with fine aggre…
2026-07-29T23:46:01.936161,asphalt-driveway-crack-repair-diy-methods-that-work,guides/asphalt-driveway-crack-repair-diy-methods-that-work/index.html,injected,Asphalt Driveway Crack Repair: DIY Methods That Work,https://drivewayzusa.co/images/heroes/hero-asphalt-crack-sealant-line.webp,https://drivewayzusa.co/guides/asphalt-driveway-crack-repair-diy-methods-that-work/,alt=Narrow blacktop fissure sealed with a fresh seala…
2026-07-29T23:46:01.936705,asphalt-driveway-installation-step-by-step-guide,guides/asphalt-driveway-installation-step-by-step-guide/index.html,injected,Asphalt Driveway Installation Step-by-Step Guide,https://drivewayzusa.co/images/heroes/hero-fresh-asphalt-mat-screed-edge.webp,https://drivewayzusa.co/guides/asphalt-driveway-installation-step-by-step-guide/,alt=Fresh black asphalt mat with a straight screed ed…
2026-07-29T23:46:01.937125,asphalt-driveway-lifespan-factors-that-affect-longevity,guides/asphalt-driveway-lifespan-factors-that-affect-longevity/index.html,injected,Asphalt Driveway Lifespan,https://drivewayzusa.co/images/heroes/hero-weathered-asphalt-faded-frontage.webp,https://drivewayzusa.co/guides/asphalt-driveway-lifespan-factors-that-affect-longevity/,alt=Faded weathered asphalt drive under warm evening …
2026-07-29T23:46:01.937521,asphalt-driveway-thickness-residential-vs-commercial,guides/asphalt-driveway-thickness-residential-vs-commercial/index.html,injected,Asphalt Driveway Thickness: Residential vs Commercial,https://drivewayzusa.co/images/heroes/hero-asphalt-layer-edge-profile.webp,https://drivewayzusa.co/guides/asphalt-driveway-thickness-residential-vs-commercial/,alt=Low view of an asphalt edge showing compacted lay…
2026-07-29T23:46:01.937888,asphalt-oil-price-impact-on-driveway-costs,guides/asphalt-oil-price-impact-on-driveway-costs/index.html,injected,Asphalt Oil Price Impact on Driveway Costs,https://drivewayzusa.co/images/heroes/hero-asphalt-sealcoat-roller-marks.webp,https://drivewayzusa.co/guides/asphalt-oil-price-impact-on-driveway-costs/,alt=Sealcoated asphalt surface with visible roller ma…
2026-07-29T23:46:01.938401,asphalt-overlay-costs-and-considerations,guides/asphalt-overlay-costs-and-considerations/index.html,injected,Asphalt Overlay: Costs and Considerations,https://drivewayzusa.co/images/heroes/hero-overlay-meets-old-asphalt.webp,https://drivewayzusa.co/guides/asphalt-overlay-costs-and-considerations/,alt=New asphalt mat meeting an older worn blacktop su…
2026-07-29T23:46:01.938798,asphalt-overlay-on-concrete-driveway-can-it-be-done,guides/asphalt-overlay-on-concrete-driveway-can-it-be-done/index.html,injected,Asphalt Overlay on Concrete Driveway: Can It Be Done?,https://drivewayzusa.co/images/heroes/hero-asphalt-overlay-concrete-joint.webp,https://drivewayzusa.co/guides/asphalt-overlay-on-concrete-driveway-can-it-be-done/,alt=Wet fresh blacktop laid against pale concrete at …
2026-07-29T23:46:01.939412,asphalt-rejuvenator-products-review,guides/asphalt-rejuvenator-products-review/index.html,injected,Best Asphalt Rejuvenator Products Reviewed (2026),https://drivewayzusa.co/images/heroes/hero-faded-gray-asphalt-closeup.webp,https://drivewayzusa.co/guides/asphalt-rejuvenator-products-review/,alt=Faded gray asphalt surface with worn aggregate un…
2026-07-29T23:46:01.939810,asphalt-sealing-best-products-and-application-tips,guides/asphalt-sealing-best-products-and-application-tips/index.html,injected,Asphalt Sealing: Best Products and Application Tips,https://drivewayzusa.co/images/heroes/hero-sealcoat-brush-strokes-blacktop.webp,https://drivewayzusa.co/guides/asphalt-sealing-best-products-and-application-tips/,alt=Sealcoat brush strokes glistening across a damp b…
2026-07-29T23:46:01.940219,asphalt-vs-concrete-in-hot-climates-heat-and-uv-resistance,guides/asphalt-vs-concrete-in-hot-climates-heat-and-uv-resistance/index.html,injected,Asphalt vs Concrete in Hot Climates,https://drivewayzusa.co/images/heroes/hero-half-asphalt-half-concrete.webp,https://drivewayzusa.co/guides/asphalt-vs-concrete-in-hot-climates-heat-and-uv-resistance/,alt=Sunlit frontage split between dark blacktop and p…
2026-07-29T23:46:01.940599,asphalt-vs-gravel-driveway-long-term-cost-analysis,guides/asphalt-vs-gravel-driveway-long-term-cost-analysis/index.html,injected,Asphalt vs Gravel Driveway: Long-Term Cost Analysis for Smart Homeowners,https://drivewayzusa.co/images/heroes/hero-asphalt-edge-meets-gravel.webp,https://drivewayzusa.co/guides/asphalt-vs-gravel-driveway-long-term-cost-analysis/,alt=Blacktop edge meeting loose gravel shoulder on a …
2026-07-29T23:46:01.940973,average-driveway-replacement-cost-by-material,guides/average-driveway-replacement-cost-by-material/index.html,injected,Average Driveway Replacement Cost by Material,https://drivewayzusa.co/images/heroes/hero-broken-concrete-slab-edge.webp,https://drivewayzusa.co/guides/average-driveway-replacement-cost-by-material/,alt=Broken gray concrete slabs with jagged edges awai…
2026-07-29T23:46:01.941426,basalt-driveway,guides/basalt-driveway/index.html,injected,Basalt Driveway: A Durable and Stylish Choice for Modern Homes,https://drivewayzusa.co/images/heroes/hero-dark-basalt-paver-drive.webp,https://drivewayzusa.co/guides/basalt-driveway/,alt=Dark basalt pavers in neat rows at a home entranc…
2026-07-29T23:46:01.941929,before-and-after-driveway-renovation-photo-gallery-ideas,guides/before-and-after-driveway-renovation-photo-gallery-ideas/index.html,injected,Before and After Driveway Renovation,https://drivewayzusa.co/images/heroes/hero-concrete-half-resurfaced-drive.webp,https://drivewayzusa.co/guides/before-and-after-driveway-renovation-photo-gallery-ideas/,alt=Drive partly resurfaced with smooth fresh concret…
2026-07-29T23:46:01.942434,best-asphalt-driveway-sealer-top-products-for-2026,guides/best-asphalt-driveway-sealer-top-products-for-2026/index.html,injected,Best Asphalt Driveway Sealer: Top Products for 2026,https://drivewayzusa.co/images/heroes/hero-freshly-sealed-asphalt-sheen.webp,https://drivewayzusa.co/guides/best-asphalt-driveway-sealer-top-products-for-2026/,alt=Freshly sealed asphalt driveway surface with a da…
2026-07-29T23:46:01.942956,best-budget-driveway-for-clay-soil,guides/best-budget-driveway-for-clay-soil/index.html,injected,Best Budget Driveway for Clay Soil,https://drivewayzusa.co/images/heroes/hero-gravel-drive-clay-verge.webp,https://drivewayzusa.co/guides/best-budget-driveway-for-clay-soil/,alt=Gravel lane edged with a bare clay verge under gr…
2026-07-29T23:46:01.943516,best-budget-driveway-for-coastal-homes,guides/best-budget-driveway-for-coastal-homes/index.html,injected,Best Budget Driveway for Coastal Homes,https://drivewayzusa.co/images/heroes/hero-shell-gravel-frontage.webp,https://drivewayzusa.co/guides/best-budget-driveway-for-coastal-homes/,alt=Crushed shell and gravel frontage in bright midda…
2026-07-29T23:46:01.944056,best-budget-driveway-for-sandy-soil,guides/best-budget-driveway-for-sandy-soil/index.html,injected,Best Budget Driveway for Sandy Soil,https://drivewayzusa.co/images/heroes/hero-gravel-drive-sandy-shoulder.webp,https://drivewayzusa.co/guides/best-budget-driveway-for-sandy-soil/,alt=Low view of a gravel track with sandy shoulder at…
2026-07-29T23:46:01.944939,best-budget-driveway-for-steep-driveways,guides/best-budget-driveway-for-steep-driveways/index.html,injected,Best Budget Driveway for Steep Driveways,https://drivewayzusa.co/images/hero-best-budget-driveway-steep.webp,https://drivewayzusa.co/guides/best-budget-driveway-for-steep-driveways/,alt=Best budget driveway for steep driveways — Drivew…
2026-07-29T23:46:01.945362,best-budget-driveway-material-for-heavy-snow-regions,guides/best-budget-driveway-material-for-heavy-snow-regions/index.html,injected,Best Budget Driveway Material for Heavy Snow Regions,https://drivewayzusa.co/images/heroes/hero-broomed-concrete-snow-dusting.webp,https://drivewayzusa.co/guides/best-budget-driveway-material-for-heavy-snow-regions/,alt=Weathered broom finished concrete dusted with lig…
2026-07-29T23:46:01.945722,best-budget-driveway-material-for-hot-climates,guides/best-budget-driveway-material-for-hot-climates/index.html,injected,Best Budget Driveway Material for Hot Climates,https://drivewayzusa.co/images/heroes/hero-gravel-lane-dry-sun.webp,https://drivewayzusa.co/guides/best-budget-driveway-material-for-hot-climates/,alt=Worn gravel lane running straight through dry sun…
2026-07-29T23:46:01.946105,best-concrete-driveway-sealer-penetrating-vs-film-forming,guides/best-concrete-driveway-sealer-penetrating-vs-film-forming/index.html,injected,Best Concrete Driveway Sealer,https://drivewayzusa.co/images/heroes/hero-sealed-concrete-half-sheen.webp,https://drivewayzusa.co/guides/best-concrete-driveway-sealer-penetrating-vs-film-forming/,alt=Rain wet sealed concrete with half glossy half ma…
2026-07-29T23:46:01.946574,best-de-icing-products-for-driveways-salt-vs-chemical-vs-natural,guides/best-de-icing-products-for-driveways-salt-vs-chemical-vs-natural/index.html,injected,Best De-Icing Products for Driveways,https://drivewayzusa.co/images/heroes/hero-rock-salt-icy-concrete.webp,https://drivewayzusa.co/guides/best-de-icing-products-for-driveways-salt-vs-chemical-vs-natural/,alt=Rock salt granules scattered across an icy concre…
2026-07-29T23:46:01.946932,best-driveway-designs-on-pinterest-inspiration-board,guides/best-driveway-designs-on-pinterest-inspiration-board/index.html,injected,Best Driveway Designs on Pinterest: Inspiration Board,https://drivewayzusa.co/images/heroes/hero-paver-fan-pattern-frontage.webp,https://drivewayzusa.co/guides/best-driveway-designs-on-pinterest-inspiration-board/,alt=Pavers in a fan pattern curving toward a front en…
2026-07-29T23:46:01.947309,best-driveway-for-desert-heat-and-sun-exposure,guides/best-driveway-for-desert-heat-and-sun-exposure/index.html,injected,Best Driveway for Desert Heat and Sun Exposure,https://drivewayzusa.co/images/heroes/hero-faded-pale-concrete-sun.webp,https://drivewayzusa.co/guides/best-driveway-for-desert-heat-and-sun-exposure/,alt=Faded pale concrete drive under harsh bright midd…
2026-07-29T23:46:01.947736,best-driveway-for-florida-heat-and-humidity,guides/best-driveway-for-florida-heat-and-humidity/index.html,injected,Best Driveway for Florida Heat and Humidity,https://drivewayzusa.co/images/heroes/hero-damp-sealed-concrete-drive.webp,https://drivewayzusa.co/guides/best-driveway-for-florida-heat-and-humidity/,alt=Sealed concrete drive still damp after a passing …
2026-07-29T23:46:01.948168,best-driveway-for-rainy-and-wet-climates,guides/best-driveway-for-rainy-and-wet-climates/index.html,injected,Best Driveway for Rainy and Wet Climates,https://drivewayzusa.co/images/heroes/hero-permeable-paver-rain-joints.webp,https://drivewayzusa.co/guides/best-driveway-for-rainy-and-wet-climates/,alt=Permeable pavers with water draining through wide…
2026-07-29T23:46:01.948613,best-driveway-for-texas-heat-and-expansive-clay-soil,guides/best-driveway-for-texas-heat-and-expansive-clay-soil/index.html,injected,Best Driveway for Texas Heat and Expansive Clay Soil,https://drivewayzusa.co/images/heroes/hero-sun-baked-cracked-concrete.webp,https://drivewayzusa.co/guides/best-driveway-for-texas-heat-and-expansive-clay-soil/,alt=Sun baked concrete slab split by a jagged shrinka…
2026-07-29T23:46:01.949138,best-driveway-hoa-neighborhoods,guides/best-driveway-hoa-neighborhoods/index.html,injected,Best Driveway Materials for HOA Neighborhoods,https://drivewayzusa.co/images/heroes/hero-neat-sealed-paver-frontage.webp,https://drivewayzusa.co/guides/best-driveway-hoa-neighborhoods/,alt=Neatly sealed pavers in tidy rows beside a trimme…
2026-07-29T23:46:01.949617,best-driveway-luxury-homes,guides/best-driveway-luxury-homes/index.html,injected,Best Driveway Material for Luxury Homes: A Complete Guide,https://drivewayzusa.co/images/heroes/hero-cobblestone-curved-estate-drive.webp,https://drivewayzusa.co/guides/best-driveway-luxury-homes/,alt=Curving cobblestone drive in warm evening light b…
2026-07-29T23:46:01.950106,best-driveway-material-for-alabama-homes,guides/best-driveway-material-for-alabama-homes/index.html,injected,Best Driveway Material for Alabama Homes: A Complete Guide,https://drivewayzusa.co/images/heroes/hero-herringbone-paver-frontage.webp,https://drivewayzusa.co/guides/best-driveway-material-for-alabama-homes/,alt=Herringbone paver driveway in front of a brick ho…
2026-07-29T23:46:01.950600,best-driveway-material-for-alaska-homes,guides/best-driveway-material-for-alaska-homes/index.html,injected,Best Driveway Material for Alaska Homes,https://drivewayzusa.co/images/heroes/hero-sealed-asphalt-snow-cleared-edges.webp,https://drivewayzusa.co/guides/best-driveway-material-for-alaska-homes/,alt=Sealed asphalt drive with cleared snow piled alon…
2026-07-29T23:46:01.951073,best-driveway-material-for-arizona-homes,guides/best-driveway-material-for-arizona-homes/index.html,injected,Best Driveway Material for Arizona Homes,https://drivewayzusa.co/images/heroes/hero-pale-concrete-drive-bright-sun.webp,https://drivewayzusa.co/guides/best-driveway-material-for-arizona-homes/,alt=Pale broomed concrete drive under harsh bright mi…
2026-07-29T23:46:01.951803,best-driveway-material-for-arkansas-homes,guides/best-driveway-material-for-arkansas-homes/index.html,injected,Best Driveway Material for Arkansas Homes,https://drivewayzusa.co/images/heroes/hero-damp-asphalt-drive-rain-sheen.webp,https://drivewayzusa.co/guides/best-driveway-material-for-arkansas-homes/,alt=Damp asphalt drive glistening with rain sheen und…
2026-07-29T23:46:01.952469,best-driveway-material-for-california-homes,guides/best-driveway-material-for-california-homes/index.html,injected,Best Driveway Material for California Homes: A Practical Guide for Long-Term Performance,https://drivewayzusa.co/images/heroes/hero-sunlit-concrete-drive-entry.webp,https://drivewayzusa.co/guides/best-driveway-material-for-california-homes/,alt=Sunlit concrete driveway curving toward a garage …
2026-07-29T23:46:01.953040,best-driveway-material-for-clay-soil-longevity-focus,guides/best-driveway-material-for-clay-soil-longevity-focus/index.html,injected,Best Driveway Material for Clay Soil (Longevity Focus),https://drivewayzusa.co/images/heroes/hero-compacted-gravel-base-clay-subgrade.webp,https://drivewayzusa.co/guides/best-driveway-material-for-clay-soil-longevity-focus/,alt=Compacted gravel base layer spread over excavated…
2026-07-29T23:46:01.953522,best-driveway-material-for-coastal-and-salt-air-environments,guides/best-driveway-material-for-coastal-and-salt-air-environments/index.html,injected,Best Driveway Material for Coastal and Salt Air Environments,https://drivewayzusa.co/images/heroes/hero-salt-stained-weathered-concrete.webp,https://drivewayzusa.co/guides/best-driveway-material-for-coastal-and-salt-air-environments/,alt=Weathered concrete driveway edges stained pale by…
2026-07-29T23:46:01.953966,best-driveway-material-for-colorado-homes,guides/best-driveway-material-for-colorado-homes/index.html,injected,Choosing the Best Driveway Material for Colorado Homes,https://drivewayzusa.co/images/heroes/hero-paver-drive-snow-dusted-joints.webp,https://drivewayzusa.co/guides/best-driveway-material-for-colorado-homes/,alt=Interlocking paver drive with light snow dusting …
2026-07-29T23:46:01.954466,best-driveway-material-for-connecticut-homes,guides/best-driveway-material-for-connecticut-homes/index.html,injected,Best Driveway Material for Connecticut Homes,https://drivewayzusa.co/images/heroes/hero-cobblestone-apron-meets-asphalt-drive.webp,https://drivewayzusa.co/guides/best-driveway-material-for-connecticut-homes/,alt=Weathered cobblestone apron meeting smooth asphal…
2026-07-29T23:46:01.954936,best-driveway-material-for-delaware-homes,guides/best-driveway-material-for-delaware-homes/index.html,injected,Best Driveway Material for Delaware Homes,https://drivewayzusa.co/images/heroes/hero-resin-bound-pebble-surface-detail.webp,https://drivewayzusa.co/guides/best-driveway-material-for-delaware-homes/,alt=Smooth resin bound pebble surface with even stone…
2026-07-29T23:46:01.955447,best-driveway-material-for-florida-homes,guides/best-driveway-material-for-florida-homes/index.html,injected,Best Driveway Material for Florida Homes,https://drivewayzusa.co/images/heroes/hero-broomed-concrete-expansion-joints.webp,https://drivewayzusa.co/guides/best-driveway-material-for-florida-homes/,alt=Broom-finished concrete driveway with clean expan…
2026-07-29T23:46:01.955891,best-driveway-material-for-georgia-homes,guides/best-driveway-material-for-georgia-homes/index.html,injected,Best Driveway Material for Georgia Homes,https://drivewayzusa.co/images/heroes/hero-new-concrete-drive-tree-shade.webp,https://drivewayzusa.co/guides/best-driveway-material-for-georgia-homes/,alt=Fresh concrete drive shaded by overhanging tree b…
2026-07-29T23:46:01.956289,best-driveway-material-for-hawaii-homes,guides/best-driveway-material-for-hawaii-homes/index.html,injected,Best Driveway Material for Hawaii Homes: A Complete Guide,https://drivewayzusa.co/images/heroes/hero-rain-washed-concrete-drive-puddles.webp,https://drivewayzusa.co/guides/best-driveway-material-for-hawaii-homes/,alt=Rain washed concrete drive with shallow puddles a…
2026-07-29T23:46:01.956808,best-driveway-material-for-heavy-snow-regions-longevity-focus,guides/best-driveway-material-for-heavy-snow-regions-longevity-focus/index.html,injected,Best Driveway Material for Heavy Snow Regions,https://drivewayzusa.co/images/heroes/hero-wet-sealed-concrete-drive.webp,https://drivewayzusa.co/guides/best-driveway-material-for-heavy-snow-regions-longevity-focus/,alt=Sealed concrete driveway glistening wet under a g…
2026-07-29T23:46:01.957331,best-driveway-material-for-high-water-table-areas,guides/best-driveway-material-for-high-water-table-areas/index.html,injected,Best Driveway Material for High Water Table Areas,https://drivewayzusa.co/images/heroes/hero-open-graded-gravel-drainage-base.webp,https://drivewayzusa.co/guides/best-driveway-material-for-high-water-table-areas/,alt=Open graded gravel drainage base raked level befo…
2026-07-29T23:46:01.957814,best-driveway-material-for-hot-climates-longevity-focus,guides/best-driveway-material-for-hot-climates-longevity-focus/index.html,injected,Best Driveway Material for Hot Climates,https://drivewayzusa.co/images/heroes/hero-brick-pavers-harsh-midday-sun.webp,https://drivewayzusa.co/guides/best-driveway-material-for-hot-climates-longevity-focus/,alt=Brick paver driveway in full harsh midday sun bef…
2026-07-29T23:46:01.958308,best-driveway-material-for-idaho-homes,guides/best-driveway-material-for-idaho-homes/index.html,injected,Best Driveway Material for Idaho Homes: A Practical Guide,https://drivewayzusa.co/images/heroes/hero-gravel-drive-ranch-gate-approach.webp,https://drivewayzusa.co/guides/best-driveway-material-for-idaho-homes/,alt=Weathered gravel drive stretching toward a simple…
2026-07-29T23:46:01.958856,best-driveway-material-for-illinois-homes,guides/best-driveway-material-for-illinois-homes/index.html,injected,Best Driveway Material for Illinois Homes,https://drivewayzusa.co/images/heroes/hero-weathered-clay-paver-drive.webp,https://drivewayzusa.co/guides/best-driveway-material-for-illinois-homes/,alt=Weathered clay paver driveway with faded joints u…
2026-07-29T23:46:01.959421,best-driveway-material-for-indiana-homes,guides/best-driveway-material-for-indiana-homes/index.html,injected,Best Driveway Material for Indiana Homes,https://drivewayzusa.co/images/heroes/hero-sealed-asphalt-drive-evening-light.webp,https://drivewayzusa.co/guides/best-driveway-material-for-indiana-homes/,alt=Freshly sealed asphalt drive glowing in warm even…
2026-07-29T23:46:01.959991,best-driveway-material-for-iowa-homes,guides/best-driveway-material-for-iowa-homes/index.html,injected,Best Driveway Material for Iowa Homes,https://drivewayzusa.co/images/heroes/hero-wide-new-concrete-front-drive.webp,https://drivewayzusa.co/guides/best-driveway-material-for-iowa-homes/,alt=Wide new concrete front drive with clean sawn con…
2026-07-29T23:46:01.960632,best-driveway-material-for-kansas-homes,guides/best-driveway-material-for-kansas-homes/index.html,injected,Best Driveway Material for Kansas Homes,https://drivewayzusa.co/images/heroes/hero-chip-seal-gravel-shoulder-detail.webp,https://drivewayzusa.co/guides/best-driveway-material-for-kansas-homes/,alt=Chip seal surface with loose gravel shoulder at c…
2026-07-29T23:46:01.961130,best-driveway-material-for-kentucky-homes,guides/best-driveway-material-for-kentucky-homes/index.html,injected,Best Driveway Material for Kentucky Homes,https://drivewayzusa.co/images/heroes/hero-weathered-cobblestone-moss-joints.webp,https://drivewayzusa.co/guides/best-driveway-material-for-kentucky-homes/,alt=Weathered cobblestone driveway with moss-filled j…
2026-07-29T23:46:01.961553,best-driveway-material-for-louisiana-homes,guides/best-driveway-material-for-louisiana-homes/index.html,injected,Best Driveway Material for Louisiana Homes,https://drivewayzusa.co/images/heroes/hero-cracked-asphalt-standing-water.webp,https://drivewayzusa.co/guides/best-driveway-material-for-louisiana-homes/,alt=Cracked asphalt drive holding shallow pools of st…
2026-07-29T23:46:01.961959,best-driveway-material-for-maine-homes,guides/best-driveway-material-for-maine-homes/index.html,injected,Best Driveway Material for Maine Homes,https://drivewayzusa.co/images/heroes/hero-gravel-drive-stone-edging.webp,https://drivewayzusa.co/guides/best-driveway-material-for-maine-homes/,alt=Weathered gravel drive bordered by rough cut ston…
2026-07-29T23:46:01.962389,best-driveway-material-for-maryland-homes,guides/best-driveway-material-for-maryland-homes/index.html,injected,Best Driveway Material for Maryland Homes,https://drivewayzusa.co/images/heroes/hero-sealed-brick-paver-entry-drive.webp,https://drivewayzusa.co/guides/best-driveway-material-for-maryland-homes/,alt=Sealed brick paver drive reflecting warm late aft…
2026-07-29T23:46:01.962768,best-driveway-material-for-massachusetts-homes,guides/best-driveway-material-for-massachusetts-homes/index.html,injected,Best Driveway Material for Massachusetts Homes,https://drivewayzusa.co/images/heroes/hero-tumbled-paver-surface-closeup.webp,https://drivewayzusa.co/guides/best-driveway-material-for-massachusetts-homes/,alt=Tumbled concrete pavers with softened edges and t…
2026-07-29T23:46:01.963141,best-driveway-material-for-michigan-homes,guides/best-driveway-material-for-michigan-homes/index.html,injected,Best Driveway Material for Michigan Homes,https://drivewayzusa.co/images/heroes/hero-cracked-asphalt-rain-patches.webp,https://drivewayzusa.co/guides/best-driveway-material-for-michigan-homes/,alt=Cracked asphalt driveway with rain-darkened patch…
2026-07-29T23:46:01.963589,best-driveway-material-for-minnesota-homes,guides/best-driveway-material-for-minnesota-homes/index.html,injected,Best Driveway Material for Minnesota Homes?,https://drivewayzusa.co/images/heroes/hero-frost-cracked-concrete-panel-closeup.webp,https://drivewayzusa.co/guides/best-driveway-material-for-minnesota-homes/,alt=Frost cracked concrete panel with fine lines acro…
2026-07-29T23:46:01.964079,best-driveway-material-for-missouri-homes,guides/best-driveway-material-for-missouri-homes/index.html,injected,Best Driveway Material for Missouri Homes: A Complete Guide,https://drivewayzusa.co/images/heroes/hero-new-asphalt-golden-hour.webp,https://drivewayzusa.co/guides/best-driveway-material-for-missouri-homes/,alt=Smooth new asphalt driveway glowing in warm eveni…
2026-07-29T23:46:01.964599,best-driveway-material-for-montana-homes,guides/best-driveway-material-for-montana-homes/index.html,injected,Best Driveway Material for Montana Homes,https://drivewayzusa.co/images/heroes/hero-freshly-graded-gravel-rural-drive.webp,https://drivewayzusa.co/guides/best-driveway-material-for-montana-homes/,alt=Freshly graded gravel drive curving through open …
2026-07-29T23:46:01.965103,best-driveway-material-for-nebraska-homes,guides/best-driveway-material-for-nebraska-homes/index.html,injected,Best Driveway Material for Nebraska Homes,https://drivewayzusa.co/images/heroes/hero-fresh-asphalt-mat-compaction.webp,https://drivewayzusa.co/guides/best-driveway-material-for-nebraska-homes/,alt=Fresh asphalt mat partially compacted with loose …
2026-07-29T23:46:01.965632,best-driveway-material-for-nevada-homes,guides/best-driveway-material-for-nevada-homes/index.html,injected,Best Driveway Material for Nevada Homes,https://drivewayzusa.co/images/heroes/hero-light-paver-drive-harsh-sun.webp,https://drivewayzusa.co/guides/best-driveway-material-for-nevada-homes/,alt=Light colored paver drive reflecting intense midd…
2026-07-29T23:46:01.966125,best-driveway-material-for-new-hampshire-homes,guides/best-driveway-material-for-new-hampshire-homes/index.html,injected,Best Driveway Material for New Hampshire Homes,https://drivewayzusa.co/images/heroes/hero-weathered-paver-front-entry.webp,https://drivewayzusa.co/guides/best-driveway-material-for-new-hampshire-homes/,alt=Weathered clay paver driveway leading to a front …
2026-07-29T23:46:01.966573,best-driveway-material-for-new-jersey-homes,guides/best-driveway-material-for-new-jersey-homes/index.html,injected,Best Driveway Material for New Jersey Homes,https://drivewayzusa.co/images/heroes/hero-concrete-drive-brick-edging-strip.webp,https://drivewayzusa.co/guides/best-driveway-material-for-new-jersey-homes/,alt=Sealed concrete drive framed by a single brick ed…
2026-07-29T23:46:01.967066,best-driveway-material-for-new-mexico-homes,guides/best-driveway-material-for-new-mexico-homes/index.html,injected,Best Driveway Material for New Mexico Homes,https://drivewayzusa.co/images/heroes/hero-decomposed-granite-rural-drive.webp,https://drivewayzusa.co/guides/best-driveway-material-for-new-mexico-homes/,alt=Decomposed granite drive winding past dry grass v…
2026-07-29T23:46:01.967704,best-driveway-material-for-new-york-homes,guides/best-driveway-material-for-new-york-homes/index.html,injected,Best Driveway Material for New York Homes,https://drivewayzusa.co/images/heroes/hero-stamped-concrete-sunset-glow.webp,https://drivewayzusa.co/guides/best-driveway-material-for-new-york-homes/,alt=Sealed stamped concrete driveway glowing in warm …
2026-07-29T23:46:01.968392,best-driveway-material-for-north-carolina-homes,guides/best-driveway-material-for-north-carolina-homes/index.html,injected,Best Driveway Material for North Carolina Homes,https://drivewayzusa.co/images/heroes/hero-cobblestone-drive-evening-glow.webp,https://drivewayzusa.co/guides/best-driveway-material-for-north-carolina-homes/,alt=Weathered cobblestone driveway catching warm even…
2026-07-29T23:46:01.969035,best-driveway-material-for-north-dakota-homes,guides/best-driveway-material-for-north-dakota-homes/index.html,injected,Best Driveway Material for North Dakota Homes,https://drivewayzusa.co/images/heroes/hero-concrete-drive-snow-cleared-path.webp,https://drivewayzusa.co/guides/best-driveway-material-for-north-dakota-homes/,alt=Weathered concrete drive with a cleared path thro…
2026-07-29T23:46:01.969593,best-driveway-material-for-ohio-homes,guides/best-driveway-material-for-ohio-homes/index.html,injected,Best Driveway Material for Ohio Homes,https://drivewayzusa.co/images/heroes/hero-smooth-concrete-suburban-drive.webp,https://drivewayzusa.co/guides/best-driveway-material-for-ohio-homes/,alt=Smooth concrete driveway leading to a suburban ga…
2026-07-29T23:46:01.970090,best-driveway-material-for-oklahoma-homes,guides/best-driveway-material-for-oklahoma-homes/index.html,injected,Best Driveway Material for Oklahoma Homes,https://drivewayzusa.co/images/heroes/hero-tan-paver-frontage-lawn.webp,https://drivewayzusa.co/guides/best-driveway-material-for-oklahoma-homes/,alt=Tan pavers lead past a neat lawn to a suburban ga…
2026-07-29T23:46:01.970726,best-driveway-material-for-oregon-homes,guides/best-driveway-material-for-oregon-homes/index.html,injected,Best Driveway Material for Oregon Homes,https://drivewayzusa.co/images/heroes/hero-smooth-concrete-overcast-frontage.webp,https://drivewayzusa.co/guides/best-driveway-material-for-oregon-homes/,alt=Smooth new concrete drive under an overcast sky b…
2026-07-29T23:46:01.971188,best-driveway-material-for-pennsylvania-homes,guides/best-driveway-material-for-pennsylvania-homes/index.html,injected,Best Driveway Material for Pennsylvania Homes,https://drivewayzusa.co/images/heroes/hero-fresh-asphalt-midday-frontage.webp,https://drivewayzusa.co/guides/best-driveway-material-for-pennsylvania-homes/,alt=Fresh asphalt drive in bright midday sun beside a…
2026-07-29T23:46:01.971644,best-driveway-material-for-resale-value,guides/best-driveway-material-for-resale-value/index.html,injected,Best Driveway Material for Resale Value,https://drivewayzusa.co/images/heroes/hero-cobblestone-golden-hour-frontage.webp,https://drivewayzusa.co/guides/best-driveway-material-for-resale-value/,alt=Cobblestone drive glowing at golden hour in front…
2026-07-29T23:46:01.972117,best-driveway-material-for-rhode-island-homes,guides/best-driveway-material-for-rhode-island-homes/index.html,injected,Best Driveway Material for Rhode Island Homes,https://drivewayzusa.co/images/heroes/hero-weathered-concrete-low-angle.webp,https://drivewayzusa.co/guides/best-driveway-material-for-rhode-island-homes/,alt=Weathered concrete surface with faint stains alon…
2026-07-29T23:46:01.972590,best-driveway-material-for-sandy-soil,guides/best-driveway-material-for-sandy-soil/index.html,injected,Best Driveway Material for Sandy Soil,https://drivewayzusa.co/images/heroes/hero-gravel-over-pale-sand.webp,https://drivewayzusa.co/guides/best-driveway-material-for-sandy-soil/,alt=Loose gravel spread over pale sand along the driv…
2026-07-29T23:46:01.972991,best-driveway-material-for-south-carolina-homes,guides/best-driveway-material-for-south-carolina-homes/index.html,injected,Best Driveway Material for South Carolina Homes,https://drivewayzusa.co/images/heroes/hero-wet-chip-seal-rural-drive.webp,https://drivewayzusa.co/guides/best-driveway-material-for-south-carolina-homes/,alt=Rain-darkened chip-seal driveway winding toward a…
2026-07-29T23:46:01.973372,best-driveway-material-for-south-dakota-homes,guides/best-driveway-material-for-south-dakota-homes/index.html,injected,Best Driveway Material for South Dakota Homes,https://drivewayzusa.co/images/heroes/hero-straight-gravel-rural-approach.webp,https://drivewayzusa.co/guides/best-driveway-material-for-south-dakota-homes/,alt=Straight gravel drive stretching across open land…
2026-07-29T23:46:01.973797,best-driveway-material-for-steep-slopes-and-hills,guides/best-driveway-material-for-steep-slopes-and-hills/index.html,injected,Best Driveway Material for Steep Slopes and Hills,https://drivewayzusa.co/images/heroes/hero-broomed-concrete-steep-incline.webp,https://drivewayzusa.co/guides/best-driveway-material-for-steep-slopes-and-hills/,alt=Broomed concrete drive climbing a sharp incline i…
2026-07-29T23:46:01.974267,best-driveway-material-for-tennessee-homes,guides/best-driveway-material-for-tennessee-homes/index.html,injected,Best Driveway Material for Tennessee Homes,https://drivewayzusa.co/images/heroes/hero-sealed-asphalt-wet-reflections.webp,https://drivewayzusa.co/guides/best-driveway-material-for-tennessee-homes/,alt=Sealed asphalt with wet reflections beside the cu…
2026-07-29T23:46:01.974679,best-driveway-material-for-texas-homes,guides/best-driveway-material-for-texas-homes/index.html,injected,Best Driveway Material for Texas Homes,https://drivewayzusa.co/images/heroes/hero-tire-worn-gravel-tracks.webp,https://drivewayzusa.co/guides/best-driveway-material-for-texas-homes/,alt=Gravel driveway with tire-worn tracks curving pas…
2026-07-29T23:46:01.975082,best-driveway-material-for-utah-homes,guides/best-driveway-material-for-utah-homes/index.html,injected,Best Driveway Material for Utah Homes,https://drivewayzusa.co/images/heroes/hero-interlocking-pavers-midday-low-angle.webp,https://drivewayzusa.co/guides/best-driveway-material-for-utah-homes/,alt=Interlocking pavers catching bright midday light …
2026-07-29T23:46:01.975477,best-driveway-material-for-vermont-homes,guides/best-driveway-material-for-vermont-homes/index.html,injected,Best Driveway Material for Vermont Homes,https://drivewayzusa.co/images/heroes/hero-weathered-gravel-frontage-shrubs.webp,https://drivewayzusa.co/guides/best-driveway-material-for-vermont-homes/,alt=Weathered gravel drive bordered by shrubs beneath…
2026-07-29T23:46:01.975985,best-driveway-material-for-virginia-homes,guides/best-driveway-material-for-virginia-homes/index.html,injected,Best Driveway Material for Homes in Virginia,https://drivewayzusa.co/images/heroes/hero-weathered-asphalt-country-lane.webp,https://drivewayzusa.co/guides/best-driveway-material-for-virginia-homes/,alt=Weathered asphalt driveway winding between trees …
2026-07-29T23:46:01.976370,best-driveway-material-for-washington-homes,guides/best-driveway-material-for-washington-homes/index.html,injected,Best Driveway Material for Washington Homes,https://drivewayzusa.co/images/heroes/hero-rain-dark-asphalt-frontage.webp,https://drivewayzusa.co/guides/best-driveway-material-for-washington-homes/,alt=Dark asphalt driveway gleaming after rain in fron…
2026-07-29T23:46:01.976778,best-driveway-material-for-west-virginia-homes,guides/best-driveway-material-for-west-virginia-homes/index.html,injected,Best Driveway Material for West Virginia Homes,https://drivewayzusa.co/images/heroes/hero-gravel-bend-open-pasture.webp,https://drivewayzusa.co/guides/best-driveway-material-for-west-virginia-homes/,alt=Weathered gravel driveway bending through open pa…
2026-07-29T23:46:01.977934,best-driveway-material-for-wisconsin-homes,guides/best-driveway-material-for-wisconsin-homes/index.html,injected,Best Driveway Material for Wisconsin Homes: A Practical Guide,https://drivewayzusa.co/images/heroes/hero-sealed-concrete-after-rain.webp,https://drivewayzusa.co/guides/best-driveway-material-for-wisconsin-homes/,alt=Sealed concrete driveway glistening with rain out…
2026-07-29T23:46:01.978561,best-driveway-material-for-wyoming-homes,guides/best-driveway-material-for-wyoming-homes/index.html,injected,Best Driveway Material for Wyoming Homes,https://drivewayzusa.co/images/heroes/hero-open-grassland-gravel-drive.webp,https://drivewayzusa.co/guides/best-driveway-material-for-wyoming-homes/,alt=Gravel drive crossing open grassland toward a dis…
2026-07-29T23:46:01.979174,best-driveway-rental-property,guides/best-driveway-rental-property/index.html,injected,Best Driveway Material for Rental Properties,https://drivewayzusa.co/images/heroes/hero-plain-concrete-modest-frontage.webp,https://drivewayzusa.co/guides/best-driveway-rental-property/,alt=Plain concrete drive in front of a modest single …
2026-07-29T23:46:01.979628,best-material-long-rural-driveway,guides/best-material-long-rural-driveway/index.html,injected,Best Driveway Material for Long Rural Driveways,https://drivewayzusa.co/images/heroes/hero-gravel-drive-open-meadow.webp,https://drivewayzusa.co/guides/best-material-long-rural-driveway/,alt=Long gravel drive stretching past open meadow und…
2026-07-29T23:46:01.980084,best-time-of-year-to-install-a-driveway-for-lower-costs,guides/best-time-of-year-to-install-a-driveway-for-lower-costs/index.html,injected,Best Time to Install a Driveway for Lower Costs,https://drivewayzusa.co/images/heroes/hero-fresh-concrete-between-forms.webp,https://drivewayzusa.co/guides/best-time-of-year-to-install-a-driveway-for-lower-costs/,alt=Freshly poured concrete drive still framed by woo…
2026-07-29T23:46:01.980442,better-business-bureau-for-driveway-complaints-how-it-works,guides/better-business-bureau-for-driveway-complaints-how-it-works/index.html,injected,Better Business Bureau for Driveway Complaints,https://drivewayzusa.co/images/heroes/hero-alligator-cracked-asphalt-detail.webp,https://drivewayzusa.co/guides/better-business-bureau-for-driveway-complaints-how-it-works/,alt=Alligator cracking spread across a worn asphalt s…
2026-07-29T23:46:01.980841,black-driveway-vs-light-driveway-heat-absorption-and-curb-appeal,guides/black-driveway-vs-light-driveway-heat-absorption-and-curb-appeal/index.html,injected,Black Driveway vs Light Driveway,https://drivewayzusa.co/images/heroes/hero-dark-asphalt-light-concrete-joint.webp,https://drivewayzusa.co/guides/black-driveway-vs-light-driveway-heat-absorption-and-curb-appeal/,alt=Dark sealed asphalt meeting pale concrete along a…
2026-07-29T23:46:01.981219,bluerock-driveway-installation-guide,guides/bluerock-driveway-installation-guide/index.html,injected,Bluerock Driveway Installation Guide,https://drivewayzusa.co/images/heroes/hero-blue-gray-crushed-stone-piles.webp,https://drivewayzusa.co/guides/bluerock-driveway-installation-guide/,alt=Blue gray crushed stone spread in loose piles on …
2026-07-29T23:46:01.981586,boat-ramp-driveway-modifications,guides/boat-ramp-driveway-modifications/index.html,injected,Boat Ramp Driveway Modifications,https://drivewayzusa.co/images/heroes/hero-concrete-ramp-to-water-edge.webp,https://drivewayzusa.co/guides/boat-ramp-driveway-modifications/,alt=Weathered concrete ramp sloping down toward the w…
2026-07-29T23:46:01.981976,bonded-vs-unbonded-driveway-contractors-whats-the-difference,guides/bonded-vs-unbonded-driveway-contractors-whats-the-difference/index.html,injected,Bonded vs Unbonded Driveway Contractors,https://drivewayzusa.co/images/heroes/hero-paver-install-edge-restraints.webp,https://drivewayzusa.co/guides/bonded-vs-unbonded-driveway-contractors-whats-the-difference/,alt=Newly laid pavers with edge restraints awaiting j…
2026-07-29T23:46:01.982424,brick-driveway-installation-and-maintenance,guides/brick-driveway-installation-and-maintenance/index.html,injected,Brick Driveway Installation and Maintenance,https://drivewayzusa.co/images/heroes/hero-red-brick-paver-closeup.webp,https://drivewayzusa.co/guides/brick-driveway-installation-and-maintenance/,alt=Red brick pavers with weathered edges catching wa…
2026-07-29T23:46:01.982854,budget-driveway-flood-prone,guides/budget-driveway-flood-prone/index.html,injected,Best Budget Driveway for Flood-Prone Yards,https://drivewayzusa.co/images/heroes/hero-wet-gravel-puddle-drainage.webp,https://drivewayzusa.co/guides/budget-driveway-flood-prone/,alt=Rain puddles draining into a gravel drive after a…
2026-07-29T23:46:01.983266,budget-driveway-house-flippers,guides/budget-driveway-house-flippers/index.html,injected,Best Budget Driveway for House Flippers,https://drivewayzusa.co/images/heroes/hero-new-asphalt-plain-home-frontage.webp,https://drivewayzusa.co/guides/budget-driveway-house-flippers/,alt=Fresh asphalt drive giving a simple home a clean …
2026-07-29T23:46:01.983631,budget-driveway-makeover-ideas-under-500,guides/budget-driveway-makeover-ideas-under-500/index.html,injected,Budget Driveway Makeover Ideas Under $500,https://drivewayzusa.co/images/heroes/hero-fresh-crack-sealant-line.webp,https://drivewayzusa.co/guides/budget-driveway-makeover-ideas-under-500/,alt=Fresh sealant filling a long crack across an asph…
2026-07-29T23:46:01.984022,budget-driveway-small-urban-lot,guides/budget-driveway-small-urban-lot/index.html,injected,Best Budget Driveway for Small Urban Lots,https://drivewayzusa.co/images/heroes/hero-ribbon-driveway-grass-median.webp,https://drivewayzusa.co/guides/budget-driveway-small-urban-lot/,alt=Cracked concrete ribbon strips with a grass cente…
2026-07-29T23:46:01.984488,budget-long-rural-driveway,guides/budget-long-rural-driveway/index.html,injected,Best Budget Driveway for Long Rural Properties,https://drivewayzusa.co/images/heroes/hero-winding-gravel-potholes-gray-skies.webp,https://drivewayzusa.co/guides/budget-long-rural-driveway/,alt=Winding gravel drive with shallow potholes under …
2026-07-29T23:46:01.984995,bulk-material-discounts-how-to-save-on-driveway-supplies,guides/bulk-material-discounts-how-to-save-on-driveway-supplies/index.html,injected,Bulk Material Discounts,https://drivewayzusa.co/images/heroes/hero-aggregate-stockpile-beside-drive.webp,https://drivewayzusa.co/guides/bulk-material-discounts-how-to-save-on-driveway-supplies/,alt=A tall pile of crushed aggregate waiting beside a…
2026-07-29T23:46:01.985819,carbon-footprint-of-different-driveway-materials,guides/carbon-footprint-of-different-driveway-materials/index.html,injected,Carbon Footprint of Different Driveway Materials,https://drivewayzusa.co/images/heroes/hero-concrete-asphalt-joint-low-angle.webp,https://drivewayzusa.co/guides/carbon-footprint-of-different-driveway-materials/,alt=Low angle view of a weathered concrete driveway m…
2026-07-29T23:46:01.986386,channel-drain-options-for-driveways,guides/channel-drain-options-for-driveways/index.html,injected,Channel Drain Options for Driveways,https://drivewayzusa.co/images/heroes/hero-channel-drain-grate-concrete.webp,https://drivewayzusa.co/guides/channel-drain-options-for-driveways/,alt=Long metal grate set flush across rain wet concre…
2026-07-29T23:46:01.986828,chip-seal-driveway,guides/chip-seal-driveway/index.html,injected,Chip Seal Driveway: Affordable Asphalt Alternative,https://drivewayzusa.co/images/heroes/hero-fresh-chip-seal-stone-spread.webp,https://drivewayzusa.co/guides/chip-seal-driveway/,alt=Loose stone chips spread over fresh hot binder du…
2026-07-29T23:46:01.987203,chip-seal-driveways-costs-and-longevity,guides/chip-seal-driveways-costs-and-longevity/index.html,injected,Chip Seal Driveways: Costs and Longevity,https://drivewayzusa.co/images/heroes/hero-chip-seal-stone-texture.webp,https://drivewayzusa.co/guides/chip-seal-driveways-costs-and-longevity/,alt=Rough chip seal surface of embedded stone chips i…
2026-07-29T23:46:01.987561,circular-driveway-design-and-layout-guide,guides/circular-driveway-design-and-layout-guide/index.html,injected,Circular Driveway Design and Layout Guide,https://drivewayzusa.co/images/heroes/hero-curved-paver-loop-frontage.webp,https://drivewayzusa.co/guides/circular-driveway-design-and-layout-guide/,alt=Curved brick paver loop drive sweeping past a fro…
2026-07-29T23:46:01.987915,coastal-regions-best-driveway-materials-for-california,guides/coastal-regions-best-driveway-materials-for-california/index.html,injected,Best Driveway Materials for California,https://drivewayzusa.co/images/heroes/hero-cobblestone-rounded-stones-dusk-light.webp,https://drivewayzusa.co/guides/coastal-regions-best-driveway-materials-for-california/,alt=Weathered cobblestone driveway of rounded stones …
2026-07-29T23:46:01.988281,coastal-regions-best-driveway-materials-for-north-carolina,guides/coastal-regions-best-driveway-materials-for-north-carolina/index.html,injected,Best Driveway Materials for North Carolina,https://drivewayzusa.co/images/heroes/hero-shell-gravel-sandy-verge.webp,https://drivewayzusa.co/guides/coastal-regions-best-driveway-materials-for-north-carolina/,alt=Crushed shell gravel drive with sandy verges unde…
2026-07-29T23:46:01.988842,cobblestone-driveway,guides/cobblestone-driveway/index.html,skipped,,,,hero_img_not_found
2026-07-29T23:46:01.989208,cobblestone-driveway-traditional-style-guide,guides/cobblestone-driveway-traditional-style-guide/index.html,injected,Cobblestone Driveway: Traditional Style Guide,https://drivewayzusa.co/images/heroes/hero-weathered-cobblestone-fan-pattern.webp,https://drivewayzusa.co/guides/cobblestone-driveway-traditional-style-guide/,alt=Weathered cobblestone driveway in fan pattern glo…
2026-07-29T23:46:01.989602,cold-climates-best-driveway-materials-for-michigan,guides/cold-climates-best-driveway-materials-for-michigan/index.html,injected,Best Driveway Materials for Michigan,https://drivewayzusa.co/images/heroes/hero-frost-dusted-concrete-morning.webp,https://drivewayzusa.co/guides/cold-climates-best-driveway-materials-for-michigan/,alt=Frost dusted concrete driveway under a flat pale …
2026-07-29T23:46:01.989960,cold-climates-best-driveway-materials-for-minnesota,guides/cold-climates-best-driveway-materials-for-minnesota/index.html,injected,Best Driveway Materials for Minnesota,https://drivewayzusa.co/images/heroes/hero-cracked-asphalt-snow-banks.webp,https://drivewayzusa.co/guides/cold-climates-best-driveway-materials-for-minnesota/,alt=Frost cracked asphalt drive between plowed snow b…
2026-07-29T23:46:01.990340,cold-climates-best-driveway-materials-for-new-york,guides/cold-climates-best-driveway-materials-for-new-york/index.html,injected,Best Driveway Materials for New York,https://drivewayzusa.co/images/heroes/hero-light-snow-brick-paver-drive.webp,https://drivewayzusa.co/guides/cold-climates-best-driveway-materials-for-new-york/,alt=Light snow dusting a new brick paver drive in bri…
2026-07-29T23:46:01.990785,cold-climates-best-driveway-materials-for-wisconsin,guides/cold-climates-best-driveway-materials-for-wisconsin/index.html,injected,Best Driveway Materials for Wisconsin,https://drivewayzusa.co/images/heroes/hero-icy-glaze-sealed-concrete.webp,https://drivewayzusa.co/guides/cold-climates-best-driveway-materials-for-wisconsin/,alt=Thin icy glaze over a sealed concrete driveway af…
2026-07-29T23:46:01.991248,colonial-home-driveways-traditional-materials,guides/colonial-home-driveways-traditional-materials/index.html,injected,Colonial Home Driveways: Traditional Materials,https://drivewayzusa.co/images/heroes/hero-weathered-brick-paver-frontage.webp,https://drivewayzusa.co/guides/colonial-home-driveways-traditional-materials/,alt=Weathered brick pavers curving toward a classic h…
2026-07-29T23:46:01.991752,colored-concrete-driveways-options-and-durability,guides/colored-concrete-driveways-options-and-durability/index.html,injected,Colored Concrete Driveways: Options and Durability,https://drivewayzusa.co/images/heroes/hero-terracotta-tinted-concrete-texture.webp,https://drivewayzusa.co/guides/colored-concrete-driveways-options-and-durability/,alt=Terracotta tinted concrete with a broomed finish …
2026-07-29T23:46:01.992257,commercial-driveway-requirements,guides/commercial-driveway-requirements/index.html,injected,Commercial Driveway Requirements,https://drivewayzusa.co/images/heroes/hero-thick-concrete-slab-edge.webp,https://drivewayzusa.co/guides/commercial-driveway-requirements/,alt=Edge profile of a thick newly poured concrete sla…
2026-07-29T23:46:01.992778,common-driveway-project-mistakes-and-how-to-avoid-them,guides/common-driveway-project-mistakes-and-how-to-avoid-them/index.html,injected,Common Driveway Project Mistakes and How to Avoid Them,https://drivewayzusa.co/images/heroes/hero-spalled-pitted-concrete-closeup.webp,https://drivewayzusa.co/guides/common-driveway-project-mistakes-and-how-to-avoid-them/,alt=Spalled and pitted concrete slab with deep cracks…
2026-07-29T23:46:01.993476,complete-driveway-buying-guide-for-first-time-homeowners,guides/complete-driveway-buying-guide-for-first-time-homeowners/index.html,injected,Driveway Buying Guide for First-Time Homeowners,https://drivewayzusa.co/images/heroes/hero-new-concrete-neat-lawn-edges.webp,https://drivewayzusa.co/guides/complete-driveway-buying-guide-for-first-time-homeowners/,alt=Newly poured concrete drive with crisp lawn edges…
2026-07-29T23:46:01.994036,concrete-driveway-air-entrainment-freeze-thaw-protection,guides/concrete-driveway-air-entrainment-freeze-thaw-protection/index.html,injected,Concrete Driveway Air Entrainment,https://drivewayzusa.co/images/heroes/hero-concrete-surface-pinhole-voids.webp,https://drivewayzusa.co/guides/concrete-driveway-air-entrainment-freeze-thaw-protection/,alt=Close view of a weathered concrete slab dotted wi…
2026-07-29T23:46:01.994534,concrete-driveway-color-hardener-application-and-benefits,guides/concrete-driveway-color-hardener-application-and-benefits/index.html,injected,Concrete Driveway Color Hardener,https://drivewayzusa.co/images/heroes/hero-pigment-dusted-fresh-concrete.webp,https://drivewayzusa.co/guides/concrete-driveway-color-hardener-application-and-benefits/,alt=Pigment powder dusted across a fresh slab waiting…
2026-07-29T23:46:01.995076,concrete-driveway-cost-in-alabama-2026-price-guide,guides/concrete-driveway-cost-in-alabama-2026-price-guide/index.html,injected,Concrete Driveway Cost in Alabama: 2026 Price Guide,https://drivewayzusa.co/images/heroes/hero-screed-board-wet-concrete.webp,https://drivewayzusa.co/guides/concrete-driveway-cost-in-alabama-2026-price-guide/,alt=Screed board resting on a wet concrete slab betwe…
2026-07-29T23:46:01.995628,concrete-driveway-cost-in-alaska-2026-price-guide,guides/concrete-driveway-cost-in-alaska-2026-price-guide/index.html,injected,Concrete Driveway Cost in Alaska: 2026 Price Guide,https://drivewayzusa.co/images/heroes/hero-broom-lines-fresh-concrete.webp,https://drivewayzusa.co/guides/concrete-driveway-cost-in-alaska-2026-price-guide/,alt=Fine broom lines across a freshly finished light …
2026-07-29T23:46:01.996110,concrete-driveway-cost-in-arizona-2026-price-guide,guides/concrete-driveway-cost-in-arizona-2026-price-guide/index.html,injected,Concrete Driveway Cost in Arizona: 2026 Price Guide,https://drivewayzusa.co/images/heroes/hero-fresh-sawn-control-joint.webp,https://drivewayzusa.co/guides/concrete-driveway-cost-in-arizona-2026-price-guide/,alt=Fresh sawn control joint cutting across a new pal…
2026-07-29T23:46:01.996549,concrete-driveway-cost-in-arkansas-2026-price-guide,guides/concrete-driveway-cost-in-arkansas-2026-price-guide/index.html,injected,Concrete Driveway Cost in Arkansas: 2026 Price Guide,https://drivewayzusa.co/images/heroes/hero-curing-blanket-half-slab.webp,https://drivewayzusa.co/guides/concrete-driveway-cost-in-arkansas-2026-price-guide/,alt=Curing blanket folded back over half of a new con…
2026-07-29T23:46:01.996956,concrete-driveway-cost-in-california-2026-price-guide,guides/concrete-driveway-cost-in-california-2026-price-guide/index.html,injected,Concrete Driveway Cost in California: 2026 Price Guide,https://drivewayzusa.co/images/heroes/hero-trowel-sweeps-fresh-concrete.webp,https://drivewayzusa.co/guides/concrete-driveway-cost-in-california-2026-price-guide/,alt=Arcing trowel sweeps across smooth fresh concrete…
2026-07-29T23:46:01.997358,concrete-driveway-cost-in-colorado-2026-price-guide,guides/concrete-driveway-cost-in-colorado-2026-price-guide/index.html,injected,Concrete Driveway Cost in Colorado: 2026 Price Guide,https://drivewayzusa.co/images/heroes/hero-wood-forms-fresh-pour-edge.webp,https://drivewayzusa.co/guides/concrete-driveway-cost-in-colorado-2026-price-guide/,alt=Wooden forms and stakes edging a freshly poured c…
2026-07-29T23:46:01.997757,concrete-driveway-cost-in-connecticut-2026-price-guide,guides/concrete-driveway-cost-in-connecticut-2026-price-guide/index.html,injected,Concrete Driveway Cost in Connecticut,https://drivewayzusa.co/images/heroes/hero-low-angle-damp-concrete-sheen.webp,https://drivewayzusa.co/guides/concrete-driveway-cost-in-connecticut-2026-price-guide/,alt=Low view along a damp sealed concrete surface wit…
2026-07-29T23:46:01.998185,concrete-driveway-cost-in-delaware-2026-price-guide,guides/concrete-driveway-cost-in-delaware-2026-price-guide/index.html,injected,Concrete Driveway Cost in Delaware: 2026 Price Guide,https://drivewayzusa.co/images/heroes/hero-edging-groove-fresh-concrete.webp,https://drivewayzusa.co/guides/concrete-driveway-cost-in-delaware-2026-price-guide/,alt=Rounded edging groove along the border of a fresh…
2026-07-29T23:46:01.998657,concrete-driveway-cost-in-florida-2026-price-guide,guides/concrete-driveway-cost-in-florida-2026-price-guide/index.html,injected,Concrete Driveway Cost in Florida: 2026 Price Guide,https://drivewayzusa.co/images/heroes/hero-puddles-new-concrete-slab.webp,https://drivewayzusa.co/guides/concrete-driveway-cost-in-florida-2026-price-guide/,alt=Shallow puddles reflecting gray sky on a new conc…
2026-07-29T23:46:01.999198,concrete-driveway-cost-in-georgia-2026-price-guide,guides/concrete-driveway-cost-in-georgia-2026-price-guide/index.html,injected,Concrete Driveway Cost in Georgia: 2026 Price Guide,https://drivewayzusa.co/images/heroes/hero-screed-board-fresh-pour.webp,https://drivewayzusa.co/guides/concrete-driveway-cost-in-georgia-2026-price-guide/,alt=Screed board resting across fresh wet concrete be…
2026-07-29T23:46:01.999690,concrete-driveway-cost-in-hawaii-2026-price-guide,guides/concrete-driveway-cost-in-hawaii-2026-price-guide/index.html,injected,Concrete Driveway Cost in Hawaii: 2026 Price Guide,https://drivewayzusa.co/images/heroes/hero-steel-trowel-arcs-wet-slab.webp,https://drivewayzusa.co/guides/concrete-driveway-cost-in-hawaii-2026-price-guide/,alt=Curved steel trowel arcs across a smooth wet conc…
2026-07-29T23:46:02.000207,concrete-driveway-cost-in-idaho-2026-price-guide,guides/concrete-driveway-cost-in-idaho-2026-price-guide/index.html,injected,Concrete Driveway Cost in Idaho: 2026 Price Guide,https://drivewayzusa.co/images/heroes/hero-matte-sealed-concrete-frontage.webp,https://drivewayzusa.co/guides/concrete-driveway-cost-in-idaho-2026-price-guide/,alt=Matte sealed concrete drive leading to a garage u…
2026-07-29T23:46:02.000704,concrete-driveway-cost-in-illinois-2026-price-guide,guides/concrete-driveway-cost-in-illinois-2026-price-guide/index.html,injected,Concrete Driveway Cost in Illinois: 2026 Price Guide,https://drivewayzusa.co/images/heroes/hero-lumber-forms-awaiting-pour.webp,https://drivewayzusa.co/guides/concrete-driveway-cost-in-illinois-2026-price-guide/,alt=Wooden form boards staked along a graded gravel b…
2026-07-29T23:46:02.001313,concrete-driveway-cost-in-iowa-2026-price-guide,guides/concrete-driveway-cost-in-iowa-2026-price-guide/index.html,injected,Concrete Driveway Cost in Iowa: 2026 Price Guide,https://drivewayzusa.co/images/heroes/hero-hairline-shrinkage-cracks-closeup.webp,https://drivewayzusa.co/guides/concrete-driveway-cost-in-iowa-2026-price-guide/,alt=Fine hairline shrinkage cracks across a pale gray…
2026-07-29T23:46:02.001852,concrete-driveway-cost-in-kansas-2026-price-guide,guides/concrete-driveway-cost-in-kansas-2026-price-guide/index.html,injected,Concrete Driveway Cost in Kansas: 2026 Price Guide,https://drivewayzusa.co/images/heroes/hero-golden-light-smooth-drive-lawn.webp,https://drivewayzusa.co/guides/concrete-driveway-cost-in-kansas-2026-price-guide/,alt=Smooth new concrete drive edged with lawn in warm…
2026-07-29T23:46:02.002556,concrete-driveway-cost-in-kentucky-2026-price-guide,guides/concrete-driveway-cost-in-kentucky-2026-price-guide/index.html,injected,Concrete Driveway Cost in Kentucky: 2026 Price Guide,https://drivewayzusa.co/images/heroes/hero-bull-float-wet-slab.webp,https://drivewayzusa.co/guides/concrete-driveway-cost-in-kentucky-2026-price-guide/,alt=Bull float smoothing a wide wet concrete slab in …
2026-07-29T23:46:02.003134,concrete-driveway-cost-in-louisiana-2026-price-guide,guides/concrete-driveway-cost-in-louisiana-2026-price-guide/index.html,injected,Concrete Driveway Cost in Louisiana: 2026 Price Guide,https://drivewayzusa.co/images/heroes/hero-moist-sheen-sealed-slab.webp,https://drivewayzusa.co/guides/concrete-driveway-cost-in-louisiana-2026-price-guide/,alt=Sealed concrete surface holding a soft sheen afte…
2026-07-29T23:46:02.003702,concrete-driveway-cost-in-maine-2026-price-guide,guides/concrete-driveway-cost-in-maine-2026-price-guide/index.html,injected,Concrete Driveway Cost in Maine 2026: Complete Pricing Guide for Homeowners,https://drivewayzusa.co/images/heroes/hero-weathered-concrete-grass-verge.webp,https://drivewayzusa.co/guides/concrete-driveway-cost-in-maine-2026-price-guide/,alt=Weathered concrete approach with grass verge unde…
2026-07-29T23:46:02.004524,concrete-driveway-cost-in-maryland-2026-price-guide,guides/concrete-driveway-cost-in-maryland-2026-price-guide/index.html,injected,Concrete Driveway Cost in Maryland: 2026 Price Guide,https://drivewayzusa.co/images/hero-concrete-driveway-cost-maryland.webp,https://drivewayzusa.co/guides/concrete-driveway-cost-in-maryland-2026-price-guide/,alt=Concrete driveway cost in Maryland — Drivewayz USA
2026-07-29T23:46:02.005035,concrete-driveway-cost-in-massachusetts-2026-price-guide,guides/concrete-driveway-cost-in-massachusetts-2026-price-guide/index.html,injected,Concrete Driveway Cost in Massachusetts,https://drivewayzusa.co/images/heroes/hero-sawn-joints-shadow-lines.webp,https://drivewayzusa.co/guides/concrete-driveway-cost-in-massachusetts-2026-price-guide/,alt=Straight sawn control joints casting thin shadow …
2026-07-29T23:46:02.005517,concrete-driveway-cost-in-michigan-2026-price-guide,guides/concrete-driveway-cost-in-michigan-2026-price-guide/index.html,injected,Concrete Driveway Cost in Michigan: 2026 Price Guide,https://drivewayzusa.co/images/heroes/hero-fresh-broom-finish-texture.webp,https://drivewayzusa.co/guides/concrete-driveway-cost-in-michigan-2026-price-guide/,alt=Fresh broom-finished concrete with even ridge lin…
2026-07-29T23:46:02.006019,concrete-driveway-cost-in-minnesota-2026-price-guide,guides/concrete-driveway-cost-in-minnesota-2026-price-guide/index.html,injected,Concrete Driveway Cost in Minnesota (2026): Complete Pricing Guide for Homeowners,https://drivewayzusa.co/images/heroes/hero-spalled-concrete-surface-detail.webp,https://drivewayzusa.co/guides/concrete-driveway-cost-in-minnesota-2026-price-guide/,alt=Spalled and pitted concrete surface showing expos…
2026-07-29T23:46:02.006584,concrete-driveway-cost-in-mississippi-2026-price-guide,guides/concrete-driveway-cost-in-mississippi-2026-price-guide/index.html,injected,Concrete Driveway Cost in Mississippi (2026): Complete Pricing Guide,https://drivewayzusa.co/images/heroes/hero-sealed-drive-shallow-puddles.webp,https://drivewayzusa.co/guides/concrete-driveway-cost-in-mississippi-2026-price-guide/,alt=Sealed concrete drive holding shallow puddles bes…
2026-07-29T23:46:02.007101,concrete-driveway-cost-in-missouri-2026-price-guide,guides/concrete-driveway-cost-in-missouri-2026-price-guide/index.html,injected,Concrete Driveway Cost in Missouri: 2026 Price Guide,https://drivewayzusa.co/images/heroes/hero-fresh-slab-exposed-form-edge.webp,https://drivewayzusa.co/guides/concrete-driveway-cost-in-missouri-2026-price-guide/,alt=Fresh concrete slab edge revealed beside a loosen…
2026-07-29T23:46:02.007739,concrete-driveway-cost-in-montana-2026-price-guide,guides/concrete-driveway-cost-in-montana-2026-price-guide/index.html,injected,Concrete Driveway Cost in Montana: 2026 Price Guide,https://drivewayzusa.co/images/heroes/hero-weathered-slab-open-rangeland.webp,https://drivewayzusa.co/guides/concrete-driveway-cost-in-montana-2026-price-guide/,alt=Weathered concrete track crossing open land towar…
2026-07-29T23:46:02.008387,concrete-driveway-cost-in-nebraska-2026-price-guide,guides/concrete-driveway-cost-in-nebraska-2026-price-guide/index.html,injected,Concrete Driveway Costs in Nebraska (2026): Complete Price Guide,https://drivewayzusa.co/images/heroes/hero-joint-sealant-bead-closeup.webp,https://drivewayzusa.co/guides/concrete-driveway-cost-in-nebraska-2026-price-guide/,alt=Fresh dark sealant bead filling an expansion join…
2026-07-29T23:46:02.009130,concrete-driveway-cost-in-nevada-2026-price-guide,guides/concrete-driveway-cost-in-nevada-2026-price-guide/index.html,injected,Concrete Driveway Cost in Nevada: 2026 Price Guide,https://drivewayzusa.co/images/heroes/hero-stamped-border-plain-slab.webp,https://drivewayzusa.co/guides/concrete-driveway-cost-in-nevada-2026-price-guide/,alt=Plain concrete drive framed by a stamped border i…
2026-07-29T23:46:02.009843,concrete-driveway-cost-in-new-hampshire-2026-price-guide,guides/concrete-driveway-cost-in-new-hampshire-2026-price-guide/index.html,injected,Concrete Driveway Cost in New Hampshire,https://drivewayzusa.co/images/heroes/hero-chipped-slab-corner-crack.webp,https://drivewayzusa.co/guides/concrete-driveway-cost-in-new-hampshire-2026-price-guide/,alt=Chipped slab corner with a branching crack in war…
2026-07-29T23:46:02.010575,concrete-driveway-cost-in-new-jersey-2026-price-guide,guides/concrete-driveway-cost-in-new-jersey-2026-price-guide/index.html,injected,Concrete Driveway Cost in New Jersey: 2026 Price Guide,https://drivewayzusa.co/images/heroes/hero-sky-reflection-sealed-slab.webp,https://drivewayzusa.co/guides/concrete-driveway-cost-in-new-jersey-2026-price-guide/,alt=Cloudy sky reflected across a rain damp sealed co…
2026-07-29T23:46:02.011229,concrete-driveway-cost-in-new-mexico-2026-price-guide,guides/concrete-driveway-cost-in-new-mexico-2026-price-guide/index.html,injected,Concrete Driveway Cost in New Mexico: 2026 Price Guide,https://drivewayzusa.co/images/heroes/hero-broom-lines-long-shadows.webp,https://drivewayzusa.co/guides/concrete-driveway-cost-in-new-mexico-2026-price-guide/,alt=Fine broomed lines across new concrete crossed by…
2026-07-29T23:46:02.012059,concrete-driveway-cost-in-new-york-2026-price-guide,guides/concrete-driveway-cost-in-new-york-2026-price-guide/index.html,injected,Concrete Driveway Cost in New York: 2026 Price Guide,https://drivewayzusa.co/images/heroes/hero-wire-mesh-on-chairs.webp,https://drivewayzusa.co/guides/concrete-driveway-cost-in-new-york-2026-price-guide/,alt=Steel wire mesh raised on chairs over a prepared …
2026-07-29T23:46:02.012640,concrete-driveway-cost-in-north-carolina-2026-price-guide,guides/concrete-driveway-cost-in-north-carolina-2026-price-guide/index.html,injected,Concrete Driveway Cost in North Carolina,https://drivewayzusa.co/images/heroes/hero-new-concrete-sawn-joints.webp,https://drivewayzusa.co/guides/concrete-driveway-cost-in-north-carolina-2026-price-guide/,alt=New concrete driveway surface with straight sawn …
2026-07-29T23:46:02.013300,concrete-driveway-cost-in-north-dakota-2026-price-guide,guides/concrete-driveway-cost-in-north-dakota-2026-price-guide/index.html,injected,Concrete Driveway Cost in North Dakota,https://drivewayzusa.co/images/heroes/hero-damp-concrete-farm-track.webp,https://drivewayzusa.co/guides/concrete-driveway-cost-in-north-dakota-2026-price-guide/,alt=Rain damp weathered concrete track running betwee…
2026-07-29T23:46:02.013819,concrete-driveway-cost-in-ohio-2026-price-guide,guides/concrete-driveway-cost-in-ohio-2026-price-guide/index.html,injected,Concrete Driveway Cost in Ohio: 2026 Price Guide,https://drivewayzusa.co/images/heroes/hero-fresh-concrete-pour-forms.webp,https://drivewayzusa.co/guides/concrete-driveway-cost-in-ohio-2026-price-guide/,alt=Freshly poured concrete driveway still framed by …
2026-07-29T23:46:02.014310,concrete-driveway-cost-in-oklahoma-2026-price-guide,guides/concrete-driveway-cost-in-oklahoma-2026-price-guide/index.html,injected,Concrete Driveway Cost in Oklahoma: 2026 Price Guide,https://drivewayzusa.co/images/heroes/hero-branch-crack-warm-light.webp,https://drivewayzusa.co/guides/concrete-driveway-cost-in-oklahoma-2026-price-guide/,alt=Branching crack across an old concrete slab in wa…
2026-07-29T23:46:02.014785,concrete-driveway-cost-in-oregon-2026-price-guide,guides/concrete-driveway-cost-in-oregon-2026-price-guide/index.html,injected,Concrete Driveway Cost in Oregon: 2026 Price Guide,https://drivewayzusa.co/images/heroes/hero-patch-edge-feathered-joint.webp,https://drivewayzusa.co/guides/concrete-driveway-cost-in-oregon-2026-price-guide/,alt=Feathered edge of a fresh concrete patch blending…
2026-07-29T23:46:02.015333,concrete-driveway-cost-in-pennsylvania-2026-price-guide,guides/concrete-driveway-cost-in-pennsylvania-2026-price-guide/index.html,injected,Concrete Driveway Cost in Pennsylvania,https://drivewayzusa.co/images/heroes/hero-sun-faded-concrete-lane.webp,https://drivewayzusa.co/guides/concrete-driveway-cost-in-pennsylvania-2026-price-guide/,alt=Sun faded weathered concrete lane running past fe…
2026-07-29T23:46:02.015917,concrete-driveway-cost-in-rhode-island-2026-price-guide,guides/concrete-driveway-cost-in-rhode-island-2026-price-guide/index.html,injected,Concrete Driveway Cost in Rhode Island,https://drivewayzusa.co/images/heroes/hero-evening-glow-sealed-frontage.webp,https://drivewayzusa.co/guides/concrete-driveway-cost-in-rhode-island-2026-price-guide/,alt=Sealed concrete drive glowing softly in warm even…
2026-07-29T23:46:02.016669,concrete-driveway-cost-in-south-carolina-2026-price-guide,guides/concrete-driveway-cost-in-south-carolina-2026-price-guide/index.html,injected,Concrete Driveway Cost in South Carolina,https://drivewayzusa.co/images/heroes/hero-brushed-concrete-joint-closeup.webp,https://drivewayzusa.co/guides/concrete-driveway-cost-in-south-carolina-2026-price-guide/,alt=Close view of brushed concrete surface and straig…
2026-07-29T23:46:02.017153,concrete-driveway-cost-in-south-dakota-2026-price-guide,guides/concrete-driveway-cost-in-south-dakota-2026-price-guide/index.html,injected,Concrete Driveway Cost in South Dakota,https://drivewayzusa.co/images/heroes/hero-weathered-concrete-pore-texture.webp,https://drivewayzusa.co/guides/concrete-driveway-cost-in-south-dakota-2026-price-guide/,alt=Weathered concrete surface with small pores and f…
2026-07-29T23:46:02.017920,concrete-driveway-cost-in-tennessee-2026-price-guide,guides/concrete-driveway-cost-in-tennessee-2026-price-guide/index.html,injected,Concrete Driveway Cost in Tennessee: 2026 Price Guide,https://drivewayzusa.co/images/heroes/hero-screeded-slab-form-stakes.webp,https://drivewayzusa.co/guides/concrete-driveway-cost-in-tennessee-2026-price-guide/,alt=Freshly screeded concrete slab framed by wooden f…
2026-07-29T23:46:02.018615,concrete-driveway-cost-in-texas-2026-price-guide,guides/concrete-driveway-cost-in-texas-2026-price-guide/index.html,injected,Concrete Driveway Cost in Texas: 2026 Price Guide,https://drivewayzusa.co/images/heroes/hero-glossy-sealer-coating-closeup.webp,https://drivewayzusa.co/guides/concrete-driveway-cost-in-texas-2026-price-guide/,alt=Glossy sealer coating on concrete with light rain…
2026-07-29T23:46:02.019279,concrete-driveway-cost-in-utah-2026-price-guide,guides/concrete-driveway-cost-in-utah-2026-price-guide/index.html,injected,Concrete Driveway Cost in Utah: 2026 Price Guide,https://drivewayzusa.co/images/heroes/hero-bull-float-fresh-slab.webp,https://drivewayzusa.co/guides/concrete-driveway-cost-in-utah-2026-price-guide/,alt=Bull float resting on a freshly poured concrete s…
2026-07-29T23:46:02.019970,concrete-driveway-cost-in-vermont-2026-price-guide,guides/concrete-driveway-cost-in-vermont-2026-price-guide/index.html,injected,Concrete Driveway Cost in Vermont: 2026 Price Guide,https://drivewayzusa.co/images/heroes/hero-sealed-concrete-evening-glow.webp,https://drivewayzusa.co/guides/concrete-driveway-cost-in-vermont-2026-price-guide/,alt=Sealed concrete drive glowing in warm evening lig…
2026-07-29T23:46:02.022219,concrete-driveway-cost-in-virginia-2026-price-guide,guides/concrete-driveway-cost-in-virginia-2026-price-guide/index.html,injected,Concrete Driveway Cost in Virginia: 2026 Price Guide,https://drivewayzusa.co/images/heroes/hero-faded-trowel-arc-texture.webp,https://drivewayzusa.co/guides/concrete-driveway-cost-in-virginia-2026-price-guide/,alt=Faded smooth concrete with sweeping hand trowel a…
2026-07-29T23:46:02.023709,concrete-driveway-cost-in-washington-2026-price-guide,guides/concrete-driveway-cost-in-washington-2026-price-guide/index.html,injected,Concrete Driveway Cost in Washington: 2026 Price Guide,https://drivewayzusa.co/images/heroes/hero-damp-control-joint-concrete.webp,https://drivewayzusa.co/guides/concrete-driveway-cost-in-washington-2026-price-guide/,alt=Damp concrete slabs separated by a dark control j…
2026-07-29T23:46:02.024333,concrete-driveway-cost-in-west-virginia-2026-price-guide,guides/concrete-driveway-cost-in-west-virginia-2026-price-guide/index.html,injected,Concrete Driveway Cost in West Virginia,https://drivewayzusa.co/images/heroes/hero-cracked-concrete-lane-fields.webp,https://drivewayzusa.co/guides/concrete-driveway-cost-in-west-virginia-2026-price-guide/,alt=Hairline cracks crossing an aging concrete lane b…
2026-07-29T23:46:02.024802,concrete-driveway-cost-in-wisconsin-2026-price-guide,guides/concrete-driveway-cost-in-wisconsin-2026-price-guide/index.html,injected,Concrete Driveway Cost in Wisconsin: 2026 Price Guide,https://drivewayzusa.co/images/heroes/hero-crisp-sealed-concrete-frontage.webp,https://drivewayzusa.co/guides/concrete-driveway-cost-in-wisconsin-2026-price-guide/,alt=Crisp sealed concrete drive with clean sawn joint…
2026-07-29T23:46:02.025295,concrete-driveway-cost-in-wyoming-2026-price-guide,guides/concrete-driveway-cost-in-wyoming-2026-price-guide/index.html,injected,Concrete Driveway Cost in Wyoming: 2026 Price Guide,https://drivewayzusa.co/images/heroes/hero-fresh-concrete-rural-approach.webp,https://drivewayzusa.co/guides/concrete-driveway-cost-in-wyoming-2026-price-guide/,alt=Fresh concrete drive stretching toward open pastu…
2026-07-29T23:46:02.025822,concrete-driveway-cost-per-square-foot-guide,guides/concrete-driveway-cost-per-square-foot-guide/index.html,injected,Concrete Driveway Cost per Square Foot Guide,https://drivewayzusa.co/images/heroes/hero-tape-measure-slab-edge.webp,https://drivewayzusa.co/guides/concrete-driveway-cost-per-square-foot-guide/,alt=Tape measure stretched across the edge of a weath…
2026-07-29T23:46:02.026386,concrete-driveway-crack-repair-causes-and-solutions,guides/concrete-driveway-crack-repair-causes-and-solutions/index.html,injected,Concrete Driveway Crack Repair: Causes and Solutions,https://drivewayzusa.co/images/heroes/hero-deep-crack-concrete-panel.webp,https://drivewayzusa.co/guides/concrete-driveway-crack-repair-causes-and-solutions/,alt=Deep jagged crack running across a gray concrete …
2026-07-29T23:46:02.026915,concrete-driveway-forms-and-framing-guide,guides/concrete-driveway-forms-and-framing-guide/index.html,injected,Concrete Driveway Forms and Framing Guide,https://drivewayzusa.co/images/heroes/hero-staked-wooden-forms-gravel-trench.webp,https://drivewayzusa.co/guides/concrete-driveway-forms-and-framing-guide/,alt=Wooden form boards staked along an excavated driv…
2026-07-29T23:46:02.027440,concrete-driveway-installation-step-by-step-guide,guides/concrete-driveway-installation-step-by-step-guide/index.html,injected,Concrete Driveway Installation Step-by-Step Guide,https://drivewayzusa.co/images/heroes/hero-chute-pouring-wet-concrete.webp,https://drivewayzusa.co/guides/concrete-driveway-installation-step-by-step-guide/,alt=Wet concrete flowing from a chute into staked for…
2026-07-29T23:46:02.028015,concrete-driveway-lifespan-how-long-will-it-last,guides/concrete-driveway-lifespan-how-long-will-it-last/index.html,injected,Concrete Driveway Lifespan: How Long Will It Last?,https://drivewayzusa.co/images/heroes/hero-fine-cracks-aged-concrete-drive.webp,https://drivewayzusa.co/guides/concrete-driveway-lifespan-how-long-will-it-last/,alt=Hairline cracks tracing across an older residenti…
2026-07-29T23:46:02.028521,concrete-driveway-load-testing-structural-verification,guides/concrete-driveway-load-testing-structural-verification/index.html,injected,Concrete Driveway Load Testing,https://drivewayzusa.co/images/heroes/hero-thick-slab-corner-profile.webp,https://drivewayzusa.co/guides/concrete-driveway-load-testing-structural-verification/,alt=Thick weathered concrete slab corner showing its …
2026-07-29T23:46:02.028928,concrete-driveway-overlays-thin-resurfacing-options,guides/concrete-driveway-overlays-thin-resurfacing-options/index.html,injected,Concrete Driveway Overlays: Thin Resurfacing Options,https://drivewayzusa.co/images/heroes/hero-thin-overlay-spread-old-slab.webp,https://drivewayzusa.co/guides/concrete-driveway-overlays-thin-resurfacing-options/,alt=Thin fresh overlay spread partway across an older…
2026-07-29T23:46:02.029296,concrete-driveway-resurfacing-overlay-options-and-costs,guides/concrete-driveway-resurfacing-overlay-options-and-costs/index.html,injected,Concrete Driveway Resurfacing,https://drivewayzusa.co/images/heroes/hero-resurfacer-coat-meets-old-concrete.webp,https://drivewayzusa.co/guides/concrete-driveway-resurfacing-overlay-options-and-costs/,alt=Fresh resurfacer coat meeting faded older concret…
2026-07-29T23:46:02.029675,concrete-driveway-spalling-causes-prevention-and-repair,guides/concrete-driveway-spalling-causes-prevention-and-repair/index.html,injected,Concrete Driveway Spalling,https://drivewayzusa.co/images/heroes/hero-spalled-pitted-concrete-surface.webp,https://drivewayzusa.co/guides/concrete-driveway-spalling-causes-prevention-and-repair/,alt=Spalled concrete surface with flaked pits and exp…
2026-07-29T23:46:02.030059,concrete-driveway-thickness-how-it-affects-cost-and-durability,guides/concrete-driveway-thickness-how-it-affects-cost-and-durability/index.html,injected,Concrete Driveway Thickness,https://drivewayzusa.co/images/heroes/hero-6-inch-slab-edge-profile.webp,https://drivewayzusa.co/guides/concrete-driveway-thickness-how-it-affects-cost-and-durability/,alt=Edge view of a six inch thick concrete driveway s…
2026-07-29T23:46:02.030443,concrete-driveway-vs-asphalt-which-is-better-for-your-region,guides/concrete-driveway-vs-asphalt-which-is-better-for-your-region/index.html,injected,Concrete Driveway vs Asphalt,https://drivewayzusa.co/images/heroes/hero-pale-slab-meets-blacktop-seam.webp,https://drivewayzusa.co/guides/concrete-driveway-vs-asphalt-which-is-better-for-your-region/,alt=Pale weathered concrete meeting dark asphalt alon…
2026-07-29T23:46:02.030891,concrete-driveway-wire-mesh-placement-proper-technique,guides/concrete-driveway-wire-mesh-placement-proper-technique/index.html,injected,Concrete Driveway Wire Mesh Placement,https://drivewayzusa.co/images/heroes/hero-wire-mesh-grid-over-base.webp,https://drivewayzusa.co/guides/concrete-driveway-wire-mesh-placement-proper-technique/,alt=Welded wire mesh panels laid over a compacted gra…
2026-07-29T23:46:02.031351,concrete-finishing-techniques-for-driveways,guides/concrete-finishing-techniques-for-driveways/index.html,injected,Concrete Finishing Techniques for Driveways,https://drivewayzusa.co/images/heroes/hero-edger-groove-fresh-slab-edge.webp,https://drivewayzusa.co/guides/concrete-finishing-techniques-for-driveways/,alt=Rounded edger groove along the edge of a fresh sl…
2026-07-29T23:46:02.031979,concrete-mix-ratios-for-driveways,guides/concrete-mix-ratios-for-driveways/index.html,injected,Concrete Mix Ratios for Driveways,https://drivewayzusa.co/images/heroes/hero-sand-gravel-cement-mounds.webp,https://drivewayzusa.co/guides/concrete-mix-ratios-for-driveways/,alt=Separate mounds of sand gravel and cement awaitin…
2026-07-29T23:46:02.032425,concrete-over-asphalt-driveway-feasibility-and-process,guides/concrete-over-asphalt-driveway-feasibility-and-process/index.html,injected,Concrete Over Asphalt Driveway,https://drivewayzusa.co/images/heroes/hero-concrete-cap-over-asphalt-edge.webp,https://drivewayzusa.co/guides/concrete-over-asphalt-driveway-feasibility-and-process/,alt=Fresh concrete overlay edge meeting worn asphalt …
2026-07-29T23:46:02.032862,concrete-overlay-options-for-existing-driveways,guides/concrete-overlay-options-for-existing-driveways/index.html,injected,Concrete Overlay Options for Existing Driveways,https://drivewayzusa.co/images/heroes/hero-thin-overlay-sawn-line-detail.webp,https://drivewayzusa.co/guides/concrete-overlay-options-for-existing-driveways/,alt=Thin concrete overlay with clean sawn control lin…
2026-07-29T23:46:02.033409,concrete-polishing-for-residential-driveways,guides/concrete-polishing-for-residential-driveways/index.html,injected,Concrete Polishing for Residential Driveways,https://drivewayzusa.co/images/heroes/hero-polished-concrete-warm-sheen.webp,https://drivewayzusa.co/guides/concrete-polishing-for-residential-driveways/,alt=Glossy polished concrete surface reflecting warm …
2026-07-29T23:46:02.034086,concrete-price-trends-how-material-costs-affect-your-project,guides/concrete-price-trends-how-material-costs-affect-your-project/index.html,injected,Concrete Price Trends,https://drivewayzusa.co/images/heroes/hero-wet-concrete-chute-pour-closeup.webp,https://drivewayzusa.co/guides/concrete-price-trends-how-material-costs-affect-your-project/,alt=Wet concrete flowing from chute into timber forms
2026-07-29T23:46:02.034599,concrete-repair,guides/concrete-repair/index.html,skipped,,,,hero_img_not_found
2026-07-29T23:46:02.035405,concrete-sealing-how-often-and-why-it-matters,guides/concrete-sealing-how-often-and-why-it-matters/index.html,injected,Concrete Sealing: How Often and Why It Matters,https://drivewayzusa.co/images/heroes/hero-glossy-sealer-concrete-apron.webp,https://drivewayzusa.co/guides/concrete-sealing-how-often-and-why-it-matters/,alt=Freshly sealed concrete driveway with glossy rain…
2026-07-29T23:46:02.036143,concrete-vs-asphalt-driveway-the-ultimate-2026-comparison,guides/concrete-vs-asphalt-driveway-the-ultimate-2026-comparison/index.html,injected,Concrete vs Asphalt Driveway: The Ultimate 2026 Comparison Guide,https://drivewayzusa.co/images/heroes/hero-concrete-meets-asphalt-curb.webp,https://drivewayzusa.co/guides/concrete-vs-asphalt-driveway-the-ultimate-2026-comparison/,alt=Light concrete driveway meeting a dark asphalt st…
2026-07-29T23:46:02.036626,concrete-vs-asphalt-vs-gravel,guides/concrete-vs-asphalt-vs-gravel/index.html,skipped,,,,hero_img_not_found
2026-07-29T23:46:02.037187,concrete-vs-asphalt-vs-gravel-which-driveway-is-best-for-your-home,guides/concrete-vs-asphalt-vs-gravel-which-driveway-is-best-for-your-home/index.html,injected,Concrete vs Asphalt vs Gravel,https://drivewayzusa.co/images/heroes/hero-concrete-slab-meets-gravel-verge.webp,https://drivewayzusa.co/guides/concrete-vs-asphalt-vs-gravel-which-driveway-is-best-for-your-home/,alt=New concrete drive meets weathered asphalt at the…
2026-07-29T23:46:02.037687,concrete-vs-pavers-for-cold-climates-which-holds-up-better,guides/concrete-vs-pavers-for-cold-climates-which-holds-up-better/index.html,injected,Concrete vs Pavers for Cold Climates,https://drivewayzusa.co/images/heroes/hero-concrete-meets-pavers-frost.webp,https://drivewayzusa.co/guides/concrete-vs-pavers-for-cold-climates-which-holds-up-better/,alt=Frost dusting the joint where concrete meets bric…
2026-07-29T23:46:02.038173,connecting-a-new-driveway-to-an-existing-one,guides/connecting-a-new-driveway-to-an-existing-one/index.html,injected,Connecting a New Driveway to an Existing One,https://drivewayzusa.co/images/heroes/hero-new-slab-ties-into-old-drive.webp,https://drivewayzusa.co/guides/connecting-a-new-driveway-to-an-existing-one/,alt=Fresh concrete slab butting against a weathered o…
2026-07-29T23:46:02.038562,craftsman-home-driveways-arts-and-crafts-style,guides/craftsman-home-driveways-arts-and-crafts-style/index.html,injected,Craftsman Home Driveways: Arts and Crafts Style,https://drivewayzusa.co/images/heroes/hero-brick-band-concrete-frontage.webp,https://drivewayzusa.co/guides/craftsman-home-driveways-arts-and-crafts-style/,alt=Concrete front drive with brick banding in evenin…
2026-07-29T23:46:02.038947,crushed-concrete-driveways-budget-friendly-option,guides/crushed-concrete-driveways-budget-friendly-option/index.html,injected,Crushed Concrete Driveways: Budget-Friendly Option,https://drivewayzusa.co/images/heroes/hero-pale-crushed-aggregate-closeup.webp,https://drivewayzusa.co/guides/crushed-concrete-driveways-budget-friendly-option/,alt=Close view of pale crushed stone aggregate surface
2026-07-29T23:46:02.039334,crushed-granite-driveways-installation-and-care,guides/crushed-granite-driveways-installation-and-care/index.html,injected,Crushed Granite Driveways: Installation and Care,https://drivewayzusa.co/images/heroes/hero-crushed-granite-country-drive.webp,https://drivewayzusa.co/guides/crushed-granite-driveways-installation-and-care/,alt=Crushed granite drive running between open grassy…
2026-07-29T23:46:02.039739,crushed-limestone-base-for-driveways-benefits-and-installation,guides/crushed-limestone-base-for-driveways-benefits-and-installation/index.html,injected,Crushed Limestone Base for Driveways,https://drivewayzusa.co/images/heroes/hero-limestone-base-graded-layer.webp,https://drivewayzusa.co/guides/crushed-limestone-base-for-driveways-benefits-and-installation/,alt=Graded pale aggregate base layer awaiting surface…
2026-07-29T23:46:02.040156,culvert-installation-for-driveway-entrances,guides/culvert-installation-for-driveway-entrances/index.html,injected,Culvert Installation for Driveway Entrances,https://drivewayzusa.co/images/heroes/hero-culvert-pipe-gravel-entrance.webp,https://drivewayzusa.co/guides/culvert-installation-for-driveway-entrances/,alt=Metal culvert pipe beneath a gravel entry drive
2026-07-29T23:46:02.040529,curb-cut-requirements-and-regulations,guides/curb-cut-requirements-and-regulations/index.html,injected,Curb Cut Requirements and Regulations,https://drivewayzusa.co/images/heroes/hero-sloped-apron-gutter-curb.webp,https://drivewayzusa.co/guides/curb-cut-requirements-and-regulations/,alt=Sloped concrete apron passing through curb to the…
2026-07-29T23:46:02.041082,curing-a-concrete-driveway-timing-methods-and-common-mistakes,guides/curing-a-concrete-driveway-timing-methods-and-common-mistakes/index.html,injected,Curing a Concrete Driveway,https://drivewayzusa.co/images/heroes/hero-misted-fresh-concrete-slab.webp,https://drivewayzusa.co/guides/curing-a-concrete-driveway-timing-methods-and-common-mistakes/,alt=Misted fresh concrete slab curing under gray skies
2026-07-29T23:46:02.041619,curing-concrete-driveway,guides/curing-concrete-driveway/index.html,skipped,,,,hero_img_not_found
2026-07-29T23:46:02.042105,de-icer-damage-prevention-for-driveways,guides/de-icer-damage-prevention-for-driveways/index.html,injected,De-Icer Damage Prevention for Driveways,https://drivewayzusa.co/images/heroes/hero-salt-spalled-concrete-flaking.webp,https://drivewayzusa.co/guides/de-icer-damage-prevention-for-driveways/,alt=Flaking salt damaged concrete with pale crusted p…
2026-07-29T23:46:02.042656,decomposed-granite-vs-gravel-driveways,guides/decomposed-granite-vs-gravel-driveways/index.html,injected,Decomposed Granite vs Gravel Driveways,https://drivewayzusa.co/images/heroes/hero-decomposed-granite-meets-gravel.webp,https://drivewayzusa.co/guides/decomposed-granite-vs-gravel-driveways/,alt=Fine tan crushed fines meeting coarser gravel at …
2026-07-29T23:46:02.043222,decorative-concrete-driveway-ideas-and-costs,guides/decorative-concrete-driveway-ideas-and-costs/index.html,injected,Decorative Concrete Driveway Ideas and Costs,https://drivewayzusa.co/images/heroes/hero-stamped-ashlar-slate-pattern.webp,https://drivewayzusa.co/guides/decorative-concrete-driveway-ideas-and-costs/,alt=Stamped slate pattern concrete with a sealed sati…
2026-07-29T23:46:02.043759,delivery-truck-access-driveway-reinforcement,guides/delivery-truck-access-driveway-reinforcement/index.html,injected,Delivery Truck Access: Driveway Reinforcement,https://drivewayzusa.co/images/heroes/hero-thick-concrete-slab-edge-profile.webp,https://drivewayzusa.co/guides/delivery-truck-access-driveway-reinforcement/,alt=Thick reinforced concrete slab edge with smooth f…
2026-07-29T23:46:02.044173,desert-driveways-new-mexico-and-arizona-tips,guides/desert-driveways-new-mexico-and-arizona-tips/index.html,injected,Desert Driveways: New Mexico and Arizona Tips,https://drivewayzusa.co/images/heroes/hero-gravel-drive-arid-scrubland.webp,https://drivewayzusa.co/guides/desert-driveways-new-mexico-and-arizona-tips/,alt=Gravel drive crossing dry scrubland under harsh s…
2026-07-29T23:46:02.044598,disposing-of-driveway-debris-properly,guides/disposing-of-driveway-debris-properly/index.html,injected,Disposing of Driveway Debris Properly,https://drivewayzusa.co/images/heroes/hero-concrete-rubble-disposal-pile.webp,https://drivewayzusa.co/guides/disposing-of-driveway-debris-properly/,alt=Pile of broken concrete rubble from an old drive
2026-07-29T23:46:02.044987,dispute-resolution-with-driveway-contractors,guides/dispute-resolution-with-driveway-contractors/index.html,injected,Dispute Resolution with Driveway Contractors,https://drivewayzusa.co/images/heroes/hero-uneven-trowel-marks-concrete.webp,https://drivewayzusa.co/guides/dispute-resolution-with-driveway-contractors/,alt=Patchy uneven finish across a new concrete slab
2026-07-29T23:46:02.045394,diy-driveway-projects-that-dont-require-a-contractor,guides/diy-driveway-projects-that-dont-require-a-contractor/index.html,injected,DIY Driveway Projects Without a Contractor,https://drivewayzusa.co/images/heroes/hero-garden-rake-fresh-gravel.webp,https://drivewayzusa.co/guides/diy-driveway-projects-that-dont-require-a-contractor/,alt=Rake resting on freshly spread gravel during a dr…
2026-07-29T23:46:02.045767,diy-vs-professional-driveway-installation-cost-comparison,guides/diy-vs-professional-driveway-installation-cost-comparison/index.html,injected,DIY vs Professional Driveway Installation,https://drivewayzusa.co/images/heroes/hero-rough-patch-smooth-asphalt-joint.webp,https://drivewayzusa.co/guides/diy-vs-professional-driveway-installation-cost-comparison/,alt=Rough hand tamped patch meeting smooth asphalt dr…
2026-07-29T23:46:02.046130,does-a-new-driveway-increase-home-appraisal-value,guides/does-a-new-driveway-increase-home-appraisal-value/index.html,injected,Does a New Driveway Increase Home Appraisal Value?,https://drivewayzusa.co/images/heroes/hero-warm-light-new-concrete-drive.webp,https://drivewayzusa.co/guides/does-a-new-driveway-increase-home-appraisal-value/,alt=Fresh concrete drive glowing softly in warm eveni…
2026-07-29T23:46:02.046504,does-rock-salt-damage-concrete-driveways-what-to-use-instead,guides/does-rock-salt-damage-concrete-driveways-what-to-use-instead/index.html,injected,Does Rock Salt Damage Concrete Driveways?,https://drivewayzusa.co/images/heroes/hero-salt-pitted-concrete-spalling.webp,https://drivewayzusa.co/guides/does-rock-salt-damage-concrete-driveways-what-to-use-instead/,alt=Salt pitted concrete surface showing white residu…
2026-07-29T23:46:02.046859,drainage-solutions-for-sloped-driveways,guides/drainage-solutions-for-sloped-driveways/index.html,injected,Drainage Solutions for Sloped Driveways,https://drivewayzusa.co/images/heroes/hero-trench-drain-sloped-asphalt.webp,https://drivewayzusa.co/guides/drainage-solutions-for-sloped-driveways/,alt=Trench drain grate crossing a sloped asphalt driv…
2026-07-29T23:46:02.047269,driveway-30-year-total-cost-material-lifecycle-comparison,guides/driveway-30-year-total-cost-material-lifecycle-comparison/index.html,injected,Driveway 30-Year Total Cost,https://drivewayzusa.co/images/heroes/hero-sun-weathered-concrete-hairline-cracks.webp,https://drivewayzusa.co/guides/driveway-30-year-total-cost-material-lifecycle-comparison/,alt=Sun weathered concrete driveway with fine hairlin…
2026-07-29T23:46:02.047658,driveway-3d-scanning-creating-digital-twin-of-your-surface,guides/driveway-3d-scanning-creating-digital-twin-of-your-surface/index.html,injected,Driveway 3D Scanning,https://drivewayzusa.co/images/heroes/hero-clean-concrete-drive-high-view.webp,https://drivewayzusa.co/guides/driveway-3d-scanning-creating-digital-twin-of-your-surface/,alt=Smooth gray concrete driveway viewed from an elev…
2026-07-29T23:46:02.048104,driveway-abrasion-resistance-how-surfaces-wear-over-time,guides/driveway-abrasion-resistance-how-surfaces-wear-over-time/index.html,injected,Driveway Abrasion Resistance,https://drivewayzusa.co/images/heroes/hero-worn-smooth-aggregate-concrete.webp,https://drivewayzusa.co/guides/driveway-abrasion-resistance-how-surfaces-wear-over-time/,alt=Worn concrete with aggregate polished smooth by y…
2026-07-29T23:46:02.048686,driveway-access-permit-municipal-street-connection,guides/driveway-access-permit-municipal-street-connection/index.html,injected,Driveway Access Permit: Municipal Street Connection,https://drivewayzusa.co/images/heroes/hero-rolled-curb-apron-gutter.webp,https://drivewayzusa.co/guides/driveway-access-permit-municipal-street-connection/,alt=Concrete driveway apron meeting the street gutter…
2026-07-29T23:46:02.049217,driveway-acoustic-emission-testing-crack-detection,guides/driveway-acoustic-emission-testing-crack-detection/index.html,injected,Driveway Acoustic Emission Testing: Crack Detection,https://drivewayzusa.co/images/heroes/hero-fine-crack-map-concrete-panel.webp,https://drivewayzusa.co/guides/driveway-acoustic-emission-testing-crack-detection/,alt=Network of fine cracks spreading across a concret…
2026-07-29T23:46:02.049750,driveway-acrylic-sealer-water-based-protection,guides/driveway-acrylic-sealer-water-based-protection/index.html,injected,Driveway Acrylic Sealer: Water-Based Protection,https://drivewayzusa.co/images/heroes/hero-glossy-sealed-stamped-concrete.webp,https://drivewayzusa.co/guides/driveway-acrylic-sealer-water-based-protection/,alt=Glossy acrylic sealer highlighting the pattern of…
2026-07-29T23:46:02.050252,driveway-ada-transition-plan-municipal-accessibility-upgrades,guides/driveway-ada-transition-plan-municipal-accessibility-upgrades/index.html,injected,Driveway ADA Transition Plan,https://drivewayzusa.co/images/heroes/hero-flush-sidewalk-apron-transition.webp,https://drivewayzusa.co/guides/driveway-ada-transition-plan-municipal-accessibility-upgrades/,alt=Flush concrete transition where a sidewalk crosse…
2026-07-29T23:46:02.050692,driveway-aggregate-color-options-regional-stone-varieties,guides/driveway-aggregate-color-options-regional-stone-varieties/index.html,injected,Driveway Aggregate Color Options,https://drivewayzusa.co/images/heroes/hero-multicolor-exposed-aggregate-detail.webp,https://drivewayzusa.co/guides/driveway-aggregate-color-options-regional-stone-varieties/,alt=Exposed aggregate concrete showing mixed red tan …
2026-07-29T23:46:02.051161,driveway-aggregate-size-guide-fine-medium-and-coarse,guides/driveway-aggregate-size-guide-fine-medium-and-coarse/index.html,injected,Driveway Aggregate Size Guide,https://drivewayzusa.co/images/heroes/hero-coarse-beside-fine-gravel.webp,https://drivewayzusa.co/guides/driveway-aggregate-size-guide-fine-medium-and-coarse/,alt=Coarse crushed stone beside fine gravel in close …
2026-07-29T23:46:02.051945,driveway-airport-proximity-faa-height-restrictions,guides/driveway-airport-proximity-faa-height-restrictions/index.html,injected,Driveway Airport Proximity: FAA Height Restrictions,https://drivewayzusa.co/images/heroes/hero-gravel-lane-wide-open-sky.webp,https://drivewayzusa.co/guides/driveway-airport-proximity-faa-height-restrictions/,alt=Long gravel lane stretching beneath a wide open e…
2026-07-29T23:46:02.052618,driveway-alarm-systems-and-motion-sensors,guides/driveway-alarm-systems-and-motion-sensors/index.html,injected,Driveway Alarm Systems and Motion Sensors,https://drivewayzusa.co/images/heroes/hero-dusk-lit-paver-drive-entry.webp,https://drivewayzusa.co/guides/driveway-alarm-systems-and-motion-sensors/,alt=Paver driveway entry glowing softly in warm dusk …
2026-07-29T23:46:02.053169,driveway-alexa-and-google-home-compatible-lights,guides/driveway-alexa-and-google-home-compatible-lights/index.html,injected,Driveway Alexa and Google Home Compatible Lights,https://drivewayzusa.co/images/heroes/hero-ground-lights-paver-border-dusk.webp,https://drivewayzusa.co/guides/driveway-alexa-and-google-home-compatible-lights/,alt=Small ground lights glowing along the border of a…
2026-07-29T23:46:02.053718,driveway-algae-prevention-treatments-and-surface-options,guides/driveway-algae-prevention-treatments-and-surface-options/index.html,injected,Driveway Algae Prevention,https://drivewayzusa.co/images/heroes/hero-green-algae-film-concrete.webp,https://drivewayzusa.co/guides/driveway-algae-prevention-treatments-and-surface-options/,alt=Green algae film spreading across a damp concrete…
2026-07-29T23:46:02.054169,driveway-and-garage-floor-connection-seamless-design,guides/driveway-and-garage-floor-connection-seamless-design/index.html,injected,Driveway and Garage Floor Connection: Seamless Design,https://drivewayzusa.co/images/heroes/hero-drive-slab-meets-garage-floor.webp,https://drivewayzusa.co/guides/driveway-and-garage-floor-connection-seamless-design/,alt=Concrete slab running flush into the garage at th…
2026-07-29T23:46:02.054613,driveway-and-landscaping-integration-cohesive-property-design,guides/driveway-and-landscaping-integration-cohesive-property-design/index.html,injected,Driveway and Landscaping Integration,https://drivewayzusa.co/images/heroes/hero-paver-drive-planted-beds.webp,https://drivewayzusa.co/guides/driveway-and-landscaping-integration-cohesive-property-design/,alt=Paver driveway framed by planted beds and low gre…
2026-07-29T23:46:02.055041,driveway-and-power-line-clearance-overhead-utilities,guides/driveway-and-power-line-clearance-overhead-utilities/index.html,injected,Driveway and Power Line Clearance: Overhead Utilities,https://drivewayzusa.co/images/heroes/hero-gravel-drive-utility-poles.webp,https://drivewayzusa.co/guides/driveway-and-power-line-clearance-overhead-utilities/,alt=Gravel drive running past utility poles under a c…
2026-07-29T23:46:02.055472,driveway-and-retaining-wall-integration-design-principles,guides/driveway-and-retaining-wall-integration-design-principles/index.html,injected,Driveway and Retaining Wall Integration,https://drivewayzusa.co/images/heroes/hero-asphalt-edge-stone-retaining-wall.webp,https://drivewayzusa.co/guides/driveway-and-retaining-wall-integration-design-principles/,alt=Asphalt drive edged by a low mortared stone wall
2026-07-29T23:46:02.055955,driveway-and-walkway-coordination,guides/driveway-and-walkway-coordination/index.html,injected,Driveway and Walkway Coordination,https://drivewayzusa.co/images/heroes/hero-paver-walkway-meets-concrete-drive.webp,https://drivewayzusa.co/guides/driveway-and-walkway-coordination/,alt=Paver walkway meeting a weathered concrete drivew…
2026-07-29T23:46:02.056408,driveway-annual-maintenance-cost-comparison-all-materials,guides/driveway-annual-maintenance-cost-comparison-all-materials/index.html,injected,Driveway Annual Maintenance Cost Comparison,https://drivewayzusa.co/images/heroes/hero-fresh-sealcoat-squeegee-lines.webp,https://drivewayzusa.co/guides/driveway-annual-maintenance-cost-comparison-all-materials/,alt=Fresh sealcoat squeegee lines across a partly tre…
2026-07-29T23:46:02.056958,driveway-ant-killer-keeping-insects-out-of-paver-joints,guides/driveway-ant-killer-keeping-insects-out-of-paver-joints/index.html,injected,Driveway Ant Killer,https://drivewayzusa.co/images/heroes/hero-ant-sand-paver-joints-closeup.webp,https://drivewayzusa.co/guides/driveway-ant-killer-keeping-insects-out-of-paver-joints/,alt=Small sand piles pushed up between the joints of …
2026-07-29T23:46:02.057473,driveway-apron-design-street-to-property-transition,guides/driveway-apron-design-street-to-property-transition/index.html,injected,Driveway Apron Design: Street to Property Transition,https://drivewayzusa.co/images/heroes/hero-concrete-apron-meets-asphalt-street.webp,https://drivewayzusa.co/guides/driveway-apron-design-street-to-property-transition/,alt=Concrete apron meeting the asphalt street at a ro…
2026-07-29T23:46:02.057974,driveway-archaeological-survey-historic-area-requirements,guides/driveway-archaeological-survey-historic-area-requirements/index.html,injected,Driveway Archaeological Survey,https://drivewayzusa.co/images/heroes/hero-weathered-cobblestone-lane-rain.webp,https://drivewayzusa.co/guides/driveway-archaeological-survey-historic-area-requirements/,alt=Weathered cobblestone lane glistening after rain …
2026-07-29T23:46:02.058453,driveway-as-built-documentation-app-recording-final-product,guides/driveway-as-built-documentation-app-recording-final-product/index.html,injected,Driveway As-Built Documentation App: Recording the Final Product the Right Way,https://drivewayzusa.co/images/heroes/hero-finished-concrete-drive-clean-lines.webp,https://drivewayzusa.co/guides/driveway-as-built-documentation-app-recording-final-product/,alt=Finished concrete drive with clean broom lines in…
2026-07-29T23:46:02.058870,driveway-as-built-survey-documenting-what-was-built,guides/driveway-as-built-survey-documenting-what-was-built/index.html,injected,Driveway As-Built Survey: Documenting What Was Built,https://drivewayzusa.co/images/heroes/hero-measuring-wheel-new-asphalt.webp,https://drivewayzusa.co/guides/driveway-as-built-survey-documenting-what-was-built/,alt=Measuring wheel resting on a fresh asphalt surface
2026-07-29T23:46:02.059471,driveway-asphalt-binder-grades-pg-system-explained,guides/driveway-asphalt-binder-grades-pg-system-explained/index.html,injected,Driveway Asphalt Binder Grades: PG System Explained,https://drivewayzusa.co/images/heroes/hero-dense-asphalt-binder-texture.webp,https://drivewayzusa.co/guides/driveway-asphalt-binder-grades-pg-system-explained/,alt=Dense fresh asphalt binder with fine aggregate te…
2026-07-29T23:46:02.060033,driveway-asset-management-municipal-and-hoa-best-practices,guides/driveway-asset-management-municipal-and-hoa-best-practices/index.html,injected,Driveway Asset Management: What Municipalities and HOA Boards Need to Get Right,https://drivewayzusa.co/images/heroes/hero-cracked-drives-suburban-street.webp,https://drivewayzusa.co/guides/driveway-asset-management-municipal-and-hoa-best-practices/,alt=Cracked asphalt drives along a quiet suburban str…
2026-07-29T23:46:02.060429,driveway-augmented-reality-overlay-seeing-design-in-real-space,guides/driveway-augmented-reality-overlay-seeing-design-in-real-space/index.html,injected,Driveway Augmented Reality Overlay,https://drivewayzusa.co/images/heroes/hero-stakes-string-mark-planned-drive.webp,https://drivewayzusa.co/guides/driveway-augmented-reality-overlay-seeing-design-in-real-space/,alt=Stakes and string lines marking a planned drive l…
2026-07-29T23:46:02.060838,driveway-autonomous-vehicle-considerations-preparing-for-the-future,guides/driveway-autonomous-vehicle-considerations-preparing-for-the-future/index.html,injected,Driveway Autonomous Vehicle Considerations,https://drivewayzusa.co/images/heroes/hero-wide-smooth-concrete-drive-straight.webp,https://drivewayzusa.co/guides/driveway-autonomous-vehicle-considerations-preparing-for-the-future/,alt=Wide smooth concrete drive running straight to a …
2026-07-29T23:46:02.061253,driveway-award-winning-designs-recognizing-excellence,guides/driveway-award-winning-designs-recognizing-excellence/index.html,injected,Driveway Award-Winning Designs: Recognizing Excellence,https://drivewayzusa.co/images/heroes/hero-curved-paver-drive-golden-light.webp,https://drivewayzusa.co/guides/driveway-award-winning-designs-recognizing-excellence/,alt=Curved paver drive glowing in warm evening light
2026-07-29T23:46:02.061698,driveway-base-and-subgrade-why-they-matter-more-than-the-surface,guides/driveway-base-and-subgrade-why-they-matter-more-than-the-surface/index.html,injected,Why Driveway Base Matters More Than Surface,https://drivewayzusa.co/images/heroes/hero-excavated-base-awaiting-gravel-fill.webp,https://drivewayzusa.co/guides/driveway-base-and-subgrade-why-they-matter-more-than-the-surface/,alt=Excavated base with a layer of compacted gravel
2026-07-29T23:46:02.062098,driveway-base-depth-how-much-gravel-do-you-need,guides/driveway-base-depth-how-much-gravel-do-you-need/index.html,injected,Driveway Base Depth: How Much Gravel Do You Need?,https://drivewayzusa.co/images/heroes/hero-gravel-base-4-inch-layer-profile.webp,https://drivewayzusa.co/guides/driveway-base-depth-how-much-gravel-do-you-need/,alt=Side profile of a 4 inch gravel base layer
2026-07-29T23:46:02.062573,driveway-base-subgrade,guides/driveway-base-subgrade/index.html,skipped,,,,hero_img_not_found
2026-07-29T23:46:02.062972,driveway-basics-types-costs-and-lifespan-explained,guides/driveway-basics-types-costs-and-lifespan-explained/index.html,injected,Driveway Basics Explained: Types & Costs,https://drivewayzusa.co/images/heroes/hero-concrete-edge-meets-gravel-drive.webp,https://drivewayzusa.co/guides/driveway-basics-types-costs-and-lifespan-explained/,alt=Edge where a concrete drive meets a gravel lane
2026-07-29T23:46:02.063485,driveway-basics-types-costs-lifespan,guides/driveway-basics-types-costs-lifespan/index.html,injected,"Driveway Types, Costs & Lifespan Guide",https://drivewayzusa.co/images/heroes/hero-paver-band-crosses-concrete-drive.webp,https://drivewayzusa.co/guides/driveway-basics-types-costs-lifespan/,alt=Band of brick pavers crossing a pale concrete dri…
2026-07-29T23:46:02.064017,driveway-basketball-court-integration,guides/driveway-basketball-court-integration/index.html,injected,Driveway Basketball Court Integration,https://drivewayzusa.co/images/heroes/hero-wide-flat-concrete-court-drive.webp,https://drivewayzusa.co/guides/driveway-basketball-court-integration/,alt=Wide flat concrete pad under bright midday sun
2026-07-29T23:46:02.064523,driveway-before-and-after-asphalt-renovation-examples,guides/driveway-before-and-after-asphalt-renovation-examples/index.html,injected,Driveway Before and After: Asphalt Renovation Examples,https://drivewayzusa.co/images/heroes/hero-fresh-overlay-old-asphalt-boundary.webp,https://drivewayzusa.co/guides/driveway-before-and-after-asphalt-renovation-examples/,alt=Fresh asphalt overlay meeting the faded older pav…
2026-07-29T23:46:02.065055,driveway-before-and-after-concrete-transformation-gallery,guides/driveway-before-and-after-concrete-transformation-gallery/index.html,injected,Driveway Before and After,https://drivewayzusa.co/images/heroes/hero-weathered-meets-fresh-concrete-pour.webp,https://drivewayzusa.co/guides/driveway-before-and-after-concrete-transformation-gallery/,alt=Joint line where weathered gray concrete meets a …
2026-07-29T23:46:02.065526,driveway-before-and-after-gravel-to-paved-upgrade,guides/driveway-before-and-after-gravel-to-paved-upgrade/index.html,injected,Driveway Before and After: Gravel to Paved Upgrade,https://drivewayzusa.co/images/heroes/hero-fresh-asphalt-meets-gravel-lane-edge.webp,https://drivewayzusa.co/guides/driveway-before-and-after-gravel-to-paved-upgrade/,alt=Fresh asphalt pavement ending where a gravel lane…
2026-07-29T23:46:02.066035,driveway-before-and-after-paver-installation-showcase,guides/driveway-before-and-after-paver-installation-showcase/index.html,injected,Driveway Before and After: Paver Installation Showcase,https://drivewayzusa.co/images/heroes/hero-sealed-paver-drive-warm-dusk.webp,https://drivewayzusa.co/guides/driveway-before-and-after-paver-installation-showcase/,alt=Newly sealed paver drive in warm dusk light
2026-07-29T23:46:02.066513,driveway-bid-comparison-spreadsheet-evaluating-offers,guides/driveway-bid-comparison-spreadsheet-evaluating-offers/index.html,injected,Driveway Bid Comparison Spreadsheet: Evaluating Offers,https://drivewayzusa.co/images/heroes/hero-screed-board-fresh-concrete-pour.webp,https://drivewayzusa.co/guides/driveway-bid-comparison-spreadsheet-evaluating-offers/,alt=Screed board leveling a fresh concrete pour betwe…
2026-07-29T23:46:02.066982,driveway-blog-topics-for-contractors-content-marketing-ideas,guides/driveway-blog-topics-for-contractors-content-marketing-ideas/index.html,injected,Driveway Blog Topics for Contractors,https://drivewayzusa.co/images/heroes/hero-damp-asphalt-aggregate-macro.webp,https://drivewayzusa.co/guides/driveway-blog-topics-for-contractors-content-marketing-ideas/,alt=Damp asphalt surface with fine cracks after rain
2026-07-29T23:46:02.067391,driveway-bonded-concrete-overlay-thin-layer-resurfacing,guides/driveway-bonded-concrete-overlay-thin-layer-resurfacing/index.html,injected,Driveway Bonded Concrete Overlay,https://drivewayzusa.co/images/heroes/hero-thin-overlay-old-concrete-slab.webp,https://drivewayzusa.co/guides/driveway-bonded-concrete-overlay-thin-layer-resurfacing/,alt=Thin fresh topping spread over an old concrete sl…
2026-07-29T23:46:02.067822,driveway-border-ideas-edging-and-accents,guides/driveway-border-ideas-edging-and-accents/index.html,injected,Driveway Border Ideas: Edging and Accents,https://drivewayzusa.co/images/heroes/hero-granite-sett-edging-concrete-drive.webp,https://drivewayzusa.co/guides/driveway-border-ideas-edging-and-accents/,alt=Granite sett edging along a sealed concrete drive
2026-07-29T23:46:02.068530,driveway-budget-forecasting-model-predicting-future-costs,guides/driveway-budget-forecasting-model-predicting-future-costs/index.html,injected,Driveway Budget Forecasting Model,https://drivewayzusa.co/images/heroes/hero-map-cracked-gray-asphalt-closeup.webp,https://drivewayzusa.co/guides/driveway-budget-forecasting-model-predicting-future-costs/,alt=Network of map cracks across aging gray asphalt
2026-07-29T23:46:02.069330,driveway-builders-risk-insurance-during-construction-coverage,guides/driveway-builders-risk-insurance-during-construction-coverage/index.html,injected,Driveway Builder's Risk Insurance,https://drivewayzusa.co/images/heroes/hero-formed-driveway-excavation-overcast.webp,https://drivewayzusa.co/guides/driveway-builders-risk-insurance-during-construction-coverage/,alt=Open excavation with timber forms under gray over…
2026-07-29T23:46:02.069871,driveway-building-information-modeling-bim-for-paving,guides/driveway-building-information-modeling-bim-for-paving/index.html,injected,Driveway Building Information Modeling: BIM for Paving,https://drivewayzusa.co/images/heroes/hero-grade-stakes-leveled-drive-base.webp,https://drivewayzusa.co/guides/driveway-building-information-modeling-bim-for-paving/,alt=Grade stakes and string lines over a leveled grav…
2026-07-29T23:46:02.070300,driveway-cable-and-fiber-optic-protection-shallow-utility-concerns,guides/driveway-cable-and-fiber-optic-protection-shallow-utility-concerns/index.html,injected,Driveway Cable and Fiber Optic Protection,https://drivewayzusa.co/images/heroes/hero-narrow-trench-along-drive-edge.webp,https://drivewayzusa.co/guides/driveway-cable-and-fiber-optic-protection-shallow-utility-concerns/,alt=Narrow shallow trench cut along the edge of a gra…
2026-07-29T23:46:02.070705,driveway-callback-repair-contractors-responsibility,guides/driveway-callback-repair-contractors-responsibility/index.html,injected,Driveway Callback Repair,https://drivewayzusa.co/images/heroes/hero-sawn-edges-failed-asphalt.webp,https://drivewayzusa.co/guides/driveway-callback-repair-contractors-responsibility/,alt=Sawn edges around a failed asphalt section being …
2026-07-29T23:46:02.071167,driveway-camera-and-security-integration,guides/driveway-camera-and-security-integration/index.html,injected,Driveway Camera and Security Integration,https://drivewayzusa.co/images/heroes/hero-camera-post-concrete-frontage.webp,https://drivewayzusa.co/guides/driveway-camera-and-security-integration/,alt=Camera post at the curb beside a smooth sealed co…
2026-07-29T23:46:02.071633,driveway-cape-seal-combined-chip-and-slurry-treatment,guides/driveway-cape-seal-combined-chip-and-slurry-treatment/index.html,injected,Driveway Cape Seal: Combined Chip and Slurry Treatment,https://drivewayzusa.co/images/heroes/hero-cape-seal-slurry-chip-texture.webp,https://drivewayzusa.co/guides/driveway-cape-seal-combined-chip-and-slurry-treatment/,alt=Speckled aggregate bound in a dark slurry under f…
2026-07-29T23:46:02.072111,driveway-capital-improvement-planning-big-project-budgeting,guides/driveway-capital-improvement-planning-big-project-budgeting/index.html,injected,Driveway Capital Improvement Planning,https://drivewayzusa.co/images/heroes/hero-graded-base-awaiting-paving.webp,https://drivewayzusa.co/guides/driveway-capital-improvement-planning-big-project-budgeting/,alt=Graded gravel base with edge forms ready for new …
2026-07-29T23:46:02.072570,driveway-carbon-footprint-calculator-measuring-environmental-impact,guides/driveway-carbon-footprint-calculator-measuring-environmental-impact/index.html,injected,Driveway Carbon Footprint Calculator,https://drivewayzusa.co/images/heroes/hero-permeable-gravel-greenery-drive.webp,https://drivewayzusa.co/guides/driveway-carbon-footprint-calculator-measuring-environmental-impact/,alt=Open graded gravel drive bordered by planting bed…
2026-07-29T23:46:02.073112,driveway-carbon-sequestration-how-some-materials-absorb-co2,guides/driveway-carbon-sequestration-how-some-materials-absorb-co2/index.html,injected,Driveway Carbon Sequestration,https://drivewayzusa.co/images/heroes/hero-grass-joints-paver-closeup.webp,https://drivewayzusa.co/guides/driveway-carbon-sequestration-how-some-materials-absorb-co2/,alt=Grass growing between weathered paver joints afte…
2026-07-29T23:46:02.073603,driveway-cement-types-portland-blended-and-specialty,guides/driveway-cement-types-portland-blended-and-specialty/index.html,injected,Driveway Cement Types,https://drivewayzusa.co/images/heroes/hero-smooth-cement-surface-detail.webp,https://drivewayzusa.co/guides/driveway-cement-types-portland-blended-and-specialty/,alt=Smooth gray cement surface with fine trowel marks…
2026-07-29T23:46:02.074055,driveway-certificate-of-completion-municipal-approval,guides/driveway-certificate-of-completion-municipal-approval/index.html,injected,Driveway Certificate of Completion: Municipal Approval,https://drivewayzusa.co/images/heroes/hero-finished-concrete-drive-dusk.webp,https://drivewayzusa.co/guides/driveway-certificate-of-completion-municipal-approval/,alt=Finished concrete drive with crisp edges in warm …
2026-07-29T23:46:02.074540,driveway-certification-programs-becoming-a-qualified-installer,guides/driveway-certification-programs-becoming-a-qualified-installer/index.html,injected,Driveway Certification Programs,https://drivewayzusa.co/images/heroes/hero-screed-board-fresh-concrete.webp,https://drivewayzusa.co/guides/driveway-certification-programs-becoming-a-qualified-installer/,alt=Screed board resting across fresh concrete betwee…
2026-07-29T23:46:02.075024,driveway-change-order-template-documenting-modifications,guides/driveway-change-order-template-documenting-modifications/index.html,injected,Driveway Change Order Template,https://drivewayzusa.co/images/heroes/hero-form-boards-partly-poured-drive.webp,https://drivewayzusa.co/guides/driveway-change-order-template-documenting-modifications/,alt=Partly poured concrete drive with forms marking t…
2026-07-29T23:46:02.075513,driveway-channel-drain-types-and-installation-guide,guides/driveway-channel-drain-types-and-installation-guide/index.html,injected,Driveway Channel Drain: Types and Installation Guide,https://drivewayzusa.co/images/heroes/hero-trench-drain-grate-drive.webp,https://drivewayzusa.co/guides/driveway-channel-drain-types-and-installation-guide/,alt=Metal grate of a trench drain set across a wet co…
2026-07-29T23:46:02.076048,driveway-chemical-resistance-oil-gas-and-de-icer-effects,guides/driveway-chemical-resistance-oil-gas-and-de-icer-effects/index.html,injected,Driveway Chemical Resistance,https://drivewayzusa.co/images/heroes/hero-oil-stain-marks-asphalt-detail.webp,https://drivewayzusa.co/guides/driveway-chemical-resistance-oil-gas-and-de-icer-effects/,alt=Dark oil stains and salt residue on weathered asp…
2026-07-29T23:46:02.076518,driveway-chip-seal-surface-treatment-process,guides/driveway-chip-seal-surface-treatment-process/index.html,injected,Driveway Chip Seal: Surface Treatment Process,https://drivewayzusa.co/images/heroes/hero-loose-chips-on-binder.webp,https://drivewayzusa.co/guides/driveway-chip-seal-surface-treatment-process/,alt=Loose aggregate scattered over fresh binder along…
2026-07-29T23:46:02.077030,driveway-climate-adaptation-strategy-building-for-future-conditions,guides/driveway-climate-adaptation-strategy-building-for-future-conditions/index.html,injected,Driveway Climate Adaptation Strategy,https://drivewayzusa.co/images/heroes/hero-puddled-sealed-concrete-drive.webp,https://drivewayzusa.co/guides/driveway-climate-adaptation-strategy-building-for-future-conditions/,alt=Sealed concrete drive holding puddles after stead…
2026-07-29T23:46:02.077467,driveway-coating-products-comparison,guides/driveway-coating-products-comparison/index.html,injected,Driveway Coating Products Comparison,https://drivewayzusa.co/images/heroes/hero-coated-uncoated-asphalt-boundary.webp,https://drivewayzusa.co/guides/driveway-coating-products-comparison/,alt=Boundary line where glossy coating meets dull unt…
2026-07-29T23:46:02.077912,driveway-coefficient-of-friction-measuring-slip-resistance,guides/driveway-coefficient-of-friction-measuring-slip-resistance/index.html,injected,Driveway Coefficient of Friction,https://drivewayzusa.co/images/heroes/hero-broom-texture-grip-closeup.webp,https://drivewayzusa.co/guides/driveway-coefficient-of-friction-measuring-slip-resistance/,alt=Broomed concrete texture with parallel ridges fil…
2026-07-29T23:46:02.078676,driveway-cold-in-place-recycling-budget-friendly-rehabilitation,guides/driveway-cold-in-place-recycling-budget-friendly-rehabilitation/index.html,injected,Driveway Cold In-Place Recycling,https://drivewayzusa.co/images/heroes/hero-milled-asphalt-rural-lane.webp,https://drivewayzusa.co/guides/driveway-cold-in-place-recycling-budget-friendly-rehabilitation/,alt=Milled asphalt lane with grooved texture stretchi…
2026-07-29T23:46:02.080543,driveway-cold-pour-crack-filler-diy-application-guide,guides/driveway-cold-pour-crack-filler-diy-application-guide/index.html,injected,Driveway Cold Pour Crack Filler: DIY Application Guide,https://drivewayzusa.co/images/heroes/hero-gray-filler-wide-crack.webp,https://drivewayzusa.co/guides/driveway-cold-pour-crack-filler-diy-application-guide/,alt=Fresh gray filler running along a wide asphalt fi…
2026-07-29T23:46:02.080958,driveway-color-fading-how-to-restore-and-protect,guides/driveway-color-fading-how-to-restore-and-protect/index.html,injected,Driveway Color Fading: How to Restore and Protect,https://drivewayzusa.co/images/heroes/hero-sun-faded-asphalt-pale-patches.webp,https://drivewayzusa.co/guides/driveway-color-fading-how-to-restore-and-protect/,alt=Sun bleached asphalt with pale patches beside dee…
2026-07-29T23:46:02.081370,driveway-color-restoration-techniques,guides/driveway-color-restoration-techniques/index.html,injected,Driveway Color Restoration Techniques,https://drivewayzusa.co/images/heroes/hero-color-stain-half-applied.webp,https://drivewayzusa.co/guides/driveway-color-restoration-techniques/,alt=Fresh stain darkening half of a weathered concret…
2026-07-29T23:46:02.081770,driveway-community-design-standards-neighborhood-harmony,guides/driveway-community-design-standards-neighborhood-harmony/index.html,injected,Driveway Community Design Standards,https://drivewayzusa.co/images/heroes/hero-matching-paver-drives-street.webp,https://drivewayzusa.co/guides/driveway-community-design-standards-neighborhood-harmony/,alt=Matching paver drives along a quiet street in eve…
2026-07-29T23:46:02.082312,driveway-compaction-testing-standards-and-methods,guides/driveway-compaction-testing-standards-and-methods/index.html,injected,Driveway Compaction Testing: Standards and Methods,https://drivewayzusa.co/images/heroes/hero-plate-compactor-gravel-base.webp,https://drivewayzusa.co/guides/driveway-compaction-testing-standards-and-methods/,alt=Plate compactor resting on a freshly packed grave…
2026-07-29T23:46:02.082716,driveway-compaction-testing-why-it-matters,guides/driveway-compaction-testing-why-it-matters/index.html,injected,Driveway Compaction Testing: Why It Matters,https://drivewayzusa.co/images/heroes/hero-rutted-wheel-paths-asphalt.webp,https://drivewayzusa.co/guides/driveway-compaction-testing-why-it-matters/,alt=Settled wheel paths and cracks across an uneven a…
2026-07-29T23:46:02.083099,driveway-complete-streets-integration-multi-modal-access,guides/driveway-complete-streets-integration-multi-modal-access/index.html,injected,Driveway Complete Streets Integration,https://drivewayzusa.co/images/heroes/hero-apron-sidewalk-painted-lane.webp,https://drivewayzusa.co/guides/driveway-complete-streets-integration-multi-modal-access/,alt=Concrete apron crossing a sidewalk beside a paint…
2026-07-29T23:46:02.083481,driveway-completed-operations-coverage-post-project-protection,guides/driveway-completed-operations-coverage-post-project-protection/index.html,injected,Driveway Completed Operations Coverage,https://drivewayzusa.co/images/heroes/hero-finished-sealed-drive-evening.webp,https://drivewayzusa.co/guides/driveway-completed-operations-coverage-post-project-protection/,alt=Finished sealed asphalt drive glowing in warm eve…
2026-07-29T23:46:02.083939,driveway-compressive-strength-test-concrete-quality-check,guides/driveway-compressive-strength-test-concrete-quality-check/index.html,injected,Driveway Compressive Strength Test,https://drivewayzusa.co/images/heroes/hero-concrete-core-sample-slab.webp,https://drivewayzusa.co/guides/driveway-compressive-strength-test-concrete-quality-check/,alt=Concrete core sample resting on a finished slab u…
2026-07-29T23:46:02.084365,driveway-concrete-burns-protecting-skin-during-installation,guides/driveway-concrete-burns-protecting-skin-during-installation/index.html,injected,Driveway Concrete Burns,https://drivewayzusa.co/images/heroes/hero-steel-trowel-resting-wet-cement.webp,https://drivewayzusa.co/guides/driveway-concrete-burns-protecting-skin-during-installation/,alt=Steel finishing trowel resting on wet cement duri…
2026-07-29T23:46:02.084878,driveway-concrete-pigment-adding-color-to-your-mix,guides/driveway-concrete-pigment-adding-color-to-your-mix/index.html,injected,Driveway Concrete Pigment: Adding Color to Your Mix,https://drivewayzusa.co/images/heroes/hero-pigment-color-strips-fresh-concrete.webp,https://drivewayzusa.co/guides/driveway-concrete-pigment-adding-color-to-your-mix/,alt=Warm pigment color strips brushed across fresh co…
2026-07-29T23:46:02.085509,driveway-concrete-polishing-outdoors-is-it-practical,guides/driveway-concrete-polishing-outdoors-is-it-practical/index.html,injected,Driveway Concrete Polishing Outdoors: Is It Practical?,https://drivewayzusa.co/images/heroes/hero-polished-slab-reflecting-sky.webp,https://drivewayzusa.co/guides/driveway-concrete-polishing-outdoors-is-it-practical/,alt=Polished concrete slab reflecting clouds across a…
2026-07-29T23:46:02.086130,driveway-concrete-reinforcement-methods-compared,guides/driveway-concrete-reinforcement-methods-compared/index.html,injected,Driveway Concrete Reinforcement Methods Compared,https://drivewayzusa.co/images/heroes/hero-steel-rebar-grid-gravel-base.webp,https://drivewayzusa.co/guides/driveway-concrete-reinforcement-methods-compared/,alt=Steel rebar grid laid over a compacted gravel bas…
2026-07-29T23:46:02.086619,driveway-concrete-slump-test-what-it-tells-you,guides/driveway-concrete-slump-test-what-it-tells-you/index.html,injected,Driveway Concrete Slump Test: What It Tells You,https://drivewayzusa.co/images/heroes/hero-slump-cone-fresh-concrete-mound.webp,https://drivewayzusa.co/guides/driveway-concrete-slump-test-what-it-tells-you/,alt=Slump cone beside a settled mound of fresh concre…
2026-07-29T23:46:02.087144,driveway-concrete-vs-asphalt-in-your-climate-zone,guides/driveway-concrete-vs-asphalt-in-your-climate-zone/index.html,injected,Driveway Concrete vs Asphalt in Your Climate Zone,https://drivewayzusa.co/images/heroes/hero-frosty-concrete-asphalt-seam.webp,https://drivewayzusa.co/guides/driveway-concrete-vs-asphalt-in-your-climate-zone/,alt=Light frost along the seam where a concrete drive…
2026-07-29T23:46:02.087719,driveway-condition-and-home-inspection-what-buyers-look-for,guides/driveway-condition-and-home-inspection-what-buyers-look-for/index.html,injected,Driveway Condition and Home Inspection,https://drivewayzusa.co/images/heroes/hero-cracked-patched-asphalt-frontage.webp,https://drivewayzusa.co/guides/driveway-condition-and-home-inspection-what-buyers-look-for/,alt=Wide cracks and patch lines across an old asphalt…
2026-07-29T23:46:02.088280,driveway-condition-assessment-protocol-standardized-evaluation,guides/driveway-condition-assessment-protocol-standardized-evaluation/index.html,injected,Driveway Condition Assessment Protocol,https://drivewayzusa.co/images/heroes/hero-measuring-wheel-weathered-concrete.webp,https://drivewayzusa.co/guides/driveway-condition-assessment-protocol-standardized-evaluation/,alt=Measuring wheel standing on a weathered concrete …
2026-07-29T23:46:02.088938,driveway-condition-survey-form-annual-documentation,guides/driveway-condition-survey-form-annual-documentation/index.html,injected,Driveway Condition Survey Form: Annual Documentation,https://drivewayzusa.co/images/heroes/hero-damp-weathered-concrete-elevated-view.webp,https://drivewayzusa.co/guides/driveway-condition-survey-form-annual-documentation/,alt=Damp weathered concrete lane stretching toward op…
2026-07-29T23:46:02.089351,driveway-connected-home-integration-linking-to-smart-systems,guides/driveway-connected-home-integration-linking-to-smart-systems/index.html,injected,Driveway Connected Home Integration: Linking Your Driveway to Smart Systems,https://drivewayzusa.co/images/heroes/hero-bollard-lights-sealed-drive-dusk.webp,https://drivewayzusa.co/guides/driveway-connected-home-integration-linking-to-smart-systems/,alt=Low bollard lights glowing along a sealed drivewa…
2026-07-29T23:46:02.089818,driveway-construction-bond-financial-guarantee-requirements,guides/driveway-construction-bond-financial-guarantee-requirements/index.html,injected,Driveway Construction Bond,https://drivewayzusa.co/images/heroes/hero-wooden-forms-raked-gravel-bed.webp,https://drivewayzusa.co/guides/driveway-construction-bond-financial-guarantee-requirements/,alt=Wooden forms staked around a raked gravel bed awa…
2026-07-29T23:46:02.090355,driveway-continuing-education-staying-current-with-technology,guides/driveway-continuing-education-staying-current-with-technology/index.html,injected,Driveway Continuing Education,https://drivewayzusa.co/images/heroes/hero-laser-level-fresh-slab.webp,https://drivewayzusa.co/guides/driveway-continuing-education-staying-current-with-technology/,alt=Rotary laser level on a tripod beside a freshly p…
2026-07-29T23:46:02.090787,driveway-contract-dispute-resolution-mediation-vs-arbitration,guides/driveway-contract-dispute-resolution-mediation-vs-arbitration/index.html,injected,Driveway Contract Dispute Resolution,https://drivewayzusa.co/images/heroes/hero-cracked-slab-partial-patch-repair.webp,https://drivewayzusa.co/guides/driveway-contract-dispute-resolution-mediation-vs-arbitration/,alt=Partially patched crack running across a gray con…
2026-07-29T23:46:02.091221,driveway-contract-template-standard-terms-and-conditions,guides/driveway-contract-template-standard-terms-and-conditions/index.html,injected,Driveway Contract Template,https://drivewayzusa.co/images/heroes/hero-sealed-asphalt-golden-glow.webp,https://drivewayzusa.co/guides/driveway-contract-template-standard-terms-and-conditions/,alt=Freshly sealed asphalt glowing in warm evening li…
2026-07-29T23:46:02.091627,driveway-contractor-arbitration-resolving-quality-disputes,guides/driveway-contractor-arbitration-resolving-quality-disputes/index.html,injected,Driveway Contractor Arbitration,https://drivewayzusa.co/images/heroes/hero-rough-finish-ridges-concrete-closeup.webp,https://drivewayzusa.co/guides/driveway-contractor-arbitration-resolving-quality-disputes/,alt=Uneven ridged patches across a poorly finished co…
2026-07-29T23:46:02.092018,driveway-contractor-bond-verification-ensuring-protection,guides/driveway-contractor-bond-verification-ensuring-protection/index.html,injected,Driveway Contractor Bond Verification,https://drivewayzusa.co/images/heroes/hero-sealed-concrete-crisp-lawn-edges.webp,https://drivewayzusa.co/guides/driveway-contractor-bond-verification-ensuring-protection/,alt=Sealed concrete drive with crisp lawn edges under…
2026-07-29T23:46:02.092464,driveway-contractor-business-insurance-coverage-you-need,guides/driveway-contractor-business-insurance-coverage-you-need/index.html,injected,Driveway Contractor Business Insurance,https://drivewayzusa.co/images/heroes/hero-wheelbarrow-fresh-concrete-forms.webp,https://drivewayzusa.co/guides/driveway-contractor-business-insurance-coverage-you-need/,alt=Wheelbarrow of wet concrete beside staked forms o…
2026-07-29T23:46:02.092851,driveway-contractor-email-marketing-staying-in-touch,guides/driveway-contractor-email-marketing-staying-in-touch/index.html,injected,Driveway Contractor Email Marketing: Staying in Touch,https://drivewayzusa.co/images/heroes/hero-sealed-paver-border-drive.webp,https://drivewayzusa.co/guides/driveway-contractor-email-marketing-staying-in-touch/,alt=Sealed paver driveway with a contrasting border i…
2026-07-29T23:46:02.093246,driveway-contractor-insurance-what-homeowners-should-verify,guides/driveway-contractor-insurance-what-homeowners-should-verify/index.html,injected,Driveway Contractor Insurance,https://drivewayzusa.co/images/heroes/hero-hairline-cracked-drive-quiet-frontage.webp,https://drivewayzusa.co/guides/driveway-contractor-insurance-what-homeowners-should-verify/,alt=Hairline cracks across an aging concrete drive at…
2026-07-29T23:46:02.093616,driveway-contractor-insurance-what-they-should-carry,guides/driveway-contractor-insurance-what-they-should-carry/index.html,injected,Driveway Contractor Insurance: What They Should Carry,https://drivewayzusa.co/images/heroes/hero-hand-tamper-compacted-gravel.webp,https://drivewayzusa.co/guides/driveway-contractor-insurance-what-they-should-carry/,alt=Hand tamper resting on a freshly compacted gravel…
2026-07-29T23:46:02.094085,driveway-contractor-interview-questions-what-to-ask,guides/driveway-contractor-interview-questions-what-to-ask/index.html,injected,Driveway Contractor Interview Questions: What to Ask,https://drivewayzusa.co/images/heroes/hero-sunlit-weathered-gravel-approach.webp,https://drivewayzusa.co/guides/driveway-contractor-interview-questions-what-to-ask/,alt=Weathered gravel drive curving through grass in w…
2026-07-29T23:46:02.094535,driveway-contractor-license-verification-how-to-check,guides/driveway-contractor-license-verification-how-to-check/index.html,injected,Driveway Contractor License Verification: How to Check,https://drivewayzusa.co/images/heroes/hero-smooth-troweled-finish-closeup.webp,https://drivewayzusa.co/guides/driveway-contractor-license-verification-how-to-check/,alt=Smooth troweled concrete surface with fine arc ma…
2026-07-29T23:46:02.094938,driveway-contractor-licensing-requirements-by-state,guides/driveway-contractor-licensing-requirements-by-state/index.html,injected,Driveway Contractor Licensing Requirements by State,https://drivewayzusa.co/images/heroes/hero-aged-asphalt-drive-hedge-line.webp,https://drivewayzusa.co/guides/driveway-contractor-licensing-requirements-by-state/,alt=Aged asphalt drive running past a trimmed hedge i…
2026-07-29T23:46:02.095302,driveway-contractor-red-flags-to-avoid,guides/driveway-contractor-red-flags-to-avoid/index.html,injected,Driveway Contractor Red Flags to Avoid,https://drivewayzusa.co/images/heroes/hero-delaminated-concrete-flakes-closeup.webp,https://drivewayzusa.co/guides/driveway-contractor-red-flags-to-avoid/,alt=Flaking delaminated patches lifting off a concret…
2026-07-29T23:46:02.095670,driveway-contractor-scheduling-app-coordinating-crews,guides/driveway-contractor-scheduling-app-coordinating-crews/index.html,injected,Driveway Contractor Scheduling App: Coordinating Crews,https://drivewayzusa.co/images/heroes/hero-tools-staged-resurfaced-slab-dawn.webp,https://drivewayzusa.co/guides/driveway-contractor-scheduling-app-coordinating-crews/,alt=Finishing tools staged along a half resurfaced sl…
2026-07-29T23:46:02.096109,driveway-contractor-seo-how-paving-companies-get-found-online,guides/driveway-contractor-seo-how-paving-companies-get-found-online/index.html,injected,Driveway Contractor SEO,https://drivewayzusa.co/images/heroes/hero-resin-bound-drive-frontage-midday.webp,https://drivewayzusa.co/guides/driveway-contractor-seo-how-paving-companies-get-found-online/,alt=Resin bound driveway with smooth pebble finish at…
2026-07-29T23:46:02.096472,driveway-contractor-social-media-building-trust-with-photos,guides/driveway-contractor-social-media-building-trust-with-photos/index.html,injected,Driveway Contractor Social Media,https://drivewayzusa.co/images/heroes/hero-sealed-asphalt-plain-frontage-dusk.webp,https://drivewayzusa.co/guides/driveway-contractor-social-media-building-trust-with-photos/,alt=Sealed asphalt front drive gleaming beside a mode…
2026-07-29T23:46:02.096972,driveway-contractor-truck-setup-tools-and-organization,guides/driveway-contractor-truck-setup-tools-and-organization/index.html,injected,Driveway Contractor Truck Setup,https://drivewayzusa.co/images/heroes/hero-equipment-tailgate-fresh-asphalt.webp,https://drivewayzusa.co/guides/driveway-contractor-truck-setup-tools-and-organization/,alt=Hand equipment arranged on an open tailgate besid…
2026-07-29T23:46:02.097382,driveway-contractor-website-must-haves-winning-online,guides/driveway-contractor-website-must-haves-winning-online/index.html,injected,Driveway Contractor Website Must-Haves: Winning Online,https://drivewayzusa.co/images/heroes/hero-basketweave-pavers-soft-morning-light.webp,https://drivewayzusa.co/guides/driveway-contractor-website-must-haves-winning-online/,alt=Basketweave paver frontage edged by lawn under so…
2026-07-29T23:46:02.097750,driveway-contractors-in-albuquerque-nm-how-to-choose,guides/driveway-contractors-in-albuquerque-nm-how-to-choose/index.html,injected,"Driveway Contractors in Albuquerque, NM: How to Choose",https://drivewayzusa.co/images/heroes/hero-broomed-concrete-quiet-frontage.webp,https://drivewayzusa.co/guides/driveway-contractors-in-albuquerque-nm-how-to-choose/,alt=Broomed concrete frontage stretching under a flat…
2026-07-29T23:46:02.098114,driveway-contractors-in-anchorage-ak-how-to-choose,guides/driveway-contractors-in-anchorage-ak-how-to-choose/index.html,injected,"Driveway Contractors in Anchorage, AK: How to Choose",https://drivewayzusa.co/images/heroes/hero-wet-gravel-rural-turnoff.webp,https://drivewayzusa.co/guides/driveway-contractors-in-anchorage-ak-how-to-choose/,alt=Damp gravel approach curving between field edges …
2026-07-29T23:46:02.098506,driveway-contractors-in-atlanta-ga-how-to-choose,guides/driveway-contractors-in-atlanta-ga-how-to-choose/index.html,injected,"Driveway Contractors in Atlanta, GA: How to Choose",https://drivewayzusa.co/images/heroes/hero-paver-joint-sand-closeup.webp,https://drivewayzusa.co/guides/driveway-contractors-in-atlanta-ga-how-to-choose/,alt=Sand filled joints between clay pavers under hars…
2026-07-29T23:46:02.098942,driveway-contractors-in-austin-tx-how-to-choose,guides/driveway-contractors-in-austin-tx-how-to-choose/index.html,injected,"Driveway Contractors in Austin, TX: How to Choose",https://drivewayzusa.co/images/heroes/hero-dusty-gravel-track-open-pasture.webp,https://drivewayzusa.co/guides/driveway-contractors-in-austin-tx-how-to-choose/,alt=Dusty gravel track crossing open pasture toward a…
2026-07-29T23:46:02.099379,driveway-contractors-in-baltimore-md-how-to-choose,guides/driveway-contractors-in-baltimore-md-how-to-choose/index.html,injected,"Driveway Contractors in Baltimore, MD: How to Choose",https://drivewayzusa.co/images/heroes/hero-branching-cracks-dull-asphalt.webp,https://drivewayzusa.co/guides/driveway-contractors-in-baltimore-md-how-to-choose/,alt=Branching cracks spread across dull weathered asp…
2026-07-29T23:46:02.099751,driveway-contractors-in-birmingham-al-how-to-choose,guides/driveway-contractors-in-birmingham-al-how-to-choose/index.html,injected,"Driveway Contractors in Birmingham, AL: How to Choose",https://drivewayzusa.co/images/heroes/hero-long-crack-bisecting-concrete-panel.webp,https://drivewayzusa.co/guides/driveway-contractors-in-birmingham-al-how-to-choose/,alt=Long crack bisecting an aged concrete panel in gr…
2026-07-29T23:46:02.100206,driveway-contractors-in-boise-id-how-to-choose,guides/driveway-contractors-in-boise-id-how-to-choose/index.html,injected,"Driveway Contractors in Boise, ID: How to Choose",https://drivewayzusa.co/images/heroes/hero-drum-roller-fresh-blacktop.webp,https://drivewayzusa.co/guides/driveway-contractors-in-boise-id-how-to-choose/,alt=Steel drum roller compacting a fresh blacktop mat…
2026-07-29T23:46:02.100661,driveway-contractors-in-boston-ma-how-to-choose,guides/driveway-contractors-in-boston-ma-how-to-choose/index.html,injected,"Driveway Contractors in Boston, MA: How to Choose",https://drivewayzusa.co/images/heroes/hero-dark-sealed-drive-late-light.webp,https://drivewayzusa.co/guides/driveway-contractors-in-boston-ma-how-to-choose/,alt=Dark sealed surface catching low evening sun alon…
2026-07-29T23:46:02.101121,driveway-contractors-in-buffalo-ny-how-to-choose,guides/driveway-contractors-in-buffalo-ny-how-to-choose/index.html,injected,"Driveway Contractors in Buffalo, NY: How to Choose",https://drivewayzusa.co/images/heroes/hero-gray-asphalt-melting-snowline.webp,https://drivewayzusa.co/guides/driveway-contractors-in-buffalo-ny-how-to-choose/,alt=Melting snow clinging to the edges of weathered g…
2026-07-29T23:46:02.101897,driveway-contractors-in-charleston-sc-how-to-choose,guides/driveway-contractors-in-charleston-sc-how-to-choose/index.html,injected,"Driveway Contractors in Charleston, SC: How to Choose",https://drivewayzusa.co/images/heroes/hero-cobblestone-warm-morning-frontage.webp,https://drivewayzusa.co/guides/driveway-contractors-in-charleston-sc-how-to-choose/,alt=Cobblestone frontage glowing softly in warm early…
2026-07-29T23:46:02.102698,driveway-contractors-in-charlotte-nc-how-to-choose,guides/driveway-contractors-in-charlotte-nc-how-to-choose/index.html,injected,"Driveway Contractors in Charlotte, NC: How to Choose",https://drivewayzusa.co/images/heroes/hero-clean-new-slab-bright-midday.webp,https://drivewayzusa.co/guides/driveway-contractors-in-charlotte-nc-how-to-choose/,alt=Clean new concrete slab running toward a small ho…
2026-07-29T23:46:02.103335,driveway-contractors-in-chicago-il-how-to-choose,guides/driveway-contractors-in-chicago-il-how-to-choose/index.html,injected,"Driveway Contractors in Chicago, IL: How to Choose",https://drivewayzusa.co/images/heroes/hero-square-sawn-patch-asphalt.webp,https://drivewayzusa.co/guides/driveway-contractors-in-chicago-il-how-to-choose/,alt=Fresh square patch with crisp sawn seams set into…
2026-07-29T23:46:02.103826,driveway-contractors-in-cleveland-oh-how-to-choose,guides/driveway-contractors-in-cleveland-oh-how-to-choose/index.html,injected,"Driveway Contractors in Cleveland, OH: How to Choose",https://drivewayzusa.co/images/heroes/hero-rain-slick-sealed-slab.webp,https://drivewayzusa.co/guides/driveway-contractors-in-cleveland-oh-how-to-choose/,alt=Rain slick sealed concrete reflecting a flat gray…
2026-07-29T23:46:02.104282,driveway-contractors-in-columbus-oh-how-to-choose,guides/driveway-contractors-in-columbus-oh-how-to-choose/index.html,injected,"Driveway Contractors in Columbus, OH: How to Choose",https://drivewayzusa.co/images/heroes/hero-newly-graded-gravel-farm-lane.webp,https://drivewayzusa.co/guides/driveway-contractors-in-columbus-oh-how-to-choose/,alt=Newly graded gravel lane stretching straight bene…
2026-07-29T23:46:02.104816,driveway-contractors-in-dallas-tx-how-to-choose,guides/driveway-contractors-in-dallas-tx-how-to-choose/index.html,injected,"Driveway Contractors in Dallas, TX: How to Choose",https://drivewayzusa.co/images/heroes/hero-string-lines-over-paver-sand-bed.webp,https://drivewayzusa.co/guides/driveway-contractors-in-dallas-tx-how-to-choose/,alt=Half laid paver field with string lines above the…
2026-07-29T23:46:02.105295,driveway-contractors-in-denver-co-how-to-choose,guides/driveway-contractors-in-denver-co-how-to-choose/index.html,injected,"Driveway Contractors in Denver, CO: How to Choose",https://drivewayzusa.co/images/heroes/hero-resin-pebbles-damp-sheen-closeup.webp,https://drivewayzusa.co/guides/driveway-contractors-in-denver-co-how-to-choose/,alt=Damp resin bound pebbles with a soft sheen after …
2026-07-29T23:46:02.105760,driveway-contractors-in-des-moines-ia-how-to-choose,guides/driveway-contractors-in-des-moines-ia-how-to-choose/index.html,injected,"Driveway Contractors in Des Moines, IA: How to Choose",https://drivewayzusa.co/images/heroes/hero-cracked-lane-tall-grass-dusk.webp,https://drivewayzusa.co/guides/driveway-contractors-in-des-moines-ia-how-to-choose/,alt=Cracked lane bordered by tall grass under low dus…
2026-07-29T23:46:02.106234,driveway-contractors-in-detroit-mi-how-to-choose,guides/driveway-contractors-in-detroit-mi-how-to-choose/index.html,injected,"Driveway Contractors in Detroit, MI: How to Choose",https://drivewayzusa.co/images/heroes/hero-stained-concrete-frontage-gray-sky.webp,https://drivewayzusa.co/guides/driveway-contractors-in-detroit-mi-how-to-choose/,alt=Stained weathered concrete frontage beneath a hea…
2026-07-29T23:46:02.106775,driveway-contractors-in-hartford-ct-how-to-choose,guides/driveway-contractors-in-hartford-ct-how-to-choose/index.html,injected,"Driveway Contractors in Hartford, CT: How to Choose",https://drivewayzusa.co/images/heroes/hero-mortar-patch-beside-weathered-slab.webp,https://drivewayzusa.co/guides/driveway-contractors-in-hartford-ct-how-to-choose/,alt=Gray mortar patch butted against a weathered conc…
2026-07-29T23:46:02.107254,driveway-contractors-in-houston-tx-how-to-choose,guides/driveway-contractors-in-houston-tx-how-to-choose/index.html,injected,"Driveway Contractors in Houston, TX: How to Choose",https://drivewayzusa.co/images/heroes/hero-chip-seal-track-dry-pasture.webp,https://drivewayzusa.co/guides/driveway-contractors-in-houston-tx-how-to-choose/,alt=Chip seal track running through dry pasture in ha…
2026-07-29T23:46:02.107726,driveway-contractors-in-indianapolis-in-how-to-choose,guides/driveway-contractors-in-indianapolis-in-how-to-choose/index.html,injected,"Driveway Contractors in Indianapolis, IN",https://drivewayzusa.co/images/heroes/hero-dark-fresh-blacktop-flat-sky.webp,https://drivewayzusa.co/guides/driveway-contractors-in-indianapolis-in-how-to-choose/,alt=Dark fresh blacktop under a flat overcast sky at …
2026-07-29T23:46:02.108215,driveway-contractors-in-jacksonville-fl-how-to-choose,guides/driveway-contractors-in-jacksonville-fl-how-to-choose/index.html,injected,"Driveway Contractors in Jacksonville, FL",https://drivewayzusa.co/images/heroes/hero-glossy-pavers-warm-evening-light.webp,https://drivewayzusa.co/guides/driveway-contractors-in-jacksonville-fl-how-to-choose/,alt=Glossy sealed pavers catching warm evening light …
2026-07-29T23:46:02.108683,driveway-contractors-in-kansas-city-ks-how-to-choose,guides/driveway-contractors-in-kansas-city-ks-how-to-choose/index.html,injected,"Driveway Contractors in Kansas City, KS: How to Choose",https://drivewayzusa.co/images/heroes/hero-wood-forms-open-excavation.webp,https://drivewayzusa.co/guides/driveway-contractors-in-kansas-city-ks-how-to-choose/,alt=Excavated driveway base lined with wooden form bo…
2026-07-29T23:46:02.109237,driveway-contractors-in-kansas-city-mo-how-to-choose,guides/driveway-contractors-in-kansas-city-mo-how-to-choose/index.html,injected,"Driveway Contractors in Kansas City, MO: How to Choose",https://drivewayzusa.co/images/heroes/hero-wet-concrete-leveling-pass.webp,https://drivewayzusa.co/guides/driveway-contractors-in-kansas-city-mo-how-to-choose/,alt=Wet concrete driveway surface being leveled betwe…
2026-07-29T23:46:02.109712,driveway-contractors-in-las-vegas-nv-how-to-choose,guides/driveway-contractors-in-las-vegas-nv-how-to-choose/index.html,injected,"Driveway Contractors in Las Vegas, NV: How to Choose",https://drivewayzusa.co/images/heroes/hero-sealcoat-strokes-midday-light.webp,https://drivewayzusa.co/guides/driveway-contractors-in-las-vegas-nv-how-to-choose/,alt=Fresh sealcoat brush strokes across a dark asphal…
2026-07-29T23:46:02.110207,driveway-contractors-in-las-vegas-nv-local-guide,guides/driveway-contractors-in-las-vegas-nv-local-guide/index.html,injected,"Driveway Contractors in Las Vegas, NV: Local Guide",https://drivewayzusa.co/images/heroes/hero-warm-light-paver-front-drive.webp,https://drivewayzusa.co/guides/driveway-contractors-in-las-vegas-nv-local-guide/,alt=New interlocking paver driveway glowing in warm e…
2026-07-29T23:46:02.110686,driveway-contractors-in-little-rock-ar-how-to-choose,guides/driveway-contractors-in-little-rock-ar-how-to-choose/index.html,injected,"Driveway Contractors in Little Rock, AR: How to Choose",https://drivewayzusa.co/images/heroes/hero-rutted-gravel-lane-gray-sky.webp,https://drivewayzusa.co/guides/driveway-contractors-in-little-rock-ar-how-to-choose/,alt=Weathered gravel lane with shallow wheel ruts und…
2026-07-29T23:46:02.111130,driveway-contractors-in-los-angeles-ca-how-to-choose,guides/driveway-contractors-in-los-angeles-ca-how-to-choose/index.html,injected,"Driveway Contractors in Los Angeles, CA: How to Choose",https://drivewayzusa.co/images/heroes/hero-evening-light-new-concrete-drive.webp,https://drivewayzusa.co/guides/driveway-contractors-in-los-angeles-ca-how-to-choose/,alt=Smooth new concrete driveway catching low golden …
2026-07-29T23:46:02.112123,driveway-contractors-in-louisville-ky-how-to-choose,guides/driveway-contractors-in-louisville-ky-how-to-choose/index.html,injected,"Driveway Contractors in Louisville, KY: How to Choose",https://drivewayzusa.co/images/pexels-curtis-adams-1694007-3990589.webp,https://drivewayzusa.co/guides/driveway-contractors-in-louisville-ky-how-to-choose/,"alt=How to choose driveway contractors in Louisville,…"
2026-07-29T23:46:02.112647,driveway-contractors-in-madison-wi-how-to-choose,guides/driveway-contractors-in-madison-wi-how-to-choose/index.html,injected,"Driveway Contractors in Madison, WI: How to Choose",https://drivewayzusa.co/images/heroes/hero-rain-pooled-crack-asphalt.webp,https://drivewayzusa.co/guides/driveway-contractors-in-madison-wi-how-to-choose/,alt=Rainwater pooled along a long crack in an asphalt…
2026-07-29T23:46:02.113101,driveway-contractors-in-memphis-tn-how-to-choose,guides/driveway-contractors-in-memphis-tn-how-to-choose/index.html,injected,"Driveway Contractors in Memphis, TN: How to Choose",https://drivewayzusa.co/images/heroes/hero-fresh-chip-seal-evening-light.webp,https://drivewayzusa.co/guides/driveway-contractors-in-memphis-tn-how-to-choose/,alt=Fresh chip seal drive stretching toward open fiel…
2026-07-29T23:46:02.113611,driveway-contractors-in-miami-fl-how-to-choose,guides/driveway-contractors-in-miami-fl-how-to-choose/index.html,injected,"Driveway Contractors in Miami, FL: How to Choose",https://drivewayzusa.co/images/heroes/hero-resin-pebbles-bright-sun.webp,https://drivewayzusa.co/guides/driveway-contractors-in-miami-fl-how-to-choose/,alt=Sunlit resin bound pebble surface with uniform sp…
2026-07-29T23:46:02.114082,driveway-contractors-in-milwaukee-wi-how-to-choose,guides/driveway-contractors-in-milwaukee-wi-how-to-choose/index.html,injected,"Driveway Contractors in Milwaukee, WI: How to Choose",https://drivewayzusa.co/images/heroes/hero-rebar-mesh-over-graded-base.webp,https://drivewayzusa.co/guides/driveway-contractors-in-milwaukee-wi-how-to-choose/,alt=Steel reinforcement mesh laid over a graded grave…
2026-07-29T23:46:02.114629,driveway-contractors-in-minneapolis-mn-how-to-choose,guides/driveway-contractors-in-minneapolis-mn-how-to-choose/index.html,injected,"Driveway Contractors in Minneapolis, MN: How to Choose",https://drivewayzusa.co/images/heroes/hero-rain-glossed-asphalt-entry.webp,https://drivewayzusa.co/guides/driveway-contractors-in-minneapolis-mn-how-to-choose/,alt=Glossy sealed asphalt driveway still wet after a …
2026-07-29T23:46:02.115153,driveway-contractors-in-nashville-tn-how-to-choose,guides/driveway-contractors-in-nashville-tn-how-to-choose/index.html,injected,"Driveway Contractors in Nashville, TN: How to Choose",https://drivewayzusa.co/images/heroes/hero-mossy-cobblestone-warm-light.webp,https://drivewayzusa.co/guides/driveway-contractors-in-nashville-tn-how-to-choose/,alt=Weathered cobblestone driveway with mossy joints …
2026-07-29T23:46:02.115535,driveway-contractors-in-new-orleans-la-how-to-choose,guides/driveway-contractors-in-new-orleans-la-how-to-choose/index.html,injected,"Driveway Contractors in New Orleans, LA: How to Choose",https://drivewayzusa.co/images/heroes/hero-half-laid-pavers-sand-bed.webp,https://drivewayzusa.co/guides/driveway-contractors-in-new-orleans-la-how-to-choose/,alt=Partly laid paver driveway over a screeded sand b…
2026-07-29T23:46:02.116009,driveway-contractors-in-new-york-city-ny-how-to-choose,guides/driveway-contractors-in-new-york-city-ny-how-to-choose/index.html,injected,"Driveway Contractors in New York City, NY",https://drivewayzusa.co/images/heroes/hero-broom-finish-midday-closeup.webp,https://drivewayzusa.co/guides/driveway-contractors-in-new-york-city-ny-how-to-choose/,alt=Fine broom texture across a new concrete driveway…
2026-07-29T23:46:02.116489,driveway-contractors-in-newark-nj-how-to-choose,guides/driveway-contractors-in-newark-nj-how-to-choose/index.html,injected,"Driveway Contractors in Newark, NJ: How to Choose",https://drivewayzusa.co/images/heroes/hero-faded-asphalt-plain-frontage.webp,https://drivewayzusa.co/guides/driveway-contractors-in-newark-nj-how-to-choose/,alt=Faded weathered asphalt driveway before a modest …
2026-07-29T23:46:02.116976,driveway-contractors-in-oklahoma-city-ok-how-to-choose,guides/driveway-contractors-in-oklahoma-city-ok-how-to-choose/index.html,injected,"Driveway Contractors in Oklahoma City, OK",https://drivewayzusa.co/images/heroes/hero-smooth-graded-gravel-approach.webp,https://drivewayzusa.co/guides/driveway-contractors-in-oklahoma-city-ok-how-to-choose/,alt=Freshly graded gravel approach glowing in low eve…
2026-07-29T23:46:02.117446,driveway-contractors-in-omaha-ne-how-to-choose,guides/driveway-contractors-in-omaha-ne-how-to-choose/index.html,injected,"Driveway Contractors in Omaha, NE: How to Choose",https://drivewayzusa.co/images/heroes/hero-saw-cut-lines-fresh-slab.webp,https://drivewayzusa.co/guides/driveway-contractors-in-omaha-ne-how-to-choose/,alt=Fresh saw cut control joints across a new concret…
2026-07-29T23:46:02.117898,driveway-contractors-in-orlando-fl-how-to-choose,guides/driveway-contractors-in-orlando-fl-how-to-choose/index.html,injected,"Driveway Contractors in Orlando, FL: How to Choose",https://drivewayzusa.co/images/heroes/hero-wet-sealed-pavers-entry.webp,https://drivewayzusa.co/guides/driveway-contractors-in-orlando-fl-how-to-choose/,alt=Rain darkened sealed paver driveway seen from an …
2026-07-29T23:46:02.118639,driveway-contractors-in-philadelphia-pa-how-to-choose,guides/driveway-contractors-in-philadelphia-pa-how-to-choose/index.html,injected,"Driveway Contractors in Philadelphia, PA",https://drivewayzusa.co/images/heroes/hero-aged-brick-paver-drive.webp,https://drivewayzusa.co/guides/driveway-contractors-in-philadelphia-pa-how-to-choose/,alt=Aged brick paver driveway with softened colors un…
2026-07-29T23:46:02.119188,driveway-contractors-in-phoenix-az-how-to-choose,guides/driveway-contractors-in-phoenix-az-how-to-choose/index.html,injected,"Driveway Contractors in Phoenix, AZ: How to Choose",https://drivewayzusa.co/images/heroes/hero-heat-cracked-concrete-closeup.webp,https://drivewayzusa.co/guides/driveway-contractors-in-phoenix-az-how-to-choose/,alt=Heat cracked concrete driveway surface in harsh m…
2026-07-29T23:46:02.119738,driveway-contractors-in-pittsburgh-pa-how-to-choose,guides/driveway-contractors-in-pittsburgh-pa-how-to-choose/index.html,injected,"Driveway Contractors in Pittsburgh, PA: How to Choose",https://drivewayzusa.co/images/heroes/hero-fresh-overlay-rolled-edge.webp,https://drivewayzusa.co/guides/driveway-contractors-in-pittsburgh-pa-how-to-choose/,alt=Fresh asphalt overlay rolled along the edge of ol…
2026-07-29T23:46:02.120386,driveway-contractors-in-portland-or-how-to-choose,guides/driveway-contractors-in-portland-or-how-to-choose/index.html,injected,"Driveway Contractors in Portland, OR: How to Choose",https://drivewayzusa.co/images/pexels-curtis-adams-1694007-3990589.webp,https://drivewayzusa.co/guides/driveway-contractors-in-portland-or-how-to-choose/,"alt=How to choose driveway contractors in Portland, O…"
2026-07-29T23:46:02.120862,driveway-contractors-in-raleigh-nc-how-to-choose,guides/driveway-contractors-in-raleigh-nc-how-to-choose/index.html,injected,"Driveway Contractors in Raleigh, NC: How to Choose",https://drivewayzusa.co/images/heroes/hero-dusk-glow-sealed-drive.webp,https://drivewayzusa.co/guides/driveway-contractors-in-raleigh-nc-how-to-choose/,alt=Sealed concrete driveway reflecting soft dusk lig…
2026-07-29T23:46:02.121289,driveway-contractors-in-richmond-va-how-to-choose,guides/driveway-contractors-in-richmond-va-how-to-choose/index.html,injected,"Driveway Contractors in Richmond, VA: How to Choose",https://drivewayzusa.co/images/heroes/hero-wet-cobblestone-lane-low.webp,https://drivewayzusa.co/guides/driveway-contractors-in-richmond-va-how-to-choose/,alt=Rain slick cobblestone lane leading through open …
2026-07-29T23:46:02.121684,driveway-contractors-in-salt-lake-city-ut-how-to-choose,guides/driveway-contractors-in-salt-lake-city-ut-how-to-choose/index.html,injected,"Driveway Contractors in Salt Lake City, UT",https://drivewayzusa.co/images/heroes/hero-angular-crushed-stone-closeup.webp,https://drivewayzusa.co/guides/driveway-contractors-in-salt-lake-city-ut-how-to-choose/,alt=Angular crushed stone gravel surface in sharp mid…
2026-07-29T23:46:02.122198,driveway-contractors-in-san-antonio-tx-how-to-choose,guides/driveway-contractors-in-san-antonio-tx-how-to-choose/index.html,injected,"Driveway Contractors in San Antonio, TX: How to Choose",https://drivewayzusa.co/images/heroes/hero-fresh-blacktop-warm-evening.webp,https://drivewayzusa.co/guides/driveway-contractors-in-san-antonio-tx-how-to-choose/,alt=Fresh black asphalt driveway glowing in warm even…
2026-07-29T23:46:02.122578,driveway-contractors-in-san-diego-ca-how-to-choose,guides/driveway-contractors-in-san-diego-ca-how-to-choose/index.html,injected,"Driveway Contractors in San Diego, CA: How to Choose",https://drivewayzusa.co/images/heroes/hero-broomed-concrete-evening-light.webp,https://drivewayzusa.co/guides/driveway-contractors-in-san-diego-ca-how-to-choose/,alt=Wide broom finished concrete drive glowing in war…
2026-07-29T23:46:02.122971,driveway-contractors-in-san-francisco-ca-how-to-choose,guides/driveway-contractors-in-san-francisco-ca-how-to-choose/index.html,injected,"Driveway Contractors in San Francisco, CA",https://drivewayzusa.co/images/heroes/hero-smooth-asphalt-midday-sunlight.webp,https://drivewayzusa.co/guides/driveway-contractors-in-san-francisco-ca-how-to-choose/,alt=Smooth freshly paved asphalt drive under bright m…
2026-07-29T23:46:02.123389,driveway-contractors-in-san-jose-ca-how-to-choose,guides/driveway-contractors-in-san-jose-ca-how-to-choose/index.html,injected,"Driveway Contractors in San Jose, CA: How to Choose",https://drivewayzusa.co/images/heroes/hero-sealed-paver-joints-overcast.webp,https://drivewayzusa.co/guides/driveway-contractors-in-san-jose-ca-how-to-choose/,alt=Low view along sealed paver surface beneath overc…
2026-07-29T23:46:02.123856,driveway-contractors-in-savannah-ga-how-to-choose,guides/driveway-contractors-in-savannah-ga-how-to-choose/index.html,injected,"Driveway Contractors in Savannah, GA: How to Choose",https://drivewayzusa.co/images/heroes/hero-rain-darkened-concrete-frontage.webp,https://drivewayzusa.co/guides/driveway-contractors-in-savannah-ga-how-to-choose/,alt=Rain darkened concrete drive reflecting a cloudy …
2026-07-29T23:46:02.124331,driveway-contractors-in-seattle-wa-how-to-choose,guides/driveway-contractors-in-seattle-wa-how-to-choose/index.html,injected,"Driveway Contractors in Seattle, WA: How to Choose",https://drivewayzusa.co/images/heroes/hero-gray-weathered-concrete-low-view.webp,https://drivewayzusa.co/guides/driveway-contractors-in-seattle-wa-how-to-choose/,alt=Low angle along weathered gray concrete surface u…
2026-07-29T23:46:02.124822,driveway-contractors-in-spokane-wa-how-to-choose,guides/driveway-contractors-in-spokane-wa-how-to-choose/index.html,injected,"Driveway Contractors in Spokane, WA: How to Choose",https://drivewayzusa.co/images/heroes/hero-gravel-approach-evening-glow.webp,https://drivewayzusa.co/guides/driveway-contractors-in-spokane-wa-how-to-choose/,alt=Gravel track curving toward open pasture in golde…
2026-07-29T23:46:02.125278,driveway-contractors-in-st-louis-mo-how-to-choose,guides/driveway-contractors-in-st-louis-mo-how-to-choose/index.html,injected,"Driveway Contractors in St. Louis, MO: How to Choose",https://drivewayzusa.co/images/heroes/hero-sealed-asphalt-bright-midday.webp,https://drivewayzusa.co/guides/driveway-contractors-in-st-louis-mo-how-to-choose/,alt=Glossy sealed asphalt drive at eye level in midda…
2026-07-29T23:46:02.125774,driveway-contractors-in-tampa-fl-how-to-choose,guides/driveway-contractors-in-tampa-fl-how-to-choose/index.html,injected,"Driveway Contractors in Tampa, FL: How to Choose",https://drivewayzusa.co/images/heroes/hero-warm-paver-frontage-sunset.webp,https://drivewayzusa.co/guides/driveway-contractors-in-tampa-fl-how-to-choose/,alt=Interlocking paver drive catching warm sunset lig…
2026-07-29T23:46:02.126266,driveway-contractors-in-tulsa-ok-how-to-choose,guides/driveway-contractors-in-tulsa-ok-how-to-choose/index.html,injected,"Driveway Contractors in Tulsa, OK: How to Choose",https://drivewayzusa.co/images/heroes/hero-plain-new-concrete-gray-day.webp,https://drivewayzusa.co/guides/driveway-contractors-in-tulsa-ok-how-to-choose/,alt=Plain new concrete drive under a flat overcast sky
2026-07-29T23:46:02.126767,driveway-contractors-in-virginia-beach-va-how-to-choose,guides/driveway-contractors-in-virginia-beach-va-how-to-choose/index.html,injected,"Driveway Contractors in Virginia Beach, VA",https://drivewayzusa.co/images/heroes/hero-wet-paver-drive-low-view.webp,https://drivewayzusa.co/guides/driveway-contractors-in-virginia-beach-va-how-to-choose/,alt=Rain wet sealed paver drive seen from low angle
2026-07-29T23:46:02.127238,driveway-core-sample-testing-thickness-verification,guides/driveway-core-sample-testing-thickness-verification/index.html,injected,Driveway Core Sample Testing: Thickness Verification,https://drivewayzusa.co/images/heroes/hero-drilled-core-cylinder-on-slab.webp,https://drivewayzusa.co/guides/driveway-core-sample-testing-thickness-verification/,alt=Cylindrical concrete core sample resting on cut s…
2026-07-29T23:46:02.129370,driveway-corrective-maintenance-planning-addressing-existing-issues,guides/driveway-corrective-maintenance-planning-addressing-existing-issues/index.html,injected,Driveway Corrective Maintenance Planning,https://drivewayzusa.co/images/heroes/hero-multiple-patches-weathered-asphalt.webp,https://drivewayzusa.co/guides/driveway-corrective-maintenance-planning-addressing-existing-issues/,alt=Several dark repair patches across a weathered as…
2026-07-29T23:46:02.131054,driveway-cost-breakdown-labor-materials-and-equipment,guides/driveway-cost-breakdown-labor-materials-and-equipment/index.html,injected,Driveway Cost Breakdown,https://drivewayzusa.co/images/heroes/hero-partly-spread-gravel-base.webp,https://drivewayzusa.co/guides/driveway-cost-breakdown-labor-materials-and-equipment/,alt=Gravel base layer spread partway across a formed …
2026-07-29T23:46:02.131545,driveway-cost-calculator-estimate-your-project-in-minutes,guides/driveway-cost-calculator-estimate-your-project-in-minutes/index.html,injected,Driveway Cost Estimate Guide in Minutes,https://drivewayzusa.co/images/heroes/hero-stacked-paver-pallets-on-base.webp,https://drivewayzusa.co/guides/driveway-cost-calculator-estimate-your-project-in-minutes/,alt=Pallets of pavers stacked beside an unfinished gr…
2026-07-29T23:46:02.131928,driveway-cost-comparison-worksheet-budget-planning-tool,guides/driveway-cost-comparison-worksheet-budget-planning-tool/index.html,injected,Driveway Cost Comparison Worksheet,https://drivewayzusa.co/images/heroes/hero-slab-blacktop-meeting-line-closeup.webp,https://drivewayzusa.co/guides/driveway-cost-comparison-worksheet-budget-planning-tool/,alt=Close view of the seam where a concrete slab meet…
2026-07-29T23:46:02.132418,driveway-cost-estimator-breaking-down-material-and-labor,guides/driveway-cost-estimator-breaking-down-material-and-labor/index.html,injected,Driveway Cost Estimator,https://drivewayzusa.co/images/heroes/hero-closeup-asphalt-stone-matrix.webp,https://drivewayzusa.co/guides/driveway-cost-estimator-breaking-down-material-and-labor/,alt=Tight closeup of stones and binder in an asphalt …
2026-07-29T23:46:02.132786,driveway-cost-plus-contract-transparent-pricing-model,guides/driveway-cost-plus-contract-transparent-pricing-model/index.html,injected,Driveway Cost Plus Contract: Transparent Pricing Model,https://drivewayzusa.co/images/heroes/hero-wet-concrete-patch-between-forms.webp,https://drivewayzusa.co/guides/driveway-cost-plus-contract-transparent-pricing-model/,alt=Wet concrete patch spread between wooden forms un…
2026-07-29T23:46:02.133264,driveway-covenant-compliance-meeting-hoa-design-guidelines,guides/driveway-covenant-compliance-meeting-hoa-design-guidelines/index.html,injected,Driveway Covenant Compliance,https://drivewayzusa.co/images/heroes/hero-uniform-concrete-drive-neat-edges.webp,https://drivewayzusa.co/guides/driveway-covenant-compliance-meeting-hoa-design-guidelines/,alt=Uniform pale concrete drive with crisp neat lawn …
2026-07-29T23:46:02.133749,driveway-crack-filler-best-products-reviewed-for-2026,guides/driveway-crack-filler-best-products-reviewed-for-2026/index.html,injected,Driveway Crack Filler: Best Products Reviewed for 2026,https://drivewayzusa.co/images/heroes/hero-long-crack-asphalt-closeup.webp,https://drivewayzusa.co/guides/driveway-crack-filler-best-products-reviewed-for-2026/,alt=Long crack running across gray asphalt in close v…
2026-07-29T23:46:02.134230,driveway-crack-filling-products-and-techniques,guides/driveway-crack-filling-products-and-techniques/index.html,injected,Driveway Crack Filling: Products and Techniques,https://drivewayzusa.co/images/heroes/hero-rubberized-filler-crack-macro.webp,https://drivewayzusa.co/guides/driveway-crack-filling-products-and-techniques/,alt=Rubberized filler pressed into an open asphalt cr…
2026-07-29T23:46:02.134706,driveway-crack-routing-preparing-for-sealant-application,guides/driveway-crack-routing-preparing-for-sealant-application/index.html,injected,Driveway Crack Routing,https://drivewayzusa.co/images/heroes/hero-routed-crack-groove-asphalt.webp,https://drivewayzusa.co/guides/driveway-crack-routing-preparing-for-sealant-application/,alt=Freshly routed groove following a crack in weathe…
2026-07-29T23:46:02.135422,driveway-crack-sealing-vs-crack-filling-whats-different,guides/driveway-crack-sealing-vs-crack-filling-whats-different/index.html,injected,Driveway Crack Sealing vs Crack Filling,https://drivewayzusa.co/images/heroes/hero-sealed-crack-beside-filled-crack.webp,https://drivewayzusa.co/guides/driveway-crack-sealing-vs-crack-filling-whats-different/,alt=Two repaired cracks side by side on an asphalt su…
2026-07-29T23:46:02.136028,driveway-craftsmanship-what-separates-good-from-great,guides/driveway-craftsmanship-what-separates-good-from-great/index.html,injected,Driveway Craftsmanship: What Separates Good From Great,https://drivewayzusa.co/images/heroes/hero-flawless-broom-texture-smooth-slab.webp,https://drivewayzusa.co/guides/driveway-craftsmanship-what-separates-good-from-great/,alt=Evenly broomed smooth concrete surface with flawl…
2026-07-29T23:46:02.136940,driveway-crew-safety-osha-requirements-for-paving,guides/driveway-crew-safety-osha-requirements-for-paving/index.html,injected,Driveway Crew Safety: OSHA Requirements for Paving,https://drivewayzusa.co/images/heroes/hero-saw-cut-edge-cracked-asphalt.webp,https://drivewayzusa.co/guides/driveway-crew-safety-osha-requirements-for-paving/,alt=Freshly sawn edge along cracked asphalt at a work…
2026-07-29T23:46:02.137403,driveway-critical-path-method-project-scheduling-technique,guides/driveway-critical-path-method-project-scheduling-technique/index.html,injected,Driveway Critical Path Method,https://drivewayzusa.co/images/heroes/hero-staked-string-over-cracked-asphalt.webp,https://drivewayzusa.co/guides/driveway-critical-path-method-project-scheduling-technique/,alt=Stakes and string marking sections across cracked…
2026-07-29T23:46:02.137784,driveway-curb-appeal-for-selling-your-home,guides/driveway-curb-appeal-for-selling-your-home/index.html,injected,Driveway Curb Appeal for Selling Your Home,https://drivewayzusa.co/images/heroes/hero-glossy-paver-drive-warm-glow.webp,https://drivewayzusa.co/guides/driveway-curb-appeal-for-selling-your-home/,alt=Glossy sealed paver driveway glowing in warm even…
2026-07-29T23:46:02.138168,driveway-customer-communication-setting-expectations,guides/driveway-customer-communication-setting-expectations/index.html,injected,Driveway Customer Communication: Setting Expectations,https://drivewayzusa.co/images/heroes/hero-gravel-base-awaiting-first-pour.webp,https://drivewayzusa.co/guides/driveway-customer-communication-setting-expectations/,alt=Compacted gravel driveway base awaiting its first…
2026-07-29T23:46:02.138552,driveway-damage-after-construction-getting-contractors-to-pay,guides/driveway-damage-after-construction-getting-contractors-to-pay/index.html,injected,Driveway Damage After Construction,https://drivewayzusa.co/images/heroes/hero-deep-tire-gouge-cracked-slab.webp,https://drivewayzusa.co/guides/driveway-damage-after-construction-getting-contractors-to-pay/,alt=Deep tire gouges and cracks across a concrete dri…
2026-07-29T23:46:02.138926,driveway-damage-from-garbage-trucks-filing-for-repairs,guides/driveway-damage-from-garbage-trucks-filing-for-repairs/index.html,injected,Driveway Damage From Garbage Trucks,https://drivewayzusa.co/images/heroes/hero-crushed-slab-corner-heavy-load.webp,https://drivewayzusa.co/guides/driveway-damage-from-garbage-trucks-filing-for-repairs/,alt=Crushed concrete slab corner broken under a heavy…
2026-07-29T23:46:02.139354,driveway-defect-notification-reporting-problems-promptly,guides/driveway-defect-notification-reporting-problems-promptly/index.html,injected,Driveway Defect Notification,https://drivewayzusa.co/images/heroes/hero-spreading-crack-wet-asphalt-closeup.webp,https://drivewayzusa.co/guides/driveway-defect-notification-reporting-problems-promptly/,alt=Spreading crack across a rain darkened asphalt dr…
2026-07-29T23:46:02.139726,driveway-deflection-testing-measuring-structural-capacity,guides/driveway-deflection-testing-measuring-structural-capacity/index.html,injected,Driveway Deflection Testing,https://drivewayzusa.co/images/heroes/hero-straightedge-across-concrete-slab.webp,https://drivewayzusa.co/guides/driveway-deflection-testing-measuring-structural-capacity/,alt=Metal straightedge resting across a smooth concre…
2026-07-29T23:46:02.140171,driveway-degreaser-best-products-for-stubborn-stains,guides/driveway-degreaser-best-products-for-stubborn-stains/index.html,injected,Driveway Degreaser: Best Products for Stubborn Stains,https://drivewayzusa.co/images/heroes/hero-dark-oil-stains-gray-concrete.webp,https://drivewayzusa.co/guides/driveway-degreaser-best-products-for-stubborn-stains/,alt=Dark oil stains soaking into weathered gray concr…
2026-07-29T23:46:02.140615,driveway-demolition-and-removal-cost-and-process,guides/driveway-demolition-and-removal-cost-and-process/index.html,injected,Driveway Demolition and Removal: Cost and Process,https://drivewayzusa.co/images/heroes/hero-broken-slab-chunks-removal-site.webp,https://drivewayzusa.co/guides/driveway-demolition-and-removal-cost-and-process/,alt=Broken concrete slab chunks piled during driveway…
2026-07-29T23:46:02.141080,driveway-demolition-and-removal-costs,guides/driveway-demolition-and-removal-costs/index.html,injected,Driveway Demolition and Removal Costs,https://drivewayzusa.co/images/heroes/hero-torn-up-asphalt-chunks-pile.webp,https://drivewayzusa.co/guides/driveway-demolition-and-removal-costs/,alt=Torn up asphalt chunks heaped beside a stripped d…
2026-07-29T23:46:02.141467,driveway-demolition-permit-removing-existing-pavement,guides/driveway-demolition-permit-removing-existing-pavement/index.html,injected,Driveway Demolition Permit: Removing Existing Pavement,https://drivewayzusa.co/images/heroes/hero-excavated-drive-footprint-string-lines.webp,https://drivewayzusa.co/guides/driveway-demolition-permit-removing-existing-pavement/,alt=Excavated driveway footprint marked with stakes a…
2026-07-29T23:46:02.141835,driveway-density-test-confirming-proper-compaction,guides/driveway-density-test-confirming-proper-compaction/index.html,injected,Driveway Density Test: Confirming Proper Compaction,https://drivewayzusa.co/images/heroes/hero-firmly-compacted-gravel-surface-texture.webp,https://drivewayzusa.co/guides/driveway-density-test-confirming-proper-compaction/,alt=Firmly compacted gravel base surface with tight s…
2026-07-29T23:46:02.142205,driveway-deposit-amount-how-much-is-too-much,guides/driveway-deposit-amount-how-much-is-too-much/index.html,injected,Driveway Deposit Amount: How Much Is Too Much?,https://drivewayzusa.co/images/heroes/hero-new-broomed-surface-macro-detail.webp,https://drivewayzusa.co/guides/driveway-deposit-amount-how-much-is-too-much/,alt=New broomed concrete surface texture in soft over…
2026-07-29T23:46:02.142603,driveway-design-build-contract-one-stop-shop-approach,guides/driveway-design-build-contract-one-stop-shop-approach/index.html,injected,Driveway Design-Build Contract: One-Stop Shop Approach,https://drivewayzusa.co/images/heroes/hero-form-lumber-stakes-evening-base.webp,https://drivewayzusa.co/guides/driveway-design-build-contract-one-stop-shop-approach/,alt=Form lumber and stakes outline a gravel driveway …
2026-07-29T23:46:02.142989,driveway-design-ideas-from-hgtv-what-works-in-real-life,guides/driveway-design-ideas-from-hgtv-what-works-in-real-life/index.html,injected,Driveway Design Ideas From HGTV,https://drivewayzusa.co/images/heroes/hero-basketweave-paver-frontage-evening.webp,https://drivewayzusa.co/guides/driveway-design-ideas-from-hgtv-what-works-in-real-life/,alt=Basketweave paver driveway glowing in warm evenin…
2026-07-29T23:46:02.143427,driveway-design-mistakes-that-lower-your-home-value,guides/driveway-design-mistakes-that-lower-your-home-value/index.html,injected,Driveway Design Mistakes That Lower Your Home Value,https://drivewayzusa.co/images/heroes/hero-stained-weathered-drive-uneven-panels.webp,https://drivewayzusa.co/guides/driveway-design-mistakes-that-lower-your-home-value/,alt=Stained weathered driveway with uneven settled co…
2026-07-29T23:46:02.143807,driveway-do-nothing-alternative-when-waiting-is-smart,guides/driveway-do-nothing-alternative-when-waiting-is-smart/index.html,injected,Driveway Do Nothing Alternative: When Waiting Is Smart,https://drivewayzusa.co/images/heroes/hero-aged-asphalt-drive-still-intact.webp,https://drivewayzusa.co/guides/driveway-do-nothing-alternative-when-waiting-is-smart/,alt=Aged asphalt driveway faded gray but still intact
2026-07-29T23:46:02.144203,driveway-drainage-problems-causes-and-fixes,guides/driveway-drainage-problems-causes-and-fixes/index.html,injected,Driveway Drainage Problems: Causes and Fixes,https://drivewayzusa.co/images/heroes/hero-standing-water-low-spot-drive.webp,https://drivewayzusa.co/guides/driveway-drainage-problems-causes-and-fixes/,alt=Standing water pooled in a low spot on asphalt
2026-07-29T23:46:02.144583,driveway-drone-photography-aerial-view-of-your-property,guides/driveway-drone-photography-aerial-view-of-your-property/index.html,injected,Driveway Drone Photography,https://drivewayzusa.co/images/heroes/hero-high-view-concrete-drive-lawn-stripes.webp,https://drivewayzusa.co/guides/driveway-drone-photography-aerial-view-of-your-property/,alt=High angle look down a long concrete driveway
2026-07-29T23:46:02.144965,driveway-edge-crumbling-causes-and-repair-solutions,guides/driveway-edge-crumbling-causes-and-repair-solutions/index.html,injected,Driveway Edge Crumbling: Causes and Repair Solutions,https://drivewayzusa.co/images/heroes/hero-crumbling-concrete-edge-gravel-verge.webp,https://drivewayzusa.co/guides/driveway-edge-crumbling-causes-and-repair-solutions/,alt=Crumbling concrete driveway edge shedding gravel …
2026-07-29T23:46:02.145506,driveway-edging-options-and-installation-guide,guides/driveway-edging-options-and-installation-guide/index.html,injected,Driveway Edging Options and Installation Guide,https://drivewayzusa.co/images/heroes/hero-soldier-course-paver-edging.webp,https://drivewayzusa.co/guides/driveway-edging-options-and-installation-guide/,alt=Soldier course paver edging bordering a concrete …
2026-07-29T23:46:02.145862,driveway-electric-scooter-and-bike-access-micro-mobility-design,guides/driveway-electric-scooter-and-bike-access-micro-mobility-design/index.html,injected,Driveway Electric Scooter and Bike Access,https://drivewayzusa.co/images/heroes/hero-wide-smooth-drive-gentle-curve.webp,https://drivewayzusa.co/guides/driveway-electric-scooter-and-bike-access-micro-mobility-design/,alt=Wide smooth concrete driveway with a gentle entry…
2026-07-29T23:46:02.146270,driveway-emergency-repair-contact-list-be-prepared,guides/driveway-emergency-repair-contact-list-be-prepared/index.html,injected,Driveway Emergency Repair Contact List: Be Prepared,https://drivewayzusa.co/images/heroes/hero-water-filled-pothole-asphalt-drive.webp,https://drivewayzusa.co/guides/driveway-emergency-repair-contact-list-be-prepared/,alt=Water filled pothole breaking through an asphalt …
2026-07-29T23:46:02.146926,driveway-emergency-vehicle-access-width-and-turn-requirements,guides/driveway-emergency-vehicle-access-width-and-turn-requirements/index.html,injected,Driveway Emergency Vehicle Access,https://drivewayzusa.co/images/heroes/hero-extra-wide-sealed-rural-drive.webp,https://drivewayzusa.co/guides/driveway-emergency-vehicle-access-width-and-turn-requirements/,alt=Extra wide sealed driveway stretching across open…
2026-07-29T23:46:02.147464,driveway-encroachment-permit-when-you-cross-property-lines,guides/driveway-encroachment-permit-when-you-cross-property-lines/index.html,injected,Driveway Encroachment Permit,https://drivewayzusa.co/images/heroes/hero-wide-concrete-apron-street-walk.webp,https://drivewayzusa.co/guides/driveway-encroachment-permit-when-you-cross-property-lines/,alt=Wide concrete driveway apron reaching the walk by…
2026-07-29T23:46:02.147986,driveway-encroachment-what-to-do,guides/driveway-encroachment-what-to-do/index.html,injected,Driveway Encroachment: What to Do,https://drivewayzusa.co/images/heroes/hero-neighboring-drives-shared-seam.webp,https://drivewayzusa.co/guides/driveway-encroachment-what-to-do/,alt=Two neighboring driveways meeting at a shared cen…
2026-07-29T23:46:02.148391,driveway-engraved-concrete-custom-designs-after-installation,guides/driveway-engraved-concrete-custom-designs-after-installation/index.html,injected,Driveway Engraved Concrete,https://drivewayzusa.co/images/heroes/hero-carved-pattern-concrete-slab.webp,https://drivewayzusa.co/guides/driveway-engraved-concrete-custom-designs-after-installation/,alt=Carved geometric pattern cut into a smooth concre…
2026-07-29T23:46:02.148826,driveway-environmental-assessment-contaminated-soil-check,guides/driveway-environmental-assessment-contaminated-soil-check/index.html,injected,Driveway Environmental Assessment,https://drivewayzusa.co/images/heroes/hero-sample-hole-bare-earth-strip.webp,https://drivewayzusa.co/guides/driveway-environmental-assessment-contaminated-soil-check/,alt=Small sample hole dug beside a bare earth drive s…
2026-07-29T23:46:02.149267,driveway-estimating-mistakes-contractors-make,guides/driveway-estimating-mistakes-contractors-make/index.html,injected,Driveway Estimating Mistakes Contractors Make,https://drivewayzusa.co/images/heroes/hero-uneven-form-boards-gravel-base.webp,https://drivewayzusa.co/guides/driveway-estimating-mistakes-contractors-make/,alt=Uneven wooden form boards staked along a gravel b…
2026-07-29T23:46:02.149851,driveway-estimation-software-digital-bidding-tools,guides/driveway-estimation-software-digital-bidding-tools/index.html,injected,Driveway Estimation Software: Digital Bidding Tools,https://drivewayzusa.co/images/heroes/hero-damp-broom-lines-fresh-pour.webp,https://drivewayzusa.co/guides/driveway-estimation-software-digital-bidding-tools/,alt=Damp broom lines across a freshly poured concrete…
2026-07-29T23:46:02.150334,driveway-excavation-and-site-preparation,guides/driveway-excavation-and-site-preparation/index.html,injected,Driveway Excavation and Site Preparation,https://drivewayzusa.co/images/heroes/hero-excavated-strip-string-lines.webp,https://drivewayzusa.co/guides/driveway-excavation-and-site-preparation/,alt=Open excavated strip with leveled soil and string…
2026-07-29T23:46:02.150740,driveway-excavation-grading,guides/driveway-excavation-grading/index.html,skipped,,,,hero_img_not_found
2026-07-29T23:46:02.151275,driveway-expansion-joint-repair-and-replacement,guides/driveway-expansion-joint-repair-and-replacement/index.html,injected,Driveway Expansion Joint Repair and Replacement,https://drivewayzusa.co/images/heroes/hero-old-filler-wide-joint-gap.webp,https://drivewayzusa.co/guides/driveway-expansion-joint-repair-and-replacement/,alt=Old filler pulled from a wide gap between concret…
2026-07-29T23:46:02.152059,driveway-expansion-joints-and-control-joints-explained,guides/driveway-expansion-joints-and-control-joints-explained/index.html,injected,Driveway Expansion Joints and Control Joints Explained,https://drivewayzusa.co/images/heroes/hero-sawn-grooves-wide-gaps-slab.webp,https://drivewayzusa.co/guides/driveway-expansion-joints-and-control-joints-explained/,alt=Sawn grooves and wide gaps crossing a new concret…
2026-07-29T23:46:02.152796,driveway-expert-witness-when-disputes-need-professional-opinion,guides/driveway-expert-witness-when-disputes-need-professional-opinion/index.html,injected,Driveway Expert Witness,https://drivewayzusa.co/images/heroes/hero-cracked-concrete-slab-detail.webp,https://drivewayzusa.co/guides/driveway-expert-witness-when-disputes-need-professional-opinion/,alt=Deep cracks running across a weathered concrete s…
2026-07-29T23:46:02.153449,driveway-exposed-aggregate-sealing-protecting-the-finish,guides/driveway-exposed-aggregate-sealing-protecting-the-finish/index.html,injected,Driveway Exposed Aggregate Sealing,https://drivewayzusa.co/images/heroes/hero-wet-sheen-pebbled-concrete.webp,https://drivewayzusa.co/guides/driveway-exposed-aggregate-sealing-protecting-the-finish/,alt=Glossy wet sheen over pebbled concrete after a ra…
2026-07-29T23:46:02.154065,driveway-failure-analysis-root-cause-identification,guides/driveway-failure-analysis-root-cause-identification/index.html,injected,Driveway Failure Analysis: Root Cause Identification,https://drivewayzusa.co/images/heroes/hero-settled-slab-deep-cracks.webp,https://drivewayzusa.co/guides/driveway-failure-analysis-root-cause-identification/,alt=Settled slab with deep cracks and a broken corner
2026-07-29T23:46:02.154540,driveway-fall-preparation-leaf-removal-and-pre-winter-care,guides/driveway-fall-preparation-leaf-removal-and-pre-winter-care/index.html,injected,Driveway Fall Preparation,https://drivewayzusa.co/images/heroes/hero-autumn-leaves-concrete-strip.webp,https://drivewayzusa.co/guides/driveway-fall-preparation-leaf-removal-and-pre-winter-care/,alt=Fallen autumn leaves scattered across a weathered…
2026-07-29T23:46:02.155138,driveway-faq-most-common-questions-answered,guides/driveway-faq-most-common-questions-answered/index.html,injected,Driveway FAQ: Most Common Questions Answered,https://drivewayzusa.co/images/heroes/hero-dark-sealed-drive-plain-garage.webp,https://drivewayzusa.co/guides/driveway-faq-most-common-questions-answered/,alt=Dark sealed asphalt drive leading to a plain gara…
2026-07-29T23:46:02.155667,driveway-fence-setback-at-entry-visibility-requirements,guides/driveway-fence-setback-at-entry-visibility-requirements/index.html,injected,Driveway Fence Setback at Entry,https://drivewayzusa.co/images/heroes/hero-gravel-opening-low-wooden-rails.webp,https://drivewayzusa.co/guides/driveway-fence-setback-at-entry-visibility-requirements/,alt=Gravel drive opening between low wooden rails and…
2026-07-29T23:46:02.156299,driveway-fiber-reinforced-overlay-enhanced-crack-resistance,guides/driveway-fiber-reinforced-overlay-enhanced-crack-resistance/index.html,injected,Driveway Fiber-Reinforced Overlay,https://drivewayzusa.co/images/heroes/hero-thin-resurfacing-coat-aged-drive.webp,https://drivewayzusa.co/guides/driveway-fiber-reinforced-overlay-enhanced-crack-resistance/,alt=Fresh thin resurfacing coat spread across an agin…
2026-07-29T23:46:02.156780,driveway-final-completion-when-everything-is-done,guides/driveway-final-completion-when-everything-is-done/index.html,injected,Driveway Final Completion: When Everything Is Done,https://drivewayzusa.co/images/heroes/hero-finished-new-slab-evening-light.webp,https://drivewayzusa.co/guides/driveway-final-completion-when-everything-is-done/,alt=Finished new concrete surface glowing in soft eve…
2026-07-29T23:46:02.157190,driveway-final-inspection-checklist-passing-municipal-review,guides/driveway-final-inspection-checklist-passing-municipal-review/index.html,injected,Driveway Final Inspection Checklist,https://drivewayzusa.co/images/heroes/hero-straight-sawn-grooves-from-above.webp,https://drivewayzusa.co/guides/driveway-final-inspection-checklist-passing-municipal-review/,alt=Clean new slab with straight sawn grooves viewed …
2026-07-29T23:46:02.157621,driveway-final-payment-when-to-release-the-last-check,guides/driveway-final-payment-when-to-release-the-last-check/index.html,injected,Driveway Final Payment: When to Release the Last Check,https://drivewayzusa.co/images/heroes/hero-raindrops-freshly-sealed-surface.webp,https://drivewayzusa.co/guides/driveway-final-payment-when-to-release-the-last-check/,alt=Raindrops beading on a freshly sealed concrete su…
2026-07-29T23:46:02.158031,driveway-financing-options-for-homeowners,guides/driveway-financing-options-for-homeowners/index.html,injected,Driveway Financing Options for Homeowners: A Complete Guide,https://drivewayzusa.co/images/heroes/hero-fine-broom-texture-bright-sun.webp,https://drivewayzusa.co/guides/driveway-financing-options-for-homeowners/,alt=Fine broom texture on new concrete in bright sunl…
2026-07-29T23:46:02.158530,driveway-fire-access-requirements-meeting-fire-code,guides/driveway-fire-access-requirements-meeting-fire-code/index.html,injected,Driveway Fire Access Requirements: Meeting Fire Code,https://drivewayzusa.co/images/heroes/hero-wide-gravel-approach-open-sides.webp,https://drivewayzusa.co/guides/driveway-fire-access-requirements-meeting-fire-code/,alt=Wide gravel approach with clear open space on bot…
2026-07-29T23:46:02.159010,driveway-flexural-strength-bending-resistance-of-concrete,guides/driveway-flexural-strength-bending-resistance-of-concrete/index.html,injected,Driveway Flexural Strength,https://drivewayzusa.co/images/heroes/hero-thick-slab-edge-gravel-base.webp,https://drivewayzusa.co/guides/driveway-flexural-strength-bending-resistance-of-concrete/,alt=Thick concrete slab edge resting on a compacted g…
2026-07-29T23:46:02.159476,driveway-fog-seal-light-application-asphalt-preservation,guides/driveway-fog-seal-light-application-asphalt-preservation/index.html,injected,Driveway Fog Seal,https://drivewayzusa.co/images/heroes/hero-sealant-mist-half-blacktop.webp,https://drivewayzusa.co/guides/driveway-fog-seal-light-application-asphalt-preservation/,alt=Fine sealant mist darkening one half of a worn bl…
2026-07-29T23:46:02.159944,driveway-for-climate-zone-1-extreme-cold-materials,guides/driveway-for-climate-zone-1-extreme-cold-materials/index.html,injected,Driveway for Climate Zone 1: Extreme Cold Materials,https://drivewayzusa.co/images/heroes/hero-snow-lined-concrete-gray-sky.webp,https://drivewayzusa.co/guides/driveway-for-climate-zone-1-extreme-cold-materials/,alt=Snow lined concrete drive under a flat gray sky
2026-07-29T23:46:02.160391,driveway-for-climate-zone-2-cold-winter-materials,guides/driveway-for-climate-zone-2-cold-winter-materials/index.html,injected,Driveway for Climate Zone 2: Cold Winter Materials,https://drivewayzusa.co/images/heroes/hero-melting-frost-fine-cracks.webp,https://drivewayzusa.co/guides/driveway-for-climate-zone-2-cold-winter-materials/,alt=Melting frost around fine cracks in a blacktop su…
2026-07-29T23:46:02.160892,driveway-for-climate-zone-3-mixed-climate-materials,guides/driveway-for-climate-zone-3-mixed-climate-materials/index.html,injected,Driveway for Climate Zone 3: Mixed Climate Materials,https://drivewayzusa.co/images/heroes/hero-paver-half-sun-half-shade.webp,https://drivewayzusa.co/guides/driveway-for-climate-zone-3-mixed-climate-materials/,alt=Paver drive half in warm sun and half in cool sha…
2026-07-29T23:46:02.161318,driveway-for-climate-zone-4-mild-winter-materials,guides/driveway-for-climate-zone-4-mild-winter-materials/index.html,injected,Driveway for Climate Zone 4: Mild Winter Materials,https://drivewayzusa.co/images/heroes/hero-sunlit-gravel-frontage-low-shrubs.webp,https://drivewayzusa.co/guides/driveway-for-climate-zone-4-mild-winter-materials/,alt=Sunlit gravel frontage bordered by low green shru…
2026-07-29T23:46:02.161723,driveway-for-climate-zone-5-hot-and-humid-materials,guides/driveway-for-climate-zone-5-hot-and-humid-materials/index.html,injected,Driveway for Climate Zone 5: Hot and Humid Materials,https://drivewayzusa.co/images/heroes/hero-humid-shine-sealed-concrete-drive.webp,https://drivewayzusa.co/guides/driveway-for-climate-zone-5-hot-and-humid-materials/,alt=Sealed concrete drive glistening with rain moistu…
2026-07-29T23:46:02.162123,driveway-for-climate-zone-6-hot-and-dry-materials,guides/driveway-for-climate-zone-6-hot-and-dry-materials/index.html,injected,Driveway for Climate Zone 6: Hot and Dry Materials,https://drivewayzusa.co/images/heroes/hero-dry-dusty-asphalt-rural-approach.webp,https://drivewayzusa.co/guides/driveway-for-climate-zone-6-hot-and-dry-materials/,alt=Dry dusty asphalt lane stretching toward open lan…
2026-07-29T23:46:02.162602,driveway-for-rental-properties-best-materials-for-durability,guides/driveway-for-rental-properties-best-materials-for-durability/index.html,injected,Driveway for Rental Properties,https://drivewayzusa.co/images/heroes/hero-plain-asphalt-drive-overcast-frontage.webp,https://drivewayzusa.co/guides/driveway-for-rental-properties-best-materials-for-durability/,alt=Plain asphalt front drive in flat overcast light …
2026-07-29T23:46:02.163063,driveway-force-majeure-when-nature-stops-construction,guides/driveway-force-majeure-when-nature-stops-construction/index.html,injected,Driveway Force Majeure: When Nature Stops Construction,https://drivewayzusa.co/images/heroes/hero-rain-puddles-unfinished-gravel-base.webp,https://drivewayzusa.co/guides/driveway-force-majeure-when-nature-stops-construction/,alt=Rain puddles pooling on an unfinished gravel base…
2026-07-29T23:46:02.163571,driveway-forensic-investigation-determining-cause-of-failure,guides/driveway-forensic-investigation-determining-cause-of-failure/index.html,injected,Driveway Forensic Investigation,https://drivewayzusa.co/images/heroes/hero-deep-branching-cracks-gray-asphalt.webp,https://drivewayzusa.co/guides/driveway-forensic-investigation-determining-cause-of-failure/,alt=Deep branching cracks across weathered gray aspha…
2026-07-29T23:46:02.163934,driveway-freeze-thaw-testing-astm-c666-method,guides/driveway-freeze-thaw-testing-astm-c666-method/index.html,injected,Driveway Freeze-Thaw Testing: ASTM C666 Method,https://drivewayzusa.co/images/heroes/hero-freeze-damaged-scaled-concrete-closeup.webp,https://drivewayzusa.co/guides/driveway-freeze-thaw-testing-astm-c666-method/,alt=Scaled flaking concrete surface with frost damage…
2026-07-29T23:46:02.164274,driveway-full-depth-reclamation-rebuilding-from-the-ground-up,guides/driveway-full-depth-reclamation-rebuilding-from-the-ground-up/index.html,injected,Driveway Full-Depth Reclamation,https://drivewayzusa.co/images/heroes/hero-pulverized-reclaimed-drive-base.webp,https://drivewayzusa.co/guides/driveway-full-depth-reclamation-rebuilding-from-the-ground-up/,alt=Pulverized old pavement blended into fresh base m…
2026-07-29T23:46:02.165032,driveway-garage-sale-setup-protecting-surface-from-display-items,guides/driveway-garage-sale-setup-protecting-surface-from-display-items/index.html,injected,Driveway Garage Sale Setup,https://drivewayzusa.co/images/heroes/hero-foam-mats-sealed-concrete-drive.webp,https://drivewayzusa.co/guides/driveway-garage-sale-setup-protecting-surface-from-display-items/,alt=Foam padding sheets resting on a sealed concrete …
2026-07-29T23:46:02.165412,driveway-garden-adjacent-design-protecting-both-zones,guides/driveway-garden-adjacent-design-protecting-both-zones/index.html,injected,Driveway Garden Adjacent Design: Protecting Both Zones,https://drivewayzusa.co/images/heroes/hero-gravel-drive-flowering-garden-border.webp,https://drivewayzusa.co/guides/driveway-garden-adjacent-design-protecting-both-zones/,alt=Gravel drive bordered by flowering garden beds in…
2026-07-29T23:46:02.165824,driveway-gas-line-proximity-safety-setbacks,guides/driveway-gas-line-proximity-safety-setbacks/index.html,injected,Driveway Gas Line Proximity: Safety Setbacks,https://drivewayzusa.co/images/heroes/hero-locate-flags-along-gravel-edge.webp,https://drivewayzusa.co/guides/driveway-gas-line-proximity-safety-setbacks/,alt=Small utility marking flags lining the edge of a …
2026-07-29T23:46:02.166265,driveway-gates-and-security-features,guides/driveway-gates-and-security-features/index.html,injected,Driveway Gates and Security Features,https://drivewayzusa.co/images/heroes/hero-closed-metal-gate-asphalt-lane.webp,https://drivewayzusa.co/guides/driveway-gates-and-security-features/,alt=Closed metal gate spanning a weathered asphalt la…
2026-07-29T23:46:02.166683,driveway-general-liability-insurance-what-contractors-need,guides/driveway-general-liability-insurance-what-contractors-need/index.html,injected,Driveway General Liability Insurance,https://drivewayzusa.co/images/heroes/hero-wet-pour-between-wood-forms.webp,https://drivewayzusa.co/guides/driveway-general-liability-insurance-what-contractors-need/,alt=Wet concrete poured between wooden forms at an ac…
2026-07-29T23:46:02.167094,driveway-geographic-information-system-gis-mapping-for-maintenance,guides/driveway-geographic-information-system-gis-mapping-for-maintenance/index.html,injected,Driveway Geographic Information System,https://drivewayzusa.co/images/heroes/hero-weathered-asphalt-drive-elevated-view.webp,https://drivewayzusa.co/guides/driveway-geographic-information-system-gis-mapping-for-maintenance/,alt=Long weathered asphalt drive seen from above in w…
2026-07-29T23:46:02.167616,driveway-geotechnical-assessment-soil-conditions-matter,guides/driveway-geotechnical-assessment-soil-conditions-matter/index.html,injected,Driveway Geotechnical Assessment,https://drivewayzusa.co/images/heroes/hero-open-test-pit-soil-layers.webp,https://drivewayzusa.co/guides/driveway-geotechnical-assessment-soil-conditions-matter/,alt=Open test pit exposing layered soil beside a plan…
2026-07-29T23:46:02.168067,driveway-geotechnical-report-when-you-need-professional-soil-analysis,guides/driveway-geotechnical-report-when-you-need-professional-soil-analysis/index.html,injected,Driveway Geotechnical Report,https://drivewayzusa.co/images/heroes/hero-damp-clay-subgrade-closeup.webp,https://drivewayzusa.co/guides/driveway-geotechnical-report-when-you-need-professional-soil-analysis/,alt=Damp clay subgrade texture filling the frame unde…
2026-07-29T23:46:02.168618,driveway-glossary-terms-every-homeowner-should-know,guides/driveway-glossary-terms-every-homeowner-should-know/index.html,injected,Driveway Glossary: Terms Every Homeowner Should Know,https://drivewayzusa.co/images/heroes/hero-low-angle-broomed-concrete-joint.webp,https://drivewayzusa.co/guides/driveway-glossary-terms-every-homeowner-should-know/,alt=Broomed concrete texture with a sawn joint runnin…
2026-07-29T23:46:02.169055,driveway-gps-staking-precise-layout-from-digital-plans,guides/driveway-gps-staking-precise-layout-from-digital-plans/index.html,injected,Driveway GPS Staking,https://drivewayzusa.co/images/heroes/hero-layout-stakes-bright-string-lines.webp,https://drivewayzusa.co/guides/driveway-gps-staking-precise-layout-from-digital-plans/,alt=Wooden stakes and bright string lines marking a f…
2026-07-29T23:46:02.169544,driveway-grade-and-slope-regulations,guides/driveway-grade-and-slope-regulations/index.html,injected,Driveway Grade and Slope Regulations,https://drivewayzusa.co/images/heroes/hero-steep-asphalt-drive-bright-sun.webp,https://drivewayzusa.co/guides/driveway-grade-and-slope-regulations/,alt=Steeply sloped asphalt drive climbing toward a ga…
2026-07-29T23:46:02.170008,driveway-grading-cost-leveling-before-installation,guides/driveway-grading-cost-leveling-before-installation/index.html,injected,Driveway Grading Cost: Leveling Before Installation,https://drivewayzusa.co/images/heroes/hero-leveled-gravel-bed-screed-rails.webp,https://drivewayzusa.co/guides/driveway-grading-cost-leveling-before-installation/,alt=Leveled gravel bed with screed rails ready for th…
2026-07-29T23:46:02.170460,driveway-grading-permit-when-earthwork-requires-approval,guides/driveway-grading-permit-when-earthwork-requires-approval/index.html,injected,Driveway Grading Permit,https://drivewayzusa.co/images/heroes/hero-fresh-earth-cut-drive-site.webp,https://drivewayzusa.co/guides/driveway-grading-permit-when-earthwork-requires-approval/,alt=Freshly cut earth excavation where a new drive wi…
2026-07-29T23:46:02.171015,driveway-graffiti-removal-protecting-your-property,guides/driveway-graffiti-removal-protecting-your-property/index.html,injected,Driveway Graffiti Removal: Protecting Your Property,https://drivewayzusa.co/images/heroes/hero-pressure-washed-stripe-gray-concrete.webp,https://drivewayzusa.co/guides/driveway-graffiti-removal-protecting-your-property/,alt=Clean pressure washed stripe cutting across stain…
2026-07-29T23:46:02.171463,driveway-ground-penetrating-radar-subsurface-investigation,guides/driveway-ground-penetrating-radar-subsurface-investigation/index.html,injected,Driveway Ground Penetrating Radar,https://drivewayzusa.co/images/heroes/hero-chalk-grid-weathered-asphalt-scan.webp,https://drivewayzusa.co/guides/driveway-ground-penetrating-radar-subsurface-investigation/,alt=Chalk grid lines marked across weathered asphalt …
2026-07-29T23:46:02.173248,driveway-guaranteed-maximum-price-budget-protection,guides/driveway-guaranteed-maximum-price-budget-protection/index.html,injected,Driveway Guaranteed Maximum Price: Budget Protection,https://drivewayzusa.co/images/heroes/hero-string-grid-over-graded-base.webp,https://drivewayzusa.co/guides/driveway-guaranteed-maximum-price-budget-protection/,alt=String grid stretched over a graded base awaiting…
2026-07-29T23:46:02.174910,driveway-habitat-impact-environmental-review-requirements,guides/driveway-habitat-impact-environmental-review-requirements/index.html,injected,Driveway Habitat Impact,https://drivewayzusa.co/images/heroes/hero-gravel-edge-tall-native-grasses.webp,https://drivewayzusa.co/guides/driveway-habitat-impact-environmental-review-requirements/,alt=Tall native grasses crowding the edge of a gravel…
2026-07-29T23:46:02.175422,driveway-heaving-and-buckling-causes-and-repair-options,guides/driveway-heaving-and-buckling-causes-and-repair-options/index.html,injected,Driveway Heaving and Buckling,https://drivewayzusa.co/images/heroes/hero-lifted-concrete-slab-buckled-joint.webp,https://drivewayzusa.co/guides/driveway-heaving-and-buckling-causes-and-repair-options/,alt=Lifted concrete slab tilted at a buckled joint in…
2026-07-29T23:46:02.175823,driveway-heavy-equipment-safety-avoiding-accidents,guides/driveway-heavy-equipment-safety-avoiding-accidents/index.html,injected,Driveway Heavy Equipment Safety: Avoiding Accidents,https://drivewayzusa.co/images/heroes/hero-ride-on-roller-fresh-mat-edge.webp,https://drivewayzusa.co/guides/driveway-heavy-equipment-safety-avoiding-accidents/,alt=Ride-on roller parked beside a fresh asphalt mat …
2026-07-29T23:46:02.176242,driveway-historic-preservation-standards-secretary-of-interior-guidelines,guides/driveway-historic-preservation-standards-secretary-of-interior-guidelines/index.html,injected,Driveway Historic Preservation Standards: A Practical Guide to Secretary of the Interior’s Standards,https://drivewayzusa.co/images/heroes/hero-worn-cobblestone-wheel-tracks.webp,https://drivewayzusa.co/guides/driveway-historic-preservation-standards-secretary-of-interior-guidelines/,alt=Weathered cobblestone lane with worn wheel tracks…
2026-07-29T23:46:02.176654,driveway-holdback-protecting-against-incomplete-work,guides/driveway-holdback-protecting-against-incomplete-work/index.html,injected,Driveway Holdback: Protecting Against Incomplete Work,https://drivewayzusa.co/images/heroes/hero-partly-poured-slab-wood-forms.webp,https://drivewayzusa.co/guides/driveway-holdback-protecting-against-incomplete-work/,alt=Partly poured concrete slab inside wooden forms a…
2026-07-29T23:46:02.177062,driveway-holiday-decorating-tips-protecting-your-surface,guides/driveway-holiday-decorating-tips-protecting-your-surface/index.html,injected,Driveway Holiday Decorating Tips,https://drivewayzusa.co/images/heroes/hero-string-lights-sealed-drive-dusk.webp,https://drivewayzusa.co/guides/driveway-holiday-decorating-tips-protecting-your-surface/,alt=Sealed asphalt driveway frontage at dusk with str…
2026-07-29T23:46:02.177473,driveway-hot-asphalt-burns-worker-safety-protocols,guides/driveway-hot-asphalt-burns-worker-safety-protocols/index.html,injected,Driveway Hot Asphalt Burns: Worker Safety Protocols,https://drivewayzusa.co/images/heroes/hero-steam-rising-fresh-asphalt.webp,https://drivewayzusa.co/guides/driveway-hot-asphalt-burns-worker-safety-protocols/,alt=Steam rising from a freshly laid hot asphalt mat …
2026-07-29T23:46:02.177878,driveway-hot-in-place-recycling-repurposing-existing-asphalt,guides/driveway-hot-in-place-recycling-repurposing-existing-asphalt/index.html,injected,Driveway Hot In-Place Recycling,https://drivewayzusa.co/images/heroes/hero-milled-asphalt-grooves-closeup.webp,https://drivewayzusa.co/guides/driveway-hot-in-place-recycling-repurposing-existing-asphalt/,alt=Close view of parallel grooves milled into weathe…
2026-07-29T23:46:02.178381,driveway-hot-pour-crack-sealant-professional-application,guides/driveway-hot-pour-crack-sealant-professional-application/index.html,injected,Driveway Hot Pour Crack Sealant,https://drivewayzusa.co/images/heroes/hero-glossy-sealant-filled-crack.webp,https://drivewayzusa.co/guides/driveway-hot-pour-crack-sealant-professional-application/,alt=Glossy dark filler ribbon settling into a long cr…
2026-07-29T23:46:02.178931,driveway-hot-tire-marks-on-sealcoated-asphalt,guides/driveway-hot-tire-marks-on-sealcoated-asphalt/index.html,injected,Driveway Hot Tire Marks on Sealcoated Asphalt,https://drivewayzusa.co/images/heroes/hero-tire-scuff-marks-sealed-asphalt.webp,https://drivewayzusa.co/guides/driveway-hot-tire-marks-on-sealcoated-asphalt/,alt=Dark rubber scuffs streaked across a freshly seal…
2026-07-29T23:46:02.179414,driveway-ideas-for-selling-your-home-fast,guides/driveway-ideas-for-selling-your-home-fast/index.html,injected,Driveway Ideas for Selling Your Home Fast,https://drivewayzusa.co/images/heroes/hero-tidy-paver-drive-sunset-glow.webp,https://drivewayzusa.co/guides/driveway-ideas-for-selling-your-home-fast/,alt=Tidy interlocking paver driveway glowing in warm …
2026-07-29T23:46:02.179870,driveway-illumination-requirements-municipal-lighting-standards,guides/driveway-illumination-requirements-municipal-lighting-standards/index.html,injected,Driveway Illumination Requirements,https://drivewayzusa.co/images/heroes/hero-path-lights-concrete-drive-dusk.webp,https://drivewayzusa.co/guides/driveway-illumination-requirements-municipal-lighting-standards/,alt=Low path lights glowing along a sealed concrete d…
2026-07-29T23:46:02.180358,driveway-impact-resistance-handling-dropped-objects,guides/driveway-impact-resistance-handling-dropped-objects/index.html,injected,Driveway Impact Resistance: Handling Dropped Objects,https://drivewayzusa.co/images/heroes/hero-impact-chip-concrete-surface.webp,https://drivewayzusa.co/guides/driveway-impact-resistance-handling-dropped-objects/,alt=Impact chip and radial cracks in a concrete drive…
2026-07-29T23:46:02.180963,driveway-improvement-priorities-what-to-fix-first,guides/driveway-improvement-priorities-what-to-fix-first/index.html,injected,Driveway Improvement Priorities: What to Fix First,https://drivewayzusa.co/images/heroes/hero-weathered-asphalt-frontage-fine-cracks.webp,https://drivewayzusa.co/guides/driveway-improvement-priorities-what-to-fix-first/,alt=Weathered asphalt frontage showing fine cracks an…
2026-07-29T23:46:02.181424,driveway-in-buffer-zone-environmental-setback-requirements,guides/driveway-in-buffer-zone-environmental-setback-requirements/index.html,injected,Driveway in Buffer Zone,https://drivewayzusa.co/images/heroes/hero-gravel-lane-reed-lined-verge.webp,https://drivewayzusa.co/guides/driveway-in-buffer-zone-environmental-setback-requirements/,alt=Gravel lane bordered by tall reeds and wet meadow…
2026-07-29T23:46:02.181883,driveway-industry-associations-napa-acpa-and-icpi,guides/driveway-industry-associations-napa-acpa-and-icpi/index.html,injected,"Driveway Industry Associations: NAPA, ACPA, and ICPI",https://drivewayzusa.co/images/heroes/hero-crushed-stone-stockpile-graded-base.webp,https://drivewayzusa.co/guides/driveway-industry-associations-napa-acpa-and-icpi/,alt=Crushed stone stockpile beside a graded gravel dr…
2026-07-29T23:46:02.182356,driveway-infrared-thermography-detecting-subsurface-voids,guides/driveway-infrared-thermography-detecting-subsurface-voids/index.html,injected,Driveway Infrared Thermography,https://drivewayzusa.co/images/heroes/hero-chalk-survey-marks-weathered-concrete.webp,https://drivewayzusa.co/guides/driveway-infrared-thermography-detecting-subsurface-voids/,alt=Chalk survey grid marking a weathered concrete dr…
2026-07-29T23:46:02.182817,driveway-inland-marine-insurance-equipment-and-materials,guides/driveway-inland-marine-insurance-equipment-and-materials/index.html,injected,Driveway Inland Marine Insurance,https://drivewayzusa.co/images/heroes/hero-excavator-bucket-graded-gravel-base.webp,https://drivewayzusa.co/guides/driveway-inland-marine-insurance-equipment-and-materials/,alt=Excavator bucket resting on a graded gravel base …
2026-07-29T23:46:02.183163,driveway-inspection-during-home-purchase-what-to-look-for,guides/driveway-inspection-during-home-purchase-what-to-look-for/index.html,injected,Driveway Inspection During Home Purchase,https://drivewayzusa.co/images/heroes/hero-weathered-concrete-frontage-after-rain.webp,https://drivewayzusa.co/guides/driveway-inspection-during-home-purchase-what-to-look-for/,alt=Weathered concrete driveway frontage still damp a…
2026-07-29T23:46:02.183525,driveway-inspection-fees-and-what-they-cover,guides/driveway-inspection-fees-and-what-they-cover/index.html,injected,Driveway Inspection Fees and What They Cover,https://drivewayzusa.co/images/heroes/hero-settlement-crack-across-slab.webp,https://drivewayzusa.co/guides/driveway-inspection-fees-and-what-they-cover/,alt=Settlement crack running across a weathered concr…
2026-07-29T23:46:02.183889,driveway-inspection-report-template-professional-assessment,guides/driveway-inspection-report-template-professional-assessment/index.html,injected,Driveway Inspection Report Template,https://drivewayzusa.co/images/heroes/hero-neat-paver-drive-elevated-view.webp,https://drivewayzusa.co/guides/driveway-inspection-report-template-professional-assessment/,alt=Elevated view of a neat interlocking paver drivew…
2026-07-29T23:46:02.184253,driveway-inspection-scheduling-municipal-review-process,guides/driveway-inspection-scheduling-municipal-review-process/index.html,injected,Driveway Inspection Scheduling,https://drivewayzusa.co/images/heroes/hero-stakes-string-graded-approach-corner.webp,https://drivewayzusa.co/guides/driveway-inspection-scheduling-municipal-review-process/,alt=Stakes and bright string lines marking a planned …
2026-07-29T23:46:02.184636,driveway-installation-checklist-dont-miss-these-steps,guides/driveway-installation-checklist-dont-miss-these-steps/index.html,injected,Driveway Installation Checklist,https://drivewayzusa.co/images/heroes/hero-level-string-compacted-gravel-base.webp,https://drivewayzusa.co/guides/driveway-installation-checklist-dont-miss-these-steps/,alt=Level string stretched over a compacted gravel ba…
2026-07-29T23:46:02.185193,driveway-installation-over-utility-easements,guides/driveway-installation-over-utility-easements/index.html,injected,Driveway Installation Over Utility Easements,https://drivewayzusa.co/images/heroes/hero-locate-flags-new-concrete-edge.webp,https://drivewayzusa.co/guides/driveway-installation-over-utility-easements/,alt=Small locate flags marking utility lines along a …
2026-07-29T23:46:02.185912,driveway-insurance-claims-documenting-damage-for-coverage,guides/driveway-insurance-claims-documenting-damage-for-coverage/index.html,injected,Driveway Insurance Claims,https://drivewayzusa.co/images/heroes/hero-wide-crack-concrete-wet-rain.webp,https://drivewayzusa.co/guides/driveway-insurance-claims-documenting-damage-for-coverage/,alt=Wide crack splitting a rain wet concrete driveway…
2026-07-29T23:46:02.186620,driveway-joint-sand-replacement-step-by-step,guides/driveway-joint-sand-replacement-step-by-step/index.html,injected,Driveway Joint Sand Replacement: Step-by-Step,https://drivewayzusa.co/images/heroes/hero-fresh-sand-swept-paver-joints.webp,https://drivewayzusa.co/guides/driveway-joint-sand-replacement-step-by-step/,alt=Fresh joint sand swept between interlocking paver…
2026-07-29T23:46:02.187201,driveway-landscaping-borders-and-plantings,guides/driveway-landscaping-borders-and-plantings/index.html,injected,Driveway Landscaping: Borders and Plantings,https://drivewayzusa.co/images/heroes/hero-concrete-drive-low-planting-borders.webp,https://drivewayzusa.co/guides/driveway-landscaping-borders-and-plantings/,alt=Concrete driveway edged with low planting beds in…
2026-07-29T23:46:02.187694,driveway-last-mile-delivery-design-e-commerce-era-access,guides/driveway-last-mile-delivery-design-e-commerce-era-access/index.html,injected,Driveway Last Mile Delivery Design,https://drivewayzusa.co/images/heroes/hero-wide-concrete-apron-turning-space.webp,https://drivewayzusa.co/guides/driveway-last-mile-delivery-design-e-commerce-era-access/,alt=Wide concrete parking apron with open turning spa…
2026-07-29T23:46:02.188173,driveway-latent-defect-hidden-problems-that-appear-later,guides/driveway-latent-defect-hidden-problems-that-appear-later/index.html,injected,Driveway Latent Defect,https://drivewayzusa.co/images/heroes/hero-faint-hairline-crack-concrete-closeup.webp,https://drivewayzusa.co/guides/driveway-latent-defect-hidden-problems-that-appear-later/,alt=Faint hairline crack crossing a pale concrete sla…
2026-07-29T23:46:02.188691,driveway-latex-modified-overlay-flexible-resurfacing,guides/driveway-latex-modified-overlay-flexible-resurfacing/index.html,injected,Driveway Latex-Modified Overlay: Flexible Resurfacing,https://drivewayzusa.co/images/heroes/hero-flexible-overlay-squeegee-pass.webp,https://drivewayzusa.co/guides/driveway-latex-modified-overlay-flexible-resurfacing/,alt=Thin polymer overlay being spread across an older…
2026-07-29T23:46:02.189146,driveway-layouts-straight-l-shaped-circular-and-more,guides/driveway-layouts-straight-l-shaped-circular-and-more/index.html,injected,Driveway Layouts,https://drivewayzusa.co/images/heroes/hero-curved-concrete-loop-drive.webp,https://drivewayzusa.co/guides/driveway-layouts-straight-l-shaped-circular-and-more/,alt=Curved concrete drive looping around a front lawn…
2026-07-29T23:46:02.189620,driveway-lead-generation-for-contractors-getting-more-jobs,guides/driveway-lead-generation-for-contractors-getting-more-jobs/index.html,injected,Driveway Lead Generation for Contractors,https://drivewayzusa.co/images/heroes/hero-staged-paving-equipment-job-site.webp,https://drivewayzusa.co/guides/driveway-lead-generation-for-contractors-getting-more-jobs/,alt=Paving equipment staged beside a freshly laid asp…
2026-07-29T23:46:02.190100,driveway-letter-of-completion-formal-project-closeout,guides/driveway-letter-of-completion-formal-project-closeout/index.html,injected,Driveway Letter of Completion: Formal Project Closeout,https://drivewayzusa.co/images/heroes/hero-finished-drive-clean-edges-gray-sky.webp,https://drivewayzusa.co/guides/driveway-letter-of-completion-formal-project-closeout/,alt=Freshly finished concrete drive with crisp edges …
2026-07-29T23:46:02.190458,driveway-leveling-when-and-how-to-fix-uneven-surfaces,guides/driveway-leveling-when-and-how-to-fix-uneven-surfaces/index.html,injected,Driveway Leveling: When and How to Fix Uneven Surfaces,https://drivewayzusa.co/images/heroes/hero-offset-slab-joint-height-gap.webp,https://drivewayzusa.co/guides/driveway-leveling-when-and-how-to-fix-uneven-surfaces/,alt=Two concrete slabs with a raised offset joint in …
2026-07-29T23:46:02.190833,driveway-lien-rights-protecting-yourself-from-non-payment-claims,guides/driveway-lien-rights-protecting-yourself-from-non-payment-claims/index.html,injected,Driveway Lien Rights,https://drivewayzusa.co/images/heroes/hero-rain-glossed-sealed-drive-frontage.webp,https://drivewayzusa.co/guides/driveway-lien-rights-protecting-yourself-from-non-payment-claims/,alt=Rain glossed sealed asphalt in front of a closed …
2026-07-29T23:46:02.191239,driveway-lifecycle-extension-strategies-getting-more-years-from-your-surface,guides/driveway-lifecycle-extension-strategies-getting-more-years-from-your-surface/index.html,injected,Driveway Lifecycle Extension Strategies,https://drivewayzusa.co/images/heroes/hero-older-sealed-asphalt-rural-lane.webp,https://drivewayzusa.co/guides/driveway-lifecycle-extension-strategies-getting-more-years-from-your-surface/,alt=Older sealed asphalt lane with intact surface und…
2026-07-29T23:46:02.191610,driveway-lighting-types-installation-and-costs,guides/driveway-lighting-types-installation-and-costs/index.html,injected,"Driveway Lighting: Types, Installation, and Costs",https://drivewayzusa.co/images/heroes/hero-recessed-lights-concrete-drive-edge.webp,https://drivewayzusa.co/guides/driveway-lighting-types-installation-and-costs/,alt=Small ground lights glowing along a concrete driv…
2026-07-29T23:46:02.191990,driveway-lump-sum-contract-fixed-price-agreements,guides/driveway-lump-sum-contract-fixed-price-agreements/index.html,injected,Driveway Lump Sum Contract: Fixed Price Agreements,https://drivewayzusa.co/images/heroes/hero-smooth-fresh-slab-sunlit-texture.webp,https://drivewayzusa.co/guides/driveway-lump-sum-contract-fixed-price-agreements/,alt=Smooth finished concrete slab texture in bright m…
2026-07-29T23:46:02.192413,driveway-maintenance-agreement-template-service-contracts,guides/driveway-maintenance-agreement-template-service-contracts/index.html,injected,Driveway Maintenance Agreement Template,https://drivewayzusa.co/images/heroes/hero-beaded-rain-sealed-asphalt-high-view.webp,https://drivewayzusa.co/guides/driveway-maintenance-agreement-template-service-contracts/,alt=Beads of rain on a sealed asphalt surface seen fr…
2026-07-29T23:46:02.193055,driveway-maintenance-binder-organizing-all-your-records,guides/driveway-maintenance-binder-organizing-all-your-records/index.html,injected,Driveway Maintenance Binder,https://drivewayzusa.co/images/heroes/hero-long-gravel-drive-hedgerow.webp,https://drivewayzusa.co/guides/driveway-maintenance-binder-organizing-all-your-records/,alt=Long weathered gravel drive running beside a hedg…
2026-07-29T23:46:02.193514,driveway-maintenance-calendar-by-season,guides/driveway-maintenance-calendar-by-season/index.html,injected,Driveway Maintenance Calendar by Season,https://drivewayzusa.co/images/heroes/hero-frost-lined-paver-joints.webp,https://drivewayzusa.co/guides/driveway-maintenance-calendar-by-season/,alt=Frost lined paver joints on a weathered surface u…
2026-07-29T23:46:02.193977,driveway-maintenance-calendar-month-by-month-tasks,guides/driveway-maintenance-calendar-month-by-month-tasks/index.html,injected,Driveway Maintenance Calendar: Month-by-Month Tasks,https://drivewayzusa.co/images/heroes/hero-sealed-slab-after-rain-shower.webp,https://drivewayzusa.co/guides/driveway-maintenance-calendar-month-by-month-tasks/,alt=Sealed concrete slab still damp after a light rai…
2026-07-29T23:46:02.194447,driveway-maintenance-for-landlords-protecting-your-investment,guides/driveway-maintenance-for-landlords-protecting-your-investment/index.html,injected,Driveway Maintenance for Landlords,https://drivewayzusa.co/images/heroes/hero-plain-weathered-asphalt-frontage.webp,https://drivewayzusa.co/guides/driveway-maintenance-for-landlords-protecting-your-investment/,alt=Plain weathered asphalt before a small house unde…
2026-07-29T23:46:02.194909,driveway-maintenance-log-tracking-work-over-time,guides/driveway-maintenance-log-tracking-work-over-time/index.html,injected,Driveway Maintenance Log: Tracking Work Over Time,https://drivewayzusa.co/images/heroes/hero-patch-sequence-weathered-asphalt.webp,https://drivewayzusa.co/guides/driveway-maintenance-log-tracking-work-over-time/,alt=Several repair patches of different ages across w…
2026-07-29T23:46:02.195295,driveway-maintenance-schedule-year-by-year-guide,guides/driveway-maintenance-schedule-year-by-year-guide/index.html,injected,Driveway Maintenance Schedule: Year-by-Year Guide,https://drivewayzusa.co/images/heroes/hero-evening-sun-sealed-paver-drive.webp,https://drivewayzusa.co/guides/driveway-maintenance-schedule-year-by-year-guide/,alt=Sealed paver drive glowing in warm evening sunlig…
2026-07-29T23:46:02.195749,driveway-material-comparison-aesthetic-rankings,guides/driveway-material-comparison-aesthetic-rankings/index.html,injected,Driveway Material Comparison: Aesthetic Rankings,https://drivewayzusa.co/images/heroes/hero-paver-apron-meets-concrete-drive.webp,https://drivewayzusa.co/guides/driveway-material-comparison-aesthetic-rankings/,alt=Decorative paver apron meeting a plain concrete s…
2026-07-29T23:46:02.196155,driveway-material-comparison-cost-rankings,guides/driveway-material-comparison-cost-rankings/index.html,injected,Driveway Material Comparison: Cost Rankings,https://drivewayzusa.co/images/heroes/hero-crushed-stone-aggregate-detail.webp,https://drivewayzusa.co/guides/driveway-material-comparison-cost-rankings/,alt=Crushed stone gravel with angular gray aggregate …
2026-07-29T23:46:02.196542,driveway-material-comparison-durability-rankings,guides/driveway-material-comparison-durability-rankings/index.html,injected,Driveway Material Comparison: Durability Rankings,https://drivewayzusa.co/images/heroes/hero-blacktop-meets-pale-slab-low-angle.webp,https://drivewayzusa.co/guides/driveway-material-comparison-durability-rankings/,alt=Dark asphalt meeting pale concrete along a joint …
2026-07-29T23:46:02.196922,driveway-material-comparison-environmental-rankings,guides/driveway-material-comparison-environmental-rankings/index.html,injected,Driveway Material Comparison: Environmental Rankings,https://drivewayzusa.co/images/heroes/hero-permeable-pavers-draining-rainwater-joints.webp,https://drivewayzusa.co/guides/driveway-material-comparison-environmental-rankings/,alt=Permeable pavers draining rainwater through wide …
2026-07-29T23:46:02.197265,driveway-material-comparison-maintenance-rankings,guides/driveway-material-comparison-maintenance-rankings/index.html,injected,Driveway Material Comparison: Maintenance Rankings,https://drivewayzusa.co/images/heroes/hero-resin-surface-meets-concrete-border.webp,https://drivewayzusa.co/guides/driveway-material-comparison-maintenance-rankings/,alt=Resin bound pebble surface meeting a smooth concr…
2026-07-29T23:46:02.197646,driveway-material-identification-guide-what-do-i-have,guides/driveway-material-identification-guide-what-do-i-have/index.html,injected,Driveway Material Identification Guide,https://drivewayzusa.co/images/heroes/hero-exposed-aggregate-macro-texture.webp,https://drivewayzusa.co/guides/driveway-material-identification-guide-what-do-i-have/,alt=Exposed aggregate concrete texture with varied em…
2026-07-29T23:46:02.198018,driveway-material-msds-safety-data-sheets-you-should-keep,guides/driveway-material-msds-safety-data-sheets-you-should-keep/index.html,injected,Driveway Material MSDS,https://drivewayzusa.co/images/heroes/hero-sealcoat-spread-wet-band.webp,https://drivewayzusa.co/guides/driveway-material-msds-safety-data-sheets-you-should-keep/,alt=Wet sealcoat band spread across part of an asphal…
2026-07-29T23:46:02.198370,driveway-material-price-forecast-2026-and-beyond,guides/driveway-material-price-forecast-2026-and-beyond/index.html,injected,Driveway Material Price Forecast: 2026 and Beyond,https://drivewayzusa.co/images/heroes/hero-crushed-stone-piles-bright-sun.webp,https://drivewayzusa.co/guides/driveway-material-price-forecast-2026-and-beyond/,alt=Heaps of crushed stone aggregate at a work site i…
2026-07-29T23:46:02.198734,driveway-material-sample-keeping-reference-for-future-repairs,guides/driveway-material-sample-keeping-reference-for-future-repairs/index.html,injected,Driveway Material Sample Keeping,https://drivewayzusa.co/images/heroes/hero-material-samples-on-concrete-slab.webp,https://drivewayzusa.co/guides/driveway-material-sample-keeping-reference-for-future-repairs/,alt=Small chunks of different paving surfaces lined o…
2026-07-29T23:46:02.199191,driveway-material-selection-flowchart-find-your-best-match,guides/driveway-material-selection-flowchart-find-your-best-match/index.html,injected,Driveway Material Selection Flowchart,https://drivewayzusa.co/images/heroes/hero-brick-paver-meets-loose-gravel.webp,https://drivewayzusa.co/guides/driveway-material-selection-flowchart-find-your-best-match/,alt=Interlocking brick pavers ending at a strip of lo…
2026-07-29T23:46:02.199563,driveway-material-selection-for-extreme-weather-regions,guides/driveway-material-selection-for-extreme-weather-regions/index.html,injected,Driveway Materials for Extreme Weather Regions,https://drivewayzusa.co/images/heroes/hero-ice-patches-weathered-concrete-drive.webp,https://drivewayzusa.co/guides/driveway-material-selection-for-extreme-weather-regions/,alt=Weathered concrete drive with patches of melting …
2026-07-29T23:46:02.199963,driveway-material-substitution-when-alternatives-are-needed,guides/driveway-material-substitution-when-alternatives-are-needed/index.html,injected,Driveway Material Substitution,https://drivewayzusa.co/images/heroes/hero-fresh-gravel-over-old-concrete-slab.webp,https://drivewayzusa.co/guides/driveway-material-substitution-when-alternatives-are-needed/,alt=Fresh gravel spread over the edge of an old concr…
2026-07-29T23:46:02.200326,driveway-material-testing-app-smartphone-field-tools,guides/driveway-material-testing-app-smartphone-field-tools/index.html,injected,Driveway Material Testing App: Smartphone Field Tools,https://drivewayzusa.co/images/heroes/hero-thin-crack-network-aged-asphalt.webp,https://drivewayzusa.co/guides/driveway-material-testing-app-smartphone-field-tools/,alt=Fine crack network across a dull weathered asphal…
2026-07-29T23:46:02.200945,driveway-material-testing-labs-verifying-quality,guides/driveway-material-testing-labs-verifying-quality/index.html,injected,Driveway Material Testing Labs: Verifying Quality,https://drivewayzusa.co/images/heroes/hero-row-of-core-samples-on-slab.webp,https://drivewayzusa.co/guides/driveway-material-testing-labs-verifying-quality/,alt=Row of drilled concrete core samples resting on a…
2026-07-29T23:46:02.201384,driveway-material-warranty-comparison-whats-covered,guides/driveway-material-warranty-comparison-whats-covered/index.html,injected,Driveway Material Warranty Comparison,https://drivewayzusa.co/images/heroes/hero-glossy-meets-dull-concrete-seam.webp,https://drivewayzusa.co/guides/driveway-material-warranty-comparison-whats-covered/,alt=Glossy sealed concrete meeting dull unsealed slab…
2026-07-29T23:46:02.202028,driveway-mechanics-lien-what-homeowners-need-to-know,guides/driveway-mechanics-lien-what-homeowners-need-to-know/index.html,injected,Driveway Mechanic's Lien,https://drivewayzusa.co/images/heroes/hero-neat-asphalt-drive-gray-garage-door.webp,https://drivewayzusa.co/guides/driveway-mechanics-lien-what-homeowners-need-to-know/,alt=Neat asphalt drive leading up to a gray garage do…
2026-07-29T23:46:02.202707,driveway-metallic-epoxy-coating-high-gloss-options,guides/driveway-metallic-epoxy-coating-high-gloss-options/index.html,injected,Driveway Metallic Epoxy Coating: High-Gloss Options,https://drivewayzusa.co/images/heroes/hero-metallic-swirl-glossy-concrete-closeup.webp,https://drivewayzusa.co/guides/driveway-metallic-epoxy-coating-high-gloss-options/,alt=Glossy metallic swirl coating over a smooth concr…
2026-07-29T23:46:02.203132,driveway-microsurfacing-advanced-preventive-maintenance,guides/driveway-microsurfacing-advanced-preventive-maintenance/index.html,injected,Driveway Microsurfacing,https://drivewayzusa.co/images/heroes/hero-fresh-micro-coat-spread-asphalt.webp,https://drivewayzusa.co/guides/driveway-microsurfacing-advanced-preventive-maintenance/,alt=Fresh thin dark coating spread across an asphalt …
2026-07-29T23:46:02.203583,driveway-moss-killer-products-and-natural-solutions,guides/driveway-moss-killer-products-and-natural-solutions/index.html,injected,Driveway Moss Killer: Products and Natural Solutions,https://drivewayzusa.co/images/heroes/hero-moss-filled-paver-joints-closeup.webp,https://drivewayzusa.co/guides/driveway-moss-killer-products-and-natural-solutions/,alt=Green moss filling the joints between weathered b…
2026-07-29T23:46:02.204016,driveway-moving-day-protection-heavy-load-precautions,guides/driveway-moving-day-protection-heavy-load-precautions/index.html,injected,Driveway Moving Day Protection: Heavy Load Precautions,https://drivewayzusa.co/images/heroes/hero-plywood-sheets-over-concrete-drive.webp,https://drivewayzusa.co/guides/driveway-moving-day-protection-heavy-load-precautions/,alt=Plywood sheets laid over a concrete drive to shie…
2026-07-29T23:46:02.204403,driveway-myths-debunked-common-misconceptions,guides/driveway-myths-debunked-common-misconceptions/index.html,injected,Driveway Myths Debunked: Common Misconceptions,https://drivewayzusa.co/images/heroes/hero-cracked-asphalt-lane-open-field.webp,https://drivewayzusa.co/guides/driveway-myths-debunked-common-misconceptions/,alt=Cracked asphalt lane running through open grassy …
2026-07-29T23:46:02.204802,driveway-near-cell-tower-access-and-easement-issues,guides/driveway-near-cell-tower-access-and-easement-issues/index.html,injected,Driveway Near Cell Tower: Access and Easement Issues,https://drivewayzusa.co/images/heroes/hero-gravel-drive-distant-lattice-tower.webp,https://drivewayzusa.co/guides/driveway-near-cell-tower-access-and-easement-issues/,alt=Gravel drive stretching toward a distant lattice …
2026-07-29T23:46:02.205199,driveway-near-railroad-crossing-sight-distance-requirements,guides/driveway-near-railroad-crossing-sight-distance-requirements/index.html,injected,Driveway Near Railroad Crossing,https://drivewayzusa.co/images/heroes/hero-asphalt-lane-ending-at-rail-tracks.webp,https://drivewayzusa.co/guides/driveway-near-railroad-crossing-sight-distance-requirements/,alt=Short asphalt lane ending at a set of railroad tr…
2026-07-29T23:46:02.205639,driveway-negotiation-points-in-home-sales,guides/driveway-negotiation-points-in-home-sales/index.html,injected,Driveway Negotiation Points in Home Sales,https://drivewayzusa.co/images/heroes/hero-well-kept-brick-paver-frontage.webp,https://drivewayzusa.co/guides/driveway-negotiation-points-in-home-sales/,alt=Well kept brick paver drive in front of a suburba…
2026-07-29T23:46:02.206114,driveway-neighbor-communication-telling-them-about-your-project,guides/driveway-neighbor-communication-telling-them-about-your-project/index.html,injected,Driveway Neighbor Communication,https://drivewayzusa.co/images/heroes/hero-staked-forms-along-gravel-drive-bed.webp,https://drivewayzusa.co/guides/driveway-neighbor-communication-telling-them-about-your-project/,alt=Staked wooden forms set along the edge of a grave…
2026-07-29T23:46:02.206552,driveway-net-zero-paving-achieving-carbon-neutrality,guides/driveway-net-zero-paving-achieving-carbon-neutrality/index.html,injected,Driveway Net Zero Paving: Achieving Carbon Neutrality,https://drivewayzusa.co/images/heroes/hero-permeable-pavers-green-joint-lines.webp,https://drivewayzusa.co/guides/driveway-net-zero-paving-achieving-carbon-neutrality/,alt=Permeable pavers with green grass growing along e…
2026-07-29T23:46:02.207043,driveway-noise-impact-study-traffic-and-construction-noise,guides/driveway-noise-impact-study-traffic-and-construction-noise/index.html,injected,Driveway Noise Impact Study,https://drivewayzusa.co/images/heroes/hero-concrete-drive-along-quiet-street.webp,https://drivewayzusa.co/guides/driveway-noise-impact-study-traffic-and-construction-noise/,alt=Plain concrete drive running alongside a quiet pa…
2026-07-29T23:46:02.207506,driveway-occupancy-requirement-when-driveway-affects-building-use,guides/driveway-occupancy-requirement-when-driveway-affects-building-use/index.html,injected,Driveway Occupancy Requirement,https://drivewayzusa.co/images/heroes/hero-new-concrete-drive-plain-garage-doors.webp,https://drivewayzusa.co/guides/driveway-occupancy-requirement-when-driveway-affects-building-use/,alt=New concrete drive leading to a pair of closed ga…
2026-07-29T23:46:02.207964,driveway-oil-absorbent-products-kitty-litter-vs-commercial,guides/driveway-oil-absorbent-products-kitty-litter-vs-commercial/index.html,injected,Driveway Oil Absorbent Products,https://drivewayzusa.co/images/heroes/hero-granules-over-dark-oil-stain-concrete.webp,https://drivewayzusa.co/guides/driveway-oil-absorbent-products-kitty-litter-vs-commercial/,alt=Light granules poured over a dark oil stain on co…
2026-07-29T23:46:02.208460,driveway-owner-builder-managing-your-own-project,guides/driveway-owner-builder-managing-your-own-project/index.html,injected,Driveway Owner-Builder: Managing Your Own Project,https://drivewayzusa.co/images/heroes/hero-partly-formed-gravel-drive-bed.webp,https://drivewayzusa.co/guides/driveway-owner-builder-managing-your-own-project/,alt=Partly formed gravel drive bed framed by wooden f…
2026-07-29T23:46:02.209038,driveway-package-delivery-notification-smart-camera-alerts,guides/driveway-package-delivery-notification-smart-camera-alerts/index.html,injected,Driveway Package Delivery Notification,https://drivewayzusa.co/images/heroes/hero-wall-mounted-camera-above-drive.webp,https://drivewayzusa.co/guides/driveway-package-delivery-notification-smart-camera-alerts/,alt=Small outdoor camera mounted above a clean concre…
2026-07-29T23:46:02.209424,driveway-paint-remover-safe-options-for-different-surfaces,guides/driveway-paint-remover-safe-options-for-different-surfaces/index.html,injected,Driveway Paint Remover,https://drivewayzusa.co/images/heroes/hero-faded-paint-stain-concrete.webp,https://drivewayzusa.co/guides/driveway-paint-remover-safe-options-for-different-surfaces/,alt=Faded paint stain partially lifted from a weather…
2026-07-29T23:46:02.209933,driveway-party-and-event-setup-temporary-protection-ideas,guides/driveway-party-and-event-setup-temporary-protection-ideas/index.html,injected,Driveway Party and Event Setup,https://drivewayzusa.co/images/heroes/hero-protective-mats-over-paver-drive.webp,https://drivewayzusa.co/guides/driveway-party-and-event-setup-temporary-protection-ideas/,alt=Temporary protective mats laid across a sealed pa…
2026-07-29T23:46:02.210336,driveway-pavement-management-system-data-driven-decisions,guides/driveway-pavement-management-system-data-driven-decisions/index.html,injected,Driveway Pavement Management System,https://drivewayzusa.co/images/heroes/hero-chalk-section-lines-weathered-asphalt.webp,https://drivewayzusa.co/guides/driveway-pavement-management-system-data-driven-decisions/,alt=Weathered asphalt marked with chalk section lines…
2026-07-29T23:46:02.210700,driveway-paver-lifting-and-resetting-repair-guide,guides/driveway-paver-lifting-and-resetting-repair-guide/index.html,injected,Driveway Paver Lifting and Resetting: Repair Guide,https://drivewayzusa.co/images/heroes/hero-lifted-paver-reset-sand-bed.webp,https://drivewayzusa.co/guides/driveway-paver-lifting-and-resetting-repair-guide/,alt=Uneven paver lifted beside releveled units on a s…
2026-07-29T23:46:02.211072,driveway-paver-replacement-matching-colors-and-sizes,guides/driveway-paver-replacement-matching-colors-and-sizes/index.html,injected,Driveway Paver Replacement: Matching Colors and Sizes,https://drivewayzusa.co/images/heroes/hero-new-paver-samples-weathered-units.webp,https://drivewayzusa.co/guides/driveway-paver-replacement-matching-colors-and-sizes/,alt=Fresh paving stones laid beside weathered units t…
2026-07-29T23:46:02.211453,driveway-payment-application-template-tracking-costs,guides/driveway-payment-application-template-tracking-costs/index.html,injected,Driveway Payment Application Template: Tracking Costs,https://drivewayzusa.co/images/heroes/hero-sealed-asphalt-gutter-line.webp,https://drivewayzusa.co/guides/driveway-payment-application-template-tracking-costs/,alt=Glossy sealed asphalt surface meeting a concrete …
2026-07-29T23:46:02.211871,driveway-payment-bond-protecting-against-non-payment,guides/driveway-payment-bond-protecting-against-non-payment/index.html,injected,Driveway Payment Bond: Protecting Against Non-Payment,https://drivewayzusa.co/images/heroes/hero-mixer-chute-over-wood-forms.webp,https://drivewayzusa.co/guides/driveway-payment-bond-protecting-against-non-payment/,alt=Mixer chute pouring wet concrete between staked w…
2026-07-29T23:46:02.213450,driveway-performance-bond-ensuring-project-completion,guides/driveway-performance-bond-ensuring-project-completion/index.html,injected,Driveway Performance Bond: Ensuring Project Completion,https://drivewayzusa.co/images/heroes/hero-washed-aggregate-finish-closeup.webp,https://drivewayzusa.co/guides/driveway-performance-bond-ensuring-project-completion/,alt=Freshly washed exposed aggregate concrete finish …
2026-07-29T23:46:02.215527,driveway-permits-and-regulations-in-alabama,guides/driveway-permits-and-regulations-in-alabama/index.html,injected,Driveway Permits and Regulations in Alabama,https://drivewayzusa.co/images/heroes/hero-new-concrete-single-story-frontage.webp,https://drivewayzusa.co/guides/driveway-permits-and-regulations-in-alabama/,alt=New concrete drive curving toward a modest single…
2026-07-29T23:46:02.216001,driveway-permits-and-regulations-in-alaska,guides/driveway-permits-and-regulations-in-alaska/index.html,injected,Driveway Permits and Regulations in Alaska,https://drivewayzusa.co/images/heroes/hero-rain-dark-gravel-rural-approach.webp,https://drivewayzusa.co/guides/driveway-permits-and-regulations-in-alaska/,alt=Rain darkened gravel approach stretching toward o…
2026-07-29T23:46:02.216532,driveway-permits-and-regulations-in-arizona,guides/driveway-permits-and-regulations-in-arizona/index.html,injected,Driveway Permits and Regulations in Arizona,https://drivewayzusa.co/images/heroes/hero-dark-sealed-drive-sunny-frontage.webp,https://drivewayzusa.co/guides/driveway-permits-and-regulations-in-arizona/,alt=Dark sealed asphalt frontage reflecting harsh mid…
2026-07-29T23:46:02.217088,driveway-permits-and-regulations-in-arkansas,guides/driveway-permits-and-regulations-in-arkansas/index.html,injected,Driveway Permits and Regulations in Arkansas: A Complete Guide for Homeowners,https://drivewayzusa.co/images/heroes/hero-driveway-apron-sidewalk-crossing.webp,https://drivewayzusa.co/guides/driveway-permits-and-regulations-in-arkansas/,alt=Concrete driveway apron crossing the sidewalk on …
2026-07-29T23:46:02.217988,driveway-permits-and-regulations-in-california,guides/driveway-permits-and-regulations-in-california/index.html,injected,Driveway Permits and Regulations in California,https://drivewayzusa.co/images/heroes/hero-new-paver-drive-dusk-lawn-edge.webp,https://drivewayzusa.co/guides/driveway-permits-and-regulations-in-california/,alt=Newly laid paver drive edged with lawn in warm ev…
2026-07-29T23:46:02.218736,driveway-permits-and-regulations-in-colorado,guides/driveway-permits-and-regulations-in-colorado/index.html,injected,Driveway Permits and Regulations in Colorado,https://drivewayzusa.co/images/heroes/hero-weathered-asphalt-lane-gray-overcast.webp,https://drivewayzusa.co/guides/driveway-permits-and-regulations-in-colorado/,alt=Weathered asphalt lane running between open field…
2026-07-29T23:46:02.219446,driveway-permits-and-regulations-in-connecticut,guides/driveway-permits-and-regulations-in-connecticut/index.html,injected,Driveway Permits and Regulations in Connecticut,https://drivewayzusa.co/images/heroes/hero-cracked-concrete-panels-quiet-frontage.webp,https://drivewayzusa.co/guides/driveway-permits-and-regulations-in-connecticut/,alt=Cracked concrete panels fronting a modest home on…
2026-07-29T23:46:02.220096,driveway-permits-and-regulations-in-delaware,guides/driveway-permits-and-regulations-in-delaware/index.html,injected,Driveway Permits and Regulations in Delaware,https://drivewayzusa.co/images/heroes/hero-rain-beaded-sealed-paver-closeup.webp,https://drivewayzusa.co/guides/driveway-permits-and-regulations-in-delaware/,alt=Rain beads dotting sealed paver joints after a pa…
2026-07-29T23:46:02.220683,driveway-permits-and-regulations-in-florida,guides/driveway-permits-and-regulations-in-florida/index.html,injected,Driveway Permits and Regulations in Florida,https://drivewayzusa.co/images/heroes/hero-new-blacktop-frontage-harsh-midday.webp,https://drivewayzusa.co/guides/driveway-permits-and-regulations-in-florida/,alt=Fresh black asphalt frontage glaring under harsh …
2026-07-29T23:46:02.221408,driveway-permits-and-regulations-in-georgia,guides/driveway-permits-and-regulations-in-georgia/index.html,injected,Driveway Permits and Regulations in Georgia,https://drivewayzusa.co/images/heroes/hero-weathered-gravel-lane-evening-light.webp,https://drivewayzusa.co/guides/driveway-permits-and-regulations-in-georgia/,alt=Weathered gravel lane glowing in low evening ligh…
2026-07-29T23:46:02.221899,driveway-permits-and-regulations-in-hawaii,guides/driveway-permits-and-regulations-in-hawaii/index.html,injected,Driveway Permits and Regulations in Hawaii,https://drivewayzusa.co/images/heroes/hero-sealed-slab-frontage-after-rain.webp,https://drivewayzusa.co/guides/driveway-permits-and-regulations-in-hawaii/,alt=Sealed concrete frontage glistening with shallow …
2026-07-29T23:46:02.222381,driveway-permits-and-regulations-in-idaho,guides/driveway-permits-and-regulations-in-idaho/index.html,injected,Driveway Permits and Regulations in Idaho,https://drivewayzusa.co/images/heroes/hero-long-gravel-fence-line.webp,https://drivewayzusa.co/guides/driveway-permits-and-regulations-in-idaho/,alt=Long gravel driveway running beside fence lines u…
2026-07-29T23:46:02.222899,driveway-permits-and-regulations-in-iowa,guides/driveway-permits-and-regulations-in-iowa/index.html,injected,Driveway Permits and Regulations in Iowa,https://drivewayzusa.co/images/heroes/hero-cracked-asphalt-lane-low-view.webp,https://drivewayzusa.co/guides/driveway-permits-and-regulations-in-iowa/,alt=Long cracks running down an asphalt lane seen fro…
2026-07-29T23:46:02.223416,driveway-permits-and-regulations-in-kansas,guides/driveway-permits-and-regulations-in-kansas/index.html,injected,Driveway Permits and Regulations in Kansas,https://drivewayzusa.co/images/pexels-curtis-adams-1694007-3990589.webp,https://drivewayzusa.co/guides/driveway-permits-and-regulations-in-kansas/,alt=Driveway permits and regulations in Kansas — Driv…
2026-07-29T23:46:02.224437,driveway-permits-and-regulations-in-kentucky,guides/driveway-permits-and-regulations-in-kentucky/index.html,injected,Driveway Permits and Regulations in Kentucky: A Complete Guide for Property Owners,https://drivewayzusa.co/images/heroes/hero-concrete-apron-at-curb-cut.webp,https://drivewayzusa.co/guides/driveway-permits-and-regulations-in-kentucky/,alt=Concrete driveway apron meeting the street at a w…
2026-07-29T23:46:02.224965,driveway-permits-and-regulations-in-louisiana,guides/driveway-permits-and-regulations-in-louisiana/index.html,injected,Driveway Permits and Regulations in Louisiana,https://drivewayzusa.co/images/heroes/hero-fresh-patch-beside-open-pothole.webp,https://drivewayzusa.co/guides/driveway-permits-and-regulations-in-louisiana/,alt=Fresh asphalt patch tamped beside an open pothole…
2026-07-29T23:46:02.225440,driveway-permits-and-regulations-in-maine,guides/driveway-permits-and-regulations-in-maine/index.html,injected,Driveway Permits and Regulations in Maine,https://drivewayzusa.co/images/heroes/hero-weathered-cobblestone-frontage-gray-day.webp,https://drivewayzusa.co/guides/driveway-permits-and-regulations-in-maine/,alt=Weathered cobblestone frontage under a flat gray …
2026-07-29T23:46:02.225920,driveway-permits-and-regulations-in-maryland,guides/driveway-permits-and-regulations-in-maryland/index.html,injected,Driveway Permits and Regulations in Maryland,https://drivewayzusa.co/images/heroes/hero-new-slab-frontage-elevated-midday.webp,https://drivewayzusa.co/guides/driveway-permits-and-regulations-in-maryland/,alt=New concrete slab frontage seen from above in bri…
2026-07-29T23:46:02.226400,driveway-permits-and-regulations-in-massachusetts,guides/driveway-permits-and-regulations-in-massachusetts/index.html,injected,Driveway Permits and Regulations in Massachusetts,https://drivewayzusa.co/images/heroes/hero-sealed-pavers-golden-hour-frontage.webp,https://drivewayzusa.co/guides/driveway-permits-and-regulations-in-massachusetts/,alt=Sealed paver frontage catching warm golden hour l…
2026-07-29T23:46:02.226901,driveway-permits-and-regulations-in-michigan,guides/driveway-permits-and-regulations-in-michigan/index.html,injected,Driveway Permits and Regulations in Michigan,https://drivewayzusa.co/images/heroes/hero-half-graded-gravel-rural-lane.webp,https://drivewayzusa.co/guides/driveway-permits-and-regulations-in-michigan/,alt=Half graded gravel lane with fresh stone spread o…
2026-07-29T23:46:02.227405,driveway-permits-and-regulations-in-minnesota,guides/driveway-permits-and-regulations-in-minnesota/index.html,injected,Driveway Permits and Regulations in Minnesota,https://drivewayzusa.co/images/heroes/hero-cracked-slab-low-angle-midday.webp,https://drivewayzusa.co/guides/driveway-permits-and-regulations-in-minnesota/,alt=Cracks crossing a concrete slab seen low along th…
2026-07-29T23:46:02.227865,driveway-permits-and-regulations-in-mississippi,guides/driveway-permits-and-regulations-in-mississippi/index.html,injected,Driveway Permits and Regulations in Mississippi,https://drivewayzusa.co/images/heroes/hero-damp-gravel-track-low-view.webp,https://drivewayzusa.co/guides/driveway-permits-and-regulations-in-mississippi/,alt=Damp gravel track puddled after rain seen from su…
2026-07-29T23:46:02.228333,driveway-permits-and-regulations-in-missouri,guides/driveway-permits-and-regulations-in-missouri/index.html,injected,Driveway Permits and Regulations in Missouri,https://drivewayzusa.co/images/heroes/hero-sealed-blacktop-frontage-evening-glow.webp,https://drivewayzusa.co/guides/driveway-permits-and-regulations-in-missouri/,alt=Sealed blacktop frontage glowing softly in late e…
2026-07-29T23:46:02.228810,driveway-permits-and-regulations-in-montana,guides/driveway-permits-and-regulations-in-montana/index.html,injected,Driveway Permit and Regulations in Montana: A Complete Guide for Homeowners,https://drivewayzusa.co/images/heroes/hero-new-chip-seal-open-rangeland.webp,https://drivewayzusa.co/guides/driveway-permits-and-regulations-in-montana/,alt=Fresh chip seal approach crossing open grassland …
2026-07-29T23:46:02.229320,driveway-permits-and-regulations-in-nebraska,guides/driveway-permits-and-regulations-in-nebraska/index.html,injected,Driveway Permits and Regulations in Nebraska,https://drivewayzusa.co/images/heroes/hero-clean-new-drive-gray-sky.webp,https://drivewayzusa.co/guides/driveway-permits-and-regulations-in-nebraska/,alt=Smooth new concrete driveway leading to a garage …
2026-07-29T23:46:02.229781,driveway-permits-and-regulations-in-nevada,guides/driveway-permits-and-regulations-in-nevada/index.html,injected,Driveway Permits and Regulations in Nevada,https://drivewayzusa.co/images/heroes/hero-faded-blacktop-harsh-sun-frontage.webp,https://drivewayzusa.co/guides/driveway-permits-and-regulations-in-nevada/,alt=Faded asphalt driveway in front of a single story…
2026-07-29T23:46:02.230390,driveway-permits-and-regulations-in-new-hampshire,guides/driveway-permits-and-regulations-in-new-hampshire/index.html,injected,Driveway Permits and Regulations in New Hampshire,https://drivewayzusa.co/images/heroes/hero-weathered-gravel-curve-evening.webp,https://drivewayzusa.co/guides/driveway-permits-and-regulations-in-new-hampshire/,alt=Weathered gravel driveway curving toward a home i…
2026-07-29T23:46:02.230885,driveway-permits-and-regulations-in-new-jersey,guides/driveway-permits-and-regulations-in-new-jersey/index.html,injected,Driveway Permits and Regulations in New Jersey,https://drivewayzusa.co/images/heroes/hero-sealed-pavers-after-rain-above.webp,https://drivewayzusa.co/guides/driveway-permits-and-regulations-in-new-jersey/,alt=Rain darkened sealed paver driveway viewed from a…
2026-07-29T23:46:02.231365,driveway-permits-and-regulations-in-new-mexico,guides/driveway-permits-and-regulations-in-new-mexico/index.html,injected,Driveway Permits and Regulations in New Mexico,https://drivewayzusa.co/images/heroes/hero-chip-seal-drive-dry-land-low.webp,https://drivewayzusa.co/guides/driveway-permits-and-regulations-in-new-mexico/,alt=Low view along a sun baked chip seal drive throug…
2026-07-29T23:46:02.231861,driveway-permits-and-regulations-in-new-york,guides/driveway-permits-and-regulations-in-new-york/index.html,injected,Driveway Permits and Regulations in New York,https://drivewayzusa.co/images/heroes/hero-gray-concrete-crack-low-view.webp,https://drivewayzusa.co/guides/driveway-permits-and-regulations-in-new-york/,alt=Low angle view of hairline cracks across a gray c…
2026-07-29T23:46:02.232341,driveway-permits-and-regulations-in-north-carolina,guides/driveway-permits-and-regulations-in-north-carolina/index.html,injected,Driveway Permits and Regulations in North Carolina,https://drivewayzusa.co/images/heroes/hero-warm-glow-sealed-blacktop-drive.webp,https://drivewayzusa.co/guides/driveway-permits-and-regulations-in-north-carolina/,alt=Freshly sealed blacktop driveway glowing in warm …
2026-07-29T23:46:02.232773,driveway-permits-and-regulations-in-north-dakota,guides/driveway-permits-and-regulations-in-north-dakota/index.html,injected,Driveway Permits and Regulations in North Dakota,https://drivewayzusa.co/images/heroes/hero-graded-gravel-lane-high-view.webp,https://drivewayzusa.co/guides/driveway-permits-and-regulations-in-north-dakota/,alt=Freshly graded gravel lane seen from above under …
2026-07-29T23:46:02.233245,driveway-permits-and-regulations-in-ohio,guides/driveway-permits-and-regulations-in-ohio/index.html,injected,Ohio Driveway Permits and Regulations: A Complete Guide for Homeowners,https://drivewayzusa.co/images/heroes/hero-aged-concrete-drive-from-above.webp,https://drivewayzusa.co/guides/driveway-permits-and-regulations-in-ohio/,alt=Weathered concrete driveway beside a lawn seen fr…
2026-07-29T23:46:02.233789,driveway-permits-and-regulations-in-oklahoma,guides/driveway-permits-and-regulations-in-oklahoma/index.html,injected,Driveway Permits and Regulations in Oklahoma: A Complete Guide for Homeowners,https://drivewayzusa.co/images/heroes/hero-fresh-mat-compactor-low-angle.webp,https://drivewayzusa.co/guides/driveway-permits-and-regulations-in-oklahoma/,alt=Low view of fresh asphalt being compacted on a dr…
2026-07-29T23:46:02.234475,driveway-permits-and-regulations-in-oregon,guides/driveway-permits-and-regulations-in-oregon/index.html,injected,Driveway Permits and Regulations in Oregon,https://drivewayzusa.co/images/heroes/hero-new-interlocking-pavers-evening.webp,https://drivewayzusa.co/guides/driveway-permits-and-regulations-in-oregon/,alt=New interlocking paver driveway catching warm lig…
2026-07-29T23:46:02.235262,driveway-permits-and-regulations-in-pennsylvania,guides/driveway-permits-and-regulations-in-pennsylvania/index.html,injected,Driveway Permits and Regulations in Pennsylvania,https://drivewayzusa.co/images/heroes/hero-rain-soaked-crack-concrete-closeup.webp,https://drivewayzusa.co/guides/driveway-permits-and-regulations-in-pennsylvania/,alt=Close view of a rain soaked crack running through…
2026-07-29T23:46:02.235937,driveway-permits-and-regulations-in-rhode-island,guides/driveway-permits-and-regulations-in-rhode-island/index.html,injected,Driveway Permits and Regulations in Rhode Island,https://drivewayzusa.co/images/heroes/hero-cobblestone-low-view-late-light.webp,https://drivewayzusa.co/guides/driveway-permits-and-regulations-in-rhode-island/,alt=Low view along mossy weathered cobblestones in wa…
2026-07-29T23:46:02.236445,driveway-permits-and-regulations-in-south-carolina,guides/driveway-permits-and-regulations-in-south-carolina/index.html,injected,Driveway Permits and Regulations in South Carolina,https://drivewayzusa.co/images/heroes/hero-new-blacktop-bright-sun-above.webp,https://drivewayzusa.co/guides/driveway-permits-and-regulations-in-south-carolina/,alt=New blacktop driveway beside a trimmed lawn in br…
2026-07-29T23:46:02.236915,driveway-permits-and-regulations-in-south-dakota,guides/driveway-permits-and-regulations-in-south-dakota/index.html,injected,Driveway Permits Matter in South Dakota: Complete Guide for Homeowners and Contractors,https://drivewayzusa.co/images/heroes/hero-tire-rutted-gravel-open-fields.webp,https://drivewayzusa.co/guides/driveway-permits-and-regulations-in-south-dakota/,alt=Rutted gravel farm lane stretching toward open fi…
2026-07-29T23:46:02.237395,driveway-permits-and-regulations-in-tennessee,guides/driveway-permits-and-regulations-in-tennessee/index.html,injected,"Tennessee Driveway Permits (2026): Rules, Costs and How to Apply",https://drivewayzusa.co/images/heroes/hero-new-concrete-garage-drive.webp,https://drivewayzusa.co/guides/driveway-permits-and-regulations-in-tennessee/,alt=New concrete driveway leading to a garage in brig…
2026-07-29T23:46:02.238075,driveway-permits-and-regulations-in-texas,guides/driveway-permits-and-regulations-in-texas/index.html,injected,Driveway Permits and Regulations in Texas,https://drivewayzusa.co/images/heroes/hero-glossy-concrete-drive-bright-sun.webp,https://drivewayzusa.co/guides/driveway-permits-and-regulations-in-texas/,alt=Glossy sealed concrete driveway reflecting bright…
2026-07-29T23:46:02.238586,driveway-permits-and-regulations-in-utah,guides/driveway-permits-and-regulations-in-utah/index.html,injected,Utah Driveway Permits and Regulations: A Complete Guide for Homeowners,https://drivewayzusa.co/images/heroes/hero-wide-curb-cut-entry.webp,https://drivewayzusa.co/guides/driveway-permits-and-regulations-in-utah/,alt=Clean new concrete driveway entrance with a wide …
2026-07-29T23:46:02.239038,driveway-permits-and-regulations-in-vermont,guides/driveway-permits-and-regulations-in-vermont/index.html,injected,Driveway Permits and Regulations in Vermont,https://drivewayzusa.co/images/heroes/hero-cracked-lane-golden-hour-low.webp,https://drivewayzusa.co/guides/driveway-permits-and-regulations-in-vermont/,alt=Low view of branching cracks in an asphalt lane a…
2026-07-29T23:46:02.239417,driveway-permits-and-regulations-in-virginia,guides/driveway-permits-and-regulations-in-virginia/index.html,injected,Driveway Permits and Regulations in Virginia: A Complete Homeowner Guide,https://drivewayzusa.co/images/heroes/hero-aged-paver-drive-high-view.webp,https://drivewayzusa.co/guides/driveway-permits-and-regulations-in-virginia/,alt=Aged brick paver driveway beside a garden bed vie…
2026-07-29T23:46:02.239879,driveway-permits-and-regulations-in-washington,guides/driveway-permits-and-regulations-in-washington/index.html,injected,Driveway Permits and Regulations in Washington State: What Homeowners Actually Need to Know,https://drivewayzusa.co/images/heroes/hero-damp-concrete-stains-closeup.webp,https://drivewayzusa.co/guides/driveway-permits-and-regulations-in-washington/,alt=Low view across damp weathered concrete showing p…
2026-07-29T23:46:02.240323,driveway-permits-and-regulations-in-west-virginia,guides/driveway-permits-and-regulations-in-west-virginia/index.html,injected,Driveway Permits and Regulations in West Virginia,https://drivewayzusa.co/images/heroes/hero-wet-asphalt-winding-lane-above.webp,https://drivewayzusa.co/guides/driveway-permits-and-regulations-in-west-virginia/,alt=Rain darkened asphalt lane winding past trees see…
2026-07-29T23:46:02.240775,driveway-permits-and-regulations-in-wisconsin,guides/driveway-permits-and-regulations-in-wisconsin/index.html,injected,Driveway Permits and Regulations in Wisconsin,https://drivewayzusa.co/images/heroes/hero-staked-driveway-excavation-site.webp,https://drivewayzusa.co/guides/driveway-permits-and-regulations-in-wisconsin/,alt=Excavated drive bed with grade stakes and string …
2026-07-29T23:46:02.241252,driveway-permits-and-regulations-in-wyoming,guides/driveway-permits-and-regulations-in-wyoming/index.html,injected,Driveway Permits and Regulations in Wyoming,https://drivewayzusa.co/images/heroes/hero-fresh-gravel-open-rangeland-sun.webp,https://drivewayzusa.co/guides/driveway-permits-and-regulations-in-wyoming/,alt=Smooth graded gravel drive crossing open rangelan…
2026-07-29T23:46:02.241702,driveway-permits-how-much-do-they-cost,guides/driveway-permits-how-much-do-they-cost/index.html,injected,Driveway Permits: How Much Do They Cost?,https://drivewayzusa.co/images/heroes/hero-crack-mortar-fill-closeup-low.webp,https://drivewayzusa.co/guides/driveway-permits-how-much-do-they-cost/,alt=Low close view of repair mortar filling a crack i…
2026-07-29T23:46:02.242219,driveway-permits-what-you-need-before-starting,guides/driveway-permits-what-you-need-before-starting/index.html,injected,Driveway Permits: What You Need Before Starting,https://drivewayzusa.co/images/heroes/hero-marked-drive-layout-gravel-base.webp,https://drivewayzusa.co/guides/driveway-permits-what-you-need-before-starting/,alt=Stakes and string lines marking a planned drivewa…
2026-07-29T23:46:02.242706,driveway-pet-area-design-creating-a-safe-space,guides/driveway-pet-area-design-creating-a-safe-space/index.html,injected,Driveway Pet Area Design: Creating a Safe Space,https://drivewayzusa.co/images/heroes/hero-paver-drive-grassy-side-yard.webp,https://drivewayzusa.co/guides/driveway-pet-area-design-creating-a-safe-space/,alt=Smooth paver driveway beside a fenced grass side …
2026-07-29T23:46:02.243242,driveway-photo-documentation-before-during-and-after,guides/driveway-photo-documentation-before-during-and-after/index.html,injected,Driveway Photo Documentation,https://drivewayzusa.co/images/heroes/hero-partly-poured-drive-warm-light.webp,https://drivewayzusa.co/guides/driveway-photo-documentation-before-during-and-after/,alt=Partly poured concrete driveway between wooden fo…
2026-07-29T23:46:02.243733,driveway-photo-history-documenting-changes-and-aging,guides/driveway-photo-history-documenting-changes-and-aging/index.html,injected,Driveway Photo History: Documenting Changes and Aging,https://drivewayzusa.co/images/heroes/hero-faded-cracked-asphalt-aging-drive.webp,https://drivewayzusa.co/guides/driveway-photo-history-documenting-changes-and-aging/,alt=Weathered asphalt surface showing years of fading…
2026-07-29T23:46:02.244150,driveway-photography-tips-capturing-the-best-angles-for-listings,guides/driveway-photography-tips-capturing-the-best-angles-for-listings/index.html,injected,Driveway Photography Tips,https://drivewayzusa.co/images/heroes/hero-low-view-paver-drive-warm-light.webp,https://drivewayzusa.co/guides/driveway-photography-tips-capturing-the-best-angles-for-listings/,alt=Low angle along smooth pavers glowing in warm eve…
2026-07-29T23:46:02.244549,driveway-planning-for-new-home-construction,guides/driveway-planning-for-new-home-construction/index.html,injected,Driveway Planning for New Home Construction,https://drivewayzusa.co/images/heroes/hero-form-stakes-freshly-graded-bed.webp,https://drivewayzusa.co/guides/driveway-planning-for-new-home-construction/,alt=Wooden form stakes and string lines marking a lev…
2026-07-29T23:46:02.244971,driveway-pollution-liability-environmental-coverage,guides/driveway-pollution-liability-environmental-coverage/index.html,injected,Driveway Pollution Liability: Environmental Coverage,https://drivewayzusa.co/images/heroes/hero-oily-sheen-rain-wet-asphalt.webp,https://drivewayzusa.co/guides/driveway-pollution-liability-environmental-coverage/,alt=Oily rainbow sheen spreading across rain wet asph…
2026-07-29T23:46:02.245355,driveway-polyaspartic-coating-fast-cure-alternative,guides/driveway-polyaspartic-coating-fast-cure-alternative/index.html,injected,Driveway Polyaspartic Coating: Fast-Cure Alternative,https://drivewayzusa.co/images/heroes/hero-glossy-coating-half-applied-apron.webp,https://drivewayzusa.co/guides/driveway-polyaspartic-coating-fast-cure-alternative/,alt=Glossy gray finish half applied across a concrete…
2026-07-29T23:46:02.245716,driveway-polymer-overlay-decorative-and-protective,guides/driveway-polymer-overlay-decorative-and-protective/index.html,injected,Driveway Polymer Overlay: A Smart Decorative and Protective Upgrade for Homeowners,https://drivewayzusa.co/images/heroes/hero-stamped-resin-stone-pattern.webp,https://drivewayzusa.co/guides/driveway-polymer-overlay-decorative-and-protective/,alt=Stamped resin surface with a stone pattern glowin…
2026-07-29T23:46:02.246170,driveway-pothole-repair-step-by-step-fix-guide,guides/driveway-pothole-repair-step-by-step-fix-guide/index.html,injected,Driveway Pothole Repair: Step-by-Step Fix Guide,https://drivewayzusa.co/images/heroes/hero-pothole-fresh-patch-asphalt.webp,https://drivewayzusa.co/guides/driveway-pothole-repair-step-by-step-fix-guide/,alt=Asphalt pothole filled with fresh patch material …
2026-07-29T23:46:02.246632,driveway-power-washing-before-home-sale-worth-the-cost,guides/driveway-power-washing-before-home-sale-worth-the-cost/index.html,injected,Driveway Power Washing Before Home Sale,https://drivewayzusa.co/images/heroes/hero-wide-clean-stripe-dingy-slab.webp,https://drivewayzusa.co/guides/driveway-power-washing-before-home-sale-worth-the-cost/,alt=Clean pressure washed stripe cutting through ding…
2026-07-29T23:46:02.247092,driveway-power-washing-frequency-guide,guides/driveway-power-washing-frequency-guide/index.html,injected,Driveway Power Washing Frequency Guide,https://drivewayzusa.co/images/heroes/hero-half-washed-damp-concrete-drive.webp,https://drivewayzusa.co/guides/driveway-power-washing-frequency-guide/,alt=Half washed concrete drive still damp after a dee…
2026-07-29T23:46:02.247458,driveway-power-washing-tips-for-a-clean-surface,guides/driveway-power-washing-tips-for-a-clean-surface/index.html,injected,Driveway Power Washing: Tips for a Clean Surface,https://drivewayzusa.co/images/heroes/hero-freshly-washed-concrete-uniform-finish.webp,https://drivewayzusa.co/guides/driveway-power-washing-tips-for-a-clean-surface/,alt=Freshly washed concrete slab drying to an even to…
2026-07-29T23:46:02.247819,driveway-ppe-requirements-protective-equipment-for-workers,guides/driveway-ppe-requirements-protective-equipment-for-workers/index.html,injected,Driveway PPE Requirements,https://drivewayzusa.co/images/heroes/hero-safety-gear-laid-on-slab.webp,https://drivewayzusa.co/guides/driveway-ppe-requirements-protective-equipment-for-workers/,alt=Safety glasses work gloves and high visibility ve…
2026-07-29T23:46:02.248761,driveway-pressure-washing-mistakes-that-cause-damage,guides/driveway-pressure-washing-mistakes-that-cause-damage/index.html,injected,Driveway Pressure Washing Mistakes That Cause Damage,https://drivewayzusa.co/images/heroes/hero-etched-wand-marks-concrete-closeup.webp,https://drivewayzusa.co/guides/driveway-pressure-washing-mistakes-that-cause-damage/,alt=Etched wand marks and streaks gouged into a concr…
2026-07-29T23:46:02.249149,driveway-preventive-maintenance-program-saving-money-long-term,guides/driveway-preventive-maintenance-program-saving-money-long-term/index.html,injected,Driveway Preventive Maintenance Program,https://drivewayzusa.co/images/heroes/hero-sealed-lane-between-open-fields.webp,https://drivewayzusa.co/guides/driveway-preventive-maintenance-program-saving-money-long-term/,alt=Sealed asphalt lane running between open grassy f…
2026-07-29T23:46:02.249516,driveway-prime-coat-preparing-base-for-asphalt,guides/driveway-prime-coat-preparing-base-for-asphalt/index.html,injected,Driveway Prime Coat: Preparing Base for Asphalt,https://drivewayzusa.co/images/heroes/hero-dark-prime-coat-gravel-base.webp,https://drivewayzusa.co/guides/driveway-prime-coat-preparing-base-for-asphalt/,alt=Dark tacky emulsion sprayed across a compacted gr…
2026-07-29T23:46:02.249880,driveway-problem-diagnosis-guide-identifying-issues-by-symptom,guides/driveway-problem-diagnosis-guide-identifying-issues-by-symptom/index.html,injected,Driveway Problem Diagnosis Guide,https://drivewayzusa.co/images/heroes/hero-cracked-stained-asphalt-overview.webp,https://drivewayzusa.co/guides/driveway-problem-diagnosis-guide-identifying-issues-by-symptom/,alt=Cracked stained asphalt drive with patches ruts a…
2026-07-29T23:46:02.250265,driveway-product-innovation-new-materials-and-methods,guides/driveway-product-innovation-new-materials-and-methods/index.html,injected,Driveway Product Innovation: New Materials and Methods,https://drivewayzusa.co/images/heroes/hero-seamless-resin-pebble-surface.webp,https://drivewayzusa.co/guides/driveway-product-innovation-new-materials-and-methods/,alt=Permeable resin bound pebbles forming a seamless …
2026-07-29T23:46:02.250641,driveway-professional-liability-design-error-protection,guides/driveway-professional-liability-design-error-protection/index.html,injected,Driveway Professional Liability,https://drivewayzusa.co/images/heroes/hero-buckled-joint-raised-slab-edge.webp,https://drivewayzusa.co/guides/driveway-professional-liability-design-error-protection/,alt=Heaved concrete slab lifted at a buckled uneven j…
2026-07-29T23:46:02.250994,driveway-progress-payment-paying-as-work-completes,guides/driveway-progress-payment-paying-as-work-completes/index.html,injected,Driveway Progress Payment: Paying as Work Completes,https://drivewayzusa.co/images/heroes/hero-half-poured-slab-meets-base.webp,https://drivewayzusa.co/guides/driveway-progress-payment-paying-as-work-completes/,alt=Half poured drive with wet concrete meeting a pre…
2026-07-29T23:46:02.251368,driveway-project-case-studies-before-and-after,guides/driveway-project-case-studies-before-and-after/index.html,injected,Driveway Project Case Studies: Before and After,https://drivewayzusa.co/images/heroes/hero-light-overlay-meets-aged-slab.webp,https://drivewayzusa.co/guides/driveway-project-case-studies-before-and-after/,alt=Fresh light overlay meeting aged dark concrete al…
2026-07-29T23:46:02.252107,driveway-project-checklist-for-homeowners-free-pdf,guides/driveway-project-checklist-for-homeowners-free-pdf/index.html,injected,Driveway Project Checklist for Homeowners (Free PDF),https://drivewayzusa.co/images/heroes/hero-squared-new-slab-bright-lawn.webp,https://drivewayzusa.co/guides/driveway-project-checklist-for-homeowners-free-pdf/,alt=Squared new concrete slab with clean lines beside…
2026-07-29T23:46:02.252661,driveway-project-delay-causes-weather-permits-and-supply,guides/driveway-project-delay-causes-weather-permits-and-supply/index.html,injected,Driveway Project Delay Causes,https://drivewayzusa.co/images/heroes/hero-puddled-base-under-gray-sky.webp,https://drivewayzusa.co/guides/driveway-project-delay-causes-weather-permits-and-supply/,alt=Unfinished gravel base holding rain puddles under…
2026-07-29T23:46:02.253263,driveway-project-management-software-tracking-progress,guides/driveway-project-management-software-tracking-progress/index.html,injected,Driveway Project Management Software,https://drivewayzusa.co/images/heroes/hero-partly-laid-pavers-stacked-bundles.webp,https://drivewayzusa.co/guides/driveway-project-management-software-tracking-progress/,alt=Partly laid paver drive with stacked bundles wait…
2026-07-29T23:46:02.253894,driveway-project-management-timeline-budget-and-quality-control,guides/driveway-project-management-timeline-budget-and-quality-control/index.html,injected,"Driveway Timeline, Budget & Quality Control",https://drivewayzusa.co/images/heroes/hero-chalk-line-smooth-fresh-slab.webp,https://drivewayzusa.co/guides/driveway-project-management-timeline-budget-and-quality-control/,alt=Chalk snap line stretched across a smooth freshly…
2026-07-29T23:46:02.254406,driveway-project-management-working-with-your-contractor,guides/driveway-project-management-working-with-your-contractor/index.html,injected,Managing Your Driveway Contractor Project,https://drivewayzusa.co/images/heroes/hero-screed-rails-wet-pour-forms.webp,https://drivewayzusa.co/guides/driveway-project-management-working-with-your-contractor/,alt=Screed rails guiding a wet concrete pour between …
2026-07-29T23:46:02.254869,driveway-project-scope-creep-staying-on-budget,guides/driveway-project-scope-creep-staying-on-budget/index.html,injected,Driveway Project Scope Creep: Staying on Budget,https://drivewayzusa.co/images/heroes/hero-extra-excavated-strip-beyond-strings.webp,https://drivewayzusa.co/guides/driveway-project-scope-creep-staying-on-budget/,alt=Extra excavated strip widening the footprint beyo…
2026-07-29T23:46:02.255241,driveway-project-timeline-from-planning-to-completion,guides/driveway-project-timeline-from-planning-to-completion/index.html,injected,Driveway Project Timeline: From Planning to Completion,https://drivewayzusa.co/images/heroes/hero-graded-gravel-lane-flat-fields.webp,https://drivewayzusa.co/guides/driveway-project-timeline-from-planning-to-completion/,alt=Freshly graded gravel lane stretching toward open…
2026-07-29T23:46:02.255601,driveway-project-timeline-template-from-planning-to-completion,guides/driveway-project-timeline-template-from-planning-to-completion/index.html,injected,Driveway Project Timeline Template,https://drivewayzusa.co/images/heroes/hero-blanket-peeled-fresh-slab-corner.webp,https://drivewayzusa.co/guides/driveway-project-timeline-template-from-planning-to-completion/,alt=Curing blanket peeled back from the corner of a f…
2026-07-29T23:46:02.255976,driveway-property-survey-verifying-boundaries-before-building,guides/driveway-property-survey-verifying-boundaries-before-building/index.html,injected,Driveway Property Survey,https://drivewayzusa.co/images/heroes/hero-corner-stakes-string-layout.webp,https://drivewayzusa.co/guides/driveway-property-survey-verifying-boundaries-before-building/,alt=Wooden stakes and string lines marking a planned …
2026-07-29T23:46:02.256412,driveway-pros-and-cons-by-material-complete-breakdown,guides/driveway-pros-and-cons-by-material-complete-breakdown/index.html,injected,Driveway Pros and Cons by Material: Complete Breakdown,https://drivewayzusa.co/images/heroes/hero-brick-paver-meets-gravel-edge.webp,https://drivewayzusa.co/guides/driveway-pros-and-cons-by-material-complete-breakdown/,alt=Low view of brick pavers meeting a loose gravel d…
2026-07-29T23:46:02.256817,driveway-protective-coating-for-new-installations,guides/driveway-protective-coating-for-new-installations/index.html,injected,Driveway Protective Coating for New Installations,https://drivewayzusa.co/images/heroes/hero-fresh-sealant-gloss-new-drive.webp,https://drivewayzusa.co/guides/driveway-protective-coating-for-new-installations/,alt=Glossy sealer sheen across a freshly poured concr…
2026-07-29T23:46:02.257288,driveway-punch-list-template-final-inspection-form,guides/driveway-punch-list-template-final-inspection-form/index.html,injected,Driveway Punch List Template: Final Inspection Form,https://drivewayzusa.co/images/heroes/hero-spirit-level-new-concrete-slab.webp,https://drivewayzusa.co/guides/driveway-punch-list-template-final-inspection-form/,alt=Long level resting across a smooth new concrete s…
2026-07-29T23:46:02.257642,driveway-quality-control-ensuring-consistent-results,guides/driveway-quality-control-ensuring-consistent-results/index.html,injected,Driveway Quality Control: Ensuring Consistent Results,https://drivewayzusa.co/images/heroes/hero-uniform-broom-finish-sawn-joints.webp,https://drivewayzusa.co/guides/driveway-quality-control-ensuring-consistent-results/,alt=Even broom finish and straight sawn joints on fre…
2026-07-29T23:46:02.257997,driveway-quick-fixes-before-listing-your-home,guides/driveway-quick-fixes-before-listing-your-home/index.html,injected,Driveway Quick Fixes Before Listing Your Home,https://drivewayzusa.co/images/heroes/hero-filled-cracks-tidy-asphalt-frontage.webp,https://drivewayzusa.co/guides/driveway-quick-fixes-before-listing-your-home/,alt=Freshly filled crack lines across a tidy asphalt …
2026-07-29T23:46:02.258583,driveway-rain-sensor-automatic-irrigation-shutoff-near-pavement,guides/driveway-rain-sensor-automatic-irrigation-shutoff-near-pavement/index.html,injected,Driveway Rain Sensor,https://drivewayzusa.co/images/heroes/hero-rain-sensor-wet-drive-edge.webp,https://drivewayzusa.co/guides/driveway-rain-sensor-automatic-irrigation-shutoff-near-pavement/,alt=Small sensor on a post beside a wet concrete edge
2026-07-29T23:46:02.258971,driveway-reconstruction-vs-rehabilitation-making-the-right-call,guides/driveway-reconstruction-vs-rehabilitation-making-the-right-call/index.html,injected,Driveway Reconstruction vs Rehabilitation,https://drivewayzusa.co/images/heroes/hero-stripped-lane-beside-intact-asphalt.webp,https://drivewayzusa.co/guides/driveway-reconstruction-vs-rehabilitation-making-the-right-call/,alt=Stripped driveway half beside intact aging asphal…
2026-07-29T23:46:02.260321,driveway-reference-check-template-verifying-contractor-quality,guides/driveway-reference-check-template-verifying-contractor-quality/index.html,injected,Driveway Reference Check Template,https://drivewayzusa.co/images/heroes/hero-clean-jointed-drive-straight-edges.webp,https://drivewayzusa.co/guides/driveway-reference-check-template-verifying-contractor-quality/,alt=Clean sawn joints and straight edges on a finishe…
2026-07-29T23:46:02.260895,driveway-reflectors-and-markers,guides/driveway-reflectors-and-markers/index.html,injected,Driveway Reflectors and Markers,https://drivewayzusa.co/images/heroes/hero-reflector-posts-gravel-drive-edge.webp,https://drivewayzusa.co/guides/driveway-reflectors-and-markers/,alt=Reflective posts lining the edge of a gravel driv…
2026-07-29T23:46:02.261397,driveway-refresh-ideas-under-2000,guides/driveway-refresh-ideas-under-2000/index.html,injected,Driveway Refresh Ideas Under $2000,https://drivewayzusa.co/images/heroes/hero-cleaned-stripe-dingy-pavers.webp,https://drivewayzusa.co/guides/driveway-refresh-ideas-under-2000/,alt=Clean washed stripe crossing a dingy weathered pa…
2026-07-29T23:46:02.261791,driveway-reinforcement,guides/driveway-reinforcement/index.html,skipped,,,,hero_img_not_found
2026-07-29T23:46:02.262475,driveway-remediation-plan-steps-to-fix-major-problems,guides/driveway-remediation-plan-steps-to-fix-major-problems/index.html,injected,Driveway Remediation Plan: Steps to Fix Major Problems,https://drivewayzusa.co/images/heroes/hero-heaved-slabs-deep-wide-cracks.webp,https://drivewayzusa.co/guides/driveway-remediation-plan-steps-to-fix-major-problems/,alt=Heaved concrete slabs with deep wide cracks needi…
2026-07-29T23:46:02.262898,driveway-renovation-before-selling-your-home,guides/driveway-renovation-before-selling-your-home/index.html,injected,Driveway Renovation Before Selling Your Home,https://drivewayzusa.co/images/heroes/hero-glossy-sealed-drive-tidy-lawn.webp,https://drivewayzusa.co/guides/driveway-renovation-before-selling-your-home/,alt=Freshly sealed dark driveway framed by tidy lawn …
2026-07-29T23:46:02.263348,driveway-repair-decision-tree-fix-it-or-replace-it,guides/driveway-repair-decision-tree-fix-it-or-replace-it/index.html,injected,Driveway Repair Decision Tree: Fix It or Replace It?,https://drivewayzusa.co/images/heroes/hero-patched-section-crumbling-asphalt-edge.webp,https://drivewayzusa.co/guides/driveway-repair-decision-tree-fix-it-or-replace-it/,alt=Patched section beside a crumbling worn asphalt s…
2026-07-29T23:46:02.263766,driveway-replacement-after-home-purchase-planning-guide,guides/driveway-replacement-after-home-purchase-planning-guide/index.html,injected,Driveway Replacement After Home Purchase,https://drivewayzusa.co/images/heroes/hero-compacted-base-awaiting-new-slab.webp,https://drivewayzusa.co/guides/driveway-replacement-after-home-purchase-planning-guide/,alt=Compacted gravel base formed and ready for a new …
2026-07-29T23:46:02.264164,driveway-request-for-proposal-template-rfp-for-contractors,guides/driveway-request-for-proposal-template-rfp-for-contractors/index.html,injected,Driveway Request for Proposal Template,https://drivewayzusa.co/images/heroes/hero-plain-cracked-concrete-gray-sky.webp,https://drivewayzusa.co/guides/driveway-request-for-proposal-template-rfp-for-contractors/,alt=Hairline cracks crossing a plain concrete drive u…
2026-07-29T23:46:02.264629,driveway-research-and-development-university-studies,guides/driveway-research-and-development-university-studies/index.html,injected,Driveway Research and Development: University Studies,https://drivewayzusa.co/images/heroes/hero-sample-panels-finish-test-strip.webp,https://drivewayzusa.co/guides/driveway-research-and-development-university-studies/,alt=Row of small concrete test panels with varied sur…
2026-07-29T23:46:02.265094,driveway-resilience-planning-preparing-for-extreme-weather,guides/driveway-resilience-planning-preparing-for-extreme-weather/index.html,injected,Driveway Resilience Planning,https://drivewayzusa.co/images/heroes/hero-rain-sheeting-sealed-drive-drain.webp,https://drivewayzusa.co/guides/driveway-resilience-planning-preparing-for-extreme-weather/,alt=Rain water sheeting across a sealed driveway towa…
2026-07-29T23:46:02.265575,driveway-resurfacing-vs-replacement-when-to-choose-each,guides/driveway-resurfacing-vs-replacement-when-to-choose-each/index.html,injected,Driveway Resurfacing vs Replacement,https://drivewayzusa.co/images/heroes/hero-overlay-boundary-straight-sawn-line.webp,https://drivewayzusa.co/guides/driveway-resurfacing-vs-replacement-when-to-choose-each/,alt=Fresh asphalt overlay ending at a straight sawn b…
2026-07-29T23:46:02.266062,driveway-retainage-holding-back-for-quality-assurance,guides/driveway-retainage-holding-back-for-quality-assurance/index.html,injected,Driveway Retainage: Holding Back for Quality Assurance,https://drivewayzusa.co/images/heroes/hero-smooth-sealed-drive-clean-apron.webp,https://drivewayzusa.co/guides/driveway-retainage-holding-back-for-quality-assurance/,alt=Smooth sealed concrete driveway with a clean stre…
2026-07-29T23:46:02.266500,driveway-retaining-wall-height-limits-code-requirements,guides/driveway-retaining-wall-height-limits-code-requirements/index.html,injected,Driveway Retaining Wall Height Limits,https://drivewayzusa.co/images/heroes/hero-block-retaining-wall-gravel-drive.webp,https://drivewayzusa.co/guides/driveway-retaining-wall-height-limits-code-requirements/,alt=Low stone block wall rising beside a gravel drive
2026-07-29T23:46:02.266944,driveway-return-on-investment-by-neighborhood-type,guides/driveway-return-on-investment-by-neighborhood-type/index.html,injected,Driveway Return on Investment by Neighborhood Type,https://drivewayzusa.co/images/heroes/hero-glowing-paver-drive-trimmed-hedges.webp,https://drivewayzusa.co/guides/driveway-return-on-investment-by-neighborhood-type/,alt=Glowing sealed paver driveway bordered by trimmed…
2026-07-29T23:46:02.267388,driveway-right-of-way-and-easements-what-homeowners-need-to-know,guides/driveway-right-of-way-and-easements-what-homeowners-need-to-know/index.html,injected,Driveway Right-of-Way and Easements,https://drivewayzusa.co/images/heroes/hero-gravel-drive-meets-paved-road.webp,https://drivewayzusa.co/guides/driveway-right-of-way-and-easements-what-homeowners-need-to-know/,alt=Gravel driveway ending where a paved rural road b…
2026-07-29T23:46:02.267847,driveway-robotic-total-station-automated-survey-layout,guides/driveway-robotic-total-station-automated-survey-layout/index.html,injected,Driveway Robotic Total Station,https://drivewayzusa.co/images/heroes/hero-survey-instrument-tripod-staked-site.webp,https://drivewayzusa.co/guides/driveway-robotic-total-station-automated-survey-layout/,alt=Optical instrument on a tripod over a staked driv…
2026-07-29T23:46:02.268639,driveway-roi-calculator-how-much-value-does-it-add,guides/driveway-roi-calculator-how-much-value-does-it-add/index.html,injected,Driveway ROI Calculator: How Much Value Does a Driveway Add for Homeowners?,https://drivewayzusa.co/images/heroes/hero-fresh-sealed-drive-golden-light.webp,https://drivewayzusa.co/guides/driveway-roi-calculator-how-much-value-does-it-add/,alt=Freshly sealed concrete drive glowing in warm eve…
2026-07-29T23:46:02.269421,driveway-roi-how-much-does-a-new-driveway-add-to-home-value,guides/driveway-roi-how-much-does-a-new-driveway-add-to-home-value/index.html,injected,Driveway ROI,https://drivewayzusa.co/images/heroes/hero-evening-light-paver-drive.webp,https://drivewayzusa.co/guides/driveway-roi-how-much-does-a-new-driveway-add-to-home-value/,alt=Sealed paver driveway glowing in warm evening lig…
2026-07-29T23:46:02.270026,driveway-safety-for-children,guides/driveway-safety-for-children/index.html,injected,Driveway Safety for Children,https://drivewayzusa.co/images/heroes/hero-even-concrete-drive-to-garage.webp,https://drivewayzusa.co/guides/driveway-safety-for-children/,alt=Smooth even concrete drive running up to a garage…
2026-07-29T23:46:02.270838,driveway-safety-slip-resistance-in-wet-and-icy-conditions,guides/driveway-safety-slip-resistance-in-wet-and-icy-conditions/index.html,injected,Driveway Safety,https://drivewayzusa.co/images/heroes/hero-rain-beaded-broom-finish.webp,https://drivewayzusa.co/guides/driveway-safety-slip-resistance-in-wet-and-icy-conditions/,alt=Rain beads on a broom textured concrete surface w…
2026-07-29T23:46:02.271545,driveway-sand-types-washed-mason-and-utility,guides/driveway-sand-types-washed-mason-and-utility/index.html,injected,"Driveway Sand Types: Washed, Mason, and Utility",https://drivewayzusa.co/images/heroes/hero-graded-sand-piles-paver-bed.webp,https://drivewayzusa.co/guides/driveway-sand-types-washed-mason-and-utility/,alt=Separate piles of fine and coarse sand beside a g…
2026-07-29T23:46:02.272186,driveway-scaling-resistance-test-astm-c672-method,guides/driveway-scaling-resistance-test-astm-c672-method/index.html,injected,Driveway Scaling Resistance Test: ASTM C672 Method,https://drivewayzusa.co/images/heroes/hero-flaking-scaled-concrete-closeup.webp,https://drivewayzusa.co/guides/driveway-scaling-resistance-test-astm-c672-method/,alt=Close view of flaking scaled patches across a con…
2026-07-29T23:46:02.272828,driveway-schedule-of-values-breaking-down-project-cost,guides/driveway-schedule-of-values-breaking-down-project-cost/index.html,injected,Driveway Schedule of Values,https://drivewayzusa.co/images/heroes/hero-graded-base-with-lumber-forms.webp,https://drivewayzusa.co/guides/driveway-schedule-of-values-breaking-down-project-cost/,alt=Partly prepared gravel base framed by lumber form…
2026-07-29T23:46:02.273491,driveway-school-zone-requirements-safety-near-schools,guides/driveway-school-zone-requirements-safety-near-schools/index.html,injected,Driveway School Zone Requirements: Safety Near Schools,https://drivewayzusa.co/images/heroes/hero-sealed-drive-open-sight-lines.webp,https://drivewayzusa.co/guides/driveway-school-zone-requirements-safety-near-schools/,alt=Clear open view along a sealed drive toward the s…
2026-07-29T23:46:02.274081,driveway-scope-of-work-defining-the-project-clearly,guides/driveway-scope-of-work-defining-the-project-clearly/index.html,injected,Driveway Scope of Work: Defining the Project Clearly,https://drivewayzusa.co/images/heroes/hero-measuring-tape-across-gravel-base.webp,https://drivewayzusa.co/guides/driveway-scope-of-work-defining-the-project-clearly/,alt=Measuring tape stretched across a staked gravel b…
2026-07-29T23:46:02.274652,driveway-sealcoat-failure-common-causes-and-remedies,guides/driveway-sealcoat-failure-common-causes-and-remedies/index.html,injected,Driveway Sealcoat Failure: Common Causes and Remedies,https://drivewayzusa.co/images/heroes/hero-peeling-sealcoat-fine-cracks.webp,https://drivewayzusa.co/guides/driveway-sealcoat-failure-common-causes-and-remedies/,alt=Worn peeling sealcoat with fine cracks across gra…
2026-07-29T23:46:02.275158,driveway-sealcoating-when-why-and-how-often,guides/driveway-sealcoating-when-why-and-how-often/index.html,injected,"Driveway Sealcoating: When, Why, and How Often",https://drivewayzusa.co/images/heroes/hero-wet-sealcoat-gloss-closeup.webp,https://drivewayzusa.co/guides/driveway-sealcoating-when-why-and-how-often/,alt=Close view of glossy wet sealant spread over dark…
2026-07-29T23:46:02.275650,driveway-sealing,guides/driveway-sealing/index.html,skipped,,,,hero_img_not_found
2026-07-29T23:46:02.276168,driveway-sealing-cost-diy-vs-professional,guides/driveway-sealing-cost-diy-vs-professional/index.html,injected,Driveway Sealing Cost: DIY vs Professional,https://drivewayzusa.co/images/heroes/hero-half-sealed-asphalt-drive.webp,https://drivewayzusa.co/guides/driveway-sealing-cost-diy-vs-professional/,alt=Half of an asphalt drive coated in fresh black se…
2026-07-29T23:46:02.276623,driveway-seasonal-checklist-printable-four-season-guide,guides/driveway-seasonal-checklist-printable-four-season-guide/index.html,injected,Driveway Seasonal Checklist Printable,https://drivewayzusa.co/images/heroes/hero-fallen-leaves-sealed-drive.webp,https://drivewayzusa.co/guides/driveway-seasonal-checklist-printable-four-season-guide/,alt=Fallen autumn leaves scattered across a dark seal…
2026-07-29T23:46:02.277050,driveway-seasonal-material-sales-when-to-buy-for-savings,guides/driveway-seasonal-material-sales-when-to-buy-for-savings/index.html,injected,Driveway Seasonal Material Sales,https://drivewayzusa.co/images/heroes/hero-bulk-gravel-pile-ready-delivery.webp,https://drivewayzusa.co/guides/driveway-seasonal-material-sales-when-to-buy-for-savings/,alt=Bulk pile of crushed gravel awaiting delivery at …
2026-07-29T23:46:02.277500,driveway-sewer-line-access-maintaining-utility-access,guides/driveway-sewer-line-access-maintaining-utility-access/index.html,injected,Driveway Sewer Line Access: Maintaining Utility Access,https://drivewayzusa.co/images/heroes/hero-flush-utility-cover-concrete-slab.webp,https://drivewayzusa.co/guides/driveway-sewer-line-access-maintaining-utility-access/,alt=Round metal access cover set flush into a concret…
2026-07-29T23:46:02.278031,driveway-signage-stop-signs-speed-limits-and-address-markers,guides/driveway-signage-stop-signs-speed-limits-and-address-markers/index.html,injected,Driveway Signage,https://drivewayzusa.co/images/heroes/hero-paver-apron-street-entry.webp,https://drivewayzusa.co/guides/driveway-signage-stop-signs-speed-limits-and-address-markers/,alt=Neat paver driveway apron meeting the street with…
2026-07-29T23:46:02.278560,driveway-silica-dust-exposure-health-risks-and-prevention,guides/driveway-silica-dust-exposure-health-risks-and-prevention/index.html,injected,Driveway Silica Dust Exposure,https://drivewayzusa.co/images/heroes/hero-dusty-saw-cut-concrete-groove.webp,https://drivewayzusa.co/guides/driveway-silica-dust-exposure-health-risks-and-prevention/,alt=Fine pale powder settling over a fresh saw cut in…
2026-07-29T23:46:02.279118,driveway-slope-and-drainage-minimum-codes-and-best-practice,guides/driveway-slope-and-drainage-minimum-codes-and-best-practice/index.html,injected,Driveway Drainage Codes & Best Practices,https://drivewayzusa.co/images/heroes/hero-runoff-flowing-tilted-concrete.webp,https://drivewayzusa.co/guides/driveway-slope-and-drainage-minimum-codes-and-best-practice/,alt=Rainwater sheeting across a gently tilted sealed …
2026-07-29T23:46:02.279511,driveway-slope-drainage,guides/driveway-slope-drainage/index.html,skipped,,,,hero_img_not_found
2026-07-29T23:46:02.279929,driveway-slurry-seal-thin-protective-layer-application,guides/driveway-slurry-seal-thin-protective-layer-application/index.html,injected,Driveway Slurry Seal,https://drivewayzusa.co/images/heroes/hero-slurry-coated-asphalt-surface.webp,https://drivewayzusa.co/guides/driveway-slurry-seal-thin-protective-layer-application/,alt=Smooth dark coating freshly spread over an asphal…
2026-07-29T23:46:02.280425,driveway-smart-city-connection-iot-sensors-in-pavement,guides/driveway-smart-city-connection-iot-sensors-in-pavement/index.html,injected,Driveway Smart City Connection,https://drivewayzusa.co/images/heroes/hero-flush-sensor-puck-asphalt.webp,https://drivewayzusa.co/guides/driveway-smart-city-connection-iot-sensors-in-pavement/,alt=Small round sensor set flush into dark sealed asp…
2026-07-29T23:46:02.280859,driveway-smart-irrigation-controller-protecting-pavement-edges,guides/driveway-smart-irrigation-controller-protecting-pavement-edges/index.html,injected,Driveway Smart Irrigation Controller,https://drivewayzusa.co/images/heroes/hero-sprinkler-mist-concrete-drive-edge.webp,https://drivewayzusa.co/guides/driveway-smart-irrigation-controller-protecting-pavement-edges/,alt=Sprinkler mist drifting over the lawn edge beside…
2026-07-29T23:46:02.281279,driveway-smart-lock-gate-remote-access-control,guides/driveway-smart-lock-gate-remote-access-control/index.html,injected,Driveway Smart Lock Gate: Remote Access Control,https://drivewayzusa.co/images/heroes/hero-metal-gate-gravel-drive-entry.webp,https://drivewayzusa.co/guides/driveway-smart-lock-gate-remote-access-control/,alt=Closed metal gate across a gravel drive in warm l…
2026-07-29T23:46:02.281731,driveway-snow-removal-equipment-blowers-plows-and-shovels-compared,guides/driveway-snow-removal-equipment-blowers-plows-and-shovels-compared/index.html,injected,Driveway Snow Removal Equipment,https://drivewayzusa.co/images/heroes/hero-snow-blower-cleared-drive.webp,https://drivewayzusa.co/guides/driveway-snow-removal-equipment-blowers-plows-and-shovels-compared/,alt=Snow blower resting on a partly cleared asphalt d…
2026-07-29T23:46:02.282170,driveway-snow-stakes-and-edge-markers,guides/driveway-snow-stakes-and-edge-markers/index.html,injected,Driveway Snow Stakes and Edge Markers,https://drivewayzusa.co/images/heroes/hero-marker-stakes-snowy-drive-edge.webp,https://drivewayzusa.co/guides/driveway-snow-stakes-and-edge-markers/,alt=Reflective posts lining a snow covered gravel lan…
2026-07-29T23:46:02.282585,driveway-soil-testing-why-its-essential-before-construction,guides/driveway-soil-testing-why-its-essential-before-construction/index.html,injected,Driveway Soil Testing,https://drivewayzusa.co/images/heroes/hero-auger-soil-cores-test-hole.webp,https://drivewayzusa.co/guides/driveway-soil-testing-why-its-essential-before-construction/,alt=Hand auger and soil cores beside an open test hole
2026-07-29T23:46:02.282995,driveway-specification-writing-describing-what-you-want,guides/driveway-specification-writing-describing-what-you-want/index.html,injected,Driveway Specification Writing,https://drivewayzusa.co/images/heroes/hero-paver-sample-boards-on-gravel.webp,https://drivewayzusa.co/guides/driveway-specification-writing-describing-what-you-want/,alt=Assorted paver finish samples arranged on a flat …
2026-07-29T23:46:02.283390,driveway-spray-applied-overlay-fast-installation-option,guides/driveway-spray-applied-overlay-fast-installation-option/index.html,injected,Driveway Spray-Applied Overlay,https://drivewayzusa.co/images/heroes/hero-sprayed-thin-overlay-concrete.webp,https://drivewayzusa.co/guides/driveway-spray-applied-overlay-fast-installation-option/,alt=Thin fresh overlay coat partway across an old con…
2026-07-29T23:46:02.283802,driveway-spring-assessment-post-winter-damage-check,guides/driveway-spring-assessment-post-winter-damage-check/index.html,injected,Driveway Spring Assessment: Post-Winter Damage Check,https://drivewayzusa.co/images/heroes/hero-salt-stained-cracked-concrete.webp,https://drivewayzusa.co/guides/driveway-spring-assessment-post-winter-damage-check/,alt=Salt stained cracks running across a concrete sla…
2026-07-29T23:46:02.284191,driveway-staged-construction-building-in-phases,guides/driveway-staged-construction-building-in-phases/index.html,injected,Driveway Staged Construction: Building in Phases,https://drivewayzusa.co/images/heroes/hero-staged-pour-form-boards-slab.webp,https://drivewayzusa.co/guides/driveway-staged-construction-building-in-phases/,alt=Partly poured concrete slab between wooden forms …
2026-07-29T23:46:02.284600,driveway-stamped-overlay-adding-decorative-patterns,guides/driveway-stamped-overlay-adding-decorative-patterns/index.html,injected,Driveway Stamped Overlay: Adding Decorative Patterns,https://drivewayzusa.co/images/heroes/hero-stamped-overlay-fan-closeup.webp,https://drivewayzusa.co/guides/driveway-stamped-overlay-adding-decorative-patterns/,alt=Stamped concrete fan pattern glowing in warm gold…
2026-07-29T23:46:02.285540,driveway-statute-of-limitations-time-to-file-a-claim,guides/driveway-statute-of-limitations-time-to-file-a-claim/index.html,injected,Driveway Statute of Limitations: Time to File a Claim,https://drivewayzusa.co/images/heroes/hero-aging-concrete-drive-gray-sky.webp,https://drivewayzusa.co/guides/driveway-statute-of-limitations-time-to-file-a-claim/,alt=Weathered concrete driveway fronting a quiet home…
2026-07-29T23:46:02.286172,driveway-statute-of-repose-ultimate-deadline-for-claims,guides/driveway-statute-of-repose-ultimate-deadline-for-claims/index.html,injected,Driveway Statute of Repose,https://drivewayzusa.co/images/heroes/hero-weathered-concrete-rural-approach.webp,https://drivewayzusa.co/guides/driveway-statute-of-repose-ultimate-deadline-for-claims/,alt=Aging concrete rural driveway stretching ahead in…
2026-07-29T23:46:02.286711,driveway-stenciling-and-pattern-techniques,guides/driveway-stenciling-and-pattern-techniques/index.html,injected,Driveway Stenciling and Pattern Techniques,https://drivewayzusa.co/images/heroes/hero-stenciled-pattern-concrete-closeup.webp,https://drivewayzusa.co/guides/driveway-stenciling-and-pattern-techniques/,alt=Fresh stenciled geometric pattern pressed into a …
2026-07-29T23:46:02.287211,driveway-stone-dust-uses-and-application-guide,guides/driveway-stone-dust-uses-and-application-guide/index.html,injected,Driveway Stone Dust: Uses and Application Guide,https://drivewayzusa.co/images/heroes/hero-fine-stone-dust-spread-closeup.webp,https://drivewayzusa.co/guides/driveway-stone-dust-uses-and-application-guide/,alt=Fine stone dust spread in an even layer over a dr…
2026-07-29T23:46:02.287604,driveway-stop-notice-protecting-subcontractor-payments,guides/driveway-stop-notice-protecting-subcontractor-payments/index.html,injected,Driveway Stop Notice,https://drivewayzusa.co/images/heroes/hero-quiet-asphalt-lane-overcast-sky.webp,https://drivewayzusa.co/guides/driveway-stop-notice-protecting-subcontractor-payments/,alt=Quiet asphalt lane stretching toward open fields …
2026-07-29T23:46:02.288238,driveway-structural-evaluation-when-to-call-an-engineer,guides/driveway-structural-evaluation-when-to-call-an-engineer/index.html,injected,Driveway Structural Evaluation,https://drivewayzusa.co/images/heroes/hero-crack-gauge-concrete-slab-closeup.webp,https://drivewayzusa.co/guides/driveway-structural-evaluation-when-to-call-an-engineer/,alt=Crack width gauge resting on a cracked concrete d…
2026-07-29T23:46:02.288626,driveway-sub-base-construction-best-practices,guides/driveway-sub-base-construction-best-practices/index.html,injected,Driveway Sub-Base Construction Best Practices,https://drivewayzusa.co/images/heroes/hero-vibratory-roller-gravel-base.webp,https://drivewayzusa.co/guides/driveway-sub-base-construction-best-practices/,alt=Vibratory roller compacting a gravel driveway bas…
2026-07-29T23:46:02.289005,driveway-sub-base-materials-choosing-the-right-foundation,guides/driveway-sub-base-materials-choosing-the-right-foundation/index.html,injected,Driveway Sub-Base Materials,https://drivewayzusa.co/images/heroes/hero-assorted-base-aggregate-piles.webp,https://drivewayzusa.co/guides/driveway-sub-base-materials-choosing-the-right-foundation/,alt=Piles of assorted gravel and crushed stone staged…
2026-07-29T23:46:02.289377,driveway-subcontractor-vs-general-contractor-who-to-hire,guides/driveway-subcontractor-vs-general-contractor-who-to-hire/index.html,injected,Driveway Subcontractor vs General Contractor,https://drivewayzusa.co/images/heroes/hero-concrete-mixer-at-drive-site.webp,https://drivewayzusa.co/guides/driveway-subcontractor-vs-general-contractor-who-to-hire/,alt=Concrete mixer beside wood forms in warm late aft…
2026-07-29T23:46:02.289749,driveway-substantial-completion-when-the-project-is-usable,guides/driveway-substantial-completion-when-the-project-is-usable/index.html,injected,Driveway Substantial Completion,https://drivewayzusa.co/images/heroes/hero-completed-concrete-drive-sunset.webp,https://drivewayzusa.co/guides/driveway-substantial-completion-when-the-project-is-usable/,alt=Finished concrete driveway with crisp edges in wa…
2026-07-29T23:46:02.290139,driveway-summer-protection-uv-and-heat-mitigation,guides/driveway-summer-protection-uv-and-heat-mitigation/index.html,injected,Driveway Summer Protection: UV and Heat Mitigation,https://drivewayzusa.co/images/heroes/hero-heat-haze-over-asphalt-drive.webp,https://drivewayzusa.co/guides/driveway-summer-protection-uv-and-heat-mitigation/,alt=Sun baked weathered asphalt driveway shimmering i…
2026-07-29T23:46:02.290557,driveway-surface-course-vs-base-course-understanding-layers,guides/driveway-surface-course-vs-base-course-understanding-layers/index.html,injected,Driveway Surface Course vs Base Course,https://drivewayzusa.co/images/heroes/hero-two-course-asphalt-edge-profile.webp,https://drivewayzusa.co/guides/driveway-surface-course-vs-base-course-understanding-layers/,alt=Exposed edge showing surface and base courses of …
2026-07-29T23:46:02.290926,driveway-surface-drainage-rate-how-fast-water-clears,guides/driveway-surface-drainage-rate-how-fast-water-clears/index.html,injected,Driveway Surface Drainage Rate: How Fast Water Clears,https://drivewayzusa.co/images/heroes/hero-rain-runoff-sealed-concrete-drive.webp,https://drivewayzusa.co/guides/driveway-surface-drainage-rate-how-fast-water-clears/,alt=Rainwater sheeting off a sealed concrete driveway…
2026-07-29T23:46:02.291303,driveway-sustainability-certifications-greenroads-and-envision,guides/driveway-sustainability-certifications-greenroads-and-envision/index.html,injected,Driveway Sustainability Certifications,https://drivewayzusa.co/images/heroes/hero-permeable-paver-drive-planted-verge.webp,https://drivewayzusa.co/guides/driveway-sustainability-certifications-greenroads-and-envision/,alt=Permeable paver driveway with planted borders gli…
2026-07-29T23:46:02.291678,driveway-tack-coat-application-bonding-asphalt-layers,guides/driveway-tack-coat-application-bonding-asphalt-layers/index.html,injected,Driveway Tack Coat Application: Bonding Asphalt Layers,https://drivewayzusa.co/images/heroes/hero-glossy-tack-coat-asphalt-closeup.webp,https://drivewayzusa.co/guides/driveway-tack-coat-application-bonding-asphalt-layers/,alt=Glossy black tack coat spread over an asphalt dri…
2026-07-29T23:46:02.292131,driveway-temporary-surface-short-term-solutions,guides/driveway-temporary-surface-short-term-solutions/index.html,injected,Driveway Temporary Surface: Short-Term Solutions,https://drivewayzusa.co/images/heroes/hero-temporary-gravel-track-bare-soil.webp,https://drivewayzusa.co/guides/driveway-temporary-surface-short-term-solutions/,alt=Loose gravel track running over bare soil toward …
2026-07-29T23:46:02.292909,driveway-tensile-strength-how-concrete-resists-pulling-forces,guides/driveway-tensile-strength-how-concrete-resists-pulling-forces/index.html,injected,Driveway Tensile Strength,https://drivewayzusa.co/images/heroes/hero-tension-crack-concrete-slab-closeup.webp,https://drivewayzusa.co/guides/driveway-tensile-strength-how-concrete-resists-pulling-forces/,alt=Wide tension crack splitting a pale concrete slab…
2026-07-29T23:46:02.293533,driveway-thermal-expansion-why-joints-matter,guides/driveway-thermal-expansion-why-joints-matter/index.html,injected,Driveway Thermal Expansion: Why Joints Matter,https://drivewayzusa.co/images/heroes/hero-fresh-expansion-joint-groove-closeup.webp,https://drivewayzusa.co/guides/driveway-thermal-expansion-why-joints-matter/,alt=Fresh expansion joint groove crossing smooth conc…
2026-07-29T23:46:02.294141,driveway-thermal-shock-resistance-rapid-temperature-changes,guides/driveway-thermal-shock-resistance-rapid-temperature-changes/index.html,injected,Driveway Thermal Shock Resistance,https://drivewayzusa.co/images/heroes/hero-frost-patch-sunny-concrete-slab.webp,https://drivewayzusa.co/guides/driveway-thermal-shock-resistance-rapid-temperature-changes/,alt=Melting frost patch on a weathered concrete slab …
2026-07-29T23:46:02.294524,driveway-thickness-guide,guides/driveway-thickness-guide/index.html,skipped,,,,hero_img_not_found
2026-07-29T23:46:02.295129,driveway-thickness-guide-for-cars-trucks-and-rvs,guides/driveway-thickness-guide-for-cars-trucks-and-rvs/index.html,injected,"Driveway Thickness for Cars, Trucks & RVs",https://drivewayzusa.co/images/heroes/hero-8-inch-thick-slab-edge.webp,https://drivewayzusa.co/guides/driveway-thickness-guide-for-cars-trucks-and-rvs/,alt=Thick eight inch concrete slab edge resting on a …
2026-07-29T23:46:02.295580,driveway-time-and-materials-contract-flexible-pricing,guides/driveway-time-and-materials-contract-flexible-pricing/index.html,injected,Driveway Time and Materials Contract: Flexible Pricing,https://drivewayzusa.co/images/heroes/hero-shovel-spreading-wet-concrete.webp,https://drivewayzusa.co/guides/driveway-time-and-materials-contract-flexible-pricing/,alt=Shovel spreading wet concrete between forms on a …
2026-07-29T23:46:02.296080,driveway-time-lapse-camera-documenting-construction,guides/driveway-time-lapse-camera-documenting-construction/index.html,injected,Driveway Time-Lapse Camera: Documenting Construction,https://drivewayzusa.co/images/heroes/hero-tripod-camera-overlooking-drive-site.webp,https://drivewayzusa.co/guides/driveway-time-lapse-camera-documenting-construction/,alt=Camera on a tripod overlooking a formed driveway …
2026-07-29T23:46:02.296456,driveway-tire-track-prevention-on-new-concrete,guides/driveway-tire-track-prevention-on-new-concrete/index.html,injected,Driveway Tire Track Prevention on New Concrete,https://drivewayzusa.co/images/heroes/hero-unmarked-new-concrete-texture.webp,https://drivewayzusa.co/guides/driveway-tire-track-prevention-on-new-concrete/,alt=Unmarked broom finish across a fresh concrete sur…
2026-07-29T23:46:02.296822,driveway-to-patio-transition-material-and-design-options,guides/driveway-to-patio-transition-material-and-design-options/index.html,injected,Driveway to Patio Transition,https://drivewayzusa.co/images/heroes/hero-paver-patio-joins-concrete-slab.webp,https://drivewayzusa.co/guides/driveway-to-patio-transition-material-and-design-options/,alt=Paver patio edge meeting a concrete drive in warm…
2026-07-29T23:46:02.297203,driveway-to-walkway-connection-maintaining-visual-flow,guides/driveway-to-walkway-connection-maintaining-visual-flow/index.html,injected,Driveway to Walkway Connection,https://drivewayzusa.co/images/heroes/hero-concrete-walk-meets-asphalt-drive.webp,https://drivewayzusa.co/guides/driveway-to-walkway-connection-maintaining-visual-flow/,alt=Concrete walkway joining an aged asphalt drive un…
2026-07-29T23:46:02.297570,driveway-topographic-survey-mapping-your-property-for-grading,guides/driveway-topographic-survey-mapping-your-property-for-grading/index.html,injected,Driveway Topographic Survey,https://drivewayzusa.co/images/heroes/hero-contour-stakes-sloped-bare-ground.webp,https://drivewayzusa.co/guides/driveway-topographic-survey-mapping-your-property-for-grading/,alt=Wooden stakes and string lines marking elevations…
2026-07-29T23:46:02.297925,driveway-trade-shows-and-conferences-industry-events,guides/driveway-trade-shows-and-conferences-industry-events/index.html,injected,Driveway Trade Shows and Conferences: Industry Events,https://drivewayzusa.co/images/heroes/hero-paver-sample-boards-display-row.webp,https://drivewayzusa.co/guides/driveway-trade-shows-and-conferences-industry-events/,alt=Rows of paver and aggregate sample boards in brig…
2026-07-29T23:46:02.298317,driveway-traffic-control-during-construction-flagging-and-cones,guides/driveway-traffic-control-during-construction-flagging-and-cones/index.html,injected,Driveway Traffic Control During Construction,https://drivewayzusa.co/images/heroes/hero-cones-lined-fresh-asphalt-edge.webp,https://drivewayzusa.co/guides/driveway-traffic-control-during-construction-flagging-and-cones/,alt=Orange cones lined along the edge of fresh asphalt
2026-07-29T23:46:02.298754,driveway-traffic-study-required-for-commercial-properties,guides/driveway-traffic-study-required-for-commercial-properties/index.html,injected,Driveway Traffic Study,https://drivewayzusa.co/images/heroes/hero-broad-asphalt-apron-street-view.webp,https://drivewayzusa.co/guides/driveway-traffic-study-required-for-commercial-properties/,alt=Wide asphalt entry apron seen from above in midda…
2026-07-29T23:46:02.299158,driveway-transformation-stories-real-homeowner-case-studies,guides/driveway-transformation-stories-real-homeowner-case-studies/index.html,injected,Driveway Transformation Stories,https://drivewayzusa.co/images/heroes/hero-weathered-half-renewed-slab-line.webp,https://drivewayzusa.co/guides/driveway-transformation-stories-real-homeowner-case-studies/,alt=Aged concrete half meeting a freshly resurfaced h…
2026-07-29T23:46:02.299623,driveway-transition-strips-where-driveway-meets-garage,guides/driveway-transition-strips-where-driveway-meets-garage/index.html,injected,Driveway Transition Strips: Where Your Driveway Meets the Garage,https://drivewayzusa.co/images/heroes/hero-metal-strip-garage-slab-joint.webp,https://drivewayzusa.co/guides/driveway-transition-strips-where-driveway-meets-garage/,alt=Metal edge trim set into the seam at a damp garag…
2026-07-29T23:46:02.301992,driveway-tree-preservation-working-around-protected-trees,guides/driveway-tree-preservation-working-around-protected-trees/index.html,injected,Driveway Tree Preservation,https://drivewayzusa.co/images/heroes/hero-curved-slab-around-tree-trunk.webp,https://drivewayzusa.co/guides/driveway-tree-preservation-working-around-protected-trees/,alt=Concrete drive curving past a mature trunk in war…
2026-07-29T23:46:02.303675,driveway-trends-from-home-and-garden-shows,guides/driveway-trends-from-home-and-garden-shows/index.html,injected,Driveway Trends From Home and Garden Shows,https://drivewayzusa.co/images/heroes/hero-two-tone-paver-frontage-design.webp,https://drivewayzusa.co/guides/driveway-trends-from-home-and-garden-shows/,alt=Two tone paver drive with contrasting border in m…
2026-07-29T23:46:02.304230,driveway-turnarounds-design-and-dimensions,guides/driveway-turnarounds-design-and-dimensions/index.html,injected,Driveway Turnarounds: Design and Dimensions,https://drivewayzusa.co/images/heroes/hero-circular-concrete-turnaround-court.webp,https://drivewayzusa.co/guides/driveway-turnarounds-design-and-dimensions/,alt=Circular concrete court with turning space viewed…
2026-07-29T23:46:02.304744,driveway-ultra-thin-whitetopping-minimal-depth-concrete-overlay,guides/driveway-ultra-thin-whitetopping-minimal-depth-concrete-overlay/index.html,injected,Driveway Ultra-Thin Whitetopping,https://drivewayzusa.co/images/heroes/hero-pale-overlay-over-dark-asphalt.webp,https://drivewayzusa.co/guides/driveway-ultra-thin-whitetopping-minimal-depth-concrete-overlay/,alt=Pale thin coat spreading over dark asphalt under …
2026-07-29T23:46:02.305212,driveway-umbrella-policy-extra-liability-protection,guides/driveway-umbrella-policy-extra-liability-protection/index.html,injected,Driveway Umbrella Policy: Extra Liability Protection,https://drivewayzusa.co/images/heroes/hero-clean-sealed-drive-fenced-yard.webp,https://drivewayzusa.co/guides/driveway-umbrella-policy-extra-liability-protection/,alt=Clean sealed asphalt drive beside a fenced yard i…
2026-07-29T23:46:02.305696,driveway-unbonded-concrete-overlay-structural-restoration,guides/driveway-unbonded-concrete-overlay-structural-restoration/index.html,injected,Driveway Unbonded Concrete Overlay,https://drivewayzusa.co/images/heroes/hero-new-overlay-poured-over-old.webp,https://drivewayzusa.co/guides/driveway-unbonded-concrete-overlay-structural-restoration/,alt=Fresh pour between forms covering an aged weather…
2026-07-29T23:46:02.306261,driveway-unit-price-contract-pay-per-square-foot,guides/driveway-unit-price-contract-pay-per-square-foot/index.html,injected,Driveway Unit Price Contract: Pay Per Square Foot,https://drivewayzusa.co/images/heroes/hero-chalk-grid-marked-cracked-slab.webp,https://drivewayzusa.co/guides/driveway-unit-price-contract-pay-per-square-foot/,alt=Chalk grid marked across a cracked concrete panel…
2026-07-29T23:46:02.306715,driveway-upgrade-priority-when-to-invest-in-improvements,guides/driveway-upgrade-priority-when-to-invest-in-improvements/index.html,injected,Driveway Upgrade Priority,https://drivewayzusa.co/images/heroes/hero-aging-lane-minor-cracks-fields.webp,https://drivewayzusa.co/guides/driveway-upgrade-priority-when-to-invest-in-improvements/,alt=Aging asphalt lane with small cracks running betw…
2026-07-29T23:46:02.307084,driveway-urban-planning-role-impervious-surface-regulations,guides/driveway-urban-planning-role-impervious-surface-regulations/index.html,injected,Driveway Urban Planning Role,https://drivewayzusa.co/images/heroes/hero-rain-sheet-flowing-off-slab.webp,https://drivewayzusa.co/guides/driveway-urban-planning-role-impervious-surface-regulations/,alt=Rainwater sheeting off a sealed slab toward a dra…
2026-07-29T23:46:02.307461,driveway-utility-locating-underground-line-detection,guides/driveway-utility-locating-underground-line-detection/index.html,injected,Driveway Utility Locating: Underground Line Detection,https://drivewayzusa.co/images/heroes/hero-colored-flags-asphalt-drive-edge.webp,https://drivewayzusa.co/guides/driveway-utility-locating-underground-line-detection/,alt=Small colored marking flags along the edge of a r…
2026-07-29T23:46:02.307832,driveway-uv-resistance-how-materials-handle-sunlight,guides/driveway-uv-resistance-how-materials-handle-sunlight/index.html,injected,Driveway UV Resistance: How Materials Handle Sunlight,https://drivewayzusa.co/images/heroes/hero-sun-bleached-contrast-shaded-slab.webp,https://drivewayzusa.co/guides/driveway-uv-resistance-how-materials-handle-sunlight/,alt=Sun bleached concrete panel beside a shaded secti…
2026-07-29T23:46:02.308193,driveway-value-engineering-getting-more-for-your-money,guides/driveway-value-engineering-getting-more-for-your-money/index.html,injected,Driveway Value Engineering,https://drivewayzusa.co/images/heroes/hero-prepped-base-wood-forms-dawn.webp,https://drivewayzusa.co/guides/driveway-value-engineering-getting-more-for-your-money/,alt=Wooden forms staked along a compacted gravel base…
2026-07-29T23:46:02.308552,driveway-vapor-barrier-when-to-use-plastic-sheeting,guides/driveway-vapor-barrier-when-to-use-plastic-sheeting/index.html,injected,Driveway Vapor Barrier: When to Use Plastic Sheeting,https://drivewayzusa.co/images/heroes/hero-plastic-sheeting-over-gravel-base.webp,https://drivewayzusa.co/guides/driveway-vapor-barrier-when-to-use-plastic-sheeting/,alt=Clear polyethylene film spread across a compacted…
2026-07-29T23:46:02.309050,driveway-vehicle-recognition-camera-whos-arriving,guides/driveway-vehicle-recognition-camera-whos-arriving/index.html,injected,Driveway Vehicle Recognition Camera,https://drivewayzusa.co/images/heroes/hero-entry-camera-post-asphalt-drive.webp,https://drivewayzusa.co/guides/driveway-vehicle-recognition-camera-whos-arriving/,alt=Compact camera on a low post beside a rain wet as…
2026-07-29T23:46:02.309560,driveway-vehicle-to-infrastructure-communication-future-tech,guides/driveway-vehicle-to-infrastructure-communication-future-tech/index.html,injected,Driveway Vehicle-to-Infrastructure Communication,https://drivewayzusa.co/images/heroes/hero-flush-lights-asphalt-drive-dusk.webp,https://drivewayzusa.co/guides/driveway-vehicle-to-infrastructure-communication-future-tech/,alt=Flush ground lights glowing along a sealed asphal…
2026-07-29T23:46:02.310048,driveway-video-doorbell-integration-entry-monitoring,guides/driveway-video-doorbell-integration-entry-monitoring/index.html,injected,Driveway Video Doorbell Integration: Entry Monitoring,https://drivewayzusa.co/images/heroes/hero-camera-pillar-paver-drive-entry.webp,https://drivewayzusa.co/guides/driveway-video-doorbell-integration-entry-monitoring/,alt=Weathered paver drive with a small camera on a ga…
2026-07-29T23:46:02.310523,driveway-video-marketing-for-contractors-before-and-after-content,guides/driveway-video-marketing-for-contractors-before-and-after-content/index.html,injected,Driveway Video Marketing for Contractors,https://drivewayzusa.co/images/heroes/hero-weathered-meets-sealcoated-asphalt-half.webp,https://drivewayzusa.co/guides/driveway-video-marketing-for-contractors-before-and-after-content/,alt=Weathered asphalt driveway half coated with fresh…
2026-07-29T23:46:02.310913,driveway-video-pipe-inspection-checking-underground-drains,guides/driveway-video-pipe-inspection-checking-underground-drains/index.html,injected,Driveway Video Pipe Inspection,https://drivewayzusa.co/images/heroes/hero-camera-cable-culvert-pipe.webp,https://drivewayzusa.co/guides/driveway-video-pipe-inspection-checking-underground-drains/,alt=Small camera cable feeding into a corrugated culv…
2026-07-29T23:46:02.311273,driveway-virtual-reality-walkthrough-pre-construction-preview,guides/driveway-virtual-reality-walkthrough-pre-construction-preview/index.html,injected,Driveway Virtual Reality Walkthrough,https://drivewayzusa.co/images/heroes/hero-string-stakes-bare-drive-footprint.webp,https://drivewayzusa.co/guides/driveway-virtual-reality-walkthrough-pre-construction-preview/,alt=Wooden stakes and bright string lines marking a b…
2026-07-29T23:46:02.311646,driveway-warranty-claims-how-to-file-successfully,guides/driveway-warranty-claims-how-to-file-successfully/index.html,injected,Driveway Warranty Claims: How to File Successfully,https://drivewayzusa.co/images/heroes/hero-cracked-asphalt-drive-gray-frontage.webp,https://drivewayzusa.co/guides/driveway-warranty-claims-how-to-file-successfully/,alt=Cracked asphalt driveway in front of a garage und…
2026-07-29T23:46:02.312033,driveway-warranty-period-start-date-when-coverage-begins,guides/driveway-warranty-period-start-date-when-coverage-begins/index.html,injected,Driveway Warranty Period Start Date,https://drivewayzusa.co/images/heroes/hero-just-finished-concrete-front-drive.webp,https://drivewayzusa.co/guides/driveway-warranty-period-start-date-when-coverage-begins/,alt=Newly finished concrete driveway with clean sawn …
2026-07-29T23:46:02.312411,driveway-warranty-tracking-digital-record-keeping,guides/driveway-warranty-tracking-digital-record-keeping/index.html,injected,Driveway Warranty Tracking: Digital Record Keeping,https://drivewayzusa.co/images/heroes/hero-tablet-on-sealed-concrete.webp,https://drivewayzusa.co/guides/driveway-warranty-tracking-digital-record-keeping/,alt=Tablet resting on a smooth sealed concrete drivew…
2026-07-29T23:46:02.313010,driveway-water-absorption-rate-material-porosity-comparison,guides/driveway-water-absorption-rate-material-porosity-comparison/index.html,injected,Driveway Water Absorption Rate,https://drivewayzusa.co/images/heroes/hero-water-beads-sealed-concrete.webp,https://drivewayzusa.co/guides/driveway-water-absorption-rate-material-porosity-comparison/,alt=Water beads pooling on a dense sealed concrete su…
2026-07-29T23:46:02.313522,driveway-water-main-location-protecting-underground-infrastructure,guides/driveway-water-main-location-protecting-underground-infrastructure/index.html,injected,Driveway Water Main Location,https://drivewayzusa.co/images/heroes/hero-utility-flags-asphalt-edge.webp,https://drivewayzusa.co/guides/driveway-water-main-location-protecting-underground-infrastructure/,alt=Colored utility marking flags along the edge of a…
2026-07-29T23:46:02.313889,driveway-water-quality-impact-reducing-pollution-from-runoff,guides/driveway-water-quality-impact-reducing-pollution-from-runoff/index.html,injected,Driveway Water Quality Impact,https://drivewayzusa.co/images/heroes/hero-runoff-sheeting-sealed-drive.webp,https://drivewayzusa.co/guides/driveway-water-quality-impact-reducing-pollution-from-runoff/,alt=Rainwater sheeting off a sealed concrete driveway…
2026-07-29T23:46:02.314279,driveway-weather-day-policy-contract-terms-for-delays,guides/driveway-weather-day-policy-contract-terms-for-delays/index.html,injected,Driveway Weather Day Policy: Contract Terms for Delays,https://drivewayzusa.co/images/heroes/hero-soaked-base-between-form-boards.webp,https://drivewayzusa.co/guides/driveway-weather-day-policy-contract-terms-for-delays/,alt=Rain soaked gravel base between wooden form board…
2026-07-29T23:46:02.314664,driveway-weather-insurance-rain-delay-coverage,guides/driveway-weather-insurance-rain-delay-coverage/index.html,injected,Driveway Weather Insurance: Rain Delay Coverage,https://drivewayzusa.co/images/heroes/hero-plastic-sheeted-slab-drizzle.webp,https://drivewayzusa.co/guides/driveway-weather-insurance-rain-delay-coverage/,alt=Plastic sheeting weighted over a fresh concrete s…
2026-07-29T23:46:02.315059,driveway-weed-barrier-installation-under-pavers-and-gravel,guides/driveway-weed-barrier-installation-under-pavers-and-gravel/index.html,injected,Driveway Weed Barrier Installation,https://drivewayzusa.co/images/heroes/hero-weed-barrier-fabric-gravel-base.webp,https://drivewayzusa.co/guides/driveway-weed-barrier-installation-under-pavers-and-gravel/,alt=Black weed barrier fabric spread flat under a fre…
2026-07-29T23:46:02.315476,driveway-weed-control-preventing-growth-between-cracks-and-joints,guides/driveway-weed-control-preventing-growth-between-cracks-and-joints/index.html,injected,Driveway Weed Control,https://drivewayzusa.co/images/heroes/hero-weeds-sprouting-paver-joints.webp,https://drivewayzusa.co/guides/driveway-weed-control-preventing-growth-between-cracks-and-joints/,alt=Tall weeds sprouting from gaps in a weathered pav…
2026-07-29T23:46:02.315842,driveway-weight-limits,guides/driveway-weight-limits/index.html,skipped,,,,hero_img_not_found
2026-07-29T23:46:02.316361,driveway-weight-limits-and-heavy-vehicles,guides/driveway-weight-limits-and-heavy-vehicles/index.html,injected,Driveway Weight Limits and Heavy Vehicles,https://drivewayzusa.co/images/heroes/hero-crushed-corner-cracked-slab-closeup.webp,https://drivewayzusa.co/guides/driveway-weight-limits-and-heavy-vehicles/,alt=Crushed corner of a cracked concrete driveway sla…
2026-07-29T23:46:02.316863,driveway-wetland-regulations-building-near-protected-areas,guides/driveway-wetland-regulations-building-near-protected-areas/index.html,injected,Driveway Wetland Regulations,https://drivewayzusa.co/images/heroes/hero-gravel-drive-beside-marsh-reeds.webp,https://drivewayzusa.co/guides/driveway-wetland-regulations-building-near-protected-areas/,alt=Gravel driveway running beside tall marsh reeds u…
2026-07-29T23:46:02.317380,driveway-whitetopping-concrete-over-existing-asphalt,guides/driveway-whitetopping-concrete-over-existing-asphalt/index.html,injected,Driveway Whitetopping: Concrete Over Existing Asphalt,https://drivewayzusa.co/images/heroes/hero-fresh-concrete-layer-over-asphalt.webp,https://drivewayzusa.co/guides/driveway-whitetopping-concrete-over-existing-asphalt/,alt=Fresh pale slab tapering over a dark weathered bl…
2026-07-29T23:46:02.317879,driveway-width-requirements-by-municipality,guides/driveway-width-requirements-by-municipality/index.html,injected,Driveway Width Requirements by Municipality,https://drivewayzusa.co/images/heroes/hero-tape-stretched-across-driveway-width.webp,https://drivewayzusa.co/guides/driveway-width-requirements-by-municipality/,alt=Tape measure stretched edge to edge across a conc…
2026-07-29T23:46:02.318544,driveway-winter-patch-cold-weather-emergency-repairs,guides/driveway-winter-patch-cold-weather-emergency-repairs/index.html,injected,Driveway Winter Patch: Cold Weather Emergency Repairs,https://drivewayzusa.co/images/heroes/hero-fresh-patch-snow-rimmed-pothole.webp,https://drivewayzusa.co/guides/driveway-winter-patch-cold-weather-emergency-repairs/,alt=Fresh black patch filling a pothole rimmed with m…
2026-07-29T23:46:02.319265,driveway-workers-compensation-protecting-against-liability,guides/driveway-workers-compensation-protecting-against-liability/index.html,injected,Driveway Workers Compensation,https://drivewayzusa.co/images/heroes/hero-safety-cones-fresh-pour-zone.webp,https://drivewayzusa.co/guides/driveway-workers-compensation-protecting-against-liability/,alt=Safety cones set around a freshly poured concrete…
2026-07-29T23:46:02.320008,driveway-workmanship-warranty-standard-vs-extended,guides/driveway-workmanship-warranty-standard-vs-extended/index.html,injected,Driveway Workmanship Warranty: Standard vs Extended,https://drivewayzusa.co/images/heroes/hero-sealed-unsealed-concrete-seam.webp,https://drivewayzusa.co/guides/driveway-workmanship-warranty-standard-vs-extended/,alt=Sealed glossy concrete meeting dull unsealed conc…
2026-07-29T23:46:02.320486,driveway-written-estimate-requirements-what-should-be-included,guides/driveway-written-estimate-requirements-what-should-be-included/index.html,injected,Driveway Written Estimate Requirements,https://drivewayzusa.co/images/heroes/hero-measuring-wheel-paver-drive.webp,https://drivewayzusa.co/guides/driveway-written-estimate-requirements-what-should-be-included/,alt=Measuring wheel standing on a weathered paver dri…
2026-07-29T23:46:02.321390,driveway-xylene-based-sealer-solvent-protection-options,guides/driveway-xylene-based-sealer-solvent-protection-options/index.html,injected,Driveway Xylene-Based Sealer,https://drivewayzusa.co/images/pexels-curtis-adams-1694007-3990589.webp,https://drivewayzusa.co/guides/driveway-xylene-based-sealer-solvent-protection-options/,alt=Driveway Xylene-Based Sealer: Solvent Protection …
2026-07-29T23:46:02.321777,easement-issues-affecting-driveways,guides/easement-issues-affecting-driveways/index.html,injected,Easement Issues Affecting Driveways,https://drivewayzusa.co/images/heroes/hero-two-drives-shared-center-seam.webp,https://drivewayzusa.co/guides/easement-issues-affecting-driveways/,alt=Two concrete driveways meeting along a shared cen…
2026-07-29T23:46:02.322285,eco-friendly-driveway-options-pros-cons-and-costs,guides/eco-friendly-driveway-options-pros-cons-and-costs/index.html,injected,"Eco-Friendly Driveway Options: Pros, Cons, and Costs",https://drivewayzusa.co/images/heroes/hero-permeable-pavers-grass-joint-grid.webp,https://drivewayzusa.co/guides/eco-friendly-driveway-options-pros-cons-and-costs/,alt=Permeable paver driveway with grass filled joints…
2026-07-29T23:46:02.322663,emergency-vehicle-access-driveway-specifications,guides/emergency-vehicle-access-driveway-specifications/index.html,injected,Emergency Vehicle Access: Driveway Specifications,https://drivewayzusa.co/images/heroes/hero-extra-wide-clear-concrete-approach.webp,https://drivewayzusa.co/guides/emergency-vehicle-access-driveway-specifications/,alt=Extra wide concrete driveway with an open unobstr…
2026-07-29T23:46:02.323054,environmental-permits-for-driveway-projects,guides/environmental-permits-for-driveway-projects/index.html,injected,Environmental Permits for Driveway Projects,https://drivewayzusa.co/images/heroes/hero-silt-fence-along-graded-site.webp,https://drivewayzusa.co/guides/environmental-permits-for-driveway-projects/,alt=Black silt fence staked along a freshly graded dr…
2026-07-29T23:46:02.323438,ev-charging-station-integration-in-driveways,guides/ev-charging-station-integration-in-driveways/index.html,injected,EV Charging Station Integration in Driveways,https://drivewayzusa.co/images/heroes/hero-charging-pedestal-paver-drive-edge.webp,https://drivewayzusa.co/guides/ev-charging-station-integration-in-driveways/,alt=Charging pedestal mounted at the edge of a new pa…
2026-07-29T23:46:02.323781,excavation-cost-for-driveways-what-to-expect,guides/excavation-cost-for-driveways-what-to-expect/index.html,injected,Excavation Cost for Driveways: What to Expect,https://drivewayzusa.co/images/heroes/hero-excavated-drive-bed-earth-walls.webp,https://drivewayzusa.co/guides/excavation-cost-for-driveways-what-to-expect/,alt=Freshly dug earth bed with steep soil walls under…
2026-07-29T23:46:02.324164,expansion-control-joints,guides/expansion-control-joints/index.html,skipped,,,,hero_img_not_found
2026-07-29T23:46:02.324664,exposed-aggregate-concrete-driveway-guide,guides/exposed-aggregate-concrete-driveway-guide/index.html,injected,Exposed Aggregate Concrete Driveway Guide,https://drivewayzusa.co/images/heroes/hero-seeded-pebble-finish-warm-light.webp,https://drivewayzusa.co/guides/exposed-aggregate-concrete-driveway-guide/,alt=Small pebbles revealed in washed concrete catchin…
2026-07-29T23:46:02.325123,extending-a-driveway-planning-and-costs,guides/extending-a-driveway-planning-and-costs/index.html,injected,Extending a Driveway: Planning and Costs,https://drivewayzusa.co/images/heroes/hero-excavated-strip-beside-existing-slab.webp,https://drivewayzusa.co/guides/extending-a-driveway-planning-and-costs/,alt=Dug out extension strip running alongside an olde…
2026-07-29T23:46:02.325605,fall-driveway-prep-getting-ready-for-winter,guides/fall-driveway-prep-getting-ready-for-winter/index.html,injected,Fall Driveway Prep: Getting Ready for Winter,https://drivewayzusa.co/images/heroes/hero-fallen-leaves-sealed-asphalt-drive.webp,https://drivewayzusa.co/guides/fall-driveway-prep-getting-ready-for-winter/,alt=Autumn leaves scattered across a clean dark seale…
2026-07-29T23:46:02.326062,fall-driveway-preparation-guide,guides/fall-driveway-preparation-guide/index.html,injected,Fall Driveway Preparation Guide,https://drivewayzusa.co/images/heroes/hero-wet-leaves-cracked-concrete-drive.webp,https://drivewayzusa.co/guides/fall-driveway-preparation-guide/,alt=Wet autumn leaves settled into cracks across a co…
2026-07-29T23:46:02.326531,farmhouse-style-driveways-rustic-options,guides/farmhouse-style-driveways-rustic-options/index.html,injected,Farmhouse Style Driveways: Rustic Options,https://drivewayzusa.co/images/heroes/hero-rustic-gravel-lane-split-rail-fence.webp,https://drivewayzusa.co/guides/farmhouse-style-driveways-rustic-options/,alt=Gravel lane running beside a weathered split rail…
2026-07-29T23:46:02.326938,fiber-mesh-vs-rebar-in-concrete-driveways,guides/fiber-mesh-vs-rebar-in-concrete-driveways/index.html,injected,Fiber Mesh vs Rebar in Concrete Driveways,https://drivewayzusa.co/images/heroes/hero-steel-bars-grid-over-drive-base.webp,https://drivewayzusa.co/guides/fiber-mesh-vs-rebar-in-concrete-driveways/,alt=Steel reinforcement bars arranged in a grid await…
2026-07-29T23:46:02.327363,fire-access-requirements-for-driveways,guides/fire-access-requirements-for-driveways/index.html,injected,Fire Access Requirements for Driveways,https://drivewayzusa.co/images/heroes/hero-extra-wide-concrete-drive-clear-sides.webp,https://drivewayzusa.co/guides/fire-access-requirements-for-driveways/,alt=Extra wide concrete driveway with clear open spac…
2026-07-29T23:46:02.327760,first-impressions-driveway-design-for-curb-appeal,guides/first-impressions-driveway-design-for-curb-appeal/index.html,injected,First Impressions: Driveway Design for Curb Appeal,https://drivewayzusa.co/images/heroes/hero-inviting-paver-drive-tidy-lawn.webp,https://drivewayzusa.co/guides/first-impressions-driveway-design-for-curb-appeal/,alt=Neatly sealed paver driveway framed by a tidy gre…
2026-07-29T23:46:02.328136,first-impressions-why-your-driveway-matters-to-homebuyers,guides/first-impressions-why-your-driveway-matters-to-homebuyers/index.html,injected,First Impressions,https://drivewayzusa.co/images/heroes/hero-spotless-concrete-drive-entry-walk.webp,https://drivewayzusa.co/guides/first-impressions-why-your-driveway-matters-to-homebuyers/,alt=Spotless new concrete driveway leading toward a m…
2026-07-29T23:46:02.328528,first-time-homeowner-driveway-guide-where-to-start,guides/first-time-homeowner-driveway-guide-where-to-start/index.html,injected,First-Time Homeowner Driveway Guide: Where to Start,https://drivewayzusa.co/images/heroes/hero-worn-asphalt-drive-modest-entry.webp,https://drivewayzusa.co/guides/first-time-homeowner-driveway-guide-where-to-start/,alt=Older faded driveway surface in front of a modest…
2026-07-29T23:46:02.328934,flagstone-driveway-natural-stone-options,guides/flagstone-driveway-natural-stone-options/index.html,injected,Flagstone Driveway: Natural Stone Options,https://drivewayzusa.co/images/heroes/hero-flat-stone-slabs-warm-light.webp,https://drivewayzusa.co/guides/flagstone-driveway-natural-stone-options/,alt=Large flat stone pieces fitted tightly into a war…
2026-07-29T23:46:02.329408,fly-ash-in-concrete-driveways-sustainable-additive,guides/fly-ash-in-concrete-driveways-sustainable-additive/index.html,injected,Fly Ash in Concrete Driveways: Sustainable Additive,https://drivewayzusa.co/images/heroes/hero-uniform-gray-fresh-slab-texture.webp,https://drivewayzusa.co/guides/fly-ash-in-concrete-driveways-sustainable-additive/,alt=Smooth even gray concrete surface with a fine uni…
2026-07-29T23:46:02.329840,french-drain-installation-along-a-driveway,guides/french-drain-installation-along-a-driveway/index.html,injected,French Drain Installation Along a Driveway,https://drivewayzusa.co/images/heroes/hero-perforated-pipe-trench-drive-edge.webp,https://drivewayzusa.co/guides/french-drain-installation-along-a-driveway/,alt=Perforated drain pipe laid in an open trench besi…
2026-07-29T23:46:02.330274,french-drain-installation-for-driveways,guides/french-drain-installation-for-driveways/index.html,injected,French Drain Installation for Driveways,https://drivewayzusa.co/images/heroes/hero-gravel-backfill-drain-trench-closeup.webp,https://drivewayzusa.co/guides/french-drain-installation-for-driveways/,alt=Coarse gravel backfilled around a drain line in a…
2026-07-29T23:46:02.330684,front-yard-design-integrating-driveways,guides/front-yard-design-integrating-driveways/index.html,injected,Front Yard Design: Integrating Driveways,https://drivewayzusa.co/images/heroes/hero-sealed-paver-drive-mulched-beds.webp,https://drivewayzusa.co/guides/front-yard-design-integrating-driveways/,alt=Sealed paver driveway bordered by mulched beds an…
2026-07-29T23:46:02.331164,garbage-truck-access-considerations,guides/garbage-truck-access-considerations/index.html,injected,Garbage Truck Access Considerations,https://drivewayzusa.co/images/heroes/hero-thick-apron-slab-heavy-duty.webp,https://drivewayzusa.co/guides/garbage-truck-access-considerations/,alt=Thick edged concrete apron slab ready to handle h…
2026-07-29T23:46:02.331661,geotextile-fabric-in-driveway-construction,guides/geotextile-fabric-in-driveway-construction/index.html,injected,Geotextile Fabric in Driveway Construction,https://drivewayzusa.co/images/heroes/hero-black-fabric-over-graded-soil.webp,https://drivewayzusa.co/guides/geotextile-fabric-in-driveway-construction/,alt=Black woven fabric rolled out across a smoothed s…
2026-07-29T23:46:02.332111,grass-pavers-vs-permeable-pavers-which-is-greener,guides/grass-pavers-vs-permeable-pavers-which-is-greener/index.html,injected,Grass Pavers vs Permeable Pavers: Which Is Greener for Your Driveway?,https://drivewayzusa.co/images/heroes/hero-grass-grid-meets-solid-pavers.webp,https://drivewayzusa.co/guides/grass-pavers-vs-permeable-pavers-which-is-greener/,alt=Turf filled grid blocks meeting solid interlockin…
2026-07-29T23:46:02.332585,gravel-driveway-cost-per-square-foot-guide,guides/gravel-driveway-cost-per-square-foot-guide/index.html,injected,Gravel Driveway Cost per Square Foot Guide,https://drivewayzusa.co/images/heroes/hero-damp-compacted-gravel-texture.webp,https://drivewayzusa.co/guides/gravel-driveway-cost-per-square-foot-guide/,alt=Damp compacted gravel showing small angular stone…
2026-07-29T23:46:02.332954,gravel-driveway-installation-step-by-step-guide,guides/gravel-driveway-installation-step-by-step-guide/index.html,injected,Gravel Driveway Installation Step-by-Step Guide,https://drivewayzusa.co/images/heroes/hero-fresh-gravel-spread-between-forms.webp,https://drivewayzusa.co/guides/gravel-driveway-installation-step-by-step-guide/,alt=Freshly dumped gravel being spread into a smooth …
2026-07-29T23:46:02.333408,gravel-driveway-lifespan-how-long-before-you-need-to-refresh,guides/gravel-driveway-lifespan-how-long-before-you-need-to-refresh/index.html,injected,Gravel Driveway Lifespan,https://drivewayzusa.co/images/heroes/hero-thin-worn-gravel-bare-spots.webp,https://drivewayzusa.co/guides/gravel-driveway-lifespan-how-long-before-you-need-to-refresh/,alt=Worn gravel surface with thin bare patches and ex…
2026-07-29T23:46:02.333885,gravel-driveway-maintenance-raking-grading-and-refilling,guides/gravel-driveway-maintenance-raking-grading-and-refilling/index.html,injected,Gravel Driveway Maintenance,https://drivewayzusa.co/images/heroes/hero-fresh-rake-lines-groomed-gravel.webp,https://drivewayzusa.co/guides/gravel-driveway-maintenance-raking-grading-and-refilling/,alt=Long rake lines across freshly groomed gravel in …
2026-07-29T23:46:02.334920,gravel-pothole-repair,guides/gravel-pothole-repair/index.html,injected,Fix Gravel Driveway Potholes: Step-by-Step Guide,https://drivewayzusa.co/images/hero-gravel-pothole-repair.webp,https://drivewayzusa.co/guides/gravel-pothole-repair/,alt=How to fix potholes in gravel driveways — Drivewa…
2026-07-29T23:46:02.335500,gravel-vs-paved-driveway-which-is-right-for-you,guides/gravel-vs-paved-driveway-which-is-right-for-you/index.html,injected,Gravel vs Paved Driveway: Which Is Right for You?,https://drivewayzusa.co/images/heroes/hero-loose-gravel-asphalt-edge.webp,https://drivewayzusa.co/guides/gravel-vs-paved-driveway-which-is-right-for-you/,alt=Loose weathered gravel edge ending against a stri…
2026-07-29T23:46:02.336124,heated-driveway-systems-cost-vs-benefit-analysis,guides/heated-driveway-systems-cost-vs-benefit-analysis/index.html,injected,Heated Driveway Systems: Cost vs Benefit Analysis,https://drivewayzusa.co/images/heroes/hero-concrete-strip-melting-snow.webp,https://drivewayzusa.co/guides/heated-driveway-systems-cost-vs-benefit-analysis/,alt=Snow-free strip of concrete driveway beside a mel…
2026-07-29T23:46:02.336679,heaving-and-frost-damage-repair,guides/heaving-and-frost-damage-repair/index.html,injected,Heaving and Frost Damage Repair,https://drivewayzusa.co/images/heroes/hero-frost-lifted-slabs-jagged-gaps.webp,https://drivewayzusa.co/guides/heaving-and-frost-damage-repair/,alt=Frost lifted concrete slabs sitting uneven with j…
2026-07-29T23:46:02.337182,hidden-costs-in-driveway-projects-you-should-know,guides/hidden-costs-in-driveway-projects-you-should-know/index.html,injected,Hidden Costs in Driveway Projects You Should Know,https://drivewayzusa.co/images/heroes/hero-staked-forms-compacted-gravel-bed.webp,https://drivewayzusa.co/guides/hidden-costs-in-driveway-projects-you-should-know/,alt=Compacted gravel driveway base framed by wooden f…
2026-07-29T23:46:02.337762,hidden-costs-of-driveway-installation-you-should-know-about,guides/hidden-costs-of-driveway-installation-you-should-know-about/index.html,injected,Hidden Costs of Driveway Installation,https://drivewayzusa.co/images/heroes/hero-gravel-base-layer-depth-profile.webp,https://drivewayzusa.co/guides/hidden-costs-of-driveway-installation-you-should-know-about/,alt=Compacted gravel base layers exposed along a driv…
2026-07-29T23:46:02.338365,high-altitude-driveways-colorado-considerations,guides/high-altitude-driveways-colorado-considerations/index.html,injected,High Altitude Driveways: Colorado Considerations,https://drivewayzusa.co/images/heroes/hero-frost-lined-concrete-pasture-lane.webp,https://drivewayzusa.co/guides/high-altitude-driveways-colorado-considerations/,alt=Frost lining the joints of a weathered concrete l…
2026-07-29T23:46:02.338880,historic-home-driveways-period-appropriate-materials,guides/historic-home-driveways-period-appropriate-materials/index.html,injected,Historic Home Driveways: Period-Appropriate Materials,https://drivewayzusa.co/images/heroes/hero-aged-cobblestone-brick-edged-frontage.webp,https://drivewayzusa.co/guides/historic-home-driveways-period-appropriate-materials/,alt=Weathered cobblestone driveway with brick edging …
2026-07-29T23:46:02.339330,hoa-driveway-rules-and-approval-process,guides/hoa-driveway-rules-and-approval-process/index.html,injected,HOA Driveway Rules and Approval Process,https://drivewayzusa.co/images/heroes/hero-uniform-sealed-drive-neat-verge.webp,https://drivewayzusa.co/guides/hoa-driveway-rules-and-approval-process/,alt=Uniform sealed asphalt driveway with crisp edges …
2026-07-29T23:46:02.339794,home-inspector-driveway-report-understanding-the-findings,guides/home-inspector-driveway-report-understanding-the-findings/index.html,injected,Home Inspector Driveway Report,https://drivewayzusa.co/images/heroes/hero-chalk-circled-crack-concrete-panel.webp,https://drivewayzusa.co/guides/home-inspector-driveway-report-understanding-the-findings/,alt=Chalk circle marking a hairline crack across a co…
2026-07-29T23:46:02.340269,home-value-impact-driveway-condition-assessment,guides/home-value-impact-driveway-condition-assessment/index.html,injected,Home Value Impact: Driveway Condition Assessment,https://drivewayzusa.co/images/heroes/hero-worn-asphalt-drive-tidy-lawn.webp,https://drivewayzusa.co/guides/home-value-impact-driveway-condition-assessment/,alt=Weathered asphalt driveway beside a tidy lawn in …
2026-07-29T23:46:02.340762,hot-climates-best-driveway-materials-for-arizona,guides/hot-climates-best-driveway-materials-for-arizona/index.html,injected,The Best Driveway Materials for Arizona's Brutal Summers: A Homeowner's Guide,https://drivewayzusa.co/images/heroes/hero-pale-concrete-harsh-sun.webp,https://drivewayzusa.co/guides/hot-climates-best-driveway-materials-for-arizona/,alt=Pale new concrete driveway glaring under a relent…
2026-07-29T23:46:02.341266,hot-climates-best-driveway-materials-for-florida,guides/hot-climates-best-driveway-materials-for-florida/index.html,injected,Best Driveway Materials for Florida,https://drivewayzusa.co/images/hero-hot-climates-driveway-materials-florida.webp,https://drivewayzusa.co/guides/hot-climates-best-driveway-materials-for-florida/,alt=Best driveway materials for hot climates in Flori…
2026-07-29T23:46:02.341799,hot-climates-best-driveway-materials-for-nevada,guides/hot-climates-best-driveway-materials-for-nevada/index.html,injected,Best Driveway Materials for Nevada,https://drivewayzusa.co/images/heroes/hero-pale-pavers-glaring-midday-sun.webp,https://drivewayzusa.co/guides/hot-climates-best-driveway-materials-for-nevada/,alt=Pale interlocking pavers glaring under harsh midd…
2026-07-29T23:46:02.342336,hot-climates-best-driveway-materials-for-texas,guides/hot-climates-best-driveway-materials-for-texas/index.html,injected,Best Driveway Materials for Texas Heat: What Actually Holds Up,https://drivewayzusa.co/images/heroes/hero-light-broomed-drive-sun-glare.webp,https://drivewayzusa.co/guides/hot-climates-best-driveway-materials-for-texas/,alt=Light broomed concrete driveway reflecting harsh …
2026-07-29T23:46:02.342893,how-google-reviews-impact-driveway-contractor-business,guides/how-google-reviews-impact-driveway-contractor-business/index.html,injected,How Google Reviews Impact Driveway Contractor Business,https://drivewayzusa.co/images/heroes/hero-freshly-sealed-drive-evening-garage.webp,https://drivewayzusa.co/guides/how-google-reviews-impact-driveway-contractor-business/,alt=Freshly sealed driveway glowing in evening light …
2026-07-29T23:46:02.343507,how-long-does-a-new-driveway-last-by-material,guides/how-long-does-a-new-driveway-last-by-material/index.html,injected,How Long Does a New Driveway Last by Material?,https://drivewayzusa.co/images/heroes/hero-asphalt-concrete-centerline-joint.webp,https://drivewayzusa.co/guides/how-long-does-a-new-driveway-last-by-material/,alt=Weathered asphalt meeting aged concrete along a s…
2026-07-29T23:46:02.345492,how-long-driveway-last,guides/how-long-driveway-last/index.html,skipped,,,,hero_img_not_found
2026-07-29T23:46:02.345938,how-many-pavers-do-you-need-for-a-driveway-sizing-guide,guides/how-many-pavers-do-you-need-for-a-driveway-sizing-guide/index.html,injected,How Many Pavers Do You Need for a Driveway?,https://drivewayzusa.co/images/heroes/hero-herringbone-paver-field-overhead.webp,https://drivewayzusa.co/guides/how-many-pavers-do-you-need-for-a-driveway-sizing-guide/,alt=Neat herringbone paver pattern stretching across …
2026-07-29T23:46:02.346343,how-much-concrete-do-you-need-for-a-driveway-calculator-and-tips,guides/how-much-concrete-do-you-need-for-a-driveway-calculator-and-tips/index.html,injected,How Much Concrete Do You Need for a Driveway?,https://drivewayzusa.co/images/heroes/hero-partly-filled-pour-footprint-forms.webp,https://drivewayzusa.co/guides/how-much-concrete-do-you-need-for-a-driveway-calculator-and-tips/,alt=Formed driveway pour footprint partly filled with…
2026-07-29T23:46:02.347493,how-much-does-a-driveway-cost-2026,guides/how-much-does-a-driveway-cost-2026/index.html,skipped,,,,hero_img_not_found
2026-07-29T23:46:02.347905,how-much-does-a-new-driveway-cost-in-2026,guides/how-much-does-a-new-driveway-cost-in-2026/index.html,injected,How Much Does a New Driveway Cost in 2026?,https://drivewayzusa.co/images/heroes/hero-leveled-base-ready-for-pour.webp,https://drivewayzusa.co/guides/how-much-does-a-new-driveway-cost-in-2026/,alt=Leveled gravel base staked and strung awaiting it…
2026-07-29T23:46:02.348310,how-often-should-you-seal-your-driveway,guides/how-often-should-you-seal-your-driveway/index.html,injected,How Often Should You Seal Your Driveway?,https://drivewayzusa.co/images/heroes/hero-mirror-sheen-sealed-blacktop.webp,https://drivewayzusa.co/guides/how-often-should-you-seal-your-driveway/,alt=Glossy sealed asphalt beading rainwater and refle…
2026-07-29T23:46:02.348717,how-realtors-evaluate-driveway-condition,guides/how-realtors-evaluate-driveway-condition/index.html,injected,How Realtors Evaluate Driveway Condition,https://drivewayzusa.co/images/heroes/hero-presentable-sealed-drive-trimmed-lawn.webp,https://drivewayzusa.co/guides/how-realtors-evaluate-driveway-condition/,alt=Presentable sealed concrete driveway with neatly …
2026-07-29T23:46:02.349132,how-to-calculate-driveway-material-needs,guides/how-to-calculate-driveway-material-needs/index.html,injected,How to Calculate Driveway Material Needs,https://drivewayzusa.co/images/heroes/hero-crushed-stone-delivery-pile.webp,https://drivewayzusa.co/guides/how-to-calculate-driveway-material-needs/,alt=Fresh crushed stone pile delivered onto a graded …
2026-07-29T23:46:02.349687,how-to-choose-a-driveway-material-when-youre-overwhelmed,guides/how-to-choose-a-driveway-material-when-youre-overwhelmed/index.html,injected,How to Choose a Driveway Material,https://drivewayzusa.co/images/heroes/hero-paver-strip-meets-smooth-concrete.webp,https://drivewayzusa.co/guides/how-to-choose-a-driveway-material-when-youre-overwhelmed/,alt=Paver strip meeting smooth broomed concrete along…
2026-07-29T23:46:02.350152,how-to-file-a-complaint-against-a-driveway-contractor,guides/how-to-file-a-complaint-against-a-driveway-contractor/index.html,injected,How to File a Complaint Against a Driveway Contractor,https://drivewayzusa.co/images/heroes/hero-early-cracks-rough-trowel-slab.webp,https://drivewayzusa.co/guides/how-to-file-a-complaint-against-a-driveway-contractor/,alt=Early cracks and rough trowel patches marring a y…
2026-07-29T23:46:02.350632,how-to-fix-a-driveway-that-slopes-toward-your-house,guides/how-to-fix-a-driveway-that-slopes-toward-your-house/index.html,injected,How to Fix a Driveway That Slopes Toward Your House,https://drivewayzusa.co/images/heroes/hero-channel-drain-before-garage.webp,https://drivewayzusa.co/guides/how-to-fix-a-driveway-that-slopes-toward-your-house/,alt=Channel drain catching rain runoff where a drivew…
2026-07-29T23:46:02.351094,how-to-fix-a-sinking-driveway-mudjacking-vs-polyurethane-foam,guides/how-to-fix-a-sinking-driveway-mudjacking-vs-polyurethane-foam/index.html,injected,How to Fix a Sinking Driveway,https://drivewayzusa.co/images/heroes/hero-sunken-slab-lifted-back-level.webp,https://drivewayzusa.co/guides/how-to-fix-a-sinking-driveway-mudjacking-vs-polyurethane-foam/,alt=Sunken concrete slab lifted back level beside sma…
2026-07-29T23:46:02.352002,how-to-fix-driveway-cracks-concrete-asphalt-and-paver-repair,guides/how-to-fix-driveway-cracks-concrete-asphalt-and-paver-repair/index.html,injected,How to Fix Driveway Cracks,https://drivewayzusa.co/images/heroes/hero-fresh-filler-winding-crack.webp,https://drivewayzusa.co/guides/how-to-fix-driveway-cracks-concrete-asphalt-and-paver-repair/,alt=Fresh dark filler following a winding crack throu…
2026-07-29T23:46:02.352781,how-to-fix-paver-driveways-settling-and-shifting-issues,guides/how-to-fix-paver-driveways-settling-and-shifting-issues/index.html,injected,How to Fix Paver Driveways,https://drivewayzusa.co/images/heroes/hero-settled-pavers-lifted-fresh-sand.webp,https://drivewayzusa.co/guides/how-to-fix-paver-driveways-settling-and-shifting-issues/,alt=Settled pavers lifted in sections with fresh sand…
2026-07-29T23:46:02.353235,how-to-get-accurate-driveway-quotes-from-contractors,guides/how-to-get-accurate-driveway-quotes-from-contractors/index.html,injected,How to Get Accurate Driveway Quotes from Contractors,https://drivewayzusa.co/images/heroes/hero-fresh-concrete-repair-patch.webp,https://drivewayzusa.co/guides/how-to-get-accurate-driveway-quotes-from-contractors/,alt=Fresh concrete repair patch meeting an older driv…
2026-07-29T23:46:02.353708,how-to-level-sunken-paver-driveways,guides/how-to-level-sunken-paver-driveways/index.html,injected,How to Level Sunken Paver Driveways,https://drivewayzusa.co/images/heroes/hero-sunken-pavers-exposed-sand-bed.webp,https://drivewayzusa.co/guides/how-to-level-sunken-paver-driveways/,alt=Sunken pavers lifted out exposing a rippled sand …
2026-07-29T23:46:02.354156,how-to-negotiate-with-driveway-contractors,guides/how-to-negotiate-with-driveway-contractors/index.html,injected,How to Negotiate With Driveway Contractors,https://drivewayzusa.co/images/heroes/hero-measuring-tape-broomed-slab-edge.webp,https://drivewayzusa.co/guides/how-to-negotiate-with-driveway-contractors/,alt=Measuring tape laid across a freshly broomed conc…
2026-07-29T23:46:02.354543,how-to-patch-and-repair-asphalt-driveways,guides/how-to-patch-and-repair-asphalt-driveways/index.html,injected,How to Patch and Repair Asphalt Driveways,https://drivewayzusa.co/images/heroes/hero-cold-patch-tamped-into-pothole.webp,https://drivewayzusa.co/guides/how-to-patch-and-repair-asphalt-driveways/,alt=Fresh cold asphalt compound tamped into a sawn po…
2026-07-29T23:46:02.355004,how-to-patch-and-repair-concrete-driveways,guides/how-to-patch-and-repair-concrete-driveways/index.html,injected,How to Patch and Repair Concrete Driveways,https://drivewayzusa.co/images/heroes/hero-wet-patch-mortar-crack-fill.webp,https://drivewayzusa.co/guides/how-to-patch-and-repair-concrete-driveways/,alt=Wet gray mortar smoothed into a long crack across…
2026-07-29T23:46:02.355399,how-to-prepare-your-property-for-driveway-installation,guides/how-to-prepare-your-property-for-driveway-installation/index.html,injected,How to Prepare Your Property for Driveway Installation,https://drivewayzusa.co/images/heroes/hero-staked-string-bare-lawn-layout.webp,https://drivewayzusa.co/guides/how-to-prepare-your-property-for-driveway-installation/,alt=Stakes and string marking a driveway footprint ac…
2026-07-29T23:46:02.355809,how-to-protect-your-driveway-from-tree-roots,guides/how-to-protect-your-driveway-from-tree-roots/index.html,injected,How to Protect Your Driveway From Tree Roots,https://drivewayzusa.co/images/heroes/hero-root-lifted-slab-edge-shadow.webp,https://drivewayzusa.co/guides/how-to-protect-your-driveway-from-tree-roots/,alt=Tree root lifting the edge of a cracked concrete …
2026-07-29T23:46:02.356211,how-to-read-a-driveway-installation-contract,guides/how-to-read-a-driveway-installation-contract/index.html,injected,How to Read a Driveway Installation Contract,https://drivewayzusa.co/images/heroes/hero-wet-pour-flowing-into-forms.webp,https://drivewayzusa.co/guides/how-to-read-a-driveway-installation-contract/,alt=Wet concrete flowing into wooden forms at a drive…
2026-07-29T23:46:02.356601,how-to-remove-an-old-driveway-before-installing-a-new-one,guides/how-to-remove-an-old-driveway-before-installing-a-new-one/index.html,injected,How to Remove an Old Driveway Before Replacing,https://drivewayzusa.co/images/heroes/hero-broken-slab-chunks-beside-trench.webp,https://drivewayzusa.co/guides/how-to-remove-an-old-driveway-before-installing-a-new-one/,alt=Broken concrete slab chunks piled beside an excav…
2026-07-29T23:46:02.356982,how-to-remove-ice-from-your-driveway-safely,guides/how-to-remove-ice-from-your-driveway-safely/index.html,injected,How to Remove Ice From Your Driveway Safely,https://drivewayzusa.co/images/heroes/hero-icy-sheet-over-concrete-drive.webp,https://drivewayzusa.co/guides/how-to-remove-ice-from-your-driveway-safely/,alt=Thin sheet of ice glazing a weathered concrete dr…
2026-07-29T23:46:02.357617,how-to-remove-oil-stains-from-a-concrete-driveway,guides/how-to-remove-oil-stains-from-a-concrete-driveway/index.html,injected,How to Remove Oil Stains From a Concrete Driveway,https://drivewayzusa.co/images/heroes/hero-oil-stain-ring-gray-concrete.webp,https://drivewayzusa.co/guides/how-to-remove-oil-stains-from-a-concrete-driveway/,alt=Dark oil ring soaking into a pale concrete drivew…
2026-07-29T23:46:02.358082,how-to-remove-oil-stains-from-an-asphalt-driveway,guides/how-to-remove-oil-stains-from-an-asphalt-driveway/index.html,injected,How to Remove Oil Stains From an Asphalt Driveway,https://drivewayzusa.co/images/heroes/hero-dark-oil-blotch-faded-asphalt.webp,https://drivewayzusa.co/guides/how-to-remove-oil-stains-from-an-asphalt-driveway/,alt=Dark oil blotches mottling a faded gray asphalt d…
2026-07-29T23:46:02.358558,how-to-remove-paint-from-a-driveway,guides/how-to-remove-paint-from-a-driveway/index.html,injected,How to Remove Paint From a Driveway,https://drivewayzusa.co/images/heroes/hero-paint-drips-weathered-concrete.webp,https://drivewayzusa.co/guides/how-to-remove-paint-from-a-driveway/,alt=Dried paint drips spattered across a weathered co…
2026-07-29T23:46:02.358992,how-to-resurface-an-asphalt-driveway-on-a-budget,guides/how-to-resurface-an-asphalt-driveway-on-a-budget/index.html,injected,How to Resurface an Asphalt Driveway on a Budget,https://drivewayzusa.co/images/heroes/hero-black-overlay-meets-gray-blacktop.webp,https://drivewayzusa.co/guides/how-to-resurface-an-asphalt-driveway-on-a-budget/,alt=Fresh black overlay band meeting faded gray aspha…
2026-07-29T23:46:02.359461,how-to-stain-a-concrete-driveway-colors-and-techniques,guides/how-to-stain-a-concrete-driveway-colors-and-techniques/index.html,injected,How to Stain a Concrete Driveway,https://drivewayzusa.co/images/heroes/hero-warm-brown-stain-half-slab.webp,https://drivewayzusa.co/guides/how-to-stain-a-concrete-driveway-colors-and-techniques/,alt=Warm brown stain freshly applied over half of a c…
2026-07-29T23:46:02.359978,how-to-vet-a-driveway-contractor-questions-to-ask,guides/how-to-vet-a-driveway-contractor-questions-to-ask/index.html,injected,How to Vet a Driveway Contractor: Questions to Ask,https://drivewayzusa.co/images/heroes/hero-crisp-new-slab-elevated-view.webp,https://drivewayzusa.co/guides/how-to-vet-a-driveway-contractor-questions-to-ask/,alt=Elevated view of a crisp new concrete driveway be…
2026-07-29T23:46:02.360395,how-to-widen-an-existing-driveway,guides/how-to-widen-an-existing-driveway/index.html,injected,How to Widen an Existing Driveway,https://drivewayzusa.co/images/heroes/hero-dug-strip-along-concrete-drive.webp,https://drivewayzusa.co/guides/how-to-widen-an-existing-driveway/,alt=Freshly dug gravel strip running alongside an exi…
2026-07-29T23:46:02.360785,how-to-winterize-your-driveway-before-the-first-freeze,guides/how-to-winterize-your-driveway-before-the-first-freeze/index.html,injected,How to Winterize Your Driveway Before the First Freeze,https://drivewayzusa.co/images/heroes/hero-frost-rimed-sealed-asphalt-lane.webp,https://drivewayzusa.co/guides/how-to-winterize-your-driveway-before-the-first-freeze/,alt=Frost riming the edge of a sealed asphalt lane un…
2026-07-29T23:46:02.361158,how-your-soil-type-affects-driveway-material-choice,guides/how-your-soil-type-affects-driveway-material-choice/index.html,injected,How Your Soil Type Affects Driveway Material Choice,https://drivewayzusa.co/images/heroes/hero-layered-soil-test-pit-edge.webp,https://drivewayzusa.co/guides/how-your-soil-type-affects-driveway-material-choice/,alt=Layered soil profile exposed in a square test pit…
2026-07-29T23:46:02.361543,hurricane-zones-driveway-design-for-resilience,guides/hurricane-zones-driveway-design-for-resilience/index.html,injected,Hurricane Zones: Driveway Design for Resilience,https://drivewayzusa.co/images/heroes/hero-rainwater-off-sealed-drive-drain.webp,https://drivewayzusa.co/guides/hurricane-zones-driveway-design-for-resilience/,alt=Rainwater sheeting off a sealed concrete driveway…
2026-07-29T23:46:02.361969,impervious-surface-limits-and-driveways,guides/impervious-surface-limits-and-driveways/index.html,injected,Impervious Surface Limits and Driveways,https://drivewayzusa.co/images/heroes/hero-rain-soaking-wide-paver-joints.webp,https://drivewayzusa.co/guides/impervious-surface-limits-and-driveways/,alt=Rain soaking into the wide gravel joints between …
2026-07-29T23:46:02.362412,insurance-considerations-for-driveway-projects,guides/insurance-considerations-for-driveway-projects/index.html,injected,Insurance Considerations for Driveway Projects,https://drivewayzusa.co/images/heroes/hero-flawless-sealed-concrete-frontage.webp,https://drivewayzusa.co/guides/insurance-considerations-for-driveway-projects/,alt=Flawless sealed concrete driveway leading to a qu…
2026-07-29T23:46:02.362804,integral-color-vs-surface-applied-concrete-driveway-color,guides/integral-color-vs-surface-applied-concrete-driveway-color/index.html,injected,Integral vs Surface Concrete Driveway Color,https://drivewayzusa.co/images/heroes/hero-two-tone-concrete-color-boundary.webp,https://drivewayzusa.co/guides/integral-color-vs-surface-applied-concrete-driveway-color/,alt=Two tones of colored concrete meeting along a str…
2026-07-29T23:46:02.363177,investment-property-driveway-balancing-cost-and-quality,guides/investment-property-driveway-balancing-cost-and-quality/index.html,injected,Investment Property Driveway,https://drivewayzusa.co/images/heroes/hero-modest-broomed-lane-open-pasture.webp,https://drivewayzusa.co/guides/investment-property-driveway-balancing-cost-and-quality/,alt=Modest broomed concrete lane running toward open …
2026-07-29T23:46:02.363687,joint-sand-vs-polymeric-sand-for-pavers,guides/joint-sand-vs-polymeric-sand-for-pavers/index.html,injected,Joint Sand vs Polymeric Sand for Pavers,https://drivewayzusa.co/images/heroes/hero-dry-dark-joint-sand-boundary.webp,https://drivewayzusa.co/guides/joint-sand-vs-polymeric-sand-for-pavers/,alt=Dry pale joint sand meeting darker settled sand a…
2026-07-29T23:46:02.364191,labor-shortage-impact-on-driveway-installation-costs,guides/labor-shortage-impact-on-driveway-installation-costs/index.html,injected,Labor Shortage Impact on Driveway Installation Costs,https://drivewayzusa.co/images/heroes/hero-empty-job-site-forms-waiting.webp,https://drivewayzusa.co/guides/labor-shortage-impact-on-driveway-installation-costs/,alt=Wooden forms and a graded base waiting at an empt…
2026-07-29T23:46:02.364720,large-driveway-cost-pricing-for-1000-square-feet,guides/large-driveway-cost-pricing-for-1000-square-feet/index.html,injected,Large Driveway Cost: Pricing for 1000+ Square Feet,https://drivewayzusa.co/images/heroes/hero-sweeping-wide-concrete-drive-above.webp,https://drivewayzusa.co/guides/large-driveway-cost-pricing-for-1000-square-feet/,alt=Elevated view of a sweeping wide concrete drivewa…
2026-07-29T23:46:02.365157,leaf-stain-prevention-and-removal,guides/leaf-stain-prevention-and-removal/index.html,injected,Leaf Stain Prevention and Removal,https://drivewayzusa.co/images/heroes/hero-tannin-stains-fallen-leaves.webp,https://drivewayzusa.co/guides/leaf-stain-prevention-and-removal/,alt=Fallen leaves pressing brown tannin marks into a …
2026-07-29T23:46:02.365559,liability-issues-driveway-injuries-and-accidents,guides/liability-issues-driveway-injuries-and-accidents/index.html,injected,Liability Issues: Driveway Injuries and Accidents,https://drivewayzusa.co/images/heroes/hero-raised-slab-edge-trip-hazard.webp,https://drivewayzusa.co/guides/liability-issues-driveway-injuries-and-accidents/,alt=Raised uneven slab joint forming a trip edge on c…
2026-07-29T23:46:02.365921,low-maintenance-driveway-materials-ranked,guides/low-maintenance-driveway-materials-ranked/index.html,injected,Low-Maintenance Driveway Materials Ranked,https://drivewayzusa.co/images/heroes/hero-even-sealed-drive-gray-skies.webp,https://drivewayzusa.co/guides/low-maintenance-driveway-materials-ranked/,alt=Even sealed concrete driveway with tidy edges und…
2026-07-29T23:46:02.366317,matching-your-driveway-to-home-architecture,guides/matching-your-driveway-to-home-architecture/index.html,injected,Matching Your Driveway to Home Architecture,https://drivewayzusa.co/images/heroes/hero-warm-paver-drive-home-front.webp,https://drivewayzusa.co/guides/matching-your-driveway-to-home-architecture/,alt=Warm toned paver driveway complementing the home …
2026-07-29T23:46:02.366702,mediterranean-home-driveways-tile-and-stone,guides/mediterranean-home-driveways-tile-and-stone/index.html,injected,Mediterranean Home Driveways: Tile and Stone,https://drivewayzusa.co/images/heroes/hero-terracotta-stone-pavers-courtyard.webp,https://drivewayzusa.co/guides/mediterranean-home-driveways-tile-and-stone/,alt=Terracotta toned stone pavers spread across a sun…
2026-07-29T23:46:02.367063,microtopping-for-driveways-ultra-thin-concrete-overlay,guides/microtopping-for-driveways-ultra-thin-concrete-overlay/index.html,injected,Microtopping for Driveways,https://drivewayzusa.co/images/heroes/hero-squeegee-thin-gray-coat-slab.webp,https://drivewayzusa.co/guides/microtopping-for-driveways-ultra-thin-concrete-overlay/,alt=Fresh gray coating skimmed over a weathered concr…
2026-07-29T23:46:02.367459,mid-budget-driveway-renovation-5000-to-10000,guides/mid-budget-driveway-renovation-5000-to-10000/index.html,injected,Mid-Budget Driveway Renovation: $5000 to $10000,https://drivewayzusa.co/images/heroes/hero-half-resurfaced-drive-overcast.webp,https://drivewayzusa.co/guides/mid-budget-driveway-renovation-5000-to-10000/,alt=Half resurfaced concrete driveway showing fresh c…
2026-07-29T23:46:02.367876,modern-home-driveways-contemporary-design-ideas,guides/modern-home-driveways-contemporary-design-ideas/index.html,injected,Modern Home Driveways: Contemporary Design Ideas,https://drivewayzusa.co/images/heroes/hero-sawn-grid-new-concrete-drive.webp,https://drivewayzusa.co/guides/modern-home-driveways-contemporary-design-ideas/,alt=Geometric saw cut grid across a clean new concret…
2026-07-29T23:46:02.368369,mold-and-mildew-prevention-on-driveways,guides/mold-and-mildew-prevention-on-driveways/index.html,injected,Mold and Mildew Prevention on Driveways,https://drivewayzusa.co/images/heroes/hero-dark-mildew-blotches-damp-concrete.webp,https://drivewayzusa.co/guides/mold-and-mildew-prevention-on-driveways/,alt=Dark mildew blotches spreading across a damp conc…
2026-07-29T23:46:02.369033,moss-and-algae-on-driveways-removal-and-prevention,guides/moss-and-algae-on-driveways-removal-and-prevention/index.html,injected,Moss and Algae on Driveways: Removal and Prevention,https://drivewayzusa.co/images/heroes/hero-green-moss-patches-concrete-joints.webp,https://drivewayzusa.co/guides/moss-and-algae-on-driveways-removal-and-prevention/,alt=Green moss patches creeping along damp concrete j…
2026-07-29T23:46:02.369547,moss-and-algae-removal-from-driveways,guides/moss-and-algae-removal-from-driveways/index.html,injected,Moss and Algae Removal from Driveways,https://drivewayzusa.co/images/heroes/hero-cleaned-stripe-mossy-concrete.webp,https://drivewayzusa.co/guides/moss-and-algae-removal-from-driveways/,alt=Freshly cleaned stripe beside a moss covered conc…
2026-07-29T23:46:02.369961,neighbor-disputes-over-driveway-access,guides/neighbor-disputes-over-driveway-access/index.html,injected,Neighbor Disputes Over Driveway Access,https://drivewayzusa.co/images/heroes/hero-adjacent-drives-shared-seam.webp,https://drivewayzusa.co/guides/neighbor-disputes-over-driveway-access/,alt=Two neighboring concrete driveways meeting along …
2026-07-29T23:46:02.370346,new-construction-when-to-install-your-driveway-in-the-build-process,guides/new-construction-when-to-install-your-driveway-in-the-build-process/index.html,injected,New Construction,https://drivewayzusa.co/images/heroes/hero-formed-drive-base-beside-build.webp,https://drivewayzusa.co/guides/new-construction-when-to-install-your-driveway-in-the-build-process/,alt=Formed gravel drive base beside a house under con…
2026-07-29T23:46:02.370828,new-driveway-vs-driveway-overlay-which-saves-more-money,guides/new-driveway-vs-driveway-overlay-which-saves-more-money/index.html,injected,New Driveway vs Driveway Overlay,https://drivewayzusa.co/images/heroes/hero-fresh-overlay-edge-aged-slab.webp,https://drivewayzusa.co/guides/new-driveway-vs-driveway-overlay-which-saves-more-money/,alt=Fresh overlay edge meeting a worn older concrete …
2026-07-29T23:46:02.371296,new-homeowner-driveway-assessment-what-to-check-first,guides/new-homeowner-driveway-assessment-what-to-check-first/index.html,injected,New Homeowner Driveway Assessment: What to Check First,https://drivewayzusa.co/images/heroes/hero-hairline-cracks-stains-aged-slab.webp,https://drivewayzusa.co/guides/new-homeowner-driveway-assessment-what-to-check-first/,alt=Hairline cracks and stain spots across an aging c…
2026-07-29T23:46:02.371845,nighttime-driveway-safety-features,guides/nighttime-driveway-safety-features/index.html,injected,Nighttime Driveway Safety Features,https://drivewayzusa.co/images/heroes/hero-low-edge-lights-dusk-drive.webp,https://drivewayzusa.co/guides/nighttime-driveway-safety-features/,alt=Low edge lights glowing along a sealed driveway a…
2026-07-29T23:46:02.372302,non-slip-surfaces-for-wet-conditions,guides/non-slip-surfaces-for-wet-conditions/index.html,injected,Non-Slip Surfaces for Wet Conditions,https://drivewayzusa.co/images/heroes/hero-rain-darkened-broom-texture.webp,https://drivewayzusa.co/guides/non-slip-surfaces-for-wet-conditions/,alt=Rain darkened broom textured concrete with grippy…
2026-07-29T23:46:02.372661,off-season-driveway-installation-save-money-in-winter,guides/off-season-driveway-installation-save-money-in-winter/index.html,injected,Off-Season Driveway Installation: Save Money in Winter,https://drivewayzusa.co/images/heroes/hero-frost-dusted-forms-gravel-base.webp,https://drivewayzusa.co/guides/off-season-driveway-installation-save-money-in-winter/,alt=Frost dusted wooden forms set over a gravel drive…
2026-07-29T23:46:02.373060,oil-stain-removal-from-asphalt-driveways,guides/oil-stain-removal-from-asphalt-driveways/index.html,injected,Oil Stain Removal from Asphalt Driveways,https://drivewayzusa.co/images/heroes/hero-oil-soaked-patch-faded-asphalt.webp,https://drivewayzusa.co/guides/oil-stain-removal-from-asphalt-driveways/,alt=Dark petroleum soaked patch on a faded blacktop s…
2026-07-29T23:46:02.373419,oil-stain-removal-from-concrete-driveways,guides/oil-stain-removal-from-concrete-driveways/index.html,injected,Oil Stain Removal from Concrete Driveways,https://drivewayzusa.co/images/heroes/hero-greasy-blotch-pale-concrete-slab.webp,https://drivewayzusa.co/guides/oil-stain-removal-from-concrete-driveways/,alt=Dark greasy blotch soaking into a pale concrete s…
2026-07-29T23:46:02.373778,oyster-shell-driveway,guides/oyster-shell-driveway/index.html,skipped,,,,hero_img_not_found
2026-07-29T23:46:02.374156,parking-pads-adding-extra-parking-space,guides/parking-pads-adding-extra-parking-space/index.html,injected,Parking Pads: Adding Extra Parking Space,https://drivewayzusa.co/images/heroes/hero-gravel-pad-country-approach.webp,https://drivewayzusa.co/guides/parking-pads-adding-extra-parking-space/,alt=Fresh gravel pad widening a country driveway appr…
2026-07-29T23:46:02.374532,paver-base-material-selection-guide,guides/paver-base-material-selection-guide/index.html,injected,Paver Base Material Selection Guide,https://drivewayzusa.co/images/heroes/hero-layered-stone-base-bed.webp,https://drivewayzusa.co/guides/paver-base-material-selection-guide/,alt=Layered crushed stone bed graded and ready for su…
2026-07-29T23:46:02.374960,paver-driveway-cost-per-square-foot-guide,guides/paver-driveway-cost-per-square-foot-guide/index.html,injected,Paver Driveway Cost per Square Foot Guide,https://drivewayzusa.co/images/heroes/hero-interlocked-pavers-midday-closeup.webp,https://drivewayzusa.co/guides/paver-driveway-cost-per-square-foot-guide/,alt=Tightly interlocked concrete pavers filling the f…
2026-07-29T23:46:02.375362,paver-driveway-installation-step-by-step-guide,guides/paver-driveway-installation-step-by-step-guide/index.html,injected,Paver Driveway Installation Step-by-Step Guide,https://drivewayzusa.co/images/heroes/hero-partly-set-pavers-screeded-bed.webp,https://drivewayzusa.co/guides/paver-driveway-installation-step-by-step-guide/,alt=Pavers half laid over a screeded sand bed in warm…
2026-07-29T23:46:02.375747,paver-driveway-lifespan-what-to-expect-over-30-years,guides/paver-driveway-lifespan-what-to-expect-over-30-years/index.html,injected,Paver Driveway Lifespan: What to Expect Over 30+ Years,https://drivewayzusa.co/images/heroes/hero-aged-pavers-low-angle-dusk.webp,https://drivewayzusa.co/guides/paver-driveway-lifespan-what-to-expect-over-30-years/,alt=Low view across weathered clay pavers in warm eve…
2026-07-29T23:46:02.376132,paver-sealing-pros-cons-and-best-practices,guides/paver-sealing-pros-cons-and-best-practices/index.html,injected,"Paver Sealing: Pros, Cons, and Best Practices",https://drivewayzusa.co/images/heroes/hero-glossy-sealed-paver-sheen.webp,https://drivewayzusa.co/guides/paver-sealing-pros-cons-and-best-practices/,alt=Freshly sealed pavers with a glossy wet sheen aft…
2026-07-29T23:46:02.376506,pavers-vs-concrete-driveway-cost-durability-and-aesthetics,guides/pavers-vs-concrete-driveway-cost-durability-and-aesthetics/index.html,injected,Pavers vs Concrete Driveway,https://drivewayzusa.co/images/heroes/hero-pavers-meet-plain-concrete-joint.webp,https://drivewayzusa.co/guides/pavers-vs-concrete-driveway-cost-durability-and-aesthetics/,alt=Clay pavers meeting a plain concrete slab along a…
2026-07-29T23:46:02.376896,percolation-test-for-driveway-drainage-planning,guides/percolation-test-for-driveway-drainage-planning/index.html,injected,Percolation Test for Driveway Drainage Planning,https://drivewayzusa.co/images/heroes/hero-soil-percolation-test-hole.webp,https://drivewayzusa.co/guides/percolation-test-for-driveway-drainage-planning/,alt=Water-filled soil test hole beside a gravel drive…
2026-07-29T23:46:02.377391,permeable-vs-standard-driveways-environmental-impact,guides/permeable-vs-standard-driveways-environmental-impact/index.html,injected,Permeable vs Standard Driveways: Environmental Impact,https://drivewayzusa.co/images/heroes/hero-permeable-pavers-beside-solid-slab.webp,https://drivewayzusa.co/guides/permeable-vs-standard-driveways-environmental-impact/,alt=Open joint pavers beside a solid slab after rainf…
2026-07-29T23:46:02.377787,permeable-vs-traditional,guides/permeable-vs-traditional/index.html,skipped,,,,hero_img_not_found
2026-07-29T23:46:02.378343,permeable-vs-traditional-driveways-pros-cons-and-costs,guides/permeable-vs-traditional-driveways-pros-cons-and-costs/index.html,injected,"Permeable Driveways: Pros, Cons & Costs",https://drivewayzusa.co/images/heroes/hero-gravel-meets-asphalt-lane-boundary.webp,https://drivewayzusa.co/guides/permeable-vs-traditional-driveways-pros-cons-and-costs/,alt=Loose gravel meeting a worn asphalt lane at a low…
2026-07-29T23:46:02.378832,pet-safety-considerations-in-driveway-design,guides/pet-safety-considerations-in-driveway-design/index.html,injected,Pet Safety Considerations in Driveway Design,https://drivewayzusa.co/images/heroes/hero-light-gray-sealed-drive-shade.webp,https://drivewayzusa.co/guides/pet-safety-considerations-in-driveway-design/,alt=Light gray sealed drive partly shaded beside a qu…
2026-07-29T23:46:02.379417,planning-a-driveway-for-heavy-vehicles-and-work-trucks,guides/planning-a-driveway-for-heavy-vehicles-and-work-trucks/index.html,injected,Planning a Driveway for Heavy Vehicles and Work Trucks,https://drivewayzusa.co/images/heroes/hero-deep-slab-edge-closeup.webp,https://drivewayzusa.co/guides/planning-a-driveway-for-heavy-vehicles-and-work-trucks/,alt=Thick concrete slab edge showing deep section ove…
2026-07-29T23:46:02.380020,polymer-concrete-overlay-for-driveway-repair,guides/polymer-concrete-overlay-for-driveway-repair/index.html,injected,Polymer Concrete Overlay for Driveway Repair,https://drivewayzusa.co/images/heroes/hero-smooth-overlay-spread-over-slab.webp,https://drivewayzusa.co/guides/polymer-concrete-overlay-for-driveway-repair/,alt=Smooth gray overlay being spread across an aged c…
2026-07-29T23:46:02.380565,post-installation-driveway-care-the-first-30-days,guides/post-installation-driveway-care-the-first-30-days/index.html,injected,Post-Installation Driveway Care: The First 30 Days,https://drivewayzusa.co/images/heroes/hero-new-slab-curing-under-sheeting.webp,https://drivewayzusa.co/guides/post-installation-driveway-care-the-first-30-days/,alt=New concrete slab curing under plastic sheeting i…
2026-07-29T23:46:02.381095,pothole-repair-diy-vs-professional,guides/pothole-repair-diy-vs-professional/index.html,injected,Pothole Repair: DIY vs Professional,https://drivewayzusa.co/images/heroes/hero-open-pothole-broken-asphalt-edges.webp,https://drivewayzusa.co/guides/pothole-repair-diy-vs-professional/,alt=Open pothole with broken edges in a weathered asp…
2026-07-29T23:46:02.381586,premium-driveway-renovation-15000-and-above,guides/premium-driveway-renovation-15000-and-above/index.html,injected,Premium Driveway Renovation: $15000 and Above,https://drivewayzusa.co/images/heroes/hero-stamped-border-inlaid-band-detail.webp,https://drivewayzusa.co/guides/premium-driveway-renovation-15000-and-above/,alt=Stamped border band with glossy sealer catching w…
2026-07-29T23:46:02.382061,pressure-washing-your-driveway-best-practices,guides/pressure-washing-your-driveway-best-practices/index.html,injected,Pressure Washing Your Driveway: Best Practices,https://drivewayzusa.co/images/heroes/hero-clean-pass-across-dingy-concrete.webp,https://drivewayzusa.co/guides/pressure-washing-your-driveway-best-practices/,alt=Clean washed stripe cutting across a dingy concre…
2026-07-29T23:46:02.382443,property-line-disputes-and-driveways,guides/property-line-disputes-and-driveways/index.html,injected,Property Line Disputes and Driveways,https://drivewayzusa.co/images/heroes/hero-survey-stakes-drive-edge-string.webp,https://drivewayzusa.co/guides/property-line-disputes-and-driveways/,alt=Survey stakes and string marking a line beside a …
2026-07-29T23:46:02.382803,property-tax-impact-of-driveway-improvements,guides/property-tax-impact-of-driveway-improvements/index.html,injected,Property Tax Impact of Driveway Improvements,https://drivewayzusa.co/images/heroes/hero-new-paver-drive-lawn.webp,https://drivewayzusa.co/guides/property-tax-impact-of-driveway-improvements/,alt=New interlocking paver driveway bordered by a tid…
2026-07-29T23:46:02.383177,rainwater-harvesting-driveways-design-and-installation,guides/rainwater-harvesting-driveways-design-and-installation/index.html,injected,Rainwater Harvesting Driveways,https://drivewayzusa.co/images/heroes/hero-rain-flowing-into-channel-drain.webp,https://drivewayzusa.co/guides/rainwater-harvesting-driveways-design-and-installation/,alt=Rain runoff flowing toward a channel drain at the…
2026-07-29T23:46:02.383546,rainy-climates-best-driveway-materials-for-oregon,guides/rainy-climates-best-driveway-materials-for-oregon/index.html,injected,Best Driveway Materials for Oregon,https://drivewayzusa.co/images/heroes/hero-rain-soaked-asphalt-drive-gray.webp,https://drivewayzusa.co/guides/rainy-climates-best-driveway-materials-for-oregon/,alt=Rain darkened sealed asphalt drive under a gray w…
2026-07-29T23:46:02.383908,rainy-climates-best-driveway-materials-for-washington,guides/rainy-climates-best-driveway-materials-for-washington/index.html,injected,Best Driveway Materials for Washington,https://drivewayzusa.co/images/heroes/hero-broomed-drive-wet-rain-sheen.webp,https://drivewayzusa.co/guides/rainy-climates-best-driveway-materials-for-washington/,alt=Weathered broom finished drive glistening with pu…
2026-07-29T23:46:02.384328,real-estate-agent-tips-how-driveways-impact-home-sales,guides/real-estate-agent-tips-how-driveways-impact-home-sales/index.html,injected,Real Estate Agent Tips,https://drivewayzusa.co/images/heroes/hero-neat-paver-drive-evening-lawn.webp,https://drivewayzusa.co/guides/real-estate-agent-tips-how-driveways-impact-home-sales/,alt=Neat interlocking paver drive with trimmed lawn a…
2026-07-29T23:46:02.384784,real-estate-staging-driveway-curb-appeal-tips,guides/real-estate-staging-driveway-curb-appeal-tips/index.html,injected,Real Estate Staging: Driveway Curb Appeal Tips,https://drivewayzusa.co/images/heroes/hero-sealed-drive-manicured-frontage.webp,https://drivewayzusa.co/guides/real-estate-staging-driveway-curb-appeal-tips/,alt=Clean sealed concrete drive with manicured lawn u…
2026-07-29T23:46:02.385405,rebar-and-wire-mesh-for-concrete-driveways,guides/rebar-and-wire-mesh-for-concrete-driveways/index.html,injected,Rebar and Wire Mesh for Concrete Driveways,https://drivewayzusa.co/images/heroes/hero-rebar-cage-over-gravel-bed.webp,https://drivewayzusa.co/guides/rebar-and-wire-mesh-for-concrete-driveways/,alt=Steel rebar grid laid over a compacted gravel dri…
2026-07-29T23:46:02.387661,recycled-concrete-aggregate-for-driveway-base,guides/recycled-concrete-aggregate-for-driveway-base/index.html,injected,Recycled Concrete Aggregate for Driveway Base,https://drivewayzusa.co/images/heroes/hero-graded-recycled-aggregate-layer.webp,https://drivewayzusa.co/guides/recycled-concrete-aggregate-for-driveway-base/,alt=Crushed stone spread in an even layer awaiting pa…
2026-07-29T23:46:02.389501,recycled-glass-driveway,guides/recycled-glass-driveway/index.html,skipped,,,,hero_img_not_found
2026-07-29T23:46:02.390030,recycled-material-driveways-types-and-benefits,guides/recycled-material-driveways-types-and-benefits/index.html,injected,Recycled Material Driveways: Types and Benefits,https://drivewayzusa.co/images/heroes/hero-mixed-aggregate-lane-overcast.webp,https://drivewayzusa.co/guides/recycled-material-driveways-types-and-benefits/,alt=Lane surfaced with mixed crushed aggregate under …
2026-07-29T23:46:02.390644,recycling-old-driveway-materials,guides/recycling-old-driveway-materials/index.html,injected,Recycling Old Driveway Materials: A Smart Guide for Homeowners,https://drivewayzusa.co/images/heroes/hero-rubble-pile-beside-excavated-drive.webp,https://drivewayzusa.co/guides/recycling-old-driveway-materials/,alt=Broken concrete rubble piled beside an excavated …
2026-07-29T23:46:02.391122,resin-bound-driveway-cost-per-square-foot-guide,guides/resin-bound-driveway-cost-per-square-foot-guide/index.html,injected,Resin-Bound Driveway Cost per Square Foot Guide,https://drivewayzusa.co/images/heroes/hero-resin-bound-aggregate-texture.webp,https://drivewayzusa.co/guides/resin-bound-driveway-cost-per-square-foot-guide/,alt=Smooth resin bound surface of warm mixed aggregat…
2026-07-29T23:46:02.392063,resin-bound-driveway-installation-guide,guides/resin-bound-driveway-installation-guide/index.html,injected,Resin-Bound Driveway Installation Guide,https://drivewayzusa.co/images/hero-resin-bound-driveway-installation.webp,https://drivewayzusa.co/guides/resin-bound-driveway-installation-guide/,alt=Resin-bound driveway installation guide — Drivewa…
2026-07-29T23:46:02.392537,resin-vs-block-paving-driveway-a-full-comparison,guides/resin-vs-block-paving-driveway-a-full-comparison/index.html,injected,Resin vs Block Paving Driveway: A Full Comparison,https://drivewayzusa.co/images/heroes/hero-resin-meets-paver-edge.webp,https://drivewayzusa.co/guides/resin-vs-block-paving-driveway-a-full-comparison/,alt=Speckled bound stone surface ending at a neat row…
2026-07-29T23:46:02.393008,resurfacing-vs-replacement,guides/resurfacing-vs-replacement/index.html,skipped,,,,hero_img_not_found
2026-07-29T23:46:02.393621,retaining-walls-and-driveways-design-integration,guides/retaining-walls-and-driveways-design-integration/index.html,injected,Retaining Walls and Driveways: Design Integration,https://drivewayzusa.co/images/heroes/hero-rounded-stone-wall-paver-drive.webp,https://drivewayzusa.co/guides/retaining-walls-and-driveways-design-integration/,alt=Low rounded stone retaining wall bordering a neat…
2026-07-29T23:46:02.394106,rubber-driveway-pavers-recycled-material-options,guides/rubber-driveway-pavers-recycled-material-options/index.html,injected,Rubber Driveway Pavers: Recycled Material Options,https://drivewayzusa.co/images/heroes/hero-interlocking-rubber-paver-grid.webp,https://drivewayzusa.co/guides/rubber-driveway-pavers-recycled-material-options/,alt=Interlocking rubber paver tiles with speckled rec…
2026-07-29T23:46:02.394529,rust-stain-removal-from-concrete-driveways,guides/rust-stain-removal-from-concrete-driveways/index.html,injected,Rust Stain Removal from Concrete Driveways,https://drivewayzusa.co/images/heroes/hero-orange-rust-streaks-concrete.webp,https://drivewayzusa.co/guides/rust-stain-removal-from-concrete-driveways/,alt=Orange rust streaks bleeding across a gray concre…
2026-07-29T23:46:02.394936,rv-parking-pad-design-and-requirements,guides/rv-parking-pad-design-and-requirements/index.html,injected,RV Parking Pad Design and Requirements,https://drivewayzusa.co/images/heroes/hero-deep-concrete-parking-pad-lawn.webp,https://drivewayzusa.co/guides/rv-parking-pad-design-and-requirements/,alt=Deep concrete parking pad with lawn border under …
2026-07-29T23:46:02.395473,salt-damage-repair-for-concrete-driveways,guides/salt-damage-repair-for-concrete-driveways/index.html,injected,Salt Damage Repair for Concrete Driveways,https://drivewayzusa.co/images/heroes/hero-salt-eaten-pits-concrete-panel.webp,https://drivewayzusa.co/guides/salt-damage-repair-for-concrete-driveways/,alt=Pitted salt damaged concrete surface with crumbli…
2026-07-29T23:46:02.395883,school-bus-turnaround-requirements,guides/school-bus-turnaround-requirements/index.html,injected,School Bus Turnaround Requirements,https://drivewayzusa.co/images/heroes/hero-wide-asphalt-turnaround-apron.webp,https://drivewayzusa.co/guides/school-bus-turnaround-requirements/,alt=Wide asphalt turnaround apron curving through ope…
2026-07-29T23:46:02.396280,seasonal-driveway-problems-and-solutions,guides/seasonal-driveway-problems-and-solutions/index.html,injected,Seasonal Driveway Problems and Solutions,https://drivewayzusa.co/images/heroes/hero-thin-snow-cracked-concrete-drive.webp,https://drivewayzusa.co/guides/seasonal-driveway-problems-and-solutions/,alt=Thin snow settling over a cracked concrete drivew…
2026-07-29T23:46:02.396821,seasonal-pricing-for-driveway-projects,guides/seasonal-pricing-for-driveway-projects/index.html,injected,Seasonal Pricing for Driveway Projects,https://drivewayzusa.co/images/heroes/hero-wooden-stakes-string-bare-gravel-bed.webp,https://drivewayzusa.co/guides/seasonal-pricing-for-driveway-projects/,alt=Wooden stakes and string lines laid over a graded…
2026-07-29T23:46:02.397356,septic-system-considerations-for-driveways,guides/septic-system-considerations-for-driveways/index.html,injected,Septic System Considerations for Driveways,https://drivewayzusa.co/images/heroes/hero-quiet-gravel-lane-open-turf.webp,https://drivewayzusa.co/guides/septic-system-considerations-for-driveways/,alt=Quiet gravel lane crossing open turf toward a rur…
2026-07-29T23:46:02.397917,setback-requirements-for-driveways,guides/setback-requirements-for-driveways/index.html,injected,Setback Requirements for Driveways,https://drivewayzusa.co/images/heroes/hero-concrete-drive-wide-grass-margin.webp,https://drivewayzusa.co/guides/setback-requirements-for-driveways/,alt=Concrete driveway with a wide grass margin beside…
2026-07-29T23:46:02.398410,shared-driveway-agreements-legal-considerations,guides/shared-driveway-agreements-legal-considerations/index.html,injected,Shared Driveway Agreements: Legal Considerations,https://drivewayzusa.co/images/heroes/hero-matched-asphalt-drives-center-joint.webp,https://drivewayzusa.co/guides/shared-driveway-agreements-legal-considerations/,alt=Two matching asphalt driveways divided by a cente…
2026-07-29T23:46:02.398916,shell-driveways-coastal-and-southern-options,guides/shell-driveways-coastal-and-southern-options/index.html,injected,Shell Driveways: Coastal and Southern Options,https://drivewayzusa.co/images/heroes/hero-crushed-shell-drive-bright-sun.webp,https://drivewayzusa.co/guides/shell-driveways-coastal-and-southern-options/,alt=Pale crushed shell driveway surface under glaring…
2026-07-29T23:46:02.399348,signs-your-driveway-needs-replacing-a-visual-guide,guides/signs-your-driveway-needs-replacing-a-visual-guide/index.html,injected,Signs Your Driveway Needs Replacing: A Visual Guide,https://drivewayzusa.co/images/heroes/hero-faded-cracked-blacktop-plain-entry.webp,https://drivewayzusa.co/guides/signs-your-driveway-needs-replacing-a-visual-guide/,alt=Faded cracked blacktop with oil stains before a m…
2026-07-29T23:46:02.399842,silica-fume-concrete-for-driveways-ultra-high-strength,guides/silica-fume-concrete-for-driveways-ultra-high-strength/index.html,injected,Silica Fume Concrete for Driveways,https://drivewayzusa.co/images/heroes/hero-dense-fine-gray-concrete-macro.webp,https://drivewayzusa.co/guides/silica-fume-concrete-for-driveways-ultra-high-strength/,alt=Dense fine grained gray concrete surface with tig…
2026-07-29T23:46:02.400324,sinking-driveway-repair-options,guides/sinking-driveway-repair-options/index.html,injected,Sinking Driveway Repair Options,https://drivewayzusa.co/images/heroes/hero-dipped-slab-mortar-leveling-repair.webp,https://drivewayzusa.co/guides/sinking-driveway-repair-options/,alt=Dipped concrete slab beside a fresh mortar leveli…
2026-07-29T23:46:02.400765,small-claims-court-for-driveway-disputes-a-guide,guides/small-claims-court-for-driveway-disputes-a-guide/index.html,injected,Small Claims Court for Driveway Disputes: A Guide,https://drivewayzusa.co/images/heroes/hero-chalk-arrows-cracked-blacktop.webp,https://drivewayzusa.co/guides/small-claims-court-for-driveway-disputes-a-guide/,alt=Chalk arrows marking cracks on a damp weathered b…
2026-07-29T23:46:02.401153,small-driveway-cost-budget-for-under-500-square-feet,guides/small-driveway-cost-budget-for-under-500-square-feet/index.html,injected,Small Driveway Cost: Budget for Under 500 Square Feet,https://drivewayzusa.co/images/heroes/hero-compact-broomed-concrete-pad.webp,https://drivewayzusa.co/guides/small-driveway-cost-budget-for-under-500-square-feet/,alt=Compact broomed concrete pad with crisp sawn cont…
2026-07-29T23:46:02.401535,smart-driveway-technology-sensors-and-automation,guides/smart-driveway-technology-sensors-and-automation/index.html,injected,Smart Driveway Technology: Sensors and Automation,https://drivewayzusa.co/images/heroes/hero-embedded-sensor-paver-drive-edge.webp,https://drivewayzusa.co/guides/smart-driveway-technology-sensors-and-automation/,alt=Flush sensor puck and small lights along a sealed…
2026-07-29T23:46:02.402059,snow-melting-driveway-systems-radiant-heat-options,guides/snow-melting-driveway-systems-radiant-heat-options/index.html,injected,Snow Melting Driveway Systems: Radiant Heat Options,https://drivewayzusa.co/images/heroes/hero-bare-wet-concrete-strip-snow.webp,https://drivewayzusa.co/guides/snow-melting-driveway-systems-radiant-heat-options/,alt=Bare wet concrete strip amid melting snow on a dr…
2026-07-29T23:46:02.402581,snow-plow-damage-to-driveways-prevention-and-repair,guides/snow-plow-damage-to-driveways-prevention-and-repair/index.html,injected,Snow Plow Damage to Driveways: Prevention and Repair,https://drivewayzusa.co/images/heroes/hero-plow-gouges-chipped-asphalt-edge.webp,https://drivewayzusa.co/guides/snow-plow-damage-to-driveways-prevention-and-repair/,alt=Deep plow gouges and chipped edges on a gray asph…
2026-07-29T23:46:02.403054,solar-powered-driveway-features,guides/solar-powered-driveway-features/index.html,injected,"Solar-Powered Driveway Features: Smart, Sustainable Upgrades for Modern Homes",https://drivewayzusa.co/images/heroes/hero-solar-capped-post-lights-drive.webp,https://drivewayzusa.co/guides/solar-powered-driveway-features/,alt=Solar capped post lights glowing along a gravel l…
2026-07-29T23:46:02.403509,solar-reflective-driveway-materials-to-reduce-heat,guides/solar-reflective-driveway-materials-to-reduce-heat/index.html,injected,Solar Reflective Driveway Materials to Reduce Heat,https://drivewayzusa.co/images/heroes/hero-cool-light-gray-coating-closeup.webp,https://drivewayzusa.co/guides/solar-reflective-driveway-materials-to-reduce-heat/,alt=Light gray reflective coating on a concrete drive…
2026-07-29T23:46:02.403942,spring-driveway-inspection-checklist,guides/spring-driveway-inspection-checklist/index.html,injected,Spring Driveway Inspection Checklist,https://drivewayzusa.co/images/heroes/hero-post-winter-concrete-drive-scan.webp,https://drivewayzusa.co/guides/spring-driveway-inspection-checklist/,alt=Weathered concrete driveway with faint cracks and…
2026-07-29T23:46:02.404461,spring-driveway-maintenance-checklist-for-homeowners,guides/spring-driveway-maintenance-checklist-for-homeowners/index.html,injected,Spring Driveway Maintenance Checklist for Homeowners,https://drivewayzusa.co/images/heroes/hero-newly-sanded-paver-drive-frontage.webp,https://drivewayzusa.co/guides/spring-driveway-maintenance-checklist-for-homeowners/,alt=Paver driveway with freshly sanded joints beside …
2026-07-29T23:46:02.404950,stagging-your-driveway-for-open-house-events,guides/stagging-your-driveway-for-open-house-events/index.html,injected,Stagging Your Driveway for Open House Events,https://drivewayzusa.co/images/heroes/hero-gleaming-sealed-drive-flower-pots.webp,https://drivewayzusa.co/guides/stagging-your-driveway-for-open-house-events/,alt=Gleaming sealed asphalt drive framed by flower po…
2026-07-29T23:46:02.405440,stamped-concrete-driveways-patterns-and-costs,guides/stamped-concrete-driveways-patterns-and-costs/index.html,injected,Stamped Concrete Driveways: Patterns and Costs,https://drivewayzusa.co/images/heroes/hero-stamped-fan-pattern-closeup.webp,https://drivewayzusa.co/guides/stamped-concrete-driveways-patterns-and-costs/,alt=Glossy stamped fan pattern surface glowing in war…
2026-07-29T23:46:02.405873,stamped-concrete-vs-natural-stone-driveway,guides/stamped-concrete-vs-natural-stone-driveway/index.html,injected,Stamped Concrete vs Natural Stone Driveway,https://drivewayzusa.co/images/heroes/hero-stamped-slab-meets-stone-flags.webp,https://drivewayzusa.co/guides/stamped-concrete-vs-natural-stone-driveway/,alt=Stamped concrete meets rough natural stone flags …
2026-07-29T23:46:02.406259,standard-driveway-dimensions,guides/standard-driveway-dimensions/index.html,skipped,,,,hero_img_not_found
2026-07-29T23:46:02.406719,standard-driveway-dimensions-width-length-and-size-guide,guides/standard-driveway-dimensions-width-length-and-size-guide/index.html,injected,Standard Driveway Dimensions,https://drivewayzusa.co/images/heroes/hero-measuring-wheel-gravel-lane-width.webp,https://drivewayzusa.co/guides/standard-driveway-dimensions-width-length-and-size-guide/,alt=Measuring wheel resting on a wide freshly graded …
2026-07-29T23:46:02.407165,stormwater-regulations-affecting-driveways,guides/stormwater-regulations-affecting-driveways/index.html,injected,Stormwater Regulations Affecting Driveways,https://drivewayzusa.co/images/heroes/hero-runoff-streaming-off-slab-edge.webp,https://drivewayzusa.co/guides/stormwater-regulations-affecting-driveways/,alt=Rainwater streaming off the edge of a sealed conc…
2026-07-29T23:46:02.407713,summer-driveway-care-heat-protection-tips,guides/summer-driveway-care-heat-protection-tips/index.html,injected,Summer Driveway Care: Heat Protection Tips,https://drivewayzusa.co/images/heroes/hero-harsh-sun-sealed-blacktop-frontage.webp,https://drivewayzusa.co/guides/summer-driveway-care-heat-protection-tips/,alt=Sealed blacktop drive glaring under harsh midday …
2026-07-29T23:46:02.408153,summer-driveway-care-protecting-against-uv-and-heat-damage,guides/summer-driveway-care-protecting-against-uv-and-heat-damage/index.html,injected,Summer Driveway Care,https://drivewayzusa.co/images/heroes/hero-bleached-asphalt-patches-closeup.webp,https://drivewayzusa.co/guides/summer-driveway-care-protecting-against-uv-and-heat-damage/,alt=Sun bleached pale patches across a faded asphalt …
2026-07-29T23:46:02.408606,summer-driveway-maintenance-tasks,guides/summer-driveway-maintenance-tasks/index.html,injected,Summer Driveway Maintenance Tasks,https://drivewayzusa.co/images/heroes/hero-clean-swept-asphalt-morning-light.webp,https://drivewayzusa.co/guides/summer-driveway-maintenance-tasks/,alt=Freshly swept asphalt drive in soft golden mornin…
2026-07-29T23:46:02.409099,supply-chain-issues-affecting-driveway-material-prices,guides/supply-chain-issues-affecting-driveway-material-prices/index.html,injected,Supply Chain Issues Affecting Driveway Material Prices,https://drivewayzusa.co/images/heroes/hero-bulk-aggregate-piles-overcast-yard.webp,https://drivewayzusa.co/guides/supply-chain-issues-affecting-driveway-material-prices/,alt=Mounds of bulk gravel aggregate waiting in a stor…
2026-07-29T23:46:02.409492,tar-and-chip-driveway-vs-asphalt-comparison,guides/tar-and-chip-driveway-vs-asphalt-comparison/index.html,injected,Tar and Chip vs Asphalt Driveways: Cost & Durability,https://drivewayzusa.co/images/heroes/hero-chip-seal-rural-approach.webp,https://drivewayzusa.co/guides/tar-and-chip-driveway-vs-asphalt-comparison/,alt=New chip-seal driveway with exposed aggregate in …
2026-07-29T23:46:02.409889,tar-and-chip-vs-gravel-driveway-pros-and-cons,guides/tar-and-chip-vs-gravel-driveway-pros-and-cons/index.html,injected,Tar and Chip vs Gravel Driveway: Pros and Cons,https://drivewayzusa.co/images/heroes/hero-chip-seal-meets-loose-gravel.webp,https://drivewayzusa.co/guides/tar-and-chip-vs-gravel-driveway-pros-and-cons/,alt=Chip sealed lane meeting loose gravel shoulder in…
2026-07-29T23:46:02.410270,three-car-driveway-width-length-and-price-estimates,guides/three-car-driveway-width-length-and-price-estimates/index.html,injected,"Three-Car Driveway: Width, Length, and Price Estimates",https://drivewayzusa.co/images/heroes/hero-three-bay-broomed-concrete-court.webp,https://drivewayzusa.co/guides/three-car-driveway-width-length-and-price-estimates/,alt=Wide broomed concrete court with three open parki…
2026-07-29T23:46:02.410654,tire-mark-removal-from-concrete,guides/tire-mark-removal-from-concrete/index.html,injected,Tire Mark Removal from Concrete,https://drivewayzusa.co/images/heroes/hero-tire-scuff-marks-gray-concrete.webp,https://drivewayzusa.co/guides/tire-mark-removal-from-concrete/,alt=Black tire streaks scuffed across a pale concrete…
2026-07-29T23:46:02.411151,top-10-driveway-contractors-in-city-guide-template,guides/top-10-driveway-contractors-in-city-guide-template/index.html,injected,Top 10 Driveway Contractors in [City] Guide Template,https://drivewayzusa.co/images/heroes/hero-idle-paving-machine-graded-base.webp,https://drivewayzusa.co/guides/top-10-driveway-contractors-in-city-guide-template/,alt=Paving machine parked on a freshly graded gravel …
2026-07-29T23:46:02.411642,top-10-driveway-mistakes-new-homeowners-make,guides/top-10-driveway-mistakes-new-homeowners-make/index.html,injected,Top 10 Driveway Mistakes New Homeowners Make,https://drivewayzusa.co/images/heroes/hero-weeds-cracks-neglected-asphalt-drive.webp,https://drivewayzusa.co/guides/top-10-driveway-mistakes-new-homeowners-make/,alt=Weeds sprouting from cracks in a neglected asphal…
2026-07-29T23:46:02.412124,tree-removal-permits-for-driveway-projects,guides/tree-removal-permits-for-driveway-projects/index.html,injected,Tree Removal Permits for Driveway Projects,https://drivewayzusa.co/images/heroes/hero-mature-tree-staked-drive-footprint.webp,https://drivewayzusa.co/guides/tree-removal-permits-for-driveway-projects/,alt=Mature shade tree beside string stakes marking a …
2026-07-29T23:46:02.412611,tree-root-damage-to-driveways-prevention-and-repair,guides/tree-root-damage-to-driveways-prevention-and-repair/index.html,injected,Tree Root Damage to Driveways: Prevention and Repair,https://drivewayzusa.co/images/heroes/hero-root-buckled-concrete-panel-crack.webp,https://drivewayzusa.co/guides/tree-root-damage-to-driveways-prevention-and-repair/,alt=Buckled concrete panel cracked by tree roots push…
2026-07-29T23:46:02.413248,turf-block-driveways-green-alternative-guide,guides/turf-block-driveways-green-alternative-guide/index.html,injected,Turf Block Driveways: Green Alternative Guide,https://drivewayzusa.co/images/heroes/hero-grass-grid-drive-bright-sun.webp,https://drivewayzusa.co/guides/turf-block-driveways-green-alternative-guide/,alt=Grass growing through open grid pavers in bright …
2026-07-29T23:46:02.413693,two-car-driveway-dimensions-and-cost-guide,guides/two-car-driveway-dimensions-and-cost-guide/index.html,injected,Two-Car Driveway Dimensions and Cost Guide,https://drivewayzusa.co/images/heroes/hero-double-wide-new-concrete-drive.webp,https://drivewayzusa.co/guides/two-car-driveway-dimensions-and-cost-guide/,alt=New concrete drive with generous width and clean …
2026-07-29T23:46:02.414074,ultimate-guide-to-driveways-everything-you-need-to-know-in-2026,guides/ultimate-guide-to-driveways-everything-you-need-to-know-in-2026/index.html,injected,Ultimate Guide to Driveways,https://drivewayzusa.co/images/heroes/hero-straight-concrete-drive-morning-glow.webp,https://drivewayzusa.co/guides/ultimate-guide-to-driveways-everything-you-need-to-know-in-2026/,alt=Straight sealed concrete drive glowing in soft mo…
2026-07-29T23:46:02.414457,understanding-driveway-warranties-whats-covered,guides/understanding-driveway-warranties-whats-covered/index.html,injected,Understanding Driveway Warranties,https://drivewayzusa.co/images/heroes/hero-cracked-concrete-slab-golden-light.webp,https://drivewayzusa.co/guides/understanding-driveway-warranties-whats-covered/,alt=Cracked concrete driveway slab leading to a garag…
2026-07-29T23:46:02.414982,utility-line-locating-before-driveway-work,guides/utility-line-locating-before-driveway-work/index.html,injected,Utility Line Locating Before Driveway Work,https://drivewayzusa.co/images/heroes/hero-utility-flags-bare-soil-strip.webp,https://drivewayzusa.co/guides/utility-line-locating-before-driveway-work/,alt=Bright marking flags lining a bare strip of soil
2026-07-29T23:46:02.415380,visibility-and-sight-lines-at-driveway-entrances,guides/visibility-and-sight-lines-at-driveway-entrances/index.html,injected,Visibility and Sight Lines at Driveway Entrances,https://drivewayzusa.co/images/heroes/hero-clear-view-drive-entry-street.webp,https://drivewayzusa.co/guides/visibility-and-sight-lines-at-driveway-entrances/,alt=Unobstructed view from a driveway apron down a qu…
2026-07-29T23:46:02.415754,weed-control-for-gravel-and-paver-driveways,guides/weed-control-for-gravel-and-paver-driveways/index.html,injected,Weed Control for Gravel and Paver Driveways,https://drivewayzusa.co/images/heroes/hero-weeds-pushing-through-pale-gravel.webp,https://drivewayzusa.co/guides/weed-control-for-gravel-and-paver-driveways/,alt=Green weeds pushing up through pale gravel stones
2026-07-29T23:46:02.416118,well-protection-when-installing-driveways,guides/well-protection-when-installing-driveways/index.html,injected,Well Protection When Installing Driveways,https://drivewayzusa.co/images/heroes/hero-well-head-beside-gravel-drive.webp,https://drivewayzusa.co/guides/well-protection-when-installing-driveways/,alt=Capped water well head beside a gravel drive in w…
2026-07-29T23:46:02.416574,wetland-considerations-for-driveway-installation,guides/wetland-considerations-for-driveway-installation/index.html,injected,Wetland Considerations for Driveway Installation,https://drivewayzusa.co/images/heroes/hero-raised-gravel-causeway-marsh-reeds.webp,https://drivewayzusa.co/guides/wetland-considerations-for-driveway-installation/,alt=Raised gravel causeway crossing marshy ground wit…
2026-07-29T23:46:02.417006,what-is-a-driveway-apron-and-why-does-it-matter,guides/what-is-a-driveway-apron-and-why-does-it-matter/index.html,injected,What Is a Driveway Apron and Why Does It Matter?,https://drivewayzusa.co/images/heroes/hero-broomed-apron-flush-with-street.webp,https://drivewayzusa.co/guides/what-is-a-driveway-apron-and-why-does-it-matter/,alt=Broomed concrete apron sloping smoothly into the …
2026-07-29T23:46:02.417421,what-to-expect-during-driveway-construction-day-by-day,guides/what-to-expect-during-driveway-construction-day-by-day/index.html,injected,What to Expect During Driveway Construction,https://drivewayzusa.co/images/heroes/hero-leveling-wet-pour-late-light.webp,https://drivewayzusa.co/guides/what-to-expect-during-driveway-construction-day-by-day/,alt=Fresh concrete pour leveled between wooden forms …
2026-07-29T23:46:02.417926,when-a-permit-is-required-for-driveway-work,guides/when-a-permit-is-required-for-driveway-work/index.html,injected,When a Permit Is Required for Driveway Work,https://drivewayzusa.co/images/heroes/hero-orange-stakes-string-bare-lot.webp,https://drivewayzusa.co/guides/when-a-permit-is-required-for-driveway-work/,alt=Wooden stakes and bright string marking a planned…
2026-07-29T23:46:02.418399,when-can-you-drive,guides/when-can-you-drive/index.html,skipped,,,,hero_img_not_found
2026-07-29T23:46:02.419049,when-can-you-drive-and-park-on-a-new-driveway,guides/when-can-you-drive-and-park-on-a-new-driveway/index.html,injected,When Can You Drive and Park on a New Driveway?,https://drivewayzusa.co/images/heroes/hero-fresh-concrete-curing-sheen.webp,https://drivewayzusa.co/guides/when-can-you-drive-and-park-on-a-new-driveway/,alt=Fresh concrete driveway curing under warm low eve…
2026-07-29T23:46:02.419659,when-to-hire-a-professional-for-driveway-repairs,guides/when-to-hire-a-professional-for-driveway-repairs/index.html,injected,When to Hire a Professional for Driveway Repairs,https://drivewayzusa.co/images/heroes/hero-deep-crack-aging-asphalt-closeup.webp,https://drivewayzusa.co/guides/when-to-hire-a-professional-for-driveway-repairs/,alt=Deep open crack running through aging gray asphal…
2026-07-29T23:46:02.420347,when-to-replace-vs-repair-your-driveway,guides/when-to-replace-vs-repair-your-driveway/index.html,injected,When to Replace vs Repair Your Driveway,https://drivewayzusa.co/images/heroes/hero-crumbling-slab-beside-fresh-pour.webp,https://drivewayzusa.co/guides/when-to-replace-vs-repair-your-driveway/,alt=Crumbling weathered slab edge meeting a smooth fr…
2026-07-29T23:46:02.420828,why-driveway-quotes-vary-so-much-understanding-pricing-factors,guides/why-driveway-quotes-vary-so-much-understanding-pricing-factors/index.html,injected,Why Driveway Quotes Vary So Much,https://drivewayzusa.co/images/heroes/hero-staged-aggregate-piles-job-site.webp,https://drivewayzusa.co/guides/why-driveway-quotes-vary-so-much-understanding-pricing-factors/,alt=Separate piles of crushed aggregate staged at a d…
2026-07-29T23:46:02.421247,winter-driveway-maintenance-de-icing-snow-removal-and-damage-prevention,guides/winter-driveway-maintenance-de-icing-snow-removal-and-damage-prevention/index.html,injected,Winter De-Icing & Damage Prevention Guide,https://drivewayzusa.co/images/heroes/hero-salt-granules-frosted-slab.webp,https://drivewayzusa.co/guides/winter-driveway-maintenance-de-icing-snow-removal-and-damage-prevention/,alt=Salt granules scattered across a frosted gray con…
2026-07-29T23:46:02.421646,winter-driveway-maintenance-salt-sand-and-snow-removal,guides/winter-driveway-maintenance-salt-sand-and-snow-removal/index.html,injected,"Winter Driveway Care: Salt, Sand & Snow",https://drivewayzusa.co/images/heroes/hero-sand-spread-icy-drive.webp,https://drivewayzusa.co/guides/winter-driveway-maintenance-salt-sand-and-snow-removal/,alt=Sand grit spread over an icy residential driveway…
2026-07-29T23:46:02.422032,winter-driveway-survival-guide,guides/winter-driveway-survival-guide/index.html,injected,Winter Driveway Survival Guide,https://drivewayzusa.co/images/heroes/hero-plowed-snow-banks-sealed-lane.webp,https://drivewayzusa.co/guides/winter-driveway-survival-guide/,alt=Plowed snow banks edging a sealed asphalt lane un…
2026-07-29T23:46:02.422214,(homepage),index.html,already_present,,,,og:image already in <head>
2026-07-29T23:46:02.427718,guides-hub,guides-hub/index.html,skipped,,,,hero_img_not_found
2026-07-29T23:46:02.428111,for-homeowners,for-homeowners/index.html,already_present,,,,og:image already in <head>
2026-07-29T23:46:02.428386,for-contractors,for-contractors/index.html,already_present,,,,og:image already in <head>
2026-07-29T23:46:02.428714,locations,locations/index.html,already_present,,,,og:image already in <head>
2026-07-29T23:46:02.429104,cost-calculator,cost-calculator/index.html,skipped,,,,hero_img_not_found
2026-07-29T23:46:02.429488,privacy-policy,privacy-policy/index.html,skipped,,,,hero_img_not_found
