timestamp,slug,html_path,status,elapsed_ms,old_src,new_src,old_alt,new_alt,jsonld_shape,jsonld_old,jsonld_new,css_updated,css_old,css_new,notes
2026-07-29T23:06:53.111993,best-asphalt-driveway-sealer-top-products-for-2026,guides/best-asphalt-driveway-sealer-top-products-for-2026/index.html,swapped,0,/images/pexels-pixabay-221540.webp,/images/heroes/hero-freshly-sealed-asphalt-sheen.webp,Best Asphalt Driveway Sealer: Top Products for 2026 — Drivewayz USA,Freshly sealed asphalt driveway surface with a dark sheen under overcast light,string,https://drivewayzusa.co/images/hero-best-asphalt-driveway-sealer-top-products-for-2026.webp,https://drivewayzusa.co/images/heroes/hero-freshly-sealed-asphalt-sheen.webp,true,/images/pexels-pixabay-221540.webp,/images/heroes/hero-freshly-sealed-asphalt-sheen.webp,
2026-07-29T23:06:53.112443,heated-driveway-systems-cost-vs-benefit-analysis,guides/heated-driveway-systems-cost-vs-benefit-analysis/index.html,swapped,0,/images/pexels-sobeslavjan-13838908.webp,/images/heroes/hero-concrete-strip-melting-snow.webp,Heated Driveway Systems: Cost vs Benefit Analysis — Drivewayz USA,Snow-free strip of concrete driveway beside a melting snow edge,string,https://drivewayzusa.co/images/hero-heated-driveway-systems-cost-vs-benefit-analysis.webp,https://drivewayzusa.co/images/heroes/hero-concrete-strip-melting-snow.webp,true,/images/pexels-sobeslavjan-13838908.webp,/images/heroes/hero-concrete-strip-melting-snow.webp,
2026-07-29T23:06:53.112791,asphalt-rejuvenator-products-review,guides/asphalt-rejuvenator-products-review/index.html,swapped,0,/images/pexels-introspectivedsgn-9890648.webp,/images/heroes/hero-faded-gray-asphalt-closeup.webp,Asphalt Rejuvenator Products Review — Drivewayz USA,Faded gray asphalt surface with worn aggregate under flat overcast light,string,https://drivewayzusa.co/images/hero-asphalt-rejuvenator-products-review.webp,https://drivewayzusa.co/images/heroes/hero-faded-gray-asphalt-closeup.webp,true,/images/pexels-introspectivedsgn-9890648.webp,/images/heroes/hero-faded-gray-asphalt-closeup.webp,
2026-07-29T23:06:53.113783,driveway-permits-and-regulations-in-tennessee,guides/driveway-permits-and-regulations-in-tennessee/index.html,swapped,0,/images/pexels-curtis-adams-1694007-3990589.webp,/images/heroes/hero-new-concrete-garage-drive.webp,Driveway Permits and Regulations in Tennessee — Drivewayz USA,New concrete driveway leading to a garage in bright midday sun,string,https://drivewayzusa.co/images/hero-driveway-permits-and-regulations-in-tennessee.webp,https://drivewayzusa.co/images/heroes/hero-new-concrete-garage-drive.webp,true,/images/pexels-curtis-adams-1694007-3990589.webp,/images/heroes/hero-new-concrete-garage-drive.webp,
2026-07-29T23:06:53.114172,tar-and-chip-driveway-vs-asphalt-comparison,guides/tar-and-chip-driveway-vs-asphalt-comparison/index.html,swapped,0,/images/pexels-pixabay-221540.webp,/images/heroes/hero-chip-seal-rural-approach.webp,Tar and Chip Driveway vs Asphalt Comparison — Drivewayz USA,New chip-seal driveway with exposed aggregate in warm evening light,string,https://drivewayzusa.co/images/hero-tar-and-chip-driveway-vs-asphalt-comparison.webp,https://drivewayzusa.co/images/heroes/hero-chip-seal-rural-approach.webp,true,/images/pexels-pixabay-221540.webp,/images/heroes/hero-chip-seal-rural-approach.webp,
2026-07-29T23:06:53.114512,best-driveway-material-for-alabama-homes,guides/best-driveway-material-for-alabama-homes/index.html,swapped,0,/images/pexels-pixabay-221540.webp,/images/heroes/hero-herringbone-paver-frontage.webp,Best Driveway Material for Alabama Homes — Drivewayz USA,Herringbone paver driveway in front of a brick home under midday sun,string,https://drivewayzusa.co/images/hero-best-driveway-material-for-alabama-homes.webp,https://drivewayzusa.co/images/heroes/hero-herringbone-paver-frontage.webp,true,/images/pexels-pixabay-221540.webp,/images/heroes/hero-herringbone-paver-frontage.webp,
2026-07-29T23:06:53.123310,best-driveway-material-for-texas-homes,guides/best-driveway-material-for-texas-homes/index.html,swapped,8,/images/pexels-pixabay-221540.webp,/images/heroes/hero-tire-worn-gravel-tracks.webp,Best Driveway Material for Texas Homes — Drivewayz USA,Gravel driveway with tire-worn tracks curving past open fields,string,https://drivewayzusa.co/images/hero-best-driveway-material-for-texas-homes.webp,https://drivewayzusa.co/images/heroes/hero-tire-worn-gravel-tracks.webp,true,/images/pexels-pixabay-221540.webp,/images/heroes/hero-tire-worn-gravel-tracks.webp,
2026-07-29T23:06:53.127974,percolation-test-for-driveway-drainage-planning,guides/percolation-test-for-driveway-drainage-planning/index.html,swapped,4,/images/pexels-pixabay-221540.webp,/images/heroes/hero-soil-percolation-test-hole.webp,Percolation Test for Driveway Drainage Planning — Drivewayz USA,Water-filled soil test hole beside a gravel driveway edge,string,https://drivewayzusa.co/images/pexels-pixabay-221540.webp,https://drivewayzusa.co/images/heroes/hero-soil-percolation-test-hole.webp,true,/images/pexels-pixabay-221540.webp,/images/heroes/hero-soil-percolation-test-hole.webp,
2026-07-29T23:06:53.129270,best-driveway-material-for-wisconsin-homes,guides/best-driveway-material-for-wisconsin-homes/index.html,swapped,1,/images/pexels-pixabay-221540.webp,/images/heroes/hero-sealed-concrete-after-rain.webp,Best Driveway Material for Wisconsin Homes — Drivewayz USA,Sealed concrete driveway glistening with rain outside a garage,string,https://drivewayzusa.co/images/hero-best-driveway-material-for-wisconsin-homes.webp,https://drivewayzusa.co/images/heroes/hero-sealed-concrete-after-rain.webp,true,/images/pexels-pixabay-221540.webp,/images/heroes/hero-sealed-concrete-after-rain.webp,
2026-07-29T23:06:53.129694,best-driveway-material-for-missouri-homes,guides/best-driveway-material-for-missouri-homes/index.html,swapped,0,/images/pexels-pixabay-221540.webp,/images/heroes/hero-new-asphalt-golden-hour.webp,Best Driveway Material for Missouri Homes — Drivewayz USA,Smooth new asphalt driveway glowing in warm evening light,string,https://drivewayzusa.co/images/hero-best-driveway-material-for-missouri-homes.webp,https://drivewayzusa.co/images/heroes/hero-new-asphalt-golden-hour.webp,true,/images/pexels-pixabay-221540.webp,/images/heroes/hero-new-asphalt-golden-hour.webp,
2026-07-29T23:06:53.133874,how-to-get-accurate-driveway-quotes-from-contractors,guides/how-to-get-accurate-driveway-quotes-from-contractors/index.html,swapped,4,/images/pexels-pixabay-221540.webp,/images/heroes/hero-fresh-concrete-repair-patch.webp,How to Get Accurate Driveway Quotes from Contractors — Drivewayz USA,Fresh concrete repair patch meeting an older driveway slab,string,https://drivewayzusa.co/images/hero-how-to-get-accurate-driveway-quotes-from-contractors.webp,https://drivewayzusa.co/images/heroes/hero-fresh-concrete-repair-patch.webp,true,/images/pexels-pixabay-221540.webp,/images/heroes/hero-fresh-concrete-repair-patch.webp,
2026-07-29T23:06:53.135992,best-driveway-material-for-kentucky-homes,guides/best-driveway-material-for-kentucky-homes/index.html,swapped,2,/images/pexels-pixabay-221540.webp,/images/heroes/hero-weathered-cobblestone-moss-joints.webp,Best Driveway Material for Kentucky Homes — Drivewayz USA,Weathered cobblestone driveway with moss-filled joints under gray skies,string,https://drivewayzusa.co/images/hero-best-driveway-material-for-kentucky-homes.webp,https://drivewayzusa.co/images/heroes/hero-weathered-cobblestone-moss-joints.webp,true,/images/pexels-pixabay-221540.webp,/images/heroes/hero-weathered-cobblestone-moss-joints.webp,
2026-07-29T23:06:53.140897,concrete-vs-asphalt-driveway-the-ultimate-2026-comparison,guides/concrete-vs-asphalt-driveway-the-ultimate-2026-comparison/index.html,swapped,4,/images/pexels-goodcitizen-1315919.webp,/images/heroes/hero-concrete-meets-asphalt-curb.webp,Concrete vs Asphalt Driveway: The Ultimate 2026 Comparison — Drivewayz USA,Light concrete driveway meeting a dark asphalt street at the curb,string,https://drivewayzusa.co/images/hero-concrete-vs-asphalt-driveway-the-ultimate-2026-comparison.webp,https://drivewayzusa.co/images/heroes/hero-concrete-meets-asphalt-curb.webp,true,/images/pexels-goodcitizen-1315919.webp,/images/heroes/hero-concrete-meets-asphalt-curb.webp,
2026-07-29T23:06:53.141484,driveway-contractor-email-marketing-staying-in-touch,guides/driveway-contractor-email-marketing-staying-in-touch/index.html,swapped,0,/images/pexels-curtis-adams-1694007-3990589.webp,/images/heroes/hero-sealed-paver-border-drive.webp,Driveway Contractor Email Marketing: Staying in Touch — Drivewayz USA,Sealed paver driveway with a contrasting border in warm light,string,https://drivewayzusa.co/images/hero-driveway-contractor-email-marketing-staying-in-touch.webp,https://drivewayzusa.co/images/heroes/hero-sealed-paver-border-drive.webp,true,/images/pexels-curtis-adams-1694007-3990589.webp,/images/heroes/hero-sealed-paver-border-drive.webp,
2026-07-29T23:06:53.141900,best-driveway-material-for-florida-homes,guides/best-driveway-material-for-florida-homes/index.html,swapped,0,/images/pexels-pixabay-221540.webp,/images/heroes/hero-broomed-concrete-expansion-joints.webp,Best Driveway Material for Florida Homes — Drivewayz USA,Broom-finished concrete driveway with clean expansion joints in bright sun,string,https://drivewayzusa.co/images/hero-best-driveway-material-for-florida-homes.webp,https://drivewayzusa.co/images/heroes/hero-broomed-concrete-expansion-joints.webp,true,/images/pexels-pixabay-221540.webp,/images/heroes/hero-broomed-concrete-expansion-joints.webp,
2026-07-29T23:06:53.142253,driveway-permits-and-regulations-in-idaho,guides/driveway-permits-and-regulations-in-idaho/index.html,swapped,0,/images/pexels-curtis-adams-1694007-3990589.webp,/images/heroes/hero-long-gravel-fence-line.webp,Driveway Permits and Regulations in Idaho — Drivewayz USA,Long gravel driveway running beside fence lines under gray skies,string,https://drivewayzusa.co/images/hero-driveway-permits-and-regulations-in-idaho.webp,https://drivewayzusa.co/images/heroes/hero-long-gravel-fence-line.webp,true,/images/pexels-curtis-adams-1694007-3990589.webp,/images/heroes/hero-long-gravel-fence-line.webp,
2026-07-29T23:06:53.142621,best-de-icing-products-for-driveways-salt-vs-chemical-vs-natural,guides/best-de-icing-products-for-driveways-salt-vs-chemical-vs-natural/index.html,swapped,0,/images/pexels-pixabay-221540.webp,/images/heroes/hero-rock-salt-icy-concrete.webp,Best De-Icing Products for Driveways: Salt vs Chemical vs Natural — Drivewayz USA,Rock salt granules scattered across an icy concrete driveway surface,string,https://drivewayzusa.co/images/hero-best-de-icing-products-for-driveways-salt-vs-chemical-vs-natural.webp,https://drivewayzusa.co/images/heroes/hero-rock-salt-icy-concrete.webp,true,/images/pexels-pixabay-221540.webp,/images/heroes/hero-rock-salt-icy-concrete.webp,
2026-07-29T23:06:53.142935,driveway-material-comparison-cost-rankings,guides/driveway-material-comparison-cost-rankings/index.html,swapped,0,/images/pexels-curtis-adams-1694007-3990589.webp,/images/heroes/hero-crushed-stone-aggregate-detail.webp,Driveway Material Comparison: Cost Rankings — Drivewayz USA,Crushed stone gravel with angular gray aggregate in sharp close detail,string,https://drivewayzusa.co/images/hero-driveway-material-comparison-cost-rankings.webp,https://drivewayzusa.co/images/heroes/hero-crushed-stone-aggregate-detail.webp,true,/images/pexels-curtis-adams-1694007-3990589.webp,/images/heroes/hero-crushed-stone-aggregate-detail.webp,
2026-07-29T23:06:53.143299,driveway-polymer-overlay-decorative-and-protective,guides/driveway-polymer-overlay-decorative-and-protective/index.html,swapped,0,/images/matt-jones-xpDHTc-pkog-unsplash.webp,/images/heroes/hero-stamped-resin-stone-pattern.webp,Driveway Polymer Overlay: Decorative and Protective — Drivewayz USA,Stamped resin surface with a stone pattern glowing in warm light,string,https://drivewayzusa.co/images/hero-driveway-polymer-overlay-decorative-and-protective.webp,https://drivewayzusa.co/images/heroes/hero-stamped-resin-stone-pattern.webp,true,/images/matt-jones-xpDHTc-pkog-unsplash.webp,/images/heroes/hero-stamped-resin-stone-pattern.webp,
2026-07-29T23:06:53.143644,concrete-driveway-cost-in-michigan-2026-price-guide,guides/concrete-driveway-cost-in-michigan-2026-price-guide/index.html,swapped,0,/images/pexels-goodcitizen-1315919.webp,/images/heroes/hero-fresh-broom-finish-texture.webp,Concrete Driveway Cost in Michigan: 2026 Price Guide — Drivewayz USA,Fresh broom-finished concrete with even ridge lines under flat light,string,https://drivewayzusa.co/images/hero-concrete-driveway-cost-in-michigan-2026-price-guide.webp,https://drivewayzusa.co/images/heroes/hero-fresh-broom-finish-texture.webp,true,/images/pexels-goodcitizen-1315919.webp,/images/heroes/hero-fresh-broom-finish-texture.webp,
2026-07-29T23:06:53.143901,best-driveway-material-for-michigan-homes,guides/best-driveway-material-for-michigan-homes/index.html,swapped,0,/images/pexels-pixabay-221540.webp,/images/heroes/hero-cracked-asphalt-rain-patches.webp,Best Driveway Material for Michigan Homes — Drivewayz USA,Cracked asphalt driveway with rain-darkened patches before a garage,string,https://drivewayzusa.co/images/hero-best-driveway-material-for-michigan-homes.webp,https://drivewayzusa.co/images/heroes/hero-cracked-asphalt-rain-patches.webp,true,/images/pexels-pixabay-221540.webp,/images/heroes/hero-cracked-asphalt-rain-patches.webp,
2026-07-29T23:06:53.144212,asphalt-driveway-cost-in-louisiana-local-pricing,guides/asphalt-driveway-cost-in-louisiana-local-pricing/index.html,swapped,0,/images/pexels-introspectivedsgn-9890648.webp,/images/heroes/hero-cracked-asphalt-crumbling-edges.webp,Asphalt Driveway Cost in Louisiana: Local Pricing — Drivewayz USA,Cracked asphalt surface with crumbling edges in harsh midday light,string,https://drivewayzusa.co/images/hero-asphalt-driveway-cost-in-louisiana-local-pricing.webp,https://drivewayzusa.co/images/heroes/hero-cracked-asphalt-crumbling-edges.webp,true,/images/pexels-introspectivedsgn-9890648.webp,/images/heroes/hero-cracked-asphalt-crumbling-edges.webp,
2026-07-29T23:06:53.144538,best-driveway-material-for-illinois-homes,guides/best-driveway-material-for-illinois-homes/index.html,swapped,0,/images/pexels-pixabay-221540.webp,/images/heroes/hero-weathered-clay-paver-drive.webp,Best Driveway Material for Illinois Homes — Drivewayz USA,Weathered clay paver driveway with faded joints under flat gray light,string,https://drivewayzusa.co/images/hero-best-driveway-material-for-illinois-homes.webp,https://drivewayzusa.co/images/heroes/hero-weathered-clay-paver-drive.webp,true,/images/pexels-pixabay-221540.webp,/images/heroes/hero-weathered-clay-paver-drive.webp,
2026-07-29T23:06:53.144844,best-driveway-material-for-new-york-homes,guides/best-driveway-material-for-new-york-homes/index.html,swapped,0,/images/pexels-pixabay-221540.webp,/images/heroes/hero-stamped-concrete-sunset-glow.webp,Best Driveway Material for New York Homes — Drivewayz USA,Sealed stamped concrete driveway glowing in warm sunset light,string,https://drivewayzusa.co/images/hero-best-driveway-material-for-new-york-homes.webp,https://drivewayzusa.co/images/heroes/hero-stamped-concrete-sunset-glow.webp,true,/images/pexels-pixabay-221540.webp,/images/heroes/hero-stamped-concrete-sunset-glow.webp,
2026-07-29T23:06:53.145217,best-driveway-material-for-south-carolina-homes,guides/best-driveway-material-for-south-carolina-homes/index.html,swapped,0,/images/pexels-pixabay-221540.webp,/images/heroes/hero-wet-chip-seal-rural-drive.webp,Best Driveway Material for South Carolina Homes — Drivewayz USA,Rain-darkened chip-seal driveway winding toward a rural property,string,https://drivewayzusa.co/images/hero-best-driveway-material-for-south-carolina-homes.webp,https://drivewayzusa.co/images/heroes/hero-wet-chip-seal-rural-drive.webp,true,/images/pexels-pixabay-221540.webp,/images/heroes/hero-wet-chip-seal-rural-drive.webp,
2026-07-29T23:06:53.145550,best-material-long-rural-driveway,guides/best-material-long-rural-driveway/index.html,swapped,0,/images/pexels-pixabay-221540.webp,/images/heroes/hero-gravel-drive-open-meadow.webp,Best Driveway Material for Long Rural Driveways — Drivewayz USA,Long gravel drive stretching past open meadow under warm evening light,string,https://drivewayzusa.co/images/hero-best-material-long-rural-driveway.webp,https://drivewayzusa.co/images/heroes/hero-gravel-drive-open-meadow.webp,true,/images/pexels-pixabay-221540.webp,/images/heroes/hero-gravel-drive-open-meadow.webp,
2026-07-29T23:06:53.145905,driveway-signage-stop-signs-speed-limits-and-address-markers,guides/driveway-signage-stop-signs-speed-limits-and-address-markers/index.html,swapped,0,/images/pexels-curtis-adams-1694007-3990589.webp,/images/heroes/hero-paver-apron-street-entry.webp,"Driveway Signage: Stop Signs, Speed Limits, and Address Markers — Drivewayz USA",Neat paver driveway apron meeting the street with clear open sight lines,string,https://drivewayzusa.co/images/hero-driveway-signage-stop-signs-speed-limits-and-address-markers.webp,https://drivewayzusa.co/images/heroes/hero-paver-apron-street-entry.webp,true,/images/pexels-curtis-adams-1694007-3990589.webp,/images/heroes/hero-paver-apron-street-entry.webp,
2026-07-29T23:06:53.146240,driveway-expert-witness-when-disputes-need-professional-opinion,guides/driveway-expert-witness-when-disputes-need-professional-opinion/index.html,swapped,0,/images/pexels-curtis-adams-1694007-3990589.webp,/images/heroes/hero-cracked-concrete-slab-detail.webp,Driveway Expert Witness: When Disputes Need Professional Opinion — Drivewayz USA,Deep cracks running across a weathered concrete slab in flat daylight,string,https://drivewayzusa.co/images/hero-driveway-expert-witness-when-disputes-need-professional-opinion.webp,https://drivewayzusa.co/images/heroes/hero-cracked-concrete-slab-detail.webp,true,/images/pexels-curtis-adams-1694007-3990589.webp,/images/heroes/hero-cracked-concrete-slab-detail.webp,
2026-07-29T23:06:53.146571,best-driveway-material-for-heavy-snow-regions-longevity-focus,guides/best-driveway-material-for-heavy-snow-regions-longevity-focus/index.html,swapped,0,/images/pexels-sobeslavjan-13838908.webp,/images/heroes/hero-wet-sealed-concrete-drive.webp,Best Driveway Material for Heavy Snow Regions (Longevity Focus) — Drivewayz USA,Sealed concrete driveway glistening wet under a gray sky,string,https://drivewayzusa.co/images/hero-best-driveway-material-for-heavy-snow-regions-longevity-focus.webp,https://drivewayzusa.co/images/heroes/hero-wet-sealed-concrete-drive.webp,true,/images/pexels-sobeslavjan-13838908.webp,/images/heroes/hero-wet-sealed-concrete-drive.webp,
2026-07-29T23:06:53.146930,asphalt-driveway-cost-in-connecticut-local-pricing,guides/asphalt-driveway-cost-in-connecticut-local-pricing/index.html,swapped,0,/images/pexels-introspectivedsgn-9890648.webp,/images/heroes/hero-fresh-asphalt-texture-closeup.webp,Asphalt Driveway Cost in Connecticut: Local Pricing — Drivewayz USA,Fresh black asphalt surface with fine aggregate texture up close,string,https://drivewayzusa.co/images/hero-asphalt-driveway-cost-in-connecticut-local-pricing.webp,https://drivewayzusa.co/images/heroes/hero-fresh-asphalt-texture-closeup.webp,true,/images/pexels-introspectivedsgn-9890648.webp,/images/heroes/hero-fresh-asphalt-texture-closeup.webp,
2026-07-29T23:06:53.147248,chip-seal-driveways-costs-and-longevity,guides/chip-seal-driveways-costs-and-longevity/index.html,swapped,0,/images/pexels-introspectivedsgn-7475608.webp,/images/heroes/hero-chip-seal-stone-texture.webp,Chip Seal Driveways: Costs and Longevity — Drivewayz USA,Rough chip seal surface of embedded stone chips in sunlight,string,https://drivewayzusa.co/images/hero-chip-seal-driveways-costs-and-longevity.webp,https://drivewayzusa.co/images/heroes/hero-chip-seal-stone-texture.webp,true,/images/pexels-introspectivedsgn-7475608.webp,/images/heroes/hero-chip-seal-stone-texture.webp,
2026-07-29T23:06:53.147546,driveway-permits-and-regulations-in-wisconsin,guides/driveway-permits-and-regulations-in-wisconsin/index.html,swapped,0,/images/pexels-curtis-adams-1694007-3990589.webp,/images/heroes/hero-staked-driveway-excavation-site.webp,Driveway Permits and Regulations in Wisconsin — Drivewayz USA,Excavated drive bed with grade stakes and string lines awaiting base stone,string,https://drivewayzusa.co/images/hero-driveway-permits-and-regulations-in-wisconsin.webp,https://drivewayzusa.co/images/heroes/hero-staked-driveway-excavation-site.webp,true,/images/pexels-curtis-adams-1694007-3990589.webp,/images/heroes/hero-staked-driveway-excavation-site.webp,
2026-07-29T23:06:53.147907,property-tax-impact-of-driveway-improvements,guides/property-tax-impact-of-driveway-improvements/index.html,swapped,0,/images/pexels-pixabay-221540.webp,/images/heroes/hero-new-paver-drive-lawn.webp,Property Tax Impact of Driveway Improvements — Drivewayz USA,New interlocking paver driveway bordered by a tidy green lawn,string,https://drivewayzusa.co/images/hero-property-tax-impact-of-driveway-improvements.webp,https://drivewayzusa.co/images/heroes/hero-new-paver-drive-lawn.webp,true,/images/pexels-pixabay-221540.webp,/images/heroes/hero-new-paver-drive-lawn.webp,
2026-07-29T23:06:53.148297,driveway-base-subgrade,guides/driveway-base-subgrade/index.html,skipped,0,,,,,,,,,,,hero_img_not_found
2026-07-29T23:06:53.148669,best-driveway-material-for-ohio-homes,guides/best-driveway-material-for-ohio-homes/index.html,swapped,0,/images/pexels-pixabay-221540.webp,/images/heroes/hero-smooth-concrete-suburban-drive.webp,Best Driveway Material for Ohio Homes — Drivewayz USA,Smooth concrete driveway leading to a suburban garage on a sunny day,string,https://drivewayzusa.co/images/hero-best-driveway-material-for-ohio-homes.webp,https://drivewayzusa.co/images/heroes/hero-smooth-concrete-suburban-drive.webp,true,/images/pexels-pixabay-221540.webp,/images/heroes/hero-smooth-concrete-suburban-drive.webp,
2026-07-29T23:06:53.149020,driveway-pothole-repair-step-by-step-fix-guide,guides/driveway-pothole-repair-step-by-step-fix-guide/index.html,swapped,0,/images/pexels-artbovich-8134848.webp,/images/heroes/hero-pothole-fresh-patch-asphalt.webp,Driveway Pothole Repair: Step-by-Step Fix Guide — Drivewayz USA,Asphalt pothole filled with fresh patch material beside crumbling edges,string,https://drivewayzusa.co/images/hero-driveway-pothole-repair-step-by-step-fix-guide.webp,https://drivewayzusa.co/images/heroes/hero-pothole-fresh-patch-asphalt.webp,true,/images/pexels-artbovich-8134848.webp,/images/heroes/hero-pothole-fresh-patch-asphalt.webp,
2026-07-29T23:06:53.149830,resin-bound-driveway-cost-per-square-foot-guide,guides/resin-bound-driveway-cost-per-square-foot-guide/index.html,swapped,0,/images/pexels-introspectivedsgn-7475608.webp,/images/heroes/hero-resin-bound-aggregate-texture.webp,Resin-Bound Driveway Cost per Square Foot Guide — Drivewayz USA,Smooth resin bound surface of warm mixed aggregate stones,string,https://drivewayzusa.co/images/hero-resin-bound-driveway-cost-per-square-foot-guide.webp,https://drivewayzusa.co/images/heroes/hero-resin-bound-aggregate-texture.webp,true,/images/pexels-introspectivedsgn-7475608.webp,/images/heroes/hero-resin-bound-aggregate-texture.webp,
2026-07-29T23:06:53.150332,resin-vs-block-paving-driveway-a-full-comparison,guides/resin-vs-block-paving-driveway-a-full-comparison/index.html,swapped,0,/images/pexels-introspectivedsgn-7475608.webp,/images/heroes/hero-resin-meets-paver-edge.webp,Resin vs Block Paving Driveway: A Full Comparison — Drivewayz USA,Speckled bound stone surface ending at a neat row of clay bricks,string,https://drivewayzusa.co/images/hero-resin-vs-block-paving-driveway-a-full-comparison.webp,https://drivewayzusa.co/images/heroes/hero-resin-meets-paver-edge.webp,true,/images/pexels-introspectivedsgn-7475608.webp,/images/heroes/hero-resin-meets-paver-edge.webp,
2026-07-29T23:06:53.150717,best-driveway-material-for-washington-homes,guides/best-driveway-material-for-washington-homes/index.html,swapped,0,/images/pexels-pixabay-221540.webp,/images/heroes/hero-rain-dark-asphalt-frontage.webp,Best Driveway Material for Washington Homes — Drivewayz USA,Dark asphalt driveway gleaming after rain in front of a house,string,https://drivewayzusa.co/images/hero-best-driveway-material-for-washington-homes.webp,https://drivewayzusa.co/images/heroes/hero-rain-dark-asphalt-frontage.webp,true,/images/pexels-pixabay-221540.webp,/images/heroes/hero-rain-dark-asphalt-frontage.webp,
2026-07-29T23:06:53.151186,budget-driveway-small-urban-lot,guides/budget-driveway-small-urban-lot/index.html,swapped,0,/images/pexels-pixabay-221540.webp,/images/heroes/hero-ribbon-driveway-grass-median.webp,Best Budget Driveway for Small Urban Lots — Drivewayz USA,Cracked concrete ribbon strips with a grass center on a small lot,string,https://drivewayzusa.co/images/hero-budget-driveway-small-urban-lot.webp,https://drivewayzusa.co/images/heroes/hero-ribbon-driveway-grass-median.webp,true,/images/pexels-pixabay-221540.webp,/images/heroes/hero-ribbon-driveway-grass-median.webp,
2026-07-29T23:06:53.151650,channel-drain-options-for-driveways,guides/channel-drain-options-for-driveways/index.html,swapped,0,/images/pexels-pixabay-221540.webp,/images/heroes/hero-channel-drain-grate-concrete.webp,Channel Drain Options for Driveways — Drivewayz USA,Long metal grate set flush across rain wet concrete,string,https://drivewayzusa.co/images/hero-channel-drain-options-for-driveways.webp,https://drivewayzusa.co/images/heroes/hero-channel-drain-grate-concrete.webp,true,/images/pexels-pixabay-221540.webp,/images/heroes/hero-channel-drain-grate-concrete.webp,
2026-07-29T23:06:53.152072,driveway-roi-how-much-does-a-new-driveway-add-to-home-value,guides/driveway-roi-how-much-does-a-new-driveway-add-to-home-value/index.html,swapped,0,/images/pexels-curtis-adams-1694007-3990589.webp,/images/heroes/hero-evening-light-paver-drive.webp,Driveway ROI: How Much Does a New Driveway Add to Home Value? — Drivewayz USA,Sealed paver driveway glowing in warm evening light beside a house,string,https://drivewayzusa.co/images/hero-driveway-roi-how-much-does-a-new-driveway-add-to-home-value.webp,https://drivewayzusa.co/images/heroes/hero-evening-light-paver-drive.webp,true,/images/pexels-curtis-adams-1694007-3990589.webp,/images/heroes/hero-evening-light-paver-drive.webp,
2026-07-29T23:06:53.152468,best-driveway-material-for-california-homes,guides/best-driveway-material-for-california-homes/index.html,swapped,0,/images/pexels-pixabay-221540.webp,/images/heroes/hero-sunlit-concrete-drive-entry.webp,Best Driveway Material for California Homes — Drivewayz USA,Sunlit concrete driveway curving toward a garage framed by shrubs,string,https://drivewayzusa.co/images/hero-best-driveway-material-for-california-homes.webp,https://drivewayzusa.co/images/heroes/hero-sunlit-concrete-drive-entry.webp,true,/images/pexels-pixabay-221540.webp,/images/heroes/hero-sunlit-concrete-drive-entry.webp,
2026-07-29T23:06:53.152806,driveway-sealing-cost-diy-vs-professional,guides/driveway-sealing-cost-diy-vs-professional/index.html,swapped,0,/images/pexels-artbovich-8134848.webp,/images/heroes/hero-half-sealed-asphalt-drive.webp,Driveway Sealing Cost: DIY vs Professional — Drivewayz USA,Half of an asphalt drive coated in fresh black sealer,string,https://drivewayzusa.co/images/hero-driveway-sealing-cost-diy-vs-professional.webp,https://drivewayzusa.co/images/heroes/hero-half-sealed-asphalt-drive.webp,true,/images/pexels-artbovich-8134848.webp,/images/heroes/hero-half-sealed-asphalt-drive.webp,
2026-07-29T23:06:53.153146,best-driveway-material-for-virginia-homes,guides/best-driveway-material-for-virginia-homes/index.html,swapped,0,/images/pexels-pixabay-221540.webp,/images/heroes/hero-weathered-asphalt-country-lane.webp,Best Driveway Material for Virginia Homes — Drivewayz USA,Weathered asphalt driveway winding between trees toward a country home,string,https://drivewayzusa.co/images/hero-best-driveway-material-for-virginia-homes.webp,https://drivewayzusa.co/images/heroes/hero-weathered-asphalt-country-lane.webp,true,/images/pexels-pixabay-221540.webp,/images/heroes/hero-weathered-asphalt-country-lane.webp,
2026-07-29T23:06:53.153459,concrete-driveway-cost-in-north-carolina-2026-price-guide,guides/concrete-driveway-cost-in-north-carolina-2026-price-guide/index.html,swapped,0,/images/pexels-goodcitizen-1315919.webp,/images/heroes/hero-new-concrete-sawn-joints.webp,Concrete Driveway Cost in North Carolina: 2026 Price Guide — Drivewayz USA,New concrete driveway surface with straight sawn control joints,string,https://drivewayzusa.co/images/hero-concrete-driveway-cost-in-north-carolina-2026-price-guide.webp,https://drivewayzusa.co/images/heroes/hero-new-concrete-sawn-joints.webp,true,/images/pexels-goodcitizen-1315919.webp,/images/heroes/hero-new-concrete-sawn-joints.webp,
2026-07-29T23:06:53.153921,concrete-driveway-cost-in-ohio-2026-price-guide,guides/concrete-driveway-cost-in-ohio-2026-price-guide/index.html,swapped,0,/images/pexels-goodcitizen-1315919.webp,/images/heroes/hero-fresh-concrete-pour-forms.webp,Concrete Driveway Cost in Ohio: 2026 Price Guide — Drivewayz USA,Freshly poured concrete driveway still framed by wooden edge forms,string,https://drivewayzusa.co/images/hero-concrete-driveway-cost-in-ohio-2026-price-guide.webp,https://drivewayzusa.co/images/heroes/hero-fresh-concrete-pour-forms.webp,true,/images/pexels-goodcitizen-1315919.webp,/images/heroes/hero-fresh-concrete-pour-forms.webp,
2026-07-29T23:06:53.154528,driveway-slurry-seal-thin-protective-layer-application,guides/driveway-slurry-seal-thin-protective-layer-application/index.html,swapped,0,/images/pexels-curtis-adams-1694007-3990589.webp,/images/heroes/hero-slurry-coated-asphalt-surface.webp,Driveway Slurry Seal: Thin Protective Layer Application — Drivewayz USA,Smooth dark coating freshly spread over an asphalt surface,string,https://drivewayzusa.co/images/hero-driveway-slurry-seal-thin-protective-layer-application.webp,https://drivewayzusa.co/images/heroes/hero-slurry-coated-asphalt-surface.webp,true,/images/pexels-curtis-adams-1694007-3990589.webp,/images/heroes/hero-slurry-coated-asphalt-surface.webp,
2026-07-29T23:06:53.156589,best-driveway-material-for-new-hampshire-homes,guides/best-driveway-material-for-new-hampshire-homes/index.html,swapped,2,/images/pexels-pixabay-221540.webp,/images/heroes/hero-weathered-paver-front-entry.webp,Best Driveway Material for New Hampshire Homes — Drivewayz USA,Weathered clay paver driveway leading to a front entry in gray light,string,https://drivewayzusa.co/images/hero-best-driveway-material-for-new-hampshire-homes.webp,https://drivewayzusa.co/images/heroes/hero-weathered-paver-front-entry.webp,true,/images/pexels-pixabay-221540.webp,/images/heroes/hero-weathered-paver-front-entry.webp,
2026-07-29T23:06:53.157064,best-driveway-material-for-north-carolina-homes,guides/best-driveway-material-for-north-carolina-homes/index.html,swapped,0,/images/pexels-pixabay-221540.webp,/images/heroes/hero-cobblestone-drive-evening-glow.webp,Best Driveway Material for North Carolina Homes — Drivewayz USA,Weathered cobblestone driveway catching warm evening light along its edge,string,https://drivewayzusa.co/images/hero-best-driveway-material-for-north-carolina-homes.webp,https://drivewayzusa.co/images/heroes/hero-cobblestone-drive-evening-glow.webp,true,/images/pexels-pixabay-221540.webp,/images/heroes/hero-cobblestone-drive-evening-glow.webp,
2026-07-29T23:06:53.157518,driveway-permits-and-regulations-in-kentucky,guides/driveway-permits-and-regulations-in-kentucky/index.html,swapped,0,/images/pexels-curtis-adams-1694007-3990589.webp,/images/heroes/hero-concrete-apron-at-curb-cut.webp,Driveway Permits and Regulations in Kentucky — Drivewayz USA,Concrete driveway apron meeting the street at a wide curb cut,string,https://drivewayzusa.co/images/hero-driveway-permits-and-regulations-in-kentucky.webp,https://drivewayzusa.co/images/heroes/hero-concrete-apron-at-curb-cut.webp,true,/images/pexels-curtis-adams-1694007-3990589.webp,/images/heroes/hero-concrete-apron-at-curb-cut.webp,
2026-07-29T23:06:53.157943,driveway-sealing,guides/driveway-sealing/index.html,skipped,0,,,,,,,,,,,hero_img_not_found
2026-07-29T23:06:53.158349,driveway-water-absorption-rate-material-porosity-comparison,guides/driveway-water-absorption-rate-material-porosity-comparison/index.html,swapped,0,/images/pexels-curtis-adams-1694007-3990589.webp,/images/heroes/hero-water-beads-sealed-concrete.webp,Driveway Water Absorption Rate: Material Porosity Comparison — Drivewayz USA,Water beads pooling on a dense sealed concrete surface after rain,string,https://drivewayzusa.co/images/hero-driveway-water-absorption-rate-material-porosity-comparison.webp,https://drivewayzusa.co/images/heroes/hero-water-beads-sealed-concrete.webp,true,/images/pexels-curtis-adams-1694007-3990589.webp,/images/heroes/hero-water-beads-sealed-concrete.webp,
2026-07-29T23:06:53.158763,accessible-driveway-design-ada-considerations,guides/accessible-driveway-design-ada-considerations/index.html,swapped,0,/images/pexels-pixabay-221540.webp,/images/heroes/hero-wide-flush-concrete-entry-ramp.webp,Accessible Driveway Design: ADA Considerations — Drivewayz USA,Wide smooth concrete driveway with a flush level walkway entry,string,https://drivewayzusa.co/images/hero-accessible-driveway-design-ada-considerations.webp,https://drivewayzusa.co/images/heroes/hero-wide-flush-concrete-entry-ramp.webp,true,/images/pexels-pixabay-221540.webp,/images/heroes/hero-wide-flush-concrete-entry-ramp.webp,
2026-07-29T23:06:53.159192,asphalt-driveway-cost-in-arizona-local-pricing,guides/asphalt-driveway-cost-in-arizona-local-pricing/index.html,swapped,0,/images/pexels-introspectivedsgn-9890648.webp,/images/heroes/hero-fresh-asphalt-mat-texture.webp,Asphalt Driveway Cost in Arizona: Local Pricing — Drivewayz USA,Freshly compacted asphalt mat showing tight texture under midday sun,string,https://drivewayzusa.co/images/hero-asphalt-driveway-cost-in-arizona-local-pricing.webp,https://drivewayzusa.co/images/heroes/hero-fresh-asphalt-mat-texture.webp,true,/images/pexels-introspectivedsgn-9890648.webp,/images/heroes/hero-fresh-asphalt-mat-texture.webp,
2026-07-29T23:06:53.159611,asphalt-driveway-cost-in-west-virginia-local-pricing,guides/asphalt-driveway-cost-in-west-virginia-local-pricing/index.html,swapped,0,/images/pexels-introspectivedsgn-9890648.webp,/images/heroes/hero-cracked-asphalt-exposed-aggregate-stones.webp,Asphalt Driveway Cost in West Virginia: Local Pricing — Drivewayz USA,Cracked asphalt closeup with exposed stones and worn gray patches,string,https://drivewayzusa.co/images/hero-asphalt-driveway-cost-in-west-virginia-local-pricing.webp,https://drivewayzusa.co/images/heroes/hero-cracked-asphalt-exposed-aggregate-stones.webp,true,/images/pexels-introspectivedsgn-9890648.webp,/images/heroes/hero-cracked-asphalt-exposed-aggregate-stones.webp,
2026-07-29T23:06:53.159969,asphalt-sealing-best-products-and-application-tips,guides/asphalt-sealing-best-products-and-application-tips/index.html,swapped,0,/images/pexels-introspectivedsgn-9890648.webp,/images/heroes/hero-sealcoat-brush-strokes-blacktop.webp,Asphalt Sealing: Best Products and Application Tips — Drivewayz USA,Sealcoat brush strokes glistening across a damp blacktop surface,string,https://drivewayzusa.co/images/hero-asphalt-sealing-best-products-and-application-tips.webp,https://drivewayzusa.co/images/heroes/hero-sealcoat-brush-strokes-blacktop.webp,true,/images/pexels-introspectivedsgn-9890648.webp,/images/heroes/hero-sealcoat-brush-strokes-blacktop.webp,
2026-07-29T23:06:53.160297,best-budget-driveway-material-for-hot-climates,guides/best-budget-driveway-material-for-hot-climates/index.html,swapped,0,/images/pexels-sobeslavjan-13838908.webp,/images/heroes/hero-gravel-lane-dry-sun.webp,Best Budget Driveway Material for Hot Climates — Drivewayz USA,Worn gravel lane running straight through dry sun baked grass,string,https://drivewayzusa.co/images/hero-best-budget-driveway-material-for-hot-climates.webp,https://drivewayzusa.co/images/heroes/hero-gravel-lane-dry-sun.webp,true,/images/pexels-sobeslavjan-13838908.webp,/images/heroes/hero-gravel-lane-dry-sun.webp,
2026-07-29T23:06:53.160694,best-driveway-material-for-coastal-and-salt-air-environments,guides/best-driveway-material-for-coastal-and-salt-air-environments/index.html,swapped,0,/images/pexels-pixabay-221540.webp,/images/heroes/hero-salt-stained-weathered-concrete.webp,Best Driveway Material for Coastal and Salt Air Environments — Drivewayz USA,Weathered concrete driveway edges stained pale by salt residue,string,https://drivewayzusa.co/images/hero-best-driveway-material-for-coastal-and-salt-air-environments.webp,https://drivewayzusa.co/images/heroes/hero-salt-stained-weathered-concrete.webp,true,/images/pexels-pixabay-221540.webp,/images/heroes/hero-salt-stained-weathered-concrete.webp,
2026-07-29T23:06:53.161090,best-driveway-material-for-hot-climates-longevity-focus,guides/best-driveway-material-for-hot-climates-longevity-focus/index.html,swapped,0,/images/pexels-sobeslavjan-13838908.webp,/images/heroes/hero-brick-pavers-harsh-midday-sun.webp,Best Driveway Material for Hot Climates (Longevity Focus) — Drivewayz USA,Brick paver driveway in full harsh midday sun before a home,string,https://drivewayzusa.co/images/hero-best-driveway-material-for-hot-climates-longevity-focus.webp,https://drivewayzusa.co/images/heroes/hero-brick-pavers-harsh-midday-sun.webp,true,/images/pexels-sobeslavjan-13838908.webp,/images/heroes/hero-brick-pavers-harsh-midday-sun.webp,
2026-07-29T23:06:53.161484,best-driveway-material-for-west-virginia-homes,guides/best-driveway-material-for-west-virginia-homes/index.html,swapped,0,/images/pexels-pixabay-221540.webp,/images/heroes/hero-gravel-bend-open-pasture.webp,Best Driveway Material for West Virginia Homes — Drivewayz USA,Weathered gravel driveway bending through open pasture under gray sky,string,https://drivewayzusa.co/images/hero-best-driveway-material-for-west-virginia-homes.webp,https://drivewayzusa.co/images/heroes/hero-gravel-bend-open-pasture.webp,true,/images/pexels-pixabay-221540.webp,/images/heroes/hero-gravel-bend-open-pasture.webp,
2026-07-29T23:06:53.161921,coastal-regions-best-driveway-materials-for-california,guides/coastal-regions-best-driveway-materials-for-california/index.html,swapped,0,/images/pexels-pixabay-221540.webp,/images/heroes/hero-cobblestone-rounded-stones-dusk-light.webp,Coastal Regions: Best Driveway Materials for California — Drivewayz USA,Weathered cobblestone driveway of rounded stones glowing in dusk light,string,https://drivewayzusa.co/images/hero-coastal-regions-best-driveway-materials-for-california.webp,https://drivewayzusa.co/images/heroes/hero-cobblestone-rounded-stones-dusk-light.webp,true,/images/pexels-pixabay-221540.webp,/images/heroes/hero-cobblestone-rounded-stones-dusk-light.webp,
2026-07-29T23:06:53.162291,cold-climates-best-driveway-materials-for-michigan,guides/cold-climates-best-driveway-materials-for-michigan/index.html,swapped,0,/images/pexels-sobeslavjan-13838908.webp,/images/heroes/hero-frost-dusted-concrete-morning.webp,Cold Climates: Best Driveway Materials for Michigan — Drivewayz USA,Frost dusted concrete driveway under a flat pale winter sky,string,https://drivewayzusa.co/images/hero-cold-climates-best-driveway-materials-for-michigan.webp,https://drivewayzusa.co/images/heroes/hero-frost-dusted-concrete-morning.webp,true,/images/pexels-sobeslavjan-13838908.webp,/images/heroes/hero-frost-dusted-concrete-morning.webp,
2026-07-29T23:06:53.162664,driveway-before-and-after-concrete-transformation-gallery,guides/driveway-before-and-after-concrete-transformation-gallery/index.html,swapped,0,/images/pexels-curtis-adams-1694007-3990589.webp,/images/heroes/hero-weathered-meets-fresh-concrete-pour.webp,Driveway Before and After: Concrete Transformation Gallery — Drivewayz USA,Joint line where weathered gray concrete meets a fresh new pour,string,https://drivewayzusa.co/images/hero-driveway-before-and-after-concrete-transformation-gallery.webp,https://drivewayzusa.co/images/heroes/hero-weathered-meets-fresh-concrete-pour.webp,true,/images/pexels-curtis-adams-1694007-3990589.webp,/images/heroes/hero-weathered-meets-fresh-concrete-pour.webp,
2026-07-29T23:06:53.163073,driveway-concrete-reinforcement-methods-compared,guides/driveway-concrete-reinforcement-methods-compared/index.html,swapped,0,/images/pexels-curtis-adams-1694007-3990589.webp,/images/heroes/hero-steel-rebar-grid-gravel-base.webp,Driveway Concrete Reinforcement Methods Compared — Drivewayz USA,Steel rebar grid laid over a compacted gravel base before pouring,string,https://drivewayzusa.co/images/hero-driveway-concrete-reinforcement-methods-compared.webp,https://drivewayzusa.co/images/heroes/hero-steel-rebar-grid-gravel-base.webp,true,/images/pexels-curtis-adams-1694007-3990589.webp,/images/heroes/hero-steel-rebar-grid-gravel-base.webp,
2026-07-29T23:06:53.163419,driveway-paint-remover-safe-options-for-different-surfaces,guides/driveway-paint-remover-safe-options-for-different-surfaces/index.html,swapped,0,/images/pexels-curtis-adams-1694007-3990589.webp,/images/heroes/hero-faded-paint-stain-concrete.webp,Driveway Paint Remover: Safe Options for Different Surfaces — Drivewayz USA,Faded paint stain partially lifted from a weathered concrete surface,string,https://drivewayzusa.co/images/hero-driveway-paint-remover-safe-options-for-different-surfaces.webp,https://drivewayzusa.co/images/heroes/hero-faded-paint-stain-concrete.webp,true,/images/pexels-curtis-adams-1694007-3990589.webp,/images/heroes/hero-faded-paint-stain-concrete.webp,
2026-07-29T23:06:53.163714,driveway-permits-and-regulations-in-arkansas,guides/driveway-permits-and-regulations-in-arkansas/index.html,swapped,0,/images/pexels-curtis-adams-1694007-3990589.webp,/images/heroes/hero-driveway-apron-sidewalk-crossing.webp,Driveway Permits and Regulations in Arkansas — Drivewayz USA,Concrete driveway apron crossing the sidewalk on a quiet street,string,https://drivewayzusa.co/images/hero-driveway-permits-and-regulations-in-arkansas.webp,https://drivewayzusa.co/images/heroes/hero-driveway-apron-sidewalk-crossing.webp,true,/images/pexels-curtis-adams-1694007-3990589.webp,/images/heroes/hero-driveway-apron-sidewalk-crossing.webp,
2026-07-29T23:06:53.164004,driveway-permits-and-regulations-in-utah,guides/driveway-permits-and-regulations-in-utah/index.html,swapped,0,/images/pexels-curtis-adams-1694007-3990589.webp,/images/heroes/hero-wide-curb-cut-entry.webp,Driveway Permits and Regulations in Utah — Drivewayz USA,Clean new concrete driveway entrance with a wide curb cut,string,https://drivewayzusa.co/images/hero-driveway-permits-and-regulations-in-utah.webp,https://drivewayzusa.co/images/heroes/hero-wide-curb-cut-entry.webp,true,/images/pexels-curtis-adams-1694007-3990589.webp,/images/heroes/hero-wide-curb-cut-entry.webp,
2026-07-29T23:06:53.164370,driveway-weed-barrier-installation-under-pavers-and-gravel,guides/driveway-weed-barrier-installation-under-pavers-and-gravel/index.html,swapped,0,/images/pexels-curtis-adams-1694007-3990589.webp,/images/heroes/hero-weed-barrier-fabric-gravel-base.webp,Driveway Weed Barrier Installation: Under Pavers and Gravel — Drivewayz USA,Black weed barrier fabric spread flat under a fresh gravel layer,string,https://drivewayzusa.co/images/hero-driveway-weed-barrier-installation-under-pavers-and-gravel.webp,https://drivewayzusa.co/images/heroes/hero-weed-barrier-fabric-gravel-base.webp,true,/images/pexels-curtis-adams-1694007-3990589.webp,/images/heroes/hero-weed-barrier-fabric-gravel-base.webp,
2026-07-29T23:06:53.164733,gravel-vs-paved-driveway-which-is-right-for-you,guides/gravel-vs-paved-driveway-which-is-right-for-you/index.html,swapped,0,/images/pexels-pixabay-277667.webp,/images/heroes/hero-loose-gravel-asphalt-edge.webp,Gravel vs Paved Driveway: Which Is Right for You? — Drivewayz USA,Loose weathered gravel edge ending against a strip of asphalt,string,https://drivewayzusa.co/images/hero-gravel-vs-paved-driveway-which-is-right-for-you.webp,https://drivewayzusa.co/images/heroes/hero-loose-gravel-asphalt-edge.webp,true,/images/pexels-pixabay-277667.webp,/images/heroes/hero-loose-gravel-asphalt-edge.webp,
2026-07-29T23:06:53.165039,hot-climates-best-driveway-materials-for-arizona,guides/hot-climates-best-driveway-materials-for-arizona/index.html,swapped,0,/images/pexels-sobeslavjan-13838908.webp,/images/heroes/hero-pale-concrete-harsh-sun.webp,Hot Climates: Best Driveway Materials for Arizona — Drivewayz USA,Pale new concrete driveway glaring under a relentless midday sun,string,https://drivewayzusa.co/images/hero-hot-climates-best-driveway-materials-for-arizona.webp,https://drivewayzusa.co/images/heroes/hero-pale-concrete-harsh-sun.webp,true,/images/pexels-sobeslavjan-13838908.webp,/images/heroes/hero-pale-concrete-harsh-sun.webp,
2026-07-29T23:06:53.165421,understanding-driveway-warranties-whats-covered,guides/understanding-driveway-warranties-whats-covered/index.html,swapped,0,/images/pexels-pixabay-221540.webp,/images/heroes/hero-cracked-concrete-slab-golden-light.webp,Understanding Driveway Warranties: What&amp;#x27;s Covered? — Drivewayz USA,Cracked concrete driveway slab leading to a garage in golden light,string,https://drivewayzusa.co/images/hero-understanding-driveway-warranties-whats-covered.webp,https://drivewayzusa.co/images/heroes/hero-cracked-concrete-slab-golden-light.webp,true,/images/pexels-pixabay-221540.webp,/images/heroes/hero-cracked-concrete-slab-golden-light.webp,
2026-07-29T23:06:53.165777,when-can-you-drive-and-park-on-a-new-driveway,guides/when-can-you-drive-and-park-on-a-new-driveway/index.html,swapped,0,/images/pexels-pixabay-221540.webp,/images/heroes/hero-fresh-concrete-curing-sheen.webp,When Can You Drive and Park on a New Driveway? — Drivewayz USA,Fresh concrete driveway curing under warm low evening light,string,https://drivewayzusa.co/images/hero-when-can-you-drive-and-park-on-a-new-driveway.webp,https://drivewayzusa.co/images/heroes/hero-fresh-concrete-curing-sheen.webp,true,/images/pexels-pixabay-221540.webp,/images/heroes/hero-fresh-concrete-curing-sheen.webp,
2026-07-29T23:06:53.166182,acid-staining-a-concrete-driveway-unique-effects,guides/acid-staining-a-concrete-driveway-unique-effects/index.html,swapped,0,/images/pexels-pixabay-221540.webp,/images/heroes/hero-acid-stained-swirl-pattern.webp,Acid Staining a Concrete Driveway: Unique Effects — Drivewayz USA,Mottled brown swirl patterns across a sealed acid stained concrete slab,string,https://drivewayzusa.co/images/hero-acid-staining-a-concrete-driveway-unique-effects.webp,https://drivewayzusa.co/images/heroes/hero-acid-stained-swirl-pattern.webp,true,/images/pexels-pixabay-221540.webp,/images/heroes/hero-acid-stained-swirl-pattern.webp,
2026-07-29T23:06:53.166681,airbnb-driveway-requirements-parking-for-short-term-rentals,guides/airbnb-driveway-requirements-parking-for-short-term-rentals/index.html,swapped,0,/images/pexels-pixabay-221540.webp,/images/heroes/hero-wide-paver-parking-apron.webp,Airbnb Driveway Requirements: Parking for Short-Term Rentals — Drivewayz USA,Extra wide paver driveway apron with space for two vehicles,string,https://drivewayzusa.co/images/hero-airbnb-driveway-requirements-parking-for-short-term-rentals.webp,https://drivewayzusa.co/images/heroes/hero-wide-paver-parking-apron.webp,true,/images/pexels-pixabay-221540.webp,/images/heroes/hero-wide-paver-parking-apron.webp,
2026-07-29T23:06:53.167207,annual-driveway-maintenance-costs-by-material-type,guides/annual-driveway-maintenance-costs-by-material-type/index.html,swapped,0,/images/pexels-artbovich-8134848.webp,/images/heroes/hero-sealant-band-half-finished-asphalt.webp,Annual Driveway Maintenance Costs by Material Type — Drivewayz USA,Fresh black sealant band spreading across weathered asphalt in progress,string,https://drivewayzusa.co/images/hero-annual-driveway-maintenance-costs-by-material-type.webp,https://drivewayzusa.co/images/heroes/hero-sealant-band-half-finished-asphalt.webp,true,/images/pexels-artbovich-8134848.webp,/images/heroes/hero-sealant-band-half-finished-asphalt.webp,
2026-07-29T23:06:53.167573,ant-hill-prevention-in-paver-driveways,guides/ant-hill-prevention-in-paver-driveways/index.html,swapped,0,/images/pexels-pixabay-221540.webp,/images/heroes/hero-ant-hill-sand-mounds-pavers.webp,Ant Hill Prevention in Paver Driveways — Drivewayz USA,Tiny excavated sand mounds crowding the joints of weathered paving blocks,string,https://drivewayzusa.co/images/hero-ant-hill-prevention-in-paver-driveways.webp,https://drivewayzusa.co/images/heroes/hero-ant-hill-sand-mounds-pavers.webp,true,/images/pexels-pixabay-221540.webp,/images/heroes/hero-ant-hill-sand-mounds-pavers.webp,
2026-07-29T23:06:53.167943,anti-ice-coatings-for-driveways,guides/anti-ice-coatings-for-driveways/index.html,swapped,0,/images/pexels-pixabay-221540.webp,/images/heroes/hero-glossy-anti-ice-coating-concrete.webp,Anti-Ice Coatings for Driveways — Drivewayz USA,Glossy clear coating beading meltwater across a sealed concrete surface,string,https://drivewayzusa.co/images/hero-anti-ice-coatings-for-driveways.webp,https://drivewayzusa.co/images/heroes/hero-glossy-anti-ice-coating-concrete.webp,true,/images/pexels-pixabay-221540.webp,/images/heroes/hero-glossy-anti-ice-coating-concrete.webp,
2026-07-29T23:06:53.168303,apartment-complex-driveway-design,guides/apartment-complex-driveway-design/index.html,swapped,0,/images/pexels-pixabay-221540.webp,/images/heroes/hero-wide-asphalt-entry-parking-bays.webp,Apartment Complex Driveway Design — Drivewayz USA,Wide new asphalt entry lane curving past shared parking bays,string,https://drivewayzusa.co/images/hero-apartment-complex-driveway-design.webp,https://drivewayzusa.co/images/heroes/hero-wide-asphalt-entry-parking-bays.webp,true,/images/pexels-pixabay-221540.webp,/images/heroes/hero-wide-asphalt-entry-parking-bays.webp,
2026-07-29T23:06:53.168643,asphalt-compaction-tools-and-techniques,guides/asphalt-compaction-tools-and-techniques/index.html,swapped,0,/images/pexels-introspectivedsgn-9890648.webp,/images/heroes/hero-plate-compactor-fresh-asphalt-mat.webp,Asphalt Compaction: Tools and Techniques — Drivewayz USA,Plate compactor resting on a freshly spread hot asphalt mat,string,https://drivewayzusa.co/images/hero-asphalt-compaction-tools-and-techniques.webp,https://drivewayzusa.co/images/heroes/hero-plate-compactor-fresh-asphalt-mat.webp,true,/images/pexels-introspectivedsgn-9890648.webp,/images/heroes/hero-plate-compactor-fresh-asphalt-mat.webp,
2026-07-29T23:06:53.168952,asphalt-driveway-alligator-cracking-what-it-means-and-how-to-fix-it,guides/asphalt-driveway-alligator-cracking-what-it-means-and-how-to-fix-it/index.html,swapped,0,/images/pexels-introspectivedsgn-9890648.webp,/images/heroes/hero-alligator-crack-pattern-asphalt.webp,Asphalt Driveway Alligator Cracking: What It Means and How to Fix It — Drivewayz USA,Interconnected polygon cracks spreading across a faded asphalt surface,string,https://drivewayzusa.co/images/hero-asphalt-driveway-alligator-cracking-what-it-means-and-how-to-fix-it.webp,https://drivewayzusa.co/images/heroes/hero-alligator-crack-pattern-asphalt.webp,true,/images/pexels-introspectivedsgn-9890648.webp,/images/heroes/hero-alligator-crack-pattern-asphalt.webp,
2026-07-29T23:06:53.169285,asphalt-driveway-cost-in-alabama-local-pricing,guides/asphalt-driveway-cost-in-alabama-local-pricing/index.html,swapped,0,/images/pexels-introspectivedsgn-9890648.webp,/images/heroes/hero-fresh-asphalt-aggregate-texture.webp,Asphalt Driveway Cost in Alabama: Local Pricing — Drivewayz USA,Tight aggregate texture of a freshly paved asphalt surface at midday,string,https://drivewayzusa.co/images/hero-asphalt-driveway-cost-in-alabama-local-pricing.webp,https://drivewayzusa.co/images/heroes/hero-fresh-asphalt-aggregate-texture.webp,true,/images/pexels-introspectivedsgn-9890648.webp,/images/heroes/hero-fresh-asphalt-aggregate-texture.webp,
2026-07-29T23:06:53.169760,asphalt-driveway-cost-in-alaska-local-pricing,guides/asphalt-driveway-cost-in-alaska-local-pricing/index.html,swapped,0,/images/pexels-introspectivedsgn-9890648.webp,/images/heroes/hero-asphalt-edge-form-board.webp,Asphalt Driveway Cost in Alaska: Local Pricing — Drivewayz USA,Fresh asphalt edge lined by a wooden form board under overcast sky,string,https://drivewayzusa.co/images/hero-asphalt-driveway-cost-in-alaska-local-pricing.webp,https://drivewayzusa.co/images/heroes/hero-asphalt-edge-form-board.webp,true,/images/pexels-introspectivedsgn-9890648.webp,/images/heroes/hero-asphalt-edge-form-board.webp,
2026-07-29T23:06:53.170109,asphalt-driveway-cost-in-arkansas-local-pricing,guides/asphalt-driveway-cost-in-arkansas-local-pricing/index.html,swapped,0,/images/pexels-introspectivedsgn-9890648.webp,/images/heroes/hero-long-asphalt-drive-sunset.webp,Asphalt Driveway Cost in Arkansas: Local Pricing — Drivewayz USA,Long weathered asphalt drive glowing under low golden evening light,string,https://drivewayzusa.co/images/hero-asphalt-driveway-cost-in-arkansas-local-pricing.webp,https://drivewayzusa.co/images/heroes/hero-long-asphalt-drive-sunset.webp,true,/images/pexels-introspectivedsgn-9890648.webp,/images/heroes/hero-long-asphalt-drive-sunset.webp,
2026-07-29T23:06:53.170420,asphalt-driveway-cost-in-california-local-pricing,guides/asphalt-driveway-cost-in-california-local-pricing/index.html,swapped,0,/images/pexels-introspectivedsgn-9890648.webp,/images/heroes/hero-rain-beaded-sealed-asphalt.webp,Asphalt Driveway Cost in California: Local Pricing — Drivewayz USA,Raindrops beading across a dark sealed asphalt surface after rain,string,https://drivewayzusa.co/images/hero-asphalt-driveway-cost-in-california-local-pricing.webp,https://drivewayzusa.co/images/heroes/hero-rain-beaded-sealed-asphalt.webp,true,/images/pexels-introspectivedsgn-9890648.webp,/images/heroes/hero-rain-beaded-sealed-asphalt.webp,
2026-07-29T23:06:53.170768,asphalt-driveway-cost-in-colorado-local-pricing,guides/asphalt-driveway-cost-in-colorado-local-pricing/index.html,swapped,0,/images/pexels-introspectivedsgn-9890648.webp,/images/heroes/hero-asphalt-patch-seam-detail.webp,Asphalt Driveway Cost in Colorado: Local Pricing — Drivewayz USA,Straight seam of a fresh patch crossing a weathered asphalt surface,string,https://drivewayzusa.co/images/hero-asphalt-driveway-cost-in-colorado-local-pricing.webp,https://drivewayzusa.co/images/heroes/hero-asphalt-patch-seam-detail.webp,true,/images/pexels-introspectivedsgn-9890648.webp,/images/heroes/hero-asphalt-patch-seam-detail.webp,
2026-07-29T23:06:53.171108,asphalt-driveway-cost-in-delaware-local-pricing,guides/asphalt-driveway-cost-in-delaware-local-pricing/index.html,swapped,0,/images/pexels-introspectivedsgn-9890648.webp,/images/heroes/hero-new-asphalt-crisp-lawn-edge.webp,Asphalt Driveway Cost in Delaware: Local Pricing — Drivewayz USA,New asphalt strip with a crisp edge along a mowed lawn,string,https://drivewayzusa.co/images/hero-asphalt-driveway-cost-in-delaware-local-pricing.webp,https://drivewayzusa.co/images/heroes/hero-new-asphalt-crisp-lawn-edge.webp,true,/images/pexels-introspectivedsgn-9890648.webp,/images/heroes/hero-new-asphalt-crisp-lawn-edge.webp,
2026-07-29T23:06:53.171425,asphalt-driveway-cost-in-florida-local-pricing,guides/asphalt-driveway-cost-in-florida-local-pricing/index.html,swapped,0,/images/pexels-introspectivedsgn-9890648.webp,/images/heroes/hero-oil-spotted-faded-asphalt.webp,Asphalt Driveway Cost in Florida: Local Pricing — Drivewayz USA,Faded asphalt surface marked with dark oil spots under bright sun,string,https://drivewayzusa.co/images/hero-asphalt-driveway-cost-in-florida-local-pricing.webp,https://drivewayzusa.co/images/heroes/hero-oil-spotted-faded-asphalt.webp,true,/images/pexels-introspectivedsgn-9890648.webp,/images/heroes/hero-oil-spotted-faded-asphalt.webp,
2026-07-29T23:06:53.171665,asphalt-driveway-cost-in-georgia-local-pricing,guides/asphalt-driveway-cost-in-georgia-local-pricing/index.html,swapped,0,/images/pexels-introspectivedsgn-9890648.webp,/images/heroes/hero-asphalt-meets-gravel-shoulder.webp,Asphalt Driveway Cost in Georgia: Local Pricing — Drivewayz USA,New asphalt lane meeting a loose gravel shoulder under gray skies,string,https://drivewayzusa.co/images/hero-asphalt-driveway-cost-in-georgia-local-pricing.webp,https://drivewayzusa.co/images/heroes/hero-asphalt-meets-gravel-shoulder.webp,true,/images/pexels-introspectivedsgn-9890648.webp,/images/heroes/hero-asphalt-meets-gravel-shoulder.webp,
2026-07-29T23:06:53.171888,asphalt-driveway-cost-in-idaho-local-pricing,guides/asphalt-driveway-cost-in-idaho-local-pricing/index.html,swapped,0,/images/pexels-introspectivedsgn-9890648.webp,/images/heroes/hero-tack-coat-milled-joint.webp,Asphalt Driveway Cost in Idaho: Local Pricing — Drivewayz USA,Glossy black tack coat sprayed along a milled asphalt joint,string,https://drivewayzusa.co/images/hero-asphalt-driveway-cost-in-idaho-local-pricing.webp,https://drivewayzusa.co/images/heroes/hero-tack-coat-milled-joint.webp,true,/images/pexels-introspectivedsgn-9890648.webp,/images/heroes/hero-tack-coat-milled-joint.webp,
2026-07-29T23:06:53.172106,asphalt-driveway-cost-in-illinois-local-pricing,guides/asphalt-driveway-cost-in-illinois-local-pricing/index.html,swapped,0,/images/pexels-introspectivedsgn-9890648.webp,/images/heroes/hero-wet-sealed-asphalt-reflections.webp,Asphalt Driveway Cost in Illinois: Local Pricing — Drivewayz USA,Wet sealed asphalt drive reflecting pale sky after a rain shower,string,https://drivewayzusa.co/images/hero-asphalt-driveway-cost-in-illinois-local-pricing.webp,https://drivewayzusa.co/images/heroes/hero-wet-sealed-asphalt-reflections.webp,true,/images/pexels-introspectivedsgn-9890648.webp,/images/heroes/hero-wet-sealed-asphalt-reflections.webp,
2026-07-29T23:06:53.172427,asphalt-driveway-cost-in-indiana-local-pricing,guides/asphalt-driveway-cost-in-indiana-local-pricing/index.html,swapped,0,/images/pexels-introspectivedsgn-9890648.webp,/images/heroes/hero-hairline-cracks-gray-asphalt.webp,Asphalt Driveway Cost in Indiana: Local Pricing — Drivewayz USA,Fine hairline cracks threading through a gray weathered asphalt surface,string,https://drivewayzusa.co/images/hero-asphalt-driveway-cost-in-indiana-local-pricing.webp,https://drivewayzusa.co/images/heroes/hero-hairline-cracks-gray-asphalt.webp,true,/images/pexels-introspectivedsgn-9890648.webp,/images/heroes/hero-hairline-cracks-gray-asphalt.webp,
2026-07-29T23:06:53.172750,asphalt-driveway-cost-in-iowa-local-pricing,guides/asphalt-driveway-cost-in-iowa-local-pricing/index.html,swapped,0,/images/pexels-introspectivedsgn-9890648.webp,/images/heroes/hero-weathered-asphalt-field-lane.webp,Asphalt Driveway Cost in Iowa: Local Pricing — Drivewayz USA,Weathered asphalt lane running past open fields at golden hour,string,https://drivewayzusa.co/images/hero-asphalt-driveway-cost-in-iowa-local-pricing.webp,https://drivewayzusa.co/images/heroes/hero-weathered-asphalt-field-lane.webp,true,/images/pexels-introspectivedsgn-9890648.webp,/images/heroes/hero-weathered-asphalt-field-lane.webp,
2026-07-29T23:06:53.173439,asphalt-driveway-cost-in-kansas-local-pricing,guides/asphalt-driveway-cost-in-kansas-local-pricing/index.html,swapped,0,/images/pexels-introspectivedsgn-9890648.webp,/images/heroes/hero-roller-marks-fresh-asphalt.webp,Asphalt Driveway Cost in Kansas: Local Pricing — Drivewayz USA,Fresh asphalt mat showing roller passes under bright midday sun,string,https://drivewayzusa.co/images/hero-asphalt-driveway-cost-in-kansas-local-pricing.webp,https://drivewayzusa.co/images/heroes/hero-roller-marks-fresh-asphalt.webp,true,/images/pexels-introspectivedsgn-9890648.webp,/images/heroes/hero-roller-marks-fresh-asphalt.webp,
2026-07-29T23:06:53.174852,asphalt-driveway-cost-in-kentucky-local-pricing,guides/asphalt-driveway-cost-in-kentucky-local-pricing/index.html,swapped,0,/images/pexels-introspectivedsgn-9890648.webp,/images/heroes/hero-patched-tire-paths-asphalt.webp,Asphalt Driveway Cost in Kentucky: Local Pricing — Drivewayz USA,Weathered asphalt drive with darker patches along both tire paths,string,https://drivewayzusa.co/images/hero-asphalt-driveway-cost-in-kentucky-local-pricing.webp,https://drivewayzusa.co/images/heroes/hero-patched-tire-paths-asphalt.webp,true,/images/pexels-introspectivedsgn-9890648.webp,/images/heroes/hero-patched-tire-paths-asphalt.webp,
2026-07-29T23:06:53.175321,asphalt-driveway-cost-in-maine-local-pricing,guides/asphalt-driveway-cost-in-maine-local-pricing/index.html,swapped,0,/images/pexels-introspectivedsgn-9890648.webp,/images/heroes/hero-fresh-asphalt-rain-sheen.webp,Asphalt Driveway Cost in Maine: Local Pricing — Drivewayz USA,Fresh black asphalt glistening with a light sheen after rainfall,string,https://drivewayzusa.co/images/hero-asphalt-driveway-cost-in-maine-local-pricing.webp,https://drivewayzusa.co/images/heroes/hero-fresh-asphalt-rain-sheen.webp,true,/images/pexels-introspectivedsgn-9890648.webp,/images/heroes/hero-fresh-asphalt-rain-sheen.webp,
2026-07-29T23:06:53.175642,asphalt-driveway-cost-in-maryland-local-pricing,guides/asphalt-driveway-cost-in-maryland-local-pricing/index.html,swapped,0,/images/pexels-introspectivedsgn-9890648.webp,/images/heroes/hero-new-asphalt-curb-apron.webp,Asphalt Driveway Cost in Maryland: Local Pricing — Drivewayz USA,New asphalt apron sloping toward a concrete curb in warm light,string,https://drivewayzusa.co/images/hero-asphalt-driveway-cost-in-maryland-local-pricing.webp,https://drivewayzusa.co/images/heroes/hero-new-asphalt-curb-apron.webp,true,/images/pexels-introspectivedsgn-9890648.webp,/images/heroes/hero-new-asphalt-curb-apron.webp,
2026-07-29T23:06:53.175948,asphalt-driveway-cost-in-massachusetts-local-pricing,guides/asphalt-driveway-cost-in-massachusetts-local-pricing/index.html,swapped,0,/images/pexels-introspectivedsgn-9890648.webp,/images/heroes/hero-grass-edged-weathered-asphalt.webp,Asphalt Driveway Cost in Massachusetts: Local Pricing — Drivewayz USA,Weathered asphalt surface bordered by creeping grass along one edge,string,https://drivewayzusa.co/images/hero-asphalt-driveway-cost-in-massachusetts-local-pricing.webp,https://drivewayzusa.co/images/heroes/hero-grass-edged-weathered-asphalt.webp,true,/images/pexels-introspectivedsgn-9890648.webp,/images/heroes/hero-grass-edged-weathered-asphalt.webp,
2026-07-29T23:06:53.176368,asphalt-driveway-cost-in-michigan-local-pricing,guides/asphalt-driveway-cost-in-michigan-local-pricing/index.html,swapped,0,/images/pexels-introspectivedsgn-9890648.webp,/images/heroes/hero-crack-sealant-ribbon-damp.webp,Asphalt Driveway Cost in Michigan: Local Pricing — Drivewayz USA,Glossy crack sealant ribbon crossing a damp asphalt surface after rain,string,https://drivewayzusa.co/images/hero-asphalt-driveway-cost-in-michigan-local-pricing.webp,https://drivewayzusa.co/images/heroes/hero-crack-sealant-ribbon-damp.webp,true,/images/pexels-introspectivedsgn-9890648.webp,/images/heroes/hero-crack-sealant-ribbon-damp.webp,
2026-07-29T23:06:53.176821,asphalt-driveway-cost-in-minnesota-local-pricing,guides/asphalt-driveway-cost-in-minnesota-local-pricing/index.html,swapped,0,/images/pexels-introspectivedsgn-9890648.webp,/images/heroes/hero-cracked-drive-bright-sun.webp,Asphalt Driveway Cost in Minnesota: Local Pricing — Drivewayz USA,Cracked asphalt drive catching hard shadows under bright midday sun,string,https://drivewayzusa.co/images/hero-asphalt-driveway-cost-in-minnesota-local-pricing.webp,https://drivewayzusa.co/images/heroes/hero-cracked-drive-bright-sun.webp,true,/images/pexels-introspectivedsgn-9890648.webp,/images/heroes/hero-cracked-drive-bright-sun.webp,
2026-07-29T23:06:53.177276,asphalt-driveway-cost-in-mississippi-local-pricing,guides/asphalt-driveway-cost-in-mississippi-local-pricing/index.html,swapped,0,/images/pexels-introspectivedsgn-9890648.webp,/images/heroes/hero-fresh-asphalt-sawn-edge.webp,Asphalt Driveway Cost in Mississippi: Local Pricing — Drivewayz USA,Fresh asphalt surface with a clean sawn edge under overcast sky,string,https://drivewayzusa.co/images/hero-asphalt-driveway-cost-in-mississippi-local-pricing.webp,https://drivewayzusa.co/images/heroes/hero-fresh-asphalt-sawn-edge.webp,true,/images/pexels-introspectivedsgn-9890648.webp,/images/heroes/hero-fresh-asphalt-sawn-edge.webp,
2026-07-29T23:06:53.177546,asphalt-driveway-cost-in-missouri-local-pricing,guides/asphalt-driveway-cost-in-missouri-local-pricing/index.html,swapped,0,/images/pexels-introspectivedsgn-9890648.webp,/images/heroes/hero-fresh-asphalt-mat-overcast.webp,Asphalt Driveway Cost in Missouri: Local Pricing — Drivewayz USA,Freshly laid asphalt mat steaming gently under a flat overcast sky,string,https://drivewayzusa.co/images/hero-asphalt-driveway-cost-in-missouri-local-pricing.webp,https://drivewayzusa.co/images/heroes/hero-fresh-asphalt-mat-overcast.webp,true,/images/pexels-introspectivedsgn-9890648.webp,/images/heroes/hero-fresh-asphalt-mat-overcast.webp,
2026-07-29T23:06:53.177834,asphalt-driveway-cost-in-montana-local-pricing,guides/asphalt-driveway-cost-in-montana-local-pricing/index.html,swapped,0,/images/pexels-introspectivedsgn-9890648.webp,/images/heroes/hero-asphalt-drive-open-fields.webp,Asphalt Driveway Cost in Montana: Local Pricing — Drivewayz USA,Smooth asphalt drive stretching toward open fields at golden hour,string,https://drivewayzusa.co/images/hero-asphalt-driveway-cost-in-montana-local-pricing.webp,https://drivewayzusa.co/images/heroes/hero-asphalt-drive-open-fields.webp,true,/images/pexels-introspectivedsgn-9890648.webp,/images/heroes/hero-asphalt-drive-open-fields.webp,
2026-07-29T23:06:53.178091,asphalt-driveway-cost-in-nebraska-local-pricing,guides/asphalt-driveway-cost-in-nebraska-local-pricing/index.html,swapped,0,/images/pexels-introspectivedsgn-9890648.webp,/images/heroes/hero-faded-asphalt-exposed-stones.webp,Asphalt Driveway Cost in Nebraska: Local Pricing — Drivewayz USA,Weathered asphalt pavement with exposed stones under gray skies,string,https://drivewayzusa.co/images/hero-asphalt-driveway-cost-in-nebraska-local-pricing.webp,https://drivewayzusa.co/images/heroes/hero-faded-asphalt-exposed-stones.webp,true,/images/pexels-introspectivedsgn-9890648.webp,/images/heroes/hero-faded-asphalt-exposed-stones.webp,
2026-07-29T23:06:53.178333,asphalt-driveway-cost-in-nevada-local-pricing,guides/asphalt-driveway-cost-in-nevada-local-pricing/index.html,swapped,0,/images/pexels-introspectivedsgn-9890648.webp,/images/heroes/hero-sun-baked-asphalt-frontage.webp,Asphalt Driveway Cost in Nevada: Local Pricing — Drivewayz USA,Sun baked asphalt drive leading to a suburban garage at midday,string,https://drivewayzusa.co/images/hero-asphalt-driveway-cost-in-nevada-local-pricing.webp,https://drivewayzusa.co/images/heroes/hero-sun-baked-asphalt-frontage.webp,true,/images/pexels-introspectivedsgn-9890648.webp,/images/heroes/hero-sun-baked-asphalt-frontage.webp,
2026-07-29T23:06:53.178560,asphalt-driveway-cost-in-new-hampshire-local-pricing,guides/asphalt-driveway-cost-in-new-hampshire-local-pricing/index.html,swapped,0,/images/pexels-introspectivedsgn-9890648.webp,/images/heroes/hero-asphalt-edge-form-boards.webp,Asphalt Driveway Cost in New Hampshire: Local Pricing — Drivewayz USA,Fresh asphalt edge tucked against wooden form boards at dusk,string,https://drivewayzusa.co/images/hero-asphalt-driveway-cost-in-new-hampshire-local-pricing.webp,https://drivewayzusa.co/images/heroes/hero-asphalt-edge-form-boards.webp,true,/images/pexels-introspectivedsgn-9890648.webp,/images/heroes/hero-asphalt-edge-form-boards.webp,
2026-07-29T23:06:53.178805,asphalt-driveway-cost-in-new-jersey-local-pricing,guides/asphalt-driveway-cost-in-new-jersey-local-pricing/index.html,swapped,0,/images/pexels-introspectivedsgn-9890648.webp,/images/heroes/hero-sealed-asphalt-wet-sheen.webp,Asphalt Driveway Cost in New Jersey: Local Pricing — Drivewayz USA,Sealed asphalt pavement glistening with rain water in soft light,string,https://drivewayzusa.co/images/hero-asphalt-driveway-cost-in-new-jersey-local-pricing.webp,https://drivewayzusa.co/images/heroes/hero-sealed-asphalt-wet-sheen.webp,true,/images/pexels-introspectivedsgn-9890648.webp,/images/heroes/hero-sealed-asphalt-wet-sheen.webp,
2026-07-29T23:06:53.179057,asphalt-driveway-cost-in-new-mexico-local-pricing,guides/asphalt-driveway-cost-in-new-mexico-local-pricing/index.html,swapped,0,/images/pexels-introspectivedsgn-9890648.webp,/images/heroes/hero-cracked-asphalt-dry-grass.webp,Asphalt Driveway Cost in New Mexico: Local Pricing — Drivewayz USA,Cracked asphalt lane bordered by dry grass in warm evening light,string,https://drivewayzusa.co/images/hero-asphalt-driveway-cost-in-new-mexico-local-pricing.webp,https://drivewayzusa.co/images/heroes/hero-cracked-asphalt-dry-grass.webp,true,/images/pexels-introspectivedsgn-9890648.webp,/images/heroes/hero-cracked-asphalt-dry-grass.webp,
2026-07-29T23:06:53.179312,asphalt-driveway-cost-in-new-york-local-pricing,guides/asphalt-driveway-cost-in-new-york-local-pricing/index.html,swapped,0,/images/pexels-introspectivedsgn-9890648.webp,/images/heroes/hero-asphalt-patch-repair-closeup.webp,Asphalt Driveway Cost in New York: Local Pricing — Drivewayz USA,Fresh patch repair standing out on older asphalt pavement,string,https://drivewayzusa.co/images/hero-asphalt-driveway-cost-in-new-york-local-pricing.webp,https://drivewayzusa.co/images/heroes/hero-asphalt-patch-repair-closeup.webp,true,/images/pexels-introspectivedsgn-9890648.webp,/images/heroes/hero-asphalt-patch-repair-closeup.webp,
2026-07-29T23:06:53.179540,asphalt-driveway-cost-in-north-carolina-local-pricing,guides/asphalt-driveway-cost-in-north-carolina-local-pricing/index.html,swapped,0,/images/pexels-introspectivedsgn-9890648.webp,/images/heroes/hero-curved-asphalt-drive-midday.webp,Asphalt Driveway Cost in North Carolina: Local Pricing — Drivewayz USA,New asphalt drive curving toward a brick home under midday sun,string,https://drivewayzusa.co/images/hero-asphalt-driveway-cost-in-north-carolina-local-pricing.webp,https://drivewayzusa.co/images/heroes/hero-curved-asphalt-drive-midday.webp,true,/images/pexels-introspectivedsgn-9890648.webp,/images/heroes/hero-curved-asphalt-drive-midday.webp,
2026-07-29T23:06:53.179762,asphalt-driveway-cost-in-north-dakota-local-pricing,guides/asphalt-driveway-cost-in-north-dakota-local-pricing/index.html,swapped,0,/images/pexels-introspectivedsgn-9890648.webp,/images/heroes/hero-straight-asphalt-rural-lane.webp,Asphalt Driveway Cost in North Dakota: Local Pricing — Drivewayz USA,Straight asphalt lane crossing flat open land under gray skies,string,https://drivewayzusa.co/images/hero-asphalt-driveway-cost-in-north-dakota-local-pricing.webp,https://drivewayzusa.co/images/heroes/hero-straight-asphalt-rural-lane.webp,true,/images/pexels-introspectivedsgn-9890648.webp,/images/heroes/hero-straight-asphalt-rural-lane.webp,
2026-07-29T23:06:53.180003,asphalt-driveway-cost-in-oklahoma-local-pricing,guides/asphalt-driveway-cost-in-oklahoma-local-pricing/index.html,swapped,0,/images/pexels-introspectivedsgn-9890648.webp,/images/heroes/hero-asphalt-crack-filler-line.webp,Asphalt Driveway Cost in Oklahoma: Local Pricing — Drivewayz USA,Dark crack filler tracing a repaired line across asphalt pavement,string,https://drivewayzusa.co/images/hero-asphalt-driveway-cost-in-oklahoma-local-pricing.webp,https://drivewayzusa.co/images/heroes/hero-asphalt-crack-filler-line.webp,true,/images/pexels-introspectivedsgn-9890648.webp,/images/heroes/hero-asphalt-crack-filler-line.webp,
2026-07-29T23:06:53.180852,asphalt-driveway-cost-in-oregon-local-pricing,guides/asphalt-driveway-cost-in-oregon-local-pricing/index.html,swapped,0,/images/pexels-introspectivedsgn-9890648.webp,/images/heroes/hero-rain-beaded-asphalt-closeup.webp,Asphalt Driveway Cost in Oregon: Local Pricing — Drivewayz USA,Rain beads dotting a weathered asphalt surface in soft light,string,https://drivewayzusa.co/images/hero-asphalt-driveway-cost-in-oregon-local-pricing.webp,https://drivewayzusa.co/images/heroes/hero-rain-beaded-asphalt-closeup.webp,true,/images/pexels-introspectivedsgn-9890648.webp,/images/heroes/hero-rain-beaded-asphalt-closeup.webp,
2026-07-29T23:06:53.181709,asphalt-driveway-cost-in-pennsylvania-local-pricing,guides/asphalt-driveway-cost-in-pennsylvania-local-pricing/index.html,swapped,0,/images/pexels-introspectivedsgn-9890648.webp,/images/heroes/hero-asphalt-lute-fresh-mat.webp,Asphalt Driveway Cost in Pennsylvania: Local Pricing — Drivewayz USA,Asphalt lute resting on a freshly spread blacktop mat,string,https://drivewayzusa.co/images/hero-asphalt-driveway-cost-in-pennsylvania-local-pricing.webp,https://drivewayzusa.co/images/heroes/hero-asphalt-lute-fresh-mat.webp,true,/images/pexels-introspectivedsgn-9890648.webp,/images/heroes/hero-asphalt-lute-fresh-mat.webp,
2026-07-29T23:06:53.182185,asphalt-driveway-cost-in-rhode-island-local-pricing,guides/asphalt-driveway-cost-in-rhode-island-local-pricing/index.html,swapped,0,/images/pexels-introspectivedsgn-9890648.webp,/images/heroes/hero-short-sealed-asphalt-drive.webp,Asphalt Driveway Cost in Rhode Island: Local Pricing — Drivewayz USA,Short sealed asphalt drive beside a modest clapboard home on gray day,string,https://drivewayzusa.co/images/hero-asphalt-driveway-cost-in-rhode-island-local-pricing.webp,https://drivewayzusa.co/images/heroes/hero-short-sealed-asphalt-drive.webp,true,/images/pexels-introspectivedsgn-9890648.webp,/images/heroes/hero-short-sealed-asphalt-drive.webp,
2026-07-29T23:06:53.182699,asphalt-driveway-cost-in-south-carolina-local-pricing,guides/asphalt-driveway-cost-in-south-carolina-local-pricing/index.html,swapped,0,/images/pexels-introspectivedsgn-9890648.webp,/images/heroes/hero-roller-marked-fresh-asphalt.webp,Asphalt Driveway Cost in South Carolina: Local Pricing — Drivewayz USA,Fresh asphalt showing soft roller marks in warm evening light,string,https://drivewayzusa.co/images/hero-asphalt-driveway-cost-in-south-carolina-local-pricing.webp,https://drivewayzusa.co/images/heroes/hero-roller-marked-fresh-asphalt.webp,true,/images/pexels-introspectivedsgn-9890648.webp,/images/heroes/hero-roller-marked-fresh-asphalt.webp,
2026-07-29T23:06:53.183213,asphalt-driveway-cost-in-south-dakota-local-pricing,guides/asphalt-driveway-cost-in-south-dakota-local-pricing/index.html,swapped,0,/images/pexels-introspectivedsgn-9890648.webp,/images/heroes/hero-weathered-asphalt-fence-posts.webp,Asphalt Driveway Cost in South Dakota: Local Pricing — Drivewayz USA,Weathered asphalt lane running beside fence posts in bright sun,string,https://drivewayzusa.co/images/hero-asphalt-driveway-cost-in-south-dakota-local-pricing.webp,https://drivewayzusa.co/images/heroes/hero-weathered-asphalt-fence-posts.webp,true,/images/pexels-introspectivedsgn-9890648.webp,/images/heroes/hero-weathered-asphalt-fence-posts.webp,
2026-07-29T23:06:53.183650,asphalt-driveway-cost-in-tennessee-local-pricing,guides/asphalt-driveway-cost-in-tennessee-local-pricing/index.html,swapped,0,/images/pexels-introspectivedsgn-9890648.webp,/images/heroes/hero-crumbling-asphalt-edge-closeup.webp,Asphalt Driveway Cost in Tennessee: Local Pricing — Drivewayz USA,Crumbling asphalt edge with loose gravel under flat gray light,string,https://drivewayzusa.co/images/hero-asphalt-driveway-cost-in-tennessee-local-pricing.webp,https://drivewayzusa.co/images/heroes/hero-crumbling-asphalt-edge-closeup.webp,true,/images/pexels-introspectivedsgn-9890648.webp,/images/heroes/hero-crumbling-asphalt-edge-closeup.webp,
2026-07-29T23:06:53.184195,asphalt-driveway-cost-in-texas-local-pricing,guides/asphalt-driveway-cost-in-texas-local-pricing/index.html,swapped,0,/images/pexels-introspectivedsgn-9890648.webp,/images/heroes/hero-wide-asphalt-drive-midday.webp,Asphalt Driveway Cost in Texas: Local Pricing — Drivewayz USA,Wide new asphalt drive in front of a single story home,string,https://drivewayzusa.co/images/hero-asphalt-driveway-cost-in-texas-local-pricing.webp,https://drivewayzusa.co/images/heroes/hero-wide-asphalt-drive-midday.webp,true,/images/pexels-introspectivedsgn-9890648.webp,/images/heroes/hero-wide-asphalt-drive-midday.webp,
2026-07-29T23:06:53.185396,asphalt-driveway-cost-in-utah-local-pricing,guides/asphalt-driveway-cost-in-utah-local-pricing/index.html,swapped,1,/images/pexels-introspectivedsgn-9890648.webp,/images/heroes/hero-old-new-asphalt-joint.webp,Asphalt Driveway Cost in Utah: Local Pricing — Drivewayz USA,Joint where new asphalt meets older pavement after a rain,string,https://drivewayzusa.co/images/hero-asphalt-driveway-cost-in-utah-local-pricing.webp,https://drivewayzusa.co/images/heroes/hero-old-new-asphalt-joint.webp,true,/images/pexels-introspectivedsgn-9890648.webp,/images/heroes/hero-old-new-asphalt-joint.webp,
2026-07-29T23:06:53.187671,asphalt-driveway-cost-in-vermont-local-pricing,guides/asphalt-driveway-cost-in-vermont-local-pricing/index.html,swapped,2,/images/pexels-introspectivedsgn-9890648.webp,/images/heroes/hero-asphalt-lane-fallen-leaves.webp,Asphalt Driveway Cost in Vermont: Local Pricing — Drivewayz USA,Weathered asphalt lane scattered with fallen leaves at dusk,string,https://drivewayzusa.co/images/hero-asphalt-driveway-cost-in-vermont-local-pricing.webp,https://drivewayzusa.co/images/heroes/hero-asphalt-lane-fallen-leaves.webp,true,/images/pexels-introspectivedsgn-9890648.webp,/images/heroes/hero-asphalt-lane-fallen-leaves.webp,
2026-07-29T23:06:53.188094,asphalt-driveway-cost-in-virginia-local-pricing,guides/asphalt-driveway-cost-in-virginia-local-pricing/index.html,swapped,0,/images/pexels-introspectivedsgn-9890648.webp,/images/heroes/hero-clean-edged-sealed-drive.webp,Asphalt Driveway Cost in Virginia: Local Pricing — Drivewayz USA,Freshly sealed asphalt drive with crisp edges in evening glow,string,https://drivewayzusa.co/images/hero-asphalt-driveway-cost-in-virginia-local-pricing.webp,https://drivewayzusa.co/images/heroes/hero-clean-edged-sealed-drive.webp,true,/images/pexels-introspectivedsgn-9890648.webp,/images/heroes/hero-clean-edged-sealed-drive.webp,
2026-07-29T23:06:53.190421,asphalt-driveway-cost-in-washington-local-pricing,guides/asphalt-driveway-cost-in-washington-local-pricing/index.html,swapped,2,/images/pexels-introspectivedsgn-9890648.webp,/images/heroes/hero-wet-asphalt-gray-reflection.webp,Asphalt Driveway Cost in Washington: Local Pricing — Drivewayz USA,Wet asphalt surface reflecting a cloudy sky after rainfall,string,https://drivewayzusa.co/images/hero-asphalt-driveway-cost-in-washington-local-pricing.webp,https://drivewayzusa.co/images/heroes/hero-wet-asphalt-gray-reflection.webp,true,/images/pexels-introspectivedsgn-9890648.webp,/images/heroes/hero-wet-asphalt-gray-reflection.webp,
2026-07-29T23:06:53.190781,asphalt-driveway-cost-in-wisconsin-local-pricing,guides/asphalt-driveway-cost-in-wisconsin-local-pricing/index.html,swapped,0,/images/pexels-introspectivedsgn-9890648.webp,/images/heroes/hero-cold-patch-pothole-repair.webp,Asphalt Driveway Cost in Wisconsin: Local Pricing — Drivewayz USA,Cold patch material filling a pothole in worn asphalt pavement,string,https://drivewayzusa.co/images/hero-asphalt-driveway-cost-in-wisconsin-local-pricing.webp,https://drivewayzusa.co/images/heroes/hero-cold-patch-pothole-repair.webp,true,/images/pexels-introspectivedsgn-9890648.webp,/images/heroes/hero-cold-patch-pothole-repair.webp,
2026-07-29T23:06:53.191129,asphalt-driveway-cost-in-wyoming-local-pricing,guides/asphalt-driveway-cost-in-wyoming-local-pricing/index.html,swapped,0,/images/pexels-introspectivedsgn-9890648.webp,/images/heroes/hero-asphalt-ribbon-open-horizon.webp,Asphalt Driveway Cost in Wyoming: Local Pricing — Drivewayz USA,New asphalt ribbon running straight toward an open horizon,string,https://drivewayzusa.co/images/hero-asphalt-driveway-cost-in-wyoming-local-pricing.webp,https://drivewayzusa.co/images/heroes/hero-asphalt-ribbon-open-horizon.webp,true,/images/pexels-introspectivedsgn-9890648.webp,/images/heroes/hero-asphalt-ribbon-open-horizon.webp,
2026-07-29T23:06:53.191510,asphalt-driveway-cost-per-square-foot-guide,guides/asphalt-driveway-cost-per-square-foot-guide/index.html,swapped,0,/images/pexels-introspectivedsgn-9890648.webp,/images/heroes/hero-asphalt-fine-aggregate-texture.webp,Asphalt Driveway Cost per Square Foot Guide — Drivewayz USA,Close view of fresh black asphalt with fine aggregate texture,string,https://drivewayzusa.co/images/hero-asphalt-driveway-cost-per-square-foot-guide.webp,https://drivewayzusa.co/images/heroes/hero-asphalt-fine-aggregate-texture.webp,true,/images/pexels-introspectivedsgn-9890648.webp,/images/heroes/hero-asphalt-fine-aggregate-texture.webp,
2026-07-29T23:06:53.192021,asphalt-driveway-crack-repair-diy-methods-that-work,guides/asphalt-driveway-crack-repair-diy-methods-that-work/index.html,swapped,0,/images/pexels-introspectivedsgn-9890648.webp,/images/heroes/hero-asphalt-crack-sealant-line.webp,Asphalt Driveway Crack Repair: DIY Methods That Work — Drivewayz USA,Narrow blacktop fissure sealed with a fresh sealant bead,string,https://drivewayzusa.co/images/hero-asphalt-driveway-crack-repair-diy-methods-that-work.webp,https://drivewayzusa.co/images/heroes/hero-asphalt-crack-sealant-line.webp,true,/images/pexels-introspectivedsgn-9890648.webp,/images/heroes/hero-asphalt-crack-sealant-line.webp,
2026-07-29T23:06:53.192548,asphalt-driveway-installation-step-by-step-guide,guides/asphalt-driveway-installation-step-by-step-guide/index.html,swapped,0,/images/pexels-introspectivedsgn-9890648.webp,/images/heroes/hero-fresh-asphalt-mat-screed-edge.webp,Asphalt Driveway Installation Step-by-Step Guide — Drivewayz USA,Fresh black asphalt mat with a straight screed edge,string,https://drivewayzusa.co/images/hero-asphalt-driveway-installation-step-by-step-guide.webp,https://drivewayzusa.co/images/heroes/hero-fresh-asphalt-mat-screed-edge.webp,true,/images/pexels-introspectivedsgn-9890648.webp,/images/heroes/hero-fresh-asphalt-mat-screed-edge.webp,
2026-07-29T23:06:53.193141,asphalt-driveway-lifespan-factors-that-affect-longevity,guides/asphalt-driveway-lifespan-factors-that-affect-longevity/index.html,swapped,0,/images/pexels-introspectivedsgn-9890648.webp,/images/heroes/hero-weathered-asphalt-faded-frontage.webp,Asphalt Driveway Lifespan: Factors That Affect Longevity — Drivewayz USA,Faded weathered asphalt drive under warm evening light,string,https://drivewayzusa.co/images/hero-asphalt-driveway-lifespan-factors-that-affect-longevity.webp,https://drivewayzusa.co/images/heroes/hero-weathered-asphalt-faded-frontage.webp,true,/images/pexels-introspectivedsgn-9890648.webp,/images/heroes/hero-weathered-asphalt-faded-frontage.webp,
2026-07-29T23:06:53.193534,asphalt-driveway-thickness-residential-vs-commercial,guides/asphalt-driveway-thickness-residential-vs-commercial/index.html,swapped,0,/images/pexels-introspectivedsgn-9890648.webp,/images/heroes/hero-asphalt-layer-edge-profile.webp,Asphalt Driveway Thickness: Residential vs Commercial — Drivewayz USA,Low view of an asphalt edge showing compacted layer profile,string,https://drivewayzusa.co/images/hero-asphalt-driveway-thickness-residential-vs-commercial.webp,https://drivewayzusa.co/images/heroes/hero-asphalt-layer-edge-profile.webp,true,/images/pexels-introspectivedsgn-9890648.webp,/images/heroes/hero-asphalt-layer-edge-profile.webp,
2026-07-29T23:06:53.195595,asphalt-oil-price-impact-on-driveway-costs,guides/asphalt-oil-price-impact-on-driveway-costs/index.html,swapped,2,/images/pexels-introspectivedsgn-9890648.webp,/images/heroes/hero-asphalt-sealcoat-roller-marks.webp,Asphalt Oil Price Impact on Driveway Costs — Drivewayz USA,Sealcoated asphalt surface with visible roller marks in sunlight,string,https://drivewayzusa.co/images/hero-asphalt-oil-price-impact-on-driveway-costs.webp,https://drivewayzusa.co/images/heroes/hero-asphalt-sealcoat-roller-marks.webp,true,/images/pexels-introspectivedsgn-9890648.webp,/images/heroes/hero-asphalt-sealcoat-roller-marks.webp,
2026-07-29T23:06:53.197581,asphalt-overlay-costs-and-considerations,guides/asphalt-overlay-costs-and-considerations/index.html,swapped,1,/images/pexels-introspectivedsgn-9890648.webp,/images/heroes/hero-overlay-meets-old-asphalt.webp,Asphalt Overlay: Costs and Considerations — Drivewayz USA,New asphalt mat meeting an older worn blacktop surface,string,https://drivewayzusa.co/images/hero-asphalt-overlay-costs-and-considerations.webp,https://drivewayzusa.co/images/heroes/hero-overlay-meets-old-asphalt.webp,true,/images/pexels-introspectivedsgn-9890648.webp,/images/heroes/hero-overlay-meets-old-asphalt.webp,
2026-07-29T23:06:53.198020,asphalt-overlay-on-concrete-driveway-can-it-be-done,guides/asphalt-overlay-on-concrete-driveway-can-it-be-done/index.html,swapped,0,/images/pexels-introspectivedsgn-9890648.webp,/images/heroes/hero-asphalt-overlay-concrete-joint.webp,Asphalt Overlay on Concrete Driveway: Can It Be Done? — Drivewayz USA,Wet fresh blacktop laid against pale concrete at the joint,string,https://drivewayzusa.co/images/hero-asphalt-overlay-on-concrete-driveway-can-it-be-done.webp,https://drivewayzusa.co/images/heroes/hero-asphalt-overlay-concrete-joint.webp,true,/images/pexels-introspectivedsgn-9890648.webp,/images/heroes/hero-asphalt-overlay-concrete-joint.webp,
2026-07-29T23:06:53.198448,asphalt-vs-concrete-in-hot-climates-heat-and-uv-resistance,guides/asphalt-vs-concrete-in-hot-climates-heat-and-uv-resistance/index.html,swapped,0,/images/pexels-introspectivedsgn-9890648.webp,/images/heroes/hero-half-asphalt-half-concrete.webp,Asphalt vs Concrete in Hot Climates: Heat and UV Resistance — Drivewayz USA,Sunlit frontage split between dark blacktop and pale concrete,string,https://drivewayzusa.co/images/hero-asphalt-vs-concrete-in-hot-climates-heat-and-uv-resistance.webp,https://drivewayzusa.co/images/heroes/hero-half-asphalt-half-concrete.webp,true,/images/pexels-introspectivedsgn-9890648.webp,/images/heroes/hero-half-asphalt-half-concrete.webp,
2026-07-29T23:06:53.199412,asphalt-vs-gravel-driveway-long-term-cost-analysis,guides/asphalt-vs-gravel-driveway-long-term-cost-analysis/index.html,swapped,0,/images/pexels-introspectivedsgn-9890648.webp,/images/heroes/hero-asphalt-edge-meets-gravel.webp,Asphalt vs Gravel Driveway: Long-Term Cost Analysis — Drivewayz USA,Blacktop edge meeting loose gravel shoulder on a rural lane,string,https://drivewayzusa.co/images/hero-asphalt-vs-gravel-driveway-long-term-cost-analysis.webp,https://drivewayzusa.co/images/heroes/hero-asphalt-edge-meets-gravel.webp,true,/images/pexels-introspectivedsgn-9890648.webp,/images/heroes/hero-asphalt-edge-meets-gravel.webp,
2026-07-29T23:06:53.200081,average-driveway-replacement-cost-by-material,guides/average-driveway-replacement-cost-by-material/index.html,swapped,0,/images/pexels-pixabay-221540.webp,/images/heroes/hero-broken-concrete-slab-edge.webp,Average Driveway Replacement Cost by Material — Drivewayz USA,Broken gray concrete slabs with jagged edges awaiting removal,string,https://drivewayzusa.co/images/hero-average-driveway-replacement-cost-by-material.webp,https://drivewayzusa.co/images/heroes/hero-broken-concrete-slab-edge.webp,true,/images/pexels-pixabay-221540.webp,/images/heroes/hero-broken-concrete-slab-edge.webp,
2026-07-29T23:06:53.200469,basalt-driveway,guides/basalt-driveway/index.html,swapped,0,/images/pexels-pixabay-221540.webp,/images/heroes/hero-dark-basalt-paver-drive.webp,Basalt Driveway Cost Guide — Drivewayz USA,Dark basalt pavers in neat rows at a home entrance at dusk,string,https://drivewayzusa.co/images/hero-basalt-driveway.webp,https://drivewayzusa.co/images/heroes/hero-dark-basalt-paver-drive.webp,false,,,
2026-07-29T23:06:53.200851,before-and-after-driveway-renovation-photo-gallery-ideas,guides/before-and-after-driveway-renovation-photo-gallery-ideas/index.html,swapped,0,/images/pexels-pixabay-221540.webp,/images/heroes/hero-concrete-half-resurfaced-drive.webp,Before and After Driveway Renovation: Photo Gallery Ideas — Drivewayz USA,Drive partly resurfaced with smooth fresh concrete beside old finish,string,https://drivewayzusa.co/images/hero-before-and-after-driveway-renovation-photo-gallery-ideas.webp,https://drivewayzusa.co/images/heroes/hero-concrete-half-resurfaced-drive.webp,true,/images/pexels-pixabay-221540.webp,/images/heroes/hero-concrete-half-resurfaced-drive.webp,
2026-07-29T23:06:53.201180,best-budget-driveway-for-clay-soil,guides/best-budget-driveway-for-clay-soil/index.html,swapped,0,/images/pexels-pixabay-221540.webp,/images/heroes/hero-gravel-drive-clay-verge.webp,Best Budget Driveway for Clay Soil — Drivewayz USA,Gravel lane edged with a bare clay verge under gray sky,string,https://drivewayzusa.co/images/hero-best-budget-driveway-for-clay-soil.webp,https://drivewayzusa.co/images/heroes/hero-gravel-drive-clay-verge.webp,true,/images/pexels-pixabay-221540.webp,/images/heroes/hero-gravel-drive-clay-verge.webp,
2026-07-29T23:06:53.201686,best-budget-driveway-for-coastal-homes,guides/best-budget-driveway-for-coastal-homes/index.html,swapped,0,/images/pexels-pixabay-221540.webp,/images/heroes/hero-shell-gravel-frontage.webp,Best Budget Driveway for Coastal Homes — Drivewayz USA,Crushed shell and gravel frontage in bright midday light,string,https://drivewayzusa.co/images/hero-best-budget-driveway-for-coastal-homes.webp,https://drivewayzusa.co/images/heroes/hero-shell-gravel-frontage.webp,true,/images/pexels-pixabay-221540.webp,/images/heroes/hero-shell-gravel-frontage.webp,
2026-07-29T23:06:53.202169,best-budget-driveway-for-sandy-soil,guides/best-budget-driveway-for-sandy-soil/index.html,swapped,0,/images/pexels-pixabay-221540.webp,/images/heroes/hero-gravel-drive-sandy-shoulder.webp,Best Budget Driveway for Sandy Soil — Drivewayz USA,Low view of a gravel track with sandy shoulder at dusk,string,https://drivewayzusa.co/images/hero-best-budget-driveway-for-sandy-soil.webp,https://drivewayzusa.co/images/heroes/hero-gravel-drive-sandy-shoulder.webp,true,/images/pexels-pixabay-221540.webp,/images/heroes/hero-gravel-drive-sandy-shoulder.webp,
2026-07-29T23:06:53.204644,best-budget-driveway-material-for-heavy-snow-regions,guides/best-budget-driveway-material-for-heavy-snow-regions/index.html,swapped,2,/images/pexels-sobeslavjan-13838908.webp,/images/heroes/hero-broomed-concrete-snow-dusting.webp,Best Budget Driveway Material for Heavy Snow Regions — Drivewayz USA,Weathered broom finished concrete dusted with light snow,string,https://drivewayzusa.co/images/hero-best-budget-driveway-material-for-heavy-snow-regions.webp,https://drivewayzusa.co/images/heroes/hero-broomed-concrete-snow-dusting.webp,true,/images/pexels-sobeslavjan-13838908.webp,/images/heroes/hero-broomed-concrete-snow-dusting.webp,
2026-07-29T23:06:53.205084,best-concrete-driveway-sealer-penetrating-vs-film-forming,guides/best-concrete-driveway-sealer-penetrating-vs-film-forming/index.html,swapped,0,/images/pexels-pixabay-221540.webp,/images/heroes/hero-sealed-concrete-half-sheen.webp,Best Concrete Driveway Sealer: Penetrating vs Film-Forming — Drivewayz USA,Rain wet sealed concrete with half glossy half matte finish,string,https://drivewayzusa.co/images/hero-best-concrete-driveway-sealer-penetrating-vs-film-forming.webp,https://drivewayzusa.co/images/heroes/hero-sealed-concrete-half-sheen.webp,true,/images/pexels-pixabay-221540.webp,/images/heroes/hero-sealed-concrete-half-sheen.webp,
2026-07-29T23:06:53.205485,best-driveway-designs-on-pinterest-inspiration-board,guides/best-driveway-designs-on-pinterest-inspiration-board/index.html,swapped,0,/images/pexels-pixabay-221540.webp,/images/heroes/hero-paver-fan-pattern-frontage.webp,Best Driveway Designs on Pinterest: Inspiration Board — Drivewayz USA,Pavers in a fan pattern curving toward a front entrance,string,https://drivewayzusa.co/images/hero-best-driveway-designs-on-pinterest-inspiration-board.webp,https://drivewayzusa.co/images/heroes/hero-paver-fan-pattern-frontage.webp,true,/images/pexels-pixabay-221540.webp,/images/heroes/hero-paver-fan-pattern-frontage.webp,
2026-07-29T23:06:53.206425,best-driveway-for-desert-heat-and-sun-exposure,guides/best-driveway-for-desert-heat-and-sun-exposure/index.html,swapped,0,/images/pexels-sobeslavjan-13838908.webp,/images/heroes/hero-faded-pale-concrete-sun.webp,Best Driveway for Desert Heat and Sun Exposure — Drivewayz USA,Faded pale concrete drive under harsh bright midday sun,string,https://drivewayzusa.co/images/hero-best-driveway-for-desert-heat-and-sun-exposure.webp,https://drivewayzusa.co/images/heroes/hero-faded-pale-concrete-sun.webp,true,/images/pexels-sobeslavjan-13838908.webp,/images/heroes/hero-faded-pale-concrete-sun.webp,
2026-07-29T23:06:53.207667,best-driveway-for-florida-heat-and-humidity,guides/best-driveway-for-florida-heat-and-humidity/index.html,swapped,1,/images/pexels-pixabay-221540.webp,/images/heroes/hero-damp-sealed-concrete-drive.webp,Best Driveway for Florida Heat and Humidity — Drivewayz USA,Sealed concrete drive still damp after a passing shower,string,https://drivewayzusa.co/images/hero-best-driveway-for-florida-heat-and-humidity.webp,https://drivewayzusa.co/images/heroes/hero-damp-sealed-concrete-drive.webp,true,/images/pexels-pixabay-221540.webp,/images/heroes/hero-damp-sealed-concrete-drive.webp,
2026-07-29T23:06:53.208226,best-driveway-for-rainy-and-wet-climates,guides/best-driveway-for-rainy-and-wet-climates/index.html,swapped,0,/images/pexels-sobeslavjan-13838908.webp,/images/heroes/hero-permeable-paver-rain-joints.webp,Best Driveway for Rainy and Wet Climates — Drivewayz USA,Permeable pavers with water draining through wide joints,string,https://drivewayzusa.co/images/hero-best-driveway-for-rainy-and-wet-climates.webp,https://drivewayzusa.co/images/heroes/hero-permeable-paver-rain-joints.webp,true,/images/pexels-sobeslavjan-13838908.webp,/images/heroes/hero-permeable-paver-rain-joints.webp,
2026-07-29T23:06:53.208677,best-driveway-for-texas-heat-and-expansive-clay-soil,guides/best-driveway-for-texas-heat-and-expansive-clay-soil/index.html,swapped,0,/images/pexels-pixabay-221540.webp,/images/heroes/hero-sun-baked-cracked-concrete.webp,Best Driveway for Texas Heat and Expansive Clay Soil — Drivewayz USA,Sun baked concrete slab split by a jagged shrinkage crack,string,https://drivewayzusa.co/images/hero-best-driveway-for-texas-heat-and-expansive-clay-soil.webp,https://drivewayzusa.co/images/heroes/hero-sun-baked-cracked-concrete.webp,true,/images/pexels-pixabay-221540.webp,/images/heroes/hero-sun-baked-cracked-concrete.webp,
2026-07-29T23:06:53.209049,best-driveway-hoa-neighborhoods,guides/best-driveway-hoa-neighborhoods/index.html,swapped,0,/images/pexels-pixabay-221540.webp,/images/heroes/hero-neat-sealed-paver-frontage.webp,Best Driveway Material for HOA-Restricted Neighborhoods — Drivewayz USA,Neatly sealed pavers in tidy rows beside a trimmed lawn,string,https://drivewayzusa.co/images/hero-best-driveway-hoa-neighborhoods.webp,https://drivewayzusa.co/images/heroes/hero-neat-sealed-paver-frontage.webp,true,/images/pexels-pixabay-221540.webp,/images/heroes/hero-neat-sealed-paver-frontage.webp,
2026-07-29T23:06:53.209537,best-driveway-luxury-homes,guides/best-driveway-luxury-homes/index.html,swapped,0,/images/matt-jones-xpDHTc-pkog-unsplash.webp,/images/heroes/hero-cobblestone-curved-estate-drive.webp,Best Driveway Material for Luxury Homes — Drivewayz USA,Curving cobblestone drive in warm evening light before a large home,string,https://drivewayzusa.co/images/hero-best-driveway-luxury-homes.webp,https://drivewayzusa.co/images/heroes/hero-cobblestone-curved-estate-drive.webp,true,/images/matt-jones-xpDHTc-pkog-unsplash.webp,/images/heroes/hero-cobblestone-curved-estate-drive.webp,
2026-07-29T23:06:53.209979,best-driveway-material-for-alaska-homes,guides/best-driveway-material-for-alaska-homes/index.html,swapped,0,/images/pexels-pixabay-221540.webp,/images/heroes/hero-sealed-asphalt-snow-cleared-edges.webp,Best Driveway Material for Alaska Homes — Drivewayz USA,Sealed asphalt drive with cleared snow piled along both edges,string,https://drivewayzusa.co/images/hero-best-driveway-material-for-alaska-homes.webp,https://drivewayzusa.co/images/heroes/hero-sealed-asphalt-snow-cleared-edges.webp,true,/images/pexels-pixabay-221540.webp,/images/heroes/hero-sealed-asphalt-snow-cleared-edges.webp,
2026-07-29T23:06:53.210348,best-driveway-material-for-arizona-homes,guides/best-driveway-material-for-arizona-homes/index.html,swapped,0,/images/pexels-pixabay-221540.webp,/images/heroes/hero-pale-concrete-drive-bright-sun.webp,Best Driveway Material for Arizona Homes — Drivewayz USA,Pale broomed concrete drive under harsh bright midday sun,string,https://drivewayzusa.co/images/hero-best-driveway-material-for-arizona-homes.webp,https://drivewayzusa.co/images/heroes/hero-pale-concrete-drive-bright-sun.webp,true,/images/pexels-pixabay-221540.webp,/images/heroes/hero-pale-concrete-drive-bright-sun.webp,
2026-07-29T23:06:53.210677,best-driveway-material-for-arkansas-homes,guides/best-driveway-material-for-arkansas-homes/index.html,swapped,0,/images/pexels-pixabay-221540.webp,/images/heroes/hero-damp-asphalt-drive-rain-sheen.webp,Best Driveway Material for Arkansas Homes — Drivewayz USA,Damp asphalt drive glistening with rain sheen under gray sky,string,https://drivewayzusa.co/images/hero-best-driveway-material-for-arkansas-homes.webp,https://drivewayzusa.co/images/heroes/hero-damp-asphalt-drive-rain-sheen.webp,true,/images/pexels-pixabay-221540.webp,/images/heroes/hero-damp-asphalt-drive-rain-sheen.webp,
2026-07-29T23:06:53.210995,best-driveway-material-for-clay-soil-longevity-focus,guides/best-driveway-material-for-clay-soil-longevity-focus/index.html,swapped,0,/images/pexels-pixabay-221540.webp,/images/heroes/hero-compacted-gravel-base-clay-subgrade.webp,Best Driveway Material for Clay Soil (Longevity Focus) — Drivewayz USA,Compacted gravel base layer spread over excavated clay subgrade,string,https://drivewayzusa.co/images/hero-best-driveway-material-for-clay-soil-longevity-focus.webp,https://drivewayzusa.co/images/heroes/hero-compacted-gravel-base-clay-subgrade.webp,true,/images/pexels-pixabay-221540.webp,/images/heroes/hero-compacted-gravel-base-clay-subgrade.webp,
2026-07-29T23:06:53.211364,best-driveway-material-for-colorado-homes,guides/best-driveway-material-for-colorado-homes/index.html,swapped,0,/images/pexels-pixabay-221540.webp,/images/heroes/hero-paver-drive-snow-dusted-joints.webp,Best Driveway Material for Colorado Homes — Drivewayz USA,Interlocking paver drive with light snow dusting between joints,string,https://drivewayzusa.co/images/hero-best-driveway-material-for-colorado-homes.webp,https://drivewayzusa.co/images/heroes/hero-paver-drive-snow-dusted-joints.webp,true,/images/pexels-pixabay-221540.webp,/images/heroes/hero-paver-drive-snow-dusted-joints.webp,
2026-07-29T23:06:53.211596,best-driveway-material-for-connecticut-homes,guides/best-driveway-material-for-connecticut-homes/index.html,swapped,0,/images/pexels-pixabay-221540.webp,/images/heroes/hero-cobblestone-apron-meets-asphalt-drive.webp,Best Driveway Material for Connecticut Homes — Drivewayz USA,Weathered cobblestone apron meeting smooth asphalt at the curb line,string,https://drivewayzusa.co/images/hero-best-driveway-material-for-connecticut-homes.webp,https://drivewayzusa.co/images/heroes/hero-cobblestone-apron-meets-asphalt-drive.webp,true,/images/pexels-pixabay-221540.webp,/images/heroes/hero-cobblestone-apron-meets-asphalt-drive.webp,
2026-07-29T23:06:53.211831,best-driveway-material-for-delaware-homes,guides/best-driveway-material-for-delaware-homes/index.html,swapped,0,/images/pexels-pixabay-221540.webp,/images/heroes/hero-resin-bound-pebble-surface-detail.webp,Best Driveway Material for Delaware Homes — Drivewayz USA,Smooth resin bound pebble surface with even stone texture,string,https://drivewayzusa.co/images/hero-best-driveway-material-for-delaware-homes.webp,https://drivewayzusa.co/images/heroes/hero-resin-bound-pebble-surface-detail.webp,true,/images/pexels-pixabay-221540.webp,/images/heroes/hero-resin-bound-pebble-surface-detail.webp,
2026-07-29T23:06:53.212090,best-driveway-material-for-georgia-homes,guides/best-driveway-material-for-georgia-homes/index.html,swapped,0,/images/pexels-pixabay-221540.webp,/images/heroes/hero-new-concrete-drive-tree-shade.webp,Best Driveway Material for Georgia Homes — Drivewayz USA,Fresh concrete drive shaded by overhanging tree branches at dusk,string,https://drivewayzusa.co/images/hero-best-driveway-material-for-georgia-homes.webp,https://drivewayzusa.co/images/heroes/hero-new-concrete-drive-tree-shade.webp,true,/images/pexels-pixabay-221540.webp,/images/heroes/hero-new-concrete-drive-tree-shade.webp,
2026-07-29T23:06:53.212428,best-driveway-material-for-hawaii-homes,guides/best-driveway-material-for-hawaii-homes/index.html,swapped,0,/images/pexels-pixabay-221540.webp,/images/heroes/hero-rain-washed-concrete-drive-puddles.webp,Best Driveway Material for Hawaii Homes — Drivewayz USA,Rain washed concrete drive with shallow puddles along the edges,string,https://drivewayzusa.co/images/hero-best-driveway-material-for-hawaii-homes.webp,https://drivewayzusa.co/images/heroes/hero-rain-washed-concrete-drive-puddles.webp,true,/images/pexels-pixabay-221540.webp,/images/heroes/hero-rain-washed-concrete-drive-puddles.webp,
2026-07-29T23:06:53.212800,best-driveway-material-for-high-water-table-areas,guides/best-driveway-material-for-high-water-table-areas/index.html,swapped,0,/images/pexels-pixabay-221540.webp,/images/heroes/hero-open-graded-gravel-drainage-base.webp,Best Driveway Material for High Water Table Areas — Drivewayz USA,Open graded gravel drainage base raked level before paving,string,https://drivewayzusa.co/images/hero-best-driveway-material-for-high-water-table-areas.webp,https://drivewayzusa.co/images/heroes/hero-open-graded-gravel-drainage-base.webp,true,/images/pexels-pixabay-221540.webp,/images/heroes/hero-open-graded-gravel-drainage-base.webp,
2026-07-29T23:06:53.213611,best-driveway-material-for-idaho-homes,guides/best-driveway-material-for-idaho-homes/index.html,swapped,0,/images/pexels-pixabay-221540.webp,/images/heroes/hero-gravel-drive-ranch-gate-approach.webp,Best Driveway Material for Idaho Homes — Drivewayz USA,Weathered gravel drive stretching toward a simple farm gate,string,https://drivewayzusa.co/images/hero-best-driveway-material-for-idaho-homes.webp,https://drivewayzusa.co/images/heroes/hero-gravel-drive-ranch-gate-approach.webp,true,/images/pexels-pixabay-221540.webp,/images/heroes/hero-gravel-drive-ranch-gate-approach.webp,
2026-07-29T23:06:53.214056,best-driveway-material-for-indiana-homes,guides/best-driveway-material-for-indiana-homes/index.html,swapped,0,/images/pexels-pixabay-221540.webp,/images/heroes/hero-sealed-asphalt-drive-evening-light.webp,Best Driveway Material for Indiana Homes — Drivewayz USA,Freshly sealed asphalt drive glowing in warm evening light,string,https://drivewayzusa.co/images/hero-best-driveway-material-for-indiana-homes.webp,https://drivewayzusa.co/images/heroes/hero-sealed-asphalt-drive-evening-light.webp,true,/images/pexels-pixabay-221540.webp,/images/heroes/hero-sealed-asphalt-drive-evening-light.webp,
2026-07-29T23:06:53.214360,best-driveway-material-for-iowa-homes,guides/best-driveway-material-for-iowa-homes/index.html,swapped,0,/images/pexels-pixabay-221540.webp,/images/heroes/hero-wide-new-concrete-front-drive.webp,Best Driveway Material for Iowa Homes — Drivewayz USA,Wide new concrete front drive with clean sawn control joints,string,https://drivewayzusa.co/images/hero-best-driveway-material-for-iowa-homes.webp,https://drivewayzusa.co/images/heroes/hero-wide-new-concrete-front-drive.webp,true,/images/pexels-pixabay-221540.webp,/images/heroes/hero-wide-new-concrete-front-drive.webp,
2026-07-29T23:06:53.214818,best-driveway-material-for-kansas-homes,guides/best-driveway-material-for-kansas-homes/index.html,swapped,0,/images/pexels-pixabay-221540.webp,/images/heroes/hero-chip-seal-gravel-shoulder-detail.webp,Best Driveway Material for Kansas Homes — Drivewayz USA,Chip seal surface with loose gravel shoulder at close range,string,https://drivewayzusa.co/images/hero-best-driveway-material-for-kansas-homes.webp,https://drivewayzusa.co/images/heroes/hero-chip-seal-gravel-shoulder-detail.webp,true,/images/pexels-pixabay-221540.webp,/images/heroes/hero-chip-seal-gravel-shoulder-detail.webp,
2026-07-29T23:06:53.215170,best-driveway-material-for-louisiana-homes,guides/best-driveway-material-for-louisiana-homes/index.html,swapped,0,/images/pexels-pixabay-221540.webp,/images/heroes/hero-cracked-asphalt-standing-water.webp,Best Driveway Material for Louisiana Homes — Drivewayz USA,Cracked asphalt drive holding shallow pools of standing water,string,https://drivewayzusa.co/images/hero-best-driveway-material-for-louisiana-homes.webp,https://drivewayzusa.co/images/heroes/hero-cracked-asphalt-standing-water.webp,true,/images/pexels-pixabay-221540.webp,/images/heroes/hero-cracked-asphalt-standing-water.webp,
2026-07-29T23:06:53.215526,best-driveway-material-for-maine-homes,guides/best-driveway-material-for-maine-homes/index.html,swapped,0,/images/pexels-pixabay-221540.webp,/images/heroes/hero-gravel-drive-stone-edging.webp,Best Driveway Material for Maine Homes — Drivewayz USA,Weathered gravel drive bordered by rough cut stone edging,string,https://drivewayzusa.co/images/hero-best-driveway-material-for-maine-homes.webp,https://drivewayzusa.co/images/heroes/hero-gravel-drive-stone-edging.webp,true,/images/pexels-pixabay-221540.webp,/images/heroes/hero-gravel-drive-stone-edging.webp,
2026-07-29T23:06:53.215829,best-driveway-material-for-maryland-homes,guides/best-driveway-material-for-maryland-homes/index.html,swapped,0,/images/pexels-pixabay-221540.webp,/images/heroes/hero-sealed-brick-paver-entry-drive.webp,Best Driveway Material for Maryland Homes — Drivewayz USA,Sealed brick paver drive reflecting warm late afternoon light,string,https://drivewayzusa.co/images/hero-best-driveway-material-for-maryland-homes.webp,https://drivewayzusa.co/images/heroes/hero-sealed-brick-paver-entry-drive.webp,true,/images/pexels-pixabay-221540.webp,/images/heroes/hero-sealed-brick-paver-entry-drive.webp,
2026-07-29T23:06:53.216382,best-driveway-material-for-massachusetts-homes,guides/best-driveway-material-for-massachusetts-homes/index.html,swapped,0,/images/pexels-pixabay-221540.webp,/images/heroes/hero-tumbled-paver-surface-closeup.webp,Best Driveway Material for Massachusetts Homes — Drivewayz USA,Tumbled concrete pavers with softened edges and tight joints,string,https://drivewayzusa.co/images/hero-best-driveway-material-for-massachusetts-homes.webp,https://drivewayzusa.co/images/heroes/hero-tumbled-paver-surface-closeup.webp,true,/images/pexels-pixabay-221540.webp,/images/heroes/hero-tumbled-paver-surface-closeup.webp,
2026-07-29T23:06:53.217114,best-driveway-material-for-minnesota-homes,guides/best-driveway-material-for-minnesota-homes/index.html,swapped,0,/images/pexels-pixabay-221540.webp,/images/heroes/hero-frost-cracked-concrete-panel-closeup.webp,Best Driveway Material for Minnesota Homes — Drivewayz USA,Frost cracked concrete panel with fine lines across surface,string,https://drivewayzusa.co/images/hero-best-driveway-material-for-minnesota-homes.webp,https://drivewayzusa.co/images/heroes/hero-frost-cracked-concrete-panel-closeup.webp,true,/images/pexels-pixabay-221540.webp,/images/heroes/hero-frost-cracked-concrete-panel-closeup.webp,
2026-07-29T23:06:53.217514,best-driveway-material-for-montana-homes,guides/best-driveway-material-for-montana-homes/index.html,swapped,0,/images/pexels-pixabay-221540.webp,/images/heroes/hero-freshly-graded-gravel-rural-drive.webp,Best Driveway Material for Montana Homes — Drivewayz USA,Freshly graded gravel drive curving through open pasture land,string,https://drivewayzusa.co/images/hero-best-driveway-material-for-montana-homes.webp,https://drivewayzusa.co/images/heroes/hero-freshly-graded-gravel-rural-drive.webp,true,/images/pexels-pixabay-221540.webp,/images/heroes/hero-freshly-graded-gravel-rural-drive.webp,
2026-07-29T23:06:53.217981,best-driveway-material-for-nebraska-homes,guides/best-driveway-material-for-nebraska-homes/index.html,swapped,0,/images/pexels-pixabay-221540.webp,/images/heroes/hero-fresh-asphalt-mat-compaction.webp,Best Driveway Material for Nebraska Homes — Drivewayz USA,Fresh asphalt mat partially compacted with loose unrolled edge,string,https://drivewayzusa.co/images/hero-best-driveway-material-for-nebraska-homes.webp,https://drivewayzusa.co/images/heroes/hero-fresh-asphalt-mat-compaction.webp,true,/images/pexels-pixabay-221540.webp,/images/heroes/hero-fresh-asphalt-mat-compaction.webp,
2026-07-29T23:06:53.218416,best-driveway-material-for-nevada-homes,guides/best-driveway-material-for-nevada-homes/index.html,swapped,0,/images/pexels-pixabay-221540.webp,/images/heroes/hero-light-paver-drive-harsh-sun.webp,Best Driveway Material for Nevada Homes — Drivewayz USA,Light colored paver drive reflecting intense midday sun,string,https://drivewayzusa.co/images/hero-best-driveway-material-for-nevada-homes.webp,https://drivewayzusa.co/images/heroes/hero-light-paver-drive-harsh-sun.webp,true,/images/pexels-pixabay-221540.webp,/images/heroes/hero-light-paver-drive-harsh-sun.webp,
2026-07-29T23:06:53.218761,best-driveway-material-for-new-jersey-homes,guides/best-driveway-material-for-new-jersey-homes/index.html,swapped,0,/images/pexels-pixabay-221540.webp,/images/heroes/hero-concrete-drive-brick-edging-strip.webp,Best Driveway Material for New Jersey Homes — Drivewayz USA,Sealed concrete drive framed by a single brick edging strip,string,https://drivewayzusa.co/images/hero-best-driveway-material-for-new-jersey-homes.webp,https://drivewayzusa.co/images/heroes/hero-concrete-drive-brick-edging-strip.webp,true,/images/pexels-pixabay-221540.webp,/images/heroes/hero-concrete-drive-brick-edging-strip.webp,
2026-07-29T23:06:53.219103,best-driveway-material-for-new-mexico-homes,guides/best-driveway-material-for-new-mexico-homes/index.html,swapped,0,/images/pexels-pixabay-221540.webp,/images/heroes/hero-decomposed-granite-rural-drive.webp,Best Driveway Material for New Mexico Homes — Drivewayz USA,Decomposed granite drive winding past dry grass verges,string,https://drivewayzusa.co/images/hero-best-driveway-material-for-new-mexico-homes.webp,https://drivewayzusa.co/images/heroes/hero-decomposed-granite-rural-drive.webp,true,/images/pexels-pixabay-221540.webp,/images/heroes/hero-decomposed-granite-rural-drive.webp,
2026-07-29T23:06:53.219406,best-driveway-material-for-north-dakota-homes,guides/best-driveway-material-for-north-dakota-homes/index.html,swapped,0,/images/pexels-pixabay-221540.webp,/images/heroes/hero-concrete-drive-snow-cleared-path.webp,Best Driveway Material for North Dakota Homes — Drivewayz USA,Weathered concrete drive with a cleared path through fresh snow,string,https://drivewayzusa.co/images/hero-best-driveway-material-for-north-dakota-homes.webp,https://drivewayzusa.co/images/heroes/hero-concrete-drive-snow-cleared-path.webp,true,/images/pexels-pixabay-221540.webp,/images/heroes/hero-concrete-drive-snow-cleared-path.webp,
2026-07-29T23:06:53.219773,best-driveway-material-for-oklahoma-homes,guides/best-driveway-material-for-oklahoma-homes/index.html,swapped,0,/images/pexels-pixabay-221540.webp,/images/heroes/hero-tan-paver-frontage-lawn.webp,Best Driveway Material for Oklahoma Homes — Drivewayz USA,Tan pavers lead past a neat lawn to a suburban garage,string,https://drivewayzusa.co/images/hero-best-driveway-material-for-oklahoma-homes.webp,https://drivewayzusa.co/images/heroes/hero-tan-paver-frontage-lawn.webp,true,/images/pexels-pixabay-221540.webp,/images/heroes/hero-tan-paver-frontage-lawn.webp,
2026-07-29T23:06:53.220230,best-driveway-material-for-oregon-homes,guides/best-driveway-material-for-oregon-homes/index.html,swapped,0,/images/pexels-pixabay-221540.webp,/images/heroes/hero-smooth-concrete-overcast-frontage.webp,Best Driveway Material for Oregon Homes — Drivewayz USA,Smooth new concrete drive under an overcast sky beside shrubs,string,https://drivewayzusa.co/images/hero-best-driveway-material-for-oregon-homes.webp,https://drivewayzusa.co/images/heroes/hero-smooth-concrete-overcast-frontage.webp,true,/images/pexels-pixabay-221540.webp,/images/heroes/hero-smooth-concrete-overcast-frontage.webp,
2026-07-29T23:06:53.220601,best-driveway-material-for-pennsylvania-homes,guides/best-driveway-material-for-pennsylvania-homes/index.html,swapped,0,/images/pexels-pixabay-221540.webp,/images/heroes/hero-fresh-asphalt-midday-frontage.webp,Best Driveway Material for Pennsylvania Homes — Drivewayz USA,Fresh asphalt drive in bright midday sun beside a lawn,string,https://drivewayzusa.co/images/hero-best-driveway-material-for-pennsylvania-homes.webp,https://drivewayzusa.co/images/heroes/hero-fresh-asphalt-midday-frontage.webp,true,/images/pexels-pixabay-221540.webp,/images/heroes/hero-fresh-asphalt-midday-frontage.webp,
2026-07-29T23:06:53.220982,best-driveway-material-for-resale-value,guides/best-driveway-material-for-resale-value/index.html,swapped,0,/images/pexels-pixabay-221540.webp,/images/heroes/hero-cobblestone-golden-hour-frontage.webp,Best Driveway Material for Resale Value — Drivewayz USA,Cobblestone drive glowing at golden hour in front of a garage,string,https://drivewayzusa.co/images/hero-best-driveway-material-for-resale-value.webp,https://drivewayzusa.co/images/heroes/hero-cobblestone-golden-hour-frontage.webp,true,/images/pexels-pixabay-221540.webp,/images/heroes/hero-cobblestone-golden-hour-frontage.webp,
2026-07-29T23:06:53.221379,best-driveway-material-for-rhode-island-homes,guides/best-driveway-material-for-rhode-island-homes/index.html,swapped,0,/images/pexels-pixabay-221540.webp,/images/heroes/hero-weathered-concrete-low-angle.webp,Best Driveway Material for Rhode Island Homes — Drivewayz USA,Weathered concrete surface with faint stains along the drive,string,https://drivewayzusa.co/images/hero-best-driveway-material-for-rhode-island-homes.webp,https://drivewayzusa.co/images/heroes/hero-weathered-concrete-low-angle.webp,true,/images/pexels-pixabay-221540.webp,/images/heroes/hero-weathered-concrete-low-angle.webp,
2026-07-29T23:06:53.221753,best-driveway-material-for-sandy-soil,guides/best-driveway-material-for-sandy-soil/index.html,swapped,0,/images/pexels-pixabay-221540.webp,/images/heroes/hero-gravel-over-pale-sand.webp,Best Driveway Material for Sandy Soil — Drivewayz USA,Loose gravel spread over pale sand along the drive edge,string,https://drivewayzusa.co/images/hero-best-driveway-material-for-sandy-soil.webp,https://drivewayzusa.co/images/heroes/hero-gravel-over-pale-sand.webp,true,/images/pexels-pixabay-221540.webp,/images/heroes/hero-gravel-over-pale-sand.webp,
2026-07-29T23:06:53.222018,best-driveway-material-for-south-dakota-homes,guides/best-driveway-material-for-south-dakota-homes/index.html,swapped,0,/images/pexels-pixabay-221540.webp,/images/heroes/hero-straight-gravel-rural-approach.webp,Best Driveway Material for South Dakota Homes — Drivewayz USA,Straight gravel drive stretching across open land under gray skies,string,https://drivewayzusa.co/images/hero-best-driveway-material-for-south-dakota-homes.webp,https://drivewayzusa.co/images/heroes/hero-straight-gravel-rural-approach.webp,true,/images/pexels-pixabay-221540.webp,/images/heroes/hero-straight-gravel-rural-approach.webp,
2026-07-29T23:06:53.222248,best-driveway-material-for-steep-slopes-and-hills,guides/best-driveway-material-for-steep-slopes-and-hills/index.html,swapped,0,/images/pexels-pixabay-221540.webp,/images/heroes/hero-broomed-concrete-steep-incline.webp,Best Driveway Material for Steep Slopes and Hills — Drivewayz USA,Broomed concrete drive climbing a sharp incline in warm light,string,https://drivewayzusa.co/images/hero-best-driveway-material-for-steep-slopes-and-hills.webp,https://drivewayzusa.co/images/heroes/hero-broomed-concrete-steep-incline.webp,true,/images/pexels-pixabay-221540.webp,/images/heroes/hero-broomed-concrete-steep-incline.webp,
2026-07-29T23:06:53.222480,best-driveway-material-for-tennessee-homes,guides/best-driveway-material-for-tennessee-homes/index.html,swapped,0,/images/pexels-pixabay-221540.webp,/images/heroes/hero-sealed-asphalt-wet-reflections.webp,Best Driveway Material for Tennessee Homes — Drivewayz USA,Sealed asphalt with wet reflections beside the curb,string,https://drivewayzusa.co/images/hero-best-driveway-material-for-tennessee-homes.webp,https://drivewayzusa.co/images/heroes/hero-sealed-asphalt-wet-reflections.webp,true,/images/pexels-pixabay-221540.webp,/images/heroes/hero-sealed-asphalt-wet-reflections.webp,
2026-07-29T23:06:53.222720,best-driveway-material-for-utah-homes,guides/best-driveway-material-for-utah-homes/index.html,swapped,0,/images/pexels-pixabay-221540.webp,/images/heroes/hero-interlocking-pavers-midday-low-angle.webp,Best Driveway Material for Utah Homes — Drivewayz USA,Interlocking pavers catching bright midday light along the drive,string,https://drivewayzusa.co/images/hero-best-driveway-material-for-utah-homes.webp,https://drivewayzusa.co/images/heroes/hero-interlocking-pavers-midday-low-angle.webp,true,/images/pexels-pixabay-221540.webp,/images/heroes/hero-interlocking-pavers-midday-low-angle.webp,
2026-07-29T23:06:53.223234,best-driveway-material-for-vermont-homes,guides/best-driveway-material-for-vermont-homes/index.html,swapped,0,/images/pexels-pixabay-221540.webp,/images/heroes/hero-weathered-gravel-frontage-shrubs.webp,Best Driveway Material for Vermont Homes — Drivewayz USA,Weathered gravel drive bordered by shrubs beneath gray skies,string,https://drivewayzusa.co/images/hero-best-driveway-material-for-vermont-homes.webp,https://drivewayzusa.co/images/heroes/hero-weathered-gravel-frontage-shrubs.webp,true,/images/pexels-pixabay-221540.webp,/images/heroes/hero-weathered-gravel-frontage-shrubs.webp,
2026-07-29T23:06:53.223691,best-driveway-material-for-wyoming-homes,guides/best-driveway-material-for-wyoming-homes/index.html,swapped,0,/images/pexels-pixabay-221540.webp,/images/heroes/hero-open-grassland-gravel-drive.webp,Best Driveway Material for Wyoming Homes — Drivewayz USA,Gravel drive crossing open grassland toward a distant barn,string,https://drivewayzusa.co/images/hero-best-driveway-material-for-wyoming-homes.webp,https://drivewayzusa.co/images/heroes/hero-open-grassland-gravel-drive.webp,true,/images/pexels-pixabay-221540.webp,/images/heroes/hero-open-grassland-gravel-drive.webp,
2026-07-29T23:06:53.224359,best-driveway-rental-property,guides/best-driveway-rental-property/index.html,swapped,0,/images/pexels-pixabay-221540.webp,/images/heroes/hero-plain-concrete-modest-frontage.webp,Best Driveway Material for Rental Properties — Drivewayz USA,Plain concrete drive in front of a modest single story house,string,https://drivewayzusa.co/images/hero-best-driveway-rental-property.webp,https://drivewayzusa.co/images/heroes/hero-plain-concrete-modest-frontage.webp,true,/images/pexels-pixabay-221540.webp,/images/heroes/hero-plain-concrete-modest-frontage.webp,
2026-07-29T23:06:53.225012,best-time-of-year-to-install-a-driveway-for-lower-costs,guides/best-time-of-year-to-install-a-driveway-for-lower-costs/index.html,swapped,0,/images/pexels-pixabay-221540.webp,/images/heroes/hero-fresh-concrete-between-forms.webp,Best Time of Year to Install a Driveway for Lower Costs — Drivewayz USA,Freshly poured concrete drive still framed by wooden edge forms,string,https://drivewayzusa.co/images/hero-best-time-of-year-to-install-a-driveway-for-lower-costs.webp,https://drivewayzusa.co/images/heroes/hero-fresh-concrete-between-forms.webp,true,/images/pexels-pixabay-221540.webp,/images/heroes/hero-fresh-concrete-between-forms.webp,
2026-07-29T23:06:53.225460,better-business-bureau-for-driveway-complaints-how-it-works,guides/better-business-bureau-for-driveway-complaints-how-it-works/index.html,swapped,0,/images/pexels-pixabay-221540.webp,/images/heroes/hero-alligator-cracked-asphalt-detail.webp,Better Business Bureau for Driveway Complaints: How It Works — Drivewayz USA,Alligator cracking spread across a worn asphalt surface,string,https://drivewayzusa.co/images/hero-better-business-bureau-for-driveway-complaints-how-it-works.webp,https://drivewayzusa.co/images/heroes/hero-alligator-cracked-asphalt-detail.webp,true,/images/pexels-pixabay-221540.webp,/images/heroes/hero-alligator-cracked-asphalt-detail.webp,
2026-07-29T23:06:53.225897,black-driveway-vs-light-driveway-heat-absorption-and-curb-appeal,guides/black-driveway-vs-light-driveway-heat-absorption-and-curb-appeal/index.html,swapped,0,/images/matt-jones-xpDHTc-pkog-unsplash.webp,/images/heroes/hero-dark-asphalt-light-concrete-joint.webp,Black Driveway vs Light Driveway: Heat Absorption and Curb Appeal — Drivewayz USA,Dark sealed asphalt meeting pale concrete along a straight joint,string,https://drivewayzusa.co/images/hero-black-driveway-vs-light-driveway-heat-absorption-and-curb-appeal.webp,https://drivewayzusa.co/images/heroes/hero-dark-asphalt-light-concrete-joint.webp,true,/images/matt-jones-xpDHTc-pkog-unsplash.webp,/images/heroes/hero-dark-asphalt-light-concrete-joint.webp,
2026-07-29T23:06:53.226295,bluerock-driveway-installation-guide,guides/bluerock-driveway-installation-guide/index.html,swapped,0,/images/pexels-pixabay-221540.webp,/images/heroes/hero-blue-gray-crushed-stone-piles.webp,Bluerock Driveway Installation Guide — Drivewayz USA,Blue gray crushed stone spread in loose piles on a drive,string,https://drivewayzusa.co/images/hero-bluerock-driveway-installation-guide.webp,https://drivewayzusa.co/images/heroes/hero-blue-gray-crushed-stone-piles.webp,true,/images/pexels-pixabay-221540.webp,/images/heroes/hero-blue-gray-crushed-stone-piles.webp,
2026-07-29T23:06:53.226621,boat-ramp-driveway-modifications,guides/boat-ramp-driveway-modifications/index.html,swapped,0,/images/pexels-pixabay-221540.webp,/images/heroes/hero-concrete-ramp-to-water-edge.webp,Boat Ramp Driveway Modifications — Drivewayz USA,Weathered concrete ramp sloping down toward the water edge,string,https://drivewayzusa.co/images/hero-boat-ramp-driveway-modifications.webp,https://drivewayzusa.co/images/heroes/hero-concrete-ramp-to-water-edge.webp,true,/images/pexels-pixabay-221540.webp,/images/heroes/hero-concrete-ramp-to-water-edge.webp,
2026-07-29T23:06:53.227014,bonded-vs-unbonded-driveway-contractors-whats-the-difference,guides/bonded-vs-unbonded-driveway-contractors-whats-the-difference/index.html,swapped,0,/images/pexels-pixabay-221540.webp,/images/heroes/hero-paver-install-edge-restraints.webp,Bonded vs Unbonded Driveway Contractors: What&amp;#x27;s the Difference? — Drivewayz USA,Newly laid pavers with edge restraints awaiting joint sand,string,https://drivewayzusa.co/images/hero-bonded-vs-unbonded-driveway-contractors-whats-the-difference.webp,https://drivewayzusa.co/images/heroes/hero-paver-install-edge-restraints.webp,true,/images/pexels-pixabay-221540.webp,/images/heroes/hero-paver-install-edge-restraints.webp,
2026-07-29T23:06:53.227373,brick-driveway-installation-and-maintenance,guides/brick-driveway-installation-and-maintenance/index.html,swapped,0,/images/pexels-curtis-adams-1694007-3958961.webp,/images/heroes/hero-red-brick-paver-closeup.webp,Brick Driveway Installation and Maintenance — Drivewayz USA,Red brick pavers with weathered edges catching warm evening light,string,https://drivewayzusa.co/images/hero-brick-driveway-installation-and-maintenance.webp,https://drivewayzusa.co/images/heroes/hero-red-brick-paver-closeup.webp,true,/images/pexels-curtis-adams-1694007-3958961.webp,/images/heroes/hero-red-brick-paver-closeup.webp,
2026-07-29T23:06:53.227772,budget-driveway-flood-prone,guides/budget-driveway-flood-prone/index.html,swapped,0,/images/pexels-pixabay-221540.webp,/images/heroes/hero-wet-gravel-puddle-drainage.webp,Best Budget Driveway for Flood-Prone Yards — Drivewayz USA,Rain puddles draining into a gravel drive after a storm,string,https://drivewayzusa.co/images/hero-budget-driveway-flood-prone.webp,https://drivewayzusa.co/images/heroes/hero-wet-gravel-puddle-drainage.webp,true,/images/pexels-pixabay-221540.webp,/images/heroes/hero-wet-gravel-puddle-drainage.webp,
2026-07-29T23:06:53.228174,budget-driveway-house-flippers,guides/budget-driveway-house-flippers/index.html,swapped,0,/images/pexels-pixabay-221540.webp,/images/heroes/hero-new-asphalt-plain-home-frontage.webp,Best Budget Driveway for House Flippers — Drivewayz USA,Fresh asphalt drive giving a simple home a clean look,string,https://drivewayzusa.co/images/hero-budget-driveway-house-flippers.webp,https://drivewayzusa.co/images/heroes/hero-new-asphalt-plain-home-frontage.webp,true,/images/pexels-pixabay-221540.webp,/images/heroes/hero-new-asphalt-plain-home-frontage.webp,
2026-07-29T23:06:53.228428,budget-driveway-makeover-ideas-under-500,guides/budget-driveway-makeover-ideas-under-500/index.html,swapped,0,/images/pexels-pixabay-221540.webp,/images/heroes/hero-fresh-crack-sealant-line.webp,Budget Driveway Makeover Ideas Under $500 — Drivewayz USA,Fresh sealant filling a long crack across an asphalt drive,string,https://drivewayzusa.co/images/hero-budget-driveway-makeover-ideas-under-500.webp,https://drivewayzusa.co/images/heroes/hero-fresh-crack-sealant-line.webp,true,/images/pexels-pixabay-221540.webp,/images/heroes/hero-fresh-crack-sealant-line.webp,
2026-07-29T23:06:53.228799,budget-long-rural-driveway,guides/budget-long-rural-driveway/index.html,swapped,0,/images/pexels-pixabay-221540.webp,/images/heroes/hero-winding-gravel-potholes-gray-skies.webp,Best Budget Driveway for Long Rural Properties — Drivewayz USA,Winding gravel drive with shallow potholes under gray skies,string,https://drivewayzusa.co/images/hero-budget-long-rural-driveway.webp,https://drivewayzusa.co/images/heroes/hero-winding-gravel-potholes-gray-skies.webp,true,/images/pexels-pixabay-221540.webp,/images/heroes/hero-winding-gravel-potholes-gray-skies.webp,
2026-07-29T23:06:53.229060,bulk-material-discounts-how-to-save-on-driveway-supplies,guides/bulk-material-discounts-how-to-save-on-driveway-supplies/index.html,swapped,0,/images/pexels-pixabay-221540.webp,/images/heroes/hero-aggregate-stockpile-beside-drive.webp,Bulk Material Discounts: How to Save on Driveway Supplies — Drivewayz USA,A tall pile of crushed aggregate waiting beside a drive,string,https://drivewayzusa.co/images/hero-bulk-material-discounts-how-to-save-on-driveway-supplies.webp,https://drivewayzusa.co/images/heroes/hero-aggregate-stockpile-beside-drive.webp,true,/images/pexels-pixabay-221540.webp,/images/heroes/hero-aggregate-stockpile-beside-drive.webp,
2026-07-29T23:06:53.229393,carbon-footprint-of-different-driveway-materials,guides/carbon-footprint-of-different-driveway-materials/index.html,swapped,0,/images/pexels-pixabay-221540.webp,/images/heroes/hero-concrete-asphalt-joint-low-angle.webp,Carbon Footprint of Different Driveway Materials — Drivewayz USA,Low angle view of a weathered concrete driveway meeting an asphalt street,string,https://drivewayzusa.co/images/hero-carbon-footprint-of-different-driveway-materials.webp,https://drivewayzusa.co/images/heroes/hero-concrete-asphalt-joint-low-angle.webp,true,/images/pexels-pixabay-221540.webp,/images/heroes/hero-concrete-asphalt-joint-low-angle.webp,
2026-07-29T23:06:53.230078,chip-seal-driveway,guides/chip-seal-driveway/index.html,swapped,0,/images/pexels-introspectivedsgn-7475608.webp,/images/heroes/hero-fresh-chip-seal-stone-spread.webp,Chip Seal Driveway Cost Guide — Drivewayz USA,Loose stone chips spread over fresh hot binder during chip seal work,string,https://drivewayzusa.co/images/pexels-introspectivedsgn-7475608.webp,https://drivewayzusa.co/images/heroes/hero-fresh-chip-seal-stone-spread.webp,true,/images/pexels-introspectivedsgn-7475608.webp,/images/heroes/hero-fresh-chip-seal-stone-spread.webp,
2026-07-29T23:06:53.230327,circular-driveway-design-and-layout-guide,guides/circular-driveway-design-and-layout-guide/index.html,swapped,0,/images/pexels-pixabay-221540.webp,/images/heroes/hero-curved-paver-loop-frontage.webp,Circular Driveway Design and Layout Guide — Drivewayz USA,Curved brick paver loop drive sweeping past a front lawn at dusk,string,https://drivewayzusa.co/images/hero-circular-driveway-design-and-layout-guide.webp,https://drivewayzusa.co/images/heroes/hero-curved-paver-loop-frontage.webp,true,/images/pexels-pixabay-221540.webp,/images/heroes/hero-curved-paver-loop-frontage.webp,
2026-07-29T23:06:53.230655,coastal-regions-best-driveway-materials-for-north-carolina,guides/coastal-regions-best-driveway-materials-for-north-carolina/index.html,swapped,0,/images/pexels-pixabay-221540.webp,/images/heroes/hero-shell-gravel-sandy-verge.webp,Coastal Regions: Best Driveway Materials for North Carolina — Drivewayz USA,Crushed shell gravel drive with sandy verges under bright midday sun,string,https://drivewayzusa.co/images/hero-coastal-regions-best-driveway-materials-for-north-carolina.webp,https://drivewayzusa.co/images/heroes/hero-shell-gravel-sandy-verge.webp,true,/images/pexels-pixabay-221540.webp,/images/heroes/hero-shell-gravel-sandy-verge.webp,
2026-07-29T23:06:53.230975,cobblestone-driveway-traditional-style-guide,guides/cobblestone-driveway-traditional-style-guide/index.html,swapped,0,/images/pexels-curtis-adams-1694007-3958961.webp,/images/heroes/hero-weathered-cobblestone-fan-pattern.webp,Cobblestone Driveway: Traditional Style Guide — Drivewayz USA,Weathered cobblestone driveway in fan pattern glowing in warm evening light,string,https://drivewayzusa.co/images/hero-cobblestone-driveway-traditional-style-guide.webp,https://drivewayzusa.co/images/heroes/hero-weathered-cobblestone-fan-pattern.webp,true,/images/pexels-curtis-adams-1694007-3958961.webp,/images/heroes/hero-weathered-cobblestone-fan-pattern.webp,
2026-07-29T23:06:53.231192,cobblestone-driveway,guides/cobblestone-driveway/index.html,skipped,0,,,,,,,,,,,hero_img_not_found
2026-07-29T23:06:53.231544,cold-climates-best-driveway-materials-for-minnesota,guides/cold-climates-best-driveway-materials-for-minnesota/index.html,swapped,0,/images/pexels-sobeslavjan-13838908.webp,/images/heroes/hero-cracked-asphalt-snow-banks.webp,Cold Climates: Best Driveway Materials for Minnesota — Drivewayz USA,Frost cracked asphalt drive between plowed snow banks under gray skies,string,https://drivewayzusa.co/images/hero-cold-climates-best-driveway-materials-for-minnesota.webp,https://drivewayzusa.co/images/heroes/hero-cracked-asphalt-snow-banks.webp,true,/images/pexels-sobeslavjan-13838908.webp,/images/heroes/hero-cracked-asphalt-snow-banks.webp,
2026-07-29T23:06:53.231957,cold-climates-best-driveway-materials-for-new-york,guides/cold-climates-best-driveway-materials-for-new-york/index.html,swapped,0,/images/pexels-sobeslavjan-13838908.webp,/images/heroes/hero-light-snow-brick-paver-drive.webp,Cold Climates: Best Driveway Materials for New York — Drivewayz USA,Light snow dusting a new brick paver drive in bright midday sun,string,https://drivewayzusa.co/images/hero-cold-climates-best-driveway-materials-for-new-york.webp,https://drivewayzusa.co/images/heroes/hero-light-snow-brick-paver-drive.webp,true,/images/pexels-sobeslavjan-13838908.webp,/images/heroes/hero-light-snow-brick-paver-drive.webp,
2026-07-29T23:06:53.232500,cold-climates-best-driveway-materials-for-wisconsin,guides/cold-climates-best-driveway-materials-for-wisconsin/index.html,swapped,0,/images/pexels-sobeslavjan-13838908.webp,/images/heroes/hero-icy-glaze-sealed-concrete.webp,Cold Climates: Best Driveway Materials for Wisconsin — Drivewayz USA,Thin icy glaze over a sealed concrete driveway after freezing rain,string,https://drivewayzusa.co/images/hero-cold-climates-best-driveway-materials-for-wisconsin.webp,https://drivewayzusa.co/images/heroes/hero-icy-glaze-sealed-concrete.webp,true,/images/pexels-sobeslavjan-13838908.webp,/images/heroes/hero-icy-glaze-sealed-concrete.webp,
2026-07-29T23:06:53.233005,colonial-home-driveways-traditional-materials,guides/colonial-home-driveways-traditional-materials/index.html,swapped,0,/images/pexels-pixabay-221540.webp,/images/heroes/hero-weathered-brick-paver-frontage.webp,Colonial Home Driveways: Traditional Materials — Drivewayz USA,Weathered brick pavers curving toward a classic house at warm dusk,string,https://drivewayzusa.co/images/hero-colonial-home-driveways-traditional-materials.webp,https://drivewayzusa.co/images/heroes/hero-weathered-brick-paver-frontage.webp,true,/images/pexels-pixabay-221540.webp,/images/heroes/hero-weathered-brick-paver-frontage.webp,
2026-07-29T23:06:53.233531,colored-concrete-driveways-options-and-durability,guides/colored-concrete-driveways-options-and-durability/index.html,swapped,0,/images/pexels-pixabay-221540.webp,/images/heroes/hero-terracotta-tinted-concrete-texture.webp,Colored Concrete Driveways: Options and Durability — Drivewayz USA,Terracotta tinted concrete with a broomed finish in low evening light,string,https://drivewayzusa.co/images/hero-colored-concrete-driveways-options-and-durability.webp,https://drivewayzusa.co/images/heroes/hero-terracotta-tinted-concrete-texture.webp,true,/images/pexels-pixabay-221540.webp,/images/heroes/hero-terracotta-tinted-concrete-texture.webp,
2026-07-29T23:06:53.234014,commercial-driveway-requirements,guides/commercial-driveway-requirements/index.html,swapped,0,/images/pexels-pixabay-221540.webp,/images/heroes/hero-thick-concrete-slab-edge.webp,Commercial Driveway Requirements — Drivewayz USA,Edge profile of a thick newly poured concrete slab built for heavy loads,string,https://drivewayzusa.co/images/hero-commercial-driveway-requirements.webp,https://drivewayzusa.co/images/heroes/hero-thick-concrete-slab-edge.webp,true,/images/pexels-pixabay-221540.webp,/images/heroes/hero-thick-concrete-slab-edge.webp,
2026-07-29T23:06:53.234457,common-driveway-project-mistakes-and-how-to-avoid-them,guides/common-driveway-project-mistakes-and-how-to-avoid-them/index.html,swapped,0,/images/pexels-pixabay-221540.webp,/images/heroes/hero-spalled-pitted-concrete-closeup.webp,Common Driveway Project Mistakes and How to Avoid Them — Drivewayz USA,Spalled and pitted concrete slab with deep cracks and crumbling edges,string,https://drivewayzusa.co/images/hero-common-driveway-project-mistakes-and-how-to-avoid-them.webp,https://drivewayzusa.co/images/heroes/hero-spalled-pitted-concrete-closeup.webp,true,/images/pexels-pixabay-221540.webp,/images/heroes/hero-spalled-pitted-concrete-closeup.webp,
2026-07-29T23:06:53.234926,complete-driveway-buying-guide-for-first-time-homeowners,guides/complete-driveway-buying-guide-for-first-time-homeowners/index.html,swapped,0,/images/pexels-pixabay-221540.webp,/images/heroes/hero-new-concrete-neat-lawn-edges.webp,Complete Driveway Buying Guide for First-Time Homeowners — Drivewayz USA,Newly poured concrete drive with crisp lawn edges in bright sun,string,https://drivewayzusa.co/images/hero-complete-driveway-buying-guide-for-first-time-homeowners.webp,https://drivewayzusa.co/images/heroes/hero-new-concrete-neat-lawn-edges.webp,true,/images/pexels-pixabay-221540.webp,/images/heroes/hero-new-concrete-neat-lawn-edges.webp,
2026-07-29T23:06:53.235286,concrete-driveway-air-entrainment-freeze-thaw-protection,guides/concrete-driveway-air-entrainment-freeze-thaw-protection/index.html,swapped,0,/images/pexels-goodcitizen-1315919.webp,/images/heroes/hero-concrete-surface-pinhole-voids.webp,Concrete Driveway Air Entrainment: Freeze-Thaw Protection — Drivewayz USA,Close view of a weathered concrete slab dotted with tiny surface pinholes,string,https://drivewayzusa.co/images/hero-concrete-driveway-air-entrainment-freeze-thaw-protection.webp,https://drivewayzusa.co/images/heroes/hero-concrete-surface-pinhole-voids.webp,true,/images/pexels-goodcitizen-1315919.webp,/images/heroes/hero-concrete-surface-pinhole-voids.webp,
2026-07-29T23:06:53.235595,concrete-driveway-color-hardener-application-and-benefits,guides/concrete-driveway-color-hardener-application-and-benefits/index.html,swapped,0,/images/pexels-goodcitizen-1315919.webp,/images/heroes/hero-pigment-dusted-fresh-concrete.webp,Concrete Driveway Color Hardener: Application and Benefits — Drivewayz USA,Pigment powder dusted across a fresh slab waiting to be floated,string,https://drivewayzusa.co/images/hero-concrete-driveway-color-hardener-application-and-benefits.webp,https://drivewayzusa.co/images/heroes/hero-pigment-dusted-fresh-concrete.webp,true,/images/pexels-goodcitizen-1315919.webp,/images/heroes/hero-pigment-dusted-fresh-concrete.webp,
2026-07-29T23:06:53.235881,concrete-driveway-cost-in-alabama-2026-price-guide,guides/concrete-driveway-cost-in-alabama-2026-price-guide/index.html,swapped,0,/images/pexels-goodcitizen-1315919.webp,/images/heroes/hero-screed-board-wet-concrete.webp,Concrete Driveway Cost in Alabama: 2026 Price Guide — Drivewayz USA,Screed board resting on a wet concrete slab between wooden form boards,string,https://drivewayzusa.co/images/hero-concrete-driveway-cost-in-alabama-2026-price-guide.webp,https://drivewayzusa.co/images/heroes/hero-screed-board-wet-concrete.webp,true,/images/pexels-goodcitizen-1315919.webp,/images/heroes/hero-screed-board-wet-concrete.webp,
2026-07-29T23:06:53.236173,concrete-driveway-cost-in-alaska-2026-price-guide,guides/concrete-driveway-cost-in-alaska-2026-price-guide/index.html,swapped,0,/images/pexels-goodcitizen-1315919.webp,/images/heroes/hero-broom-lines-fresh-concrete.webp,Concrete Driveway Cost in Alaska: 2026 Price Guide — Drivewayz USA,Fine broom lines across a freshly finished light gray concrete surface,string,https://drivewayzusa.co/images/hero-concrete-driveway-cost-in-alaska-2026-price-guide.webp,https://drivewayzusa.co/images/heroes/hero-broom-lines-fresh-concrete.webp,true,/images/pexels-goodcitizen-1315919.webp,/images/heroes/hero-broom-lines-fresh-concrete.webp,
2026-07-29T23:06:53.236606,concrete-driveway-cost-in-arizona-2026-price-guide,guides/concrete-driveway-cost-in-arizona-2026-price-guide/index.html,swapped,0,/images/pexels-goodcitizen-1315919.webp,/images/heroes/hero-fresh-sawn-control-joint.webp,Concrete Driveway Cost in Arizona: 2026 Price Guide — Drivewayz USA,Fresh sawn control joint cutting across a new pale concrete slab in warm light,string,https://drivewayzusa.co/images/hero-concrete-driveway-cost-in-arizona-2026-price-guide.webp,https://drivewayzusa.co/images/heroes/hero-fresh-sawn-control-joint.webp,true,/images/pexels-goodcitizen-1315919.webp,/images/heroes/hero-fresh-sawn-control-joint.webp,
2026-07-29T23:06:53.236879,concrete-driveway-cost-in-arkansas-2026-price-guide,guides/concrete-driveway-cost-in-arkansas-2026-price-guide/index.html,swapped,0,/images/pexels-goodcitizen-1315919.webp,/images/heroes/hero-curing-blanket-half-slab.webp,Concrete Driveway Cost in Arkansas: 2026 Price Guide — Drivewayz USA,Curing blanket folded back over half of a new concrete slab,string,https://drivewayzusa.co/images/hero-concrete-driveway-cost-in-arkansas-2026-price-guide.webp,https://drivewayzusa.co/images/heroes/hero-curing-blanket-half-slab.webp,true,/images/pexels-goodcitizen-1315919.webp,/images/heroes/hero-curing-blanket-half-slab.webp,
2026-07-29T23:06:53.237331,concrete-driveway-cost-in-california-2026-price-guide,guides/concrete-driveway-cost-in-california-2026-price-guide/index.html,swapped,0,/images/pexels-goodcitizen-1315919.webp,/images/heroes/hero-trowel-sweeps-fresh-concrete.webp,Concrete Driveway Cost in California: 2026 Price Guide — Drivewayz USA,Arcing trowel sweeps across smooth fresh concrete in warm evening light,string,https://drivewayzusa.co/images/hero-concrete-driveway-cost-in-california-2026-price-guide.webp,https://drivewayzusa.co/images/heroes/hero-trowel-sweeps-fresh-concrete.webp,true,/images/pexels-goodcitizen-1315919.webp,/images/heroes/hero-trowel-sweeps-fresh-concrete.webp,
2026-07-29T23:06:53.237640,concrete-driveway-cost-in-colorado-2026-price-guide,guides/concrete-driveway-cost-in-colorado-2026-price-guide/index.html,swapped,0,/images/pexels-goodcitizen-1315919.webp,/images/heroes/hero-wood-forms-fresh-pour-edge.webp,Concrete Driveway Cost in Colorado: 2026 Price Guide — Drivewayz USA,Wooden forms and stakes edging a freshly poured concrete drive strip,string,https://drivewayzusa.co/images/hero-concrete-driveway-cost-in-colorado-2026-price-guide.webp,https://drivewayzusa.co/images/heroes/hero-wood-forms-fresh-pour-edge.webp,true,/images/pexels-goodcitizen-1315919.webp,/images/heroes/hero-wood-forms-fresh-pour-edge.webp,
2026-07-29T23:06:53.237957,concrete-driveway-cost-in-connecticut-2026-price-guide,guides/concrete-driveway-cost-in-connecticut-2026-price-guide/index.html,swapped,0,/images/pexels-goodcitizen-1315919.webp,/images/heroes/hero-low-angle-damp-concrete-sheen.webp,Concrete Driveway Cost in Connecticut: 2026 Price Guide — Drivewayz USA,Low view along a damp sealed concrete surface with soft reflections,string,https://drivewayzusa.co/images/hero-concrete-driveway-cost-in-connecticut-2026-price-guide.webp,https://drivewayzusa.co/images/heroes/hero-low-angle-damp-concrete-sheen.webp,true,/images/pexels-goodcitizen-1315919.webp,/images/heroes/hero-low-angle-damp-concrete-sheen.webp,
2026-07-29T23:06:53.238291,concrete-driveway-cost-in-delaware-2026-price-guide,guides/concrete-driveway-cost-in-delaware-2026-price-guide/index.html,swapped,0,/images/pexels-goodcitizen-1315919.webp,/images/heroes/hero-edging-groove-fresh-concrete.webp,Concrete Driveway Cost in Delaware: 2026 Price Guide — Drivewayz USA,Rounded edging groove along the border of a fresh concrete slab,string,https://drivewayzusa.co/images/hero-concrete-driveway-cost-in-delaware-2026-price-guide.webp,https://drivewayzusa.co/images/heroes/hero-edging-groove-fresh-concrete.webp,true,/images/pexels-goodcitizen-1315919.webp,/images/heroes/hero-edging-groove-fresh-concrete.webp,
2026-07-29T23:06:53.238587,concrete-driveway-cost-in-florida-2026-price-guide,guides/concrete-driveway-cost-in-florida-2026-price-guide/index.html,swapped,0,/images/pexels-goodcitizen-1315919.webp,/images/heroes/hero-puddles-new-concrete-slab.webp,Concrete Driveway Cost in Florida: 2026 Price Guide — Drivewayz USA,Shallow puddles reflecting gray sky on a new concrete slab,string,https://drivewayzusa.co/images/hero-concrete-driveway-cost-in-florida-2026-price-guide.webp,https://drivewayzusa.co/images/heroes/hero-puddles-new-concrete-slab.webp,true,/images/pexels-goodcitizen-1315919.webp,/images/heroes/hero-puddles-new-concrete-slab.webp,
2026-07-29T23:06:53.238926,concrete-driveway-cost-in-georgia-2026-price-guide,guides/concrete-driveway-cost-in-georgia-2026-price-guide/index.html,swapped,0,/images/pexels-goodcitizen-1315919.webp,/images/heroes/hero-screed-board-fresh-pour.webp,Concrete Driveway Cost in Georgia: 2026 Price Guide — Drivewayz USA,Screed board resting across fresh wet concrete between wooden form boards,string,https://drivewayzusa.co/images/hero-concrete-driveway-cost-in-georgia-2026-price-guide.webp,https://drivewayzusa.co/images/heroes/hero-screed-board-fresh-pour.webp,true,/images/pexels-goodcitizen-1315919.webp,/images/heroes/hero-screed-board-fresh-pour.webp,
2026-07-29T23:06:53.239228,concrete-driveway-cost-in-hawaii-2026-price-guide,guides/concrete-driveway-cost-in-hawaii-2026-price-guide/index.html,swapped,0,/images/pexels-goodcitizen-1315919.webp,/images/heroes/hero-steel-trowel-arcs-wet-slab.webp,Concrete Driveway Cost in Hawaii: 2026 Price Guide — Drivewayz USA,Curved steel trowel arcs across a smooth wet concrete surface in sunlight,string,https://drivewayzusa.co/images/hero-concrete-driveway-cost-in-hawaii-2026-price-guide.webp,https://drivewayzusa.co/images/heroes/hero-steel-trowel-arcs-wet-slab.webp,true,/images/pexels-goodcitizen-1315919.webp,/images/heroes/hero-steel-trowel-arcs-wet-slab.webp,
2026-07-29T23:06:53.239525,concrete-driveway-cost-in-idaho-2026-price-guide,guides/concrete-driveway-cost-in-idaho-2026-price-guide/index.html,swapped,0,/images/pexels-goodcitizen-1315919.webp,/images/heroes/hero-matte-sealed-concrete-frontage.webp,Concrete Driveway Cost in Idaho: 2026 Price Guide — Drivewayz USA,Matte sealed concrete drive leading to a garage under gray skies,string,https://drivewayzusa.co/images/hero-concrete-driveway-cost-in-idaho-2026-price-guide.webp,https://drivewayzusa.co/images/heroes/hero-matte-sealed-concrete-frontage.webp,true,/images/pexels-goodcitizen-1315919.webp,/images/heroes/hero-matte-sealed-concrete-frontage.webp,
2026-07-29T23:06:53.239796,concrete-driveway-cost-in-illinois-2026-price-guide,guides/concrete-driveway-cost-in-illinois-2026-price-guide/index.html,swapped,0,/images/pexels-goodcitizen-1315919.webp,/images/heroes/hero-lumber-forms-awaiting-pour.webp,Concrete Driveway Cost in Illinois: 2026 Price Guide — Drivewayz USA,Wooden form boards staked along a graded gravel bed awaiting concrete,string,https://drivewayzusa.co/images/hero-concrete-driveway-cost-in-illinois-2026-price-guide.webp,https://drivewayzusa.co/images/heroes/hero-lumber-forms-awaiting-pour.webp,true,/images/pexels-goodcitizen-1315919.webp,/images/heroes/hero-lumber-forms-awaiting-pour.webp,
2026-07-29T23:06:53.240076,concrete-driveway-cost-in-iowa-2026-price-guide,guides/concrete-driveway-cost-in-iowa-2026-price-guide/index.html,swapped,0,/images/pexels-goodcitizen-1315919.webp,/images/heroes/hero-hairline-shrinkage-cracks-closeup.webp,Concrete Driveway Cost in Iowa: 2026 Price Guide — Drivewayz USA,Fine hairline shrinkage cracks across a pale gray concrete surface,string,https://drivewayzusa.co/images/hero-concrete-driveway-cost-in-iowa-2026-price-guide.webp,https://drivewayzusa.co/images/heroes/hero-hairline-shrinkage-cracks-closeup.webp,true,/images/pexels-goodcitizen-1315919.webp,/images/heroes/hero-hairline-shrinkage-cracks-closeup.webp,
2026-07-29T23:06:53.240357,concrete-driveway-cost-in-kansas-2026-price-guide,guides/concrete-driveway-cost-in-kansas-2026-price-guide/index.html,swapped,0,/images/pexels-goodcitizen-1315919.webp,/images/heroes/hero-golden-light-smooth-drive-lawn.webp,Concrete Driveway Cost in Kansas: 2026 Price Guide — Drivewayz USA,Smooth new concrete drive edged with lawn in warm evening light,string,https://drivewayzusa.co/images/hero-concrete-driveway-cost-in-kansas-2026-price-guide.webp,https://drivewayzusa.co/images/heroes/hero-golden-light-smooth-drive-lawn.webp,true,/images/pexels-goodcitizen-1315919.webp,/images/heroes/hero-golden-light-smooth-drive-lawn.webp,
2026-07-29T23:06:53.240666,concrete-driveway-cost-in-kentucky-2026-price-guide,guides/concrete-driveway-cost-in-kentucky-2026-price-guide/index.html,swapped,0,/images/pexels-goodcitizen-1315919.webp,/images/heroes/hero-bull-float-wet-slab.webp,Concrete Driveway Cost in Kentucky: 2026 Price Guide — Drivewayz USA,Bull float smoothing a wide wet concrete slab in midday sun,string,https://drivewayzusa.co/images/hero-concrete-driveway-cost-in-kentucky-2026-price-guide.webp,https://drivewayzusa.co/images/heroes/hero-bull-float-wet-slab.webp,true,/images/pexels-goodcitizen-1315919.webp,/images/heroes/hero-bull-float-wet-slab.webp,
2026-07-29T23:06:53.240989,concrete-driveway-cost-in-louisiana-2026-price-guide,guides/concrete-driveway-cost-in-louisiana-2026-price-guide/index.html,swapped,0,/images/pexels-goodcitizen-1315919.webp,/images/heroes/hero-moist-sheen-sealed-slab.webp,Concrete Driveway Cost in Louisiana: 2026 Price Guide — Drivewayz USA,Sealed concrete surface holding a soft sheen after rainfall,string,https://drivewayzusa.co/images/hero-concrete-driveway-cost-in-louisiana-2026-price-guide.webp,https://drivewayzusa.co/images/heroes/hero-moist-sheen-sealed-slab.webp,true,/images/pexels-goodcitizen-1315919.webp,/images/heroes/hero-moist-sheen-sealed-slab.webp,
2026-07-29T23:06:53.241373,concrete-driveway-cost-in-maine-2026-price-guide,guides/concrete-driveway-cost-in-maine-2026-price-guide/index.html,swapped,0,/images/pexels-goodcitizen-1315919.webp,/images/heroes/hero-weathered-concrete-grass-verge.webp,Concrete Driveway Cost in Maine: 2026 Price Guide — Drivewayz USA,Weathered concrete approach with grass verge under flat gray light,string,https://drivewayzusa.co/images/hero-concrete-driveway-cost-in-maine-2026-price-guide.webp,https://drivewayzusa.co/images/heroes/hero-weathered-concrete-grass-verge.webp,true,/images/pexels-goodcitizen-1315919.webp,/images/heroes/hero-weathered-concrete-grass-verge.webp,
2026-07-29T23:06:53.241717,concrete-driveway-cost-in-massachusetts-2026-price-guide,guides/concrete-driveway-cost-in-massachusetts-2026-price-guide/index.html,swapped,0,/images/pexels-goodcitizen-1315919.webp,/images/heroes/hero-sawn-joints-shadow-lines.webp,Concrete Driveway Cost in Massachusetts: 2026 Price Guide — Drivewayz USA,Straight sawn control joints casting thin shadow lines on new concrete,string,https://drivewayzusa.co/images/hero-concrete-driveway-cost-in-massachusetts-2026-price-guide.webp,https://drivewayzusa.co/images/heroes/hero-sawn-joints-shadow-lines.webp,true,/images/pexels-goodcitizen-1315919.webp,/images/heroes/hero-sawn-joints-shadow-lines.webp,
2026-07-29T23:06:53.242364,concrete-driveway-cost-in-minnesota-2026-price-guide,guides/concrete-driveway-cost-in-minnesota-2026-price-guide/index.html,swapped,0,/images/pexels-goodcitizen-1315919.webp,/images/heroes/hero-spalled-concrete-surface-detail.webp,Concrete Driveway Cost in Minnesota: 2026 Price Guide — Drivewayz USA,Spalled and pitted concrete surface showing exposed small stones,string,https://drivewayzusa.co/images/hero-concrete-driveway-cost-in-minnesota-2026-price-guide.webp,https://drivewayzusa.co/images/heroes/hero-spalled-concrete-surface-detail.webp,true,/images/pexels-goodcitizen-1315919.webp,/images/heroes/hero-spalled-concrete-surface-detail.webp,
2026-07-29T23:06:53.242743,concrete-driveway-cost-in-mississippi-2026-price-guide,guides/concrete-driveway-cost-in-mississippi-2026-price-guide/index.html,swapped,0,/images/pexels-goodcitizen-1315919.webp,/images/heroes/hero-sealed-drive-shallow-puddles.webp,Concrete Driveway Cost in Mississippi: 2026 Price Guide — Drivewayz USA,Sealed concrete drive holding shallow puddles beside a green lawn,string,https://drivewayzusa.co/images/hero-concrete-driveway-cost-in-mississippi-2026-price-guide.webp,https://drivewayzusa.co/images/heroes/hero-sealed-drive-shallow-puddles.webp,true,/images/pexels-goodcitizen-1315919.webp,/images/heroes/hero-sealed-drive-shallow-puddles.webp,
2026-07-29T23:06:53.244901,concrete-driveway-cost-in-missouri-2026-price-guide,guides/concrete-driveway-cost-in-missouri-2026-price-guide/index.html,swapped,2,/images/pexels-goodcitizen-1315919.webp,/images/heroes/hero-fresh-slab-exposed-form-edge.webp,Concrete Driveway Cost in Missouri: 2026 Price Guide — Drivewayz USA,Fresh concrete slab edge revealed beside a loosened wooden form,string,https://drivewayzusa.co/images/hero-concrete-driveway-cost-in-missouri-2026-price-guide.webp,https://drivewayzusa.co/images/heroes/hero-fresh-slab-exposed-form-edge.webp,true,/images/pexels-goodcitizen-1315919.webp,/images/heroes/hero-fresh-slab-exposed-form-edge.webp,
2026-07-29T23:06:53.245659,concrete-driveway-cost-in-montana-2026-price-guide,guides/concrete-driveway-cost-in-montana-2026-price-guide/index.html,swapped,0,/images/pexels-goodcitizen-1315919.webp,/images/heroes/hero-weathered-slab-open-rangeland.webp,Concrete Driveway Cost in Montana: 2026 Price Guide — Drivewayz USA,Weathered concrete track crossing open land toward a distant barn,string,https://drivewayzusa.co/images/hero-concrete-driveway-cost-in-montana-2026-price-guide.webp,https://drivewayzusa.co/images/heroes/hero-weathered-slab-open-rangeland.webp,true,/images/pexels-goodcitizen-1315919.webp,/images/heroes/hero-weathered-slab-open-rangeland.webp,
2026-07-29T23:06:53.246219,concrete-driveway-cost-in-nebraska-2026-price-guide,guides/concrete-driveway-cost-in-nebraska-2026-price-guide/index.html,swapped,0,/images/pexels-goodcitizen-1315919.webp,/images/heroes/hero-joint-sealant-bead-closeup.webp,Concrete Driveway Cost in Nebraska: 2026 Price Guide — Drivewayz USA,Fresh dark sealant bead filling an expansion joint in damp concrete,string,https://drivewayzusa.co/images/hero-concrete-driveway-cost-in-nebraska-2026-price-guide.webp,https://drivewayzusa.co/images/heroes/hero-joint-sealant-bead-closeup.webp,true,/images/pexels-goodcitizen-1315919.webp,/images/heroes/hero-joint-sealant-bead-closeup.webp,
2026-07-29T23:06:53.246682,concrete-driveway-cost-in-nevada-2026-price-guide,guides/concrete-driveway-cost-in-nevada-2026-price-guide/index.html,swapped,0,/images/pexels-goodcitizen-1315919.webp,/images/heroes/hero-stamped-border-plain-slab.webp,Concrete Driveway Cost in Nevada: 2026 Price Guide — Drivewayz USA,Plain concrete drive framed by a stamped border in bright sun,string,https://drivewayzusa.co/images/hero-concrete-driveway-cost-in-nevada-2026-price-guide.webp,https://drivewayzusa.co/images/heroes/hero-stamped-border-plain-slab.webp,true,/images/pexels-goodcitizen-1315919.webp,/images/heroes/hero-stamped-border-plain-slab.webp,
2026-07-29T23:06:53.247089,concrete-driveway-cost-in-new-hampshire-2026-price-guide,guides/concrete-driveway-cost-in-new-hampshire-2026-price-guide/index.html,swapped,0,/images/pexels-goodcitizen-1315919.webp,/images/heroes/hero-chipped-slab-corner-crack.webp,Concrete Driveway Cost in New Hampshire: 2026 Price Guide — Drivewayz USA,Chipped slab corner with a branching crack in warm low light,string,https://drivewayzusa.co/images/hero-concrete-driveway-cost-in-new-hampshire-2026-price-guide.webp,https://drivewayzusa.co/images/heroes/hero-chipped-slab-corner-crack.webp,true,/images/pexels-goodcitizen-1315919.webp,/images/heroes/hero-chipped-slab-corner-crack.webp,
2026-07-29T23:06:53.247508,concrete-driveway-cost-in-new-jersey-2026-price-guide,guides/concrete-driveway-cost-in-new-jersey-2026-price-guide/index.html,swapped,0,/images/pexels-goodcitizen-1315919.webp,/images/heroes/hero-sky-reflection-sealed-slab.webp,Concrete Driveway Cost in New Jersey: 2026 Price Guide — Drivewayz USA,Cloudy sky reflected across a rain damp sealed concrete drive,string,https://drivewayzusa.co/images/hero-concrete-driveway-cost-in-new-jersey-2026-price-guide.webp,https://drivewayzusa.co/images/heroes/hero-sky-reflection-sealed-slab.webp,true,/images/pexels-goodcitizen-1315919.webp,/images/heroes/hero-sky-reflection-sealed-slab.webp,
2026-07-29T23:06:53.247870,concrete-driveway-cost-in-new-mexico-2026-price-guide,guides/concrete-driveway-cost-in-new-mexico-2026-price-guide/index.html,swapped,0,/images/pexels-goodcitizen-1315919.webp,/images/heroes/hero-broom-lines-long-shadows.webp,Concrete Driveway Cost in New Mexico: 2026 Price Guide — Drivewayz USA,Fine broomed lines across new concrete crossed by long evening shadows,string,https://drivewayzusa.co/images/hero-concrete-driveway-cost-in-new-mexico-2026-price-guide.webp,https://drivewayzusa.co/images/heroes/hero-broom-lines-long-shadows.webp,true,/images/pexels-goodcitizen-1315919.webp,/images/heroes/hero-broom-lines-long-shadows.webp,
2026-07-29T23:06:53.248194,concrete-driveway-cost-in-new-york-2026-price-guide,guides/concrete-driveway-cost-in-new-york-2026-price-guide/index.html,swapped,0,/images/pexels-goodcitizen-1315919.webp,/images/heroes/hero-wire-mesh-on-chairs.webp,Concrete Driveway Cost in New York: 2026 Price Guide — Drivewayz USA,Steel wire mesh raised on chairs over a prepared gravel bed,string,https://drivewayzusa.co/images/hero-concrete-driveway-cost-in-new-york-2026-price-guide.webp,https://drivewayzusa.co/images/heroes/hero-wire-mesh-on-chairs.webp,true,/images/pexels-goodcitizen-1315919.webp,/images/heroes/hero-wire-mesh-on-chairs.webp,
2026-07-29T23:06:53.248625,concrete-driveway-cost-in-north-dakota-2026-price-guide,guides/concrete-driveway-cost-in-north-dakota-2026-price-guide/index.html,swapped,0,/images/pexels-goodcitizen-1315919.webp,/images/heroes/hero-damp-concrete-farm-track.webp,Concrete Driveway Cost in North Dakota: 2026 Price Guide — Drivewayz USA,Rain damp weathered concrete track running between open fields,string,https://drivewayzusa.co/images/hero-concrete-driveway-cost-in-north-dakota-2026-price-guide.webp,https://drivewayzusa.co/images/heroes/hero-damp-concrete-farm-track.webp,true,/images/pexels-goodcitizen-1315919.webp,/images/heroes/hero-damp-concrete-farm-track.webp,
2026-07-29T23:06:53.249028,concrete-driveway-cost-in-oklahoma-2026-price-guide,guides/concrete-driveway-cost-in-oklahoma-2026-price-guide/index.html,swapped,0,/images/pexels-goodcitizen-1315919.webp,/images/heroes/hero-branch-crack-warm-light.webp,Concrete Driveway Cost in Oklahoma: 2026 Price Guide — Drivewayz USA,Branching crack across an old concrete slab in warm evening light,string,https://drivewayzusa.co/images/hero-concrete-driveway-cost-in-oklahoma-2026-price-guide.webp,https://drivewayzusa.co/images/heroes/hero-branch-crack-warm-light.webp,true,/images/pexels-goodcitizen-1315919.webp,/images/heroes/hero-branch-crack-warm-light.webp,
2026-07-29T23:06:53.249726,concrete-driveway-cost-in-oregon-2026-price-guide,guides/concrete-driveway-cost-in-oregon-2026-price-guide/index.html,swapped,0,/images/pexels-goodcitizen-1315919.webp,/images/heroes/hero-patch-edge-feathered-joint.webp,Concrete Driveway Cost in Oregon: 2026 Price Guide — Drivewayz USA,Feathered edge of a fresh concrete patch blending into an older slab,string,https://drivewayzusa.co/images/hero-concrete-driveway-cost-in-oregon-2026-price-guide.webp,https://drivewayzusa.co/images/heroes/hero-patch-edge-feathered-joint.webp,true,/images/pexels-goodcitizen-1315919.webp,/images/heroes/hero-patch-edge-feathered-joint.webp,
2026-07-29T23:06:53.250521,concrete-driveway-cost-in-pennsylvania-2026-price-guide,guides/concrete-driveway-cost-in-pennsylvania-2026-price-guide/index.html,swapped,0,/images/pexels-goodcitizen-1315919.webp,/images/heroes/hero-sun-faded-concrete-lane.webp,Concrete Driveway Cost in Pennsylvania: 2026 Price Guide — Drivewayz USA,Sun faded weathered concrete lane running past fence posts and fields,string,https://drivewayzusa.co/images/hero-concrete-driveway-cost-in-pennsylvania-2026-price-guide.webp,https://drivewayzusa.co/images/heroes/hero-sun-faded-concrete-lane.webp,true,/images/pexels-goodcitizen-1315919.webp,/images/heroes/hero-sun-faded-concrete-lane.webp,
2026-07-29T23:06:53.252339,concrete-driveway-cost-in-rhode-island-2026-price-guide,guides/concrete-driveway-cost-in-rhode-island-2026-price-guide/index.html,swapped,1,/images/pexels-goodcitizen-1315919.webp,/images/heroes/hero-evening-glow-sealed-frontage.webp,Concrete Driveway Cost in Rhode Island: 2026 Price Guide — Drivewayz USA,Sealed concrete drive glowing softly in warm evening light before a garage,string,https://drivewayzusa.co/images/hero-concrete-driveway-cost-in-rhode-island-2026-price-guide.webp,https://drivewayzusa.co/images/heroes/hero-evening-glow-sealed-frontage.webp,true,/images/pexels-goodcitizen-1315919.webp,/images/heroes/hero-evening-glow-sealed-frontage.webp,
2026-07-29T23:06:53.252855,concrete-driveway-cost-in-south-carolina-2026-price-guide,guides/concrete-driveway-cost-in-south-carolina-2026-price-guide/index.html,swapped,0,/images/pexels-goodcitizen-1315919.webp,/images/heroes/hero-brushed-concrete-joint-closeup.webp,Concrete Driveway Cost in South Carolina: 2026 Price Guide — Drivewayz USA,Close view of brushed concrete surface and straight control joint,string,https://drivewayzusa.co/images/hero-concrete-driveway-cost-in-south-carolina-2026-price-guide.webp,https://drivewayzusa.co/images/heroes/hero-brushed-concrete-joint-closeup.webp,true,/images/pexels-goodcitizen-1315919.webp,/images/heroes/hero-brushed-concrete-joint-closeup.webp,
2026-07-29T23:06:53.257246,concrete-driveway-cost-in-south-dakota-2026-price-guide,guides/concrete-driveway-cost-in-south-dakota-2026-price-guide/index.html,swapped,4,/images/pexels-goodcitizen-1315919.webp,/images/heroes/hero-weathered-concrete-pore-texture.webp,Concrete Driveway Cost in South Dakota: 2026 Price Guide — Drivewayz USA,Weathered concrete surface with small pores and faint tire marks,string,https://drivewayzusa.co/images/hero-concrete-driveway-cost-in-south-dakota-2026-price-guide.webp,https://drivewayzusa.co/images/heroes/hero-weathered-concrete-pore-texture.webp,true,/images/pexels-goodcitizen-1315919.webp,/images/heroes/hero-weathered-concrete-pore-texture.webp,
2026-07-29T23:06:53.257751,concrete-driveway-cost-in-tennessee-2026-price-guide,guides/concrete-driveway-cost-in-tennessee-2026-price-guide/index.html,swapped,0,/images/pexels-goodcitizen-1315919.webp,/images/heroes/hero-screeded-slab-form-stakes.webp,Concrete Driveway Cost in Tennessee: 2026 Price Guide — Drivewayz USA,Freshly screeded concrete slab framed by wooden form stakes,string,https://drivewayzusa.co/images/hero-concrete-driveway-cost-in-tennessee-2026-price-guide.webp,https://drivewayzusa.co/images/heroes/hero-screeded-slab-form-stakes.webp,true,/images/pexels-goodcitizen-1315919.webp,/images/heroes/hero-screeded-slab-form-stakes.webp,
2026-07-29T23:06:53.258253,concrete-driveway-cost-in-texas-2026-price-guide,guides/concrete-driveway-cost-in-texas-2026-price-guide/index.html,swapped,0,/images/pexels-goodcitizen-1315919.webp,/images/heroes/hero-glossy-sealer-coating-closeup.webp,Concrete Driveway Cost in Texas: 2026 Price Guide — Drivewayz USA,Glossy sealer coating on concrete with light rain droplets,string,https://drivewayzusa.co/images/hero-concrete-driveway-cost-in-texas-2026-price-guide.webp,https://drivewayzusa.co/images/heroes/hero-glossy-sealer-coating-closeup.webp,true,/images/pexels-goodcitizen-1315919.webp,/images/heroes/hero-glossy-sealer-coating-closeup.webp,
2026-07-29T23:06:53.258630,concrete-driveway-cost-in-utah-2026-price-guide,guides/concrete-driveway-cost-in-utah-2026-price-guide/index.html,swapped,0,/images/pexels-goodcitizen-1315919.webp,/images/heroes/hero-bull-float-fresh-slab.webp,Concrete Driveway Cost in Utah: 2026 Price Guide — Drivewayz USA,Bull float resting on a freshly poured concrete slab,string,https://drivewayzusa.co/images/hero-concrete-driveway-cost-in-utah-2026-price-guide.webp,https://drivewayzusa.co/images/heroes/hero-bull-float-fresh-slab.webp,true,/images/pexels-goodcitizen-1315919.webp,/images/heroes/hero-bull-float-fresh-slab.webp,
2026-07-29T23:06:53.259093,concrete-driveway-cost-in-vermont-2026-price-guide,guides/concrete-driveway-cost-in-vermont-2026-price-guide/index.html,swapped,0,/images/pexels-goodcitizen-1315919.webp,/images/heroes/hero-sealed-concrete-evening-glow.webp,Concrete Driveway Cost in Vermont: 2026 Price Guide — Drivewayz USA,Sealed concrete drive glowing in warm evening light,string,https://drivewayzusa.co/images/hero-concrete-driveway-cost-in-vermont-2026-price-guide.webp,https://drivewayzusa.co/images/heroes/hero-sealed-concrete-evening-glow.webp,true,/images/pexels-goodcitizen-1315919.webp,/images/heroes/hero-sealed-concrete-evening-glow.webp,
2026-07-29T23:06:53.259391,concrete-driveway-cost-in-virginia-2026-price-guide,guides/concrete-driveway-cost-in-virginia-2026-price-guide/index.html,swapped,0,/images/pexels-goodcitizen-1315919.webp,/images/heroes/hero-faded-trowel-arc-texture.webp,Concrete Driveway Cost in Virginia: 2026 Price Guide — Drivewayz USA,Faded smooth concrete with sweeping hand trowel arcs,string,https://drivewayzusa.co/images/hero-concrete-driveway-cost-in-virginia-2026-price-guide.webp,https://drivewayzusa.co/images/heroes/hero-faded-trowel-arc-texture.webp,true,/images/pexels-goodcitizen-1315919.webp,/images/heroes/hero-faded-trowel-arc-texture.webp,
2026-07-29T23:06:53.259703,concrete-driveway-cost-in-washington-2026-price-guide,guides/concrete-driveway-cost-in-washington-2026-price-guide/index.html,swapped,0,/images/pexels-goodcitizen-1315919.webp,/images/heroes/hero-damp-control-joint-concrete.webp,Concrete Driveway Cost in Washington: 2026 Price Guide — Drivewayz USA,Damp concrete slabs separated by a dark control joint,string,https://drivewayzusa.co/images/hero-concrete-driveway-cost-in-washington-2026-price-guide.webp,https://drivewayzusa.co/images/heroes/hero-damp-control-joint-concrete.webp,true,/images/pexels-goodcitizen-1315919.webp,/images/heroes/hero-damp-control-joint-concrete.webp,
2026-07-29T23:06:53.260005,concrete-driveway-cost-in-west-virginia-2026-price-guide,guides/concrete-driveway-cost-in-west-virginia-2026-price-guide/index.html,swapped,0,/images/pexels-goodcitizen-1315919.webp,/images/heroes/hero-cracked-concrete-lane-fields.webp,Concrete Driveway Cost in West Virginia: 2026 Price Guide — Drivewayz USA,Hairline cracks crossing an aging concrete lane between fields,string,https://drivewayzusa.co/images/hero-concrete-driveway-cost-in-west-virginia-2026-price-guide.webp,https://drivewayzusa.co/images/heroes/hero-cracked-concrete-lane-fields.webp,true,/images/pexels-goodcitizen-1315919.webp,/images/heroes/hero-cracked-concrete-lane-fields.webp,
2026-07-29T23:06:53.260318,concrete-driveway-cost-in-wisconsin-2026-price-guide,guides/concrete-driveway-cost-in-wisconsin-2026-price-guide/index.html,swapped,0,/images/pexels-goodcitizen-1315919.webp,/images/heroes/hero-crisp-sealed-concrete-frontage.webp,Concrete Driveway Cost in Wisconsin: 2026 Price Guide — Drivewayz USA,Crisp sealed concrete drive with clean sawn joint lines,string,https://drivewayzusa.co/images/hero-concrete-driveway-cost-in-wisconsin-2026-price-guide.webp,https://drivewayzusa.co/images/heroes/hero-crisp-sealed-concrete-frontage.webp,true,/images/pexels-goodcitizen-1315919.webp,/images/heroes/hero-crisp-sealed-concrete-frontage.webp,
2026-07-29T23:06:53.262004,concrete-driveway-cost-in-wyoming-2026-price-guide,guides/concrete-driveway-cost-in-wyoming-2026-price-guide/index.html,swapped,1,/images/pexels-goodcitizen-1315919.webp,/images/heroes/hero-fresh-concrete-rural-approach.webp,Concrete Driveway Cost in Wyoming: 2026 Price Guide — Drivewayz USA,Fresh concrete drive stretching toward open pasture land,string,https://drivewayzusa.co/images/hero-concrete-driveway-cost-in-wyoming-2026-price-guide.webp,https://drivewayzusa.co/images/heroes/hero-fresh-concrete-rural-approach.webp,true,/images/pexels-goodcitizen-1315919.webp,/images/heroes/hero-fresh-concrete-rural-approach.webp,
2026-07-29T23:06:53.262772,concrete-driveway-cost-per-square-foot-guide,guides/concrete-driveway-cost-per-square-foot-guide/index.html,swapped,0,/images/pexels-goodcitizen-1315919.webp,/images/heroes/hero-tape-measure-slab-edge.webp,Concrete Driveway Cost per Square Foot Guide — Drivewayz USA,Tape measure stretched across the edge of a weathered concrete slab,string,https://drivewayzusa.co/images/hero-concrete-driveway-cost-per-square-foot-guide.webp,https://drivewayzusa.co/images/heroes/hero-tape-measure-slab-edge.webp,true,/images/pexels-goodcitizen-1315919.webp,/images/heroes/hero-tape-measure-slab-edge.webp,
2026-07-29T23:06:53.263233,concrete-driveway-crack-repair-causes-and-solutions,guides/concrete-driveway-crack-repair-causes-and-solutions/index.html,swapped,0,/images/pexels-goodcitizen-1315919.webp,/images/heroes/hero-deep-crack-concrete-panel.webp,Concrete Driveway Crack Repair: Causes and Solutions — Drivewayz USA,Deep jagged crack running across a gray concrete panel,string,https://drivewayzusa.co/images/hero-concrete-driveway-crack-repair-causes-and-solutions.webp,https://drivewayzusa.co/images/heroes/hero-deep-crack-concrete-panel.webp,true,/images/pexels-goodcitizen-1315919.webp,/images/heroes/hero-deep-crack-concrete-panel.webp,
2026-07-29T23:06:53.263604,concrete-driveway-forms-and-framing-guide,guides/concrete-driveway-forms-and-framing-guide/index.html,swapped,0,/images/pexels-goodcitizen-1315919.webp,/images/heroes/hero-staked-wooden-forms-gravel-trench.webp,Concrete Driveway Forms and Framing Guide — Drivewayz USA,Wooden form boards staked along an excavated driveway outline,string,https://drivewayzusa.co/images/hero-concrete-driveway-forms-and-framing-guide.webp,https://drivewayzusa.co/images/heroes/hero-staked-wooden-forms-gravel-trench.webp,true,/images/pexels-goodcitizen-1315919.webp,/images/heroes/hero-staked-wooden-forms-gravel-trench.webp,
2026-07-29T23:06:53.264453,concrete-driveway-installation-step-by-step-guide,guides/concrete-driveway-installation-step-by-step-guide/index.html,swapped,0,/images/pexels-goodcitizen-1315919.webp,/images/heroes/hero-chute-pouring-wet-concrete.webp,Concrete Driveway Installation Step-by-Step Guide — Drivewayz USA,Wet concrete flowing from a chute into staked forms,string,https://drivewayzusa.co/images/hero-concrete-driveway-installation-step-by-step-guide.webp,https://drivewayzusa.co/images/heroes/hero-chute-pouring-wet-concrete.webp,true,/images/pexels-goodcitizen-1315919.webp,/images/heroes/hero-chute-pouring-wet-concrete.webp,
2026-07-29T23:06:53.264867,concrete-driveway-lifespan-how-long-will-it-last,guides/concrete-driveway-lifespan-how-long-will-it-last/index.html,swapped,0,/images/pexels-goodcitizen-1315919.webp,/images/heroes/hero-fine-cracks-aged-concrete-drive.webp,Concrete Driveway Lifespan: How Long Will It Last? — Drivewayz USA,Hairline cracks tracing across an older residential concrete drive,string,https://drivewayzusa.co/images/hero-concrete-driveway-lifespan-how-long-will-it-last.webp,https://drivewayzusa.co/images/heroes/hero-fine-cracks-aged-concrete-drive.webp,true,/images/pexels-goodcitizen-1315919.webp,/images/heroes/hero-fine-cracks-aged-concrete-drive.webp,
2026-07-29T23:06:53.265963,concrete-driveway-load-testing-structural-verification,guides/concrete-driveway-load-testing-structural-verification/index.html,swapped,1,/images/pexels-goodcitizen-1315919.webp,/images/heroes/hero-thick-slab-corner-profile.webp,Concrete Driveway Load Testing: Structural Verification — Drivewayz USA,Thick weathered concrete slab corner showing its layered edge,string,https://drivewayzusa.co/images/hero-concrete-driveway-load-testing-structural-verification.webp,https://drivewayzusa.co/images/heroes/hero-thick-slab-corner-profile.webp,true,/images/pexels-goodcitizen-1315919.webp,/images/heroes/hero-thick-slab-corner-profile.webp,
2026-07-29T23:06:53.266433,concrete-driveway-overlays-thin-resurfacing-options,guides/concrete-driveway-overlays-thin-resurfacing-options/index.html,swapped,0,/images/pexels-goodcitizen-1315919.webp,/images/heroes/hero-thin-overlay-spread-old-slab.webp,Concrete Driveway Overlays: Thin Resurfacing Options — Drivewayz USA,Thin fresh overlay spread partway across an older slab,string,https://drivewayzusa.co/images/hero-concrete-driveway-overlays-thin-resurfacing-options.webp,https://drivewayzusa.co/images/heroes/hero-thin-overlay-spread-old-slab.webp,true,/images/pexels-goodcitizen-1315919.webp,/images/heroes/hero-thin-overlay-spread-old-slab.webp,
2026-07-29T23:06:53.266791,concrete-driveway-resurfacing-overlay-options-and-costs,guides/concrete-driveway-resurfacing-overlay-options-and-costs/index.html,swapped,0,/images/pexels-goodcitizen-1315919.webp,/images/heroes/hero-resurfacer-coat-meets-old-concrete.webp,Concrete Driveway Resurfacing: Overlay Options and Costs — Drivewayz USA,Fresh resurfacer coat meeting faded older concrete at a straight line,string,https://drivewayzusa.co/images/hero-concrete-driveway-resurfacing-overlay-options-and-costs.webp,https://drivewayzusa.co/images/heroes/hero-resurfacer-coat-meets-old-concrete.webp,true,/images/pexels-goodcitizen-1315919.webp,/images/heroes/hero-resurfacer-coat-meets-old-concrete.webp,
2026-07-29T23:06:53.267188,concrete-driveway-spalling-causes-prevention-and-repair,guides/concrete-driveway-spalling-causes-prevention-and-repair/index.html,swapped,0,/images/pexels-goodcitizen-1315919.webp,/images/heroes/hero-spalled-pitted-concrete-surface.webp,"Concrete Driveway Spalling: Causes, Prevention, and Repair — Drivewayz USA",Spalled concrete surface with flaked pits and exposed fine aggregate,string,https://drivewayzusa.co/images/hero-concrete-driveway-spalling-causes-prevention-and-repair.webp,https://drivewayzusa.co/images/heroes/hero-spalled-pitted-concrete-surface.webp,true,/images/pexels-goodcitizen-1315919.webp,/images/heroes/hero-spalled-pitted-concrete-surface.webp,
2026-07-29T23:06:53.267893,concrete-driveway-thickness-how-it-affects-cost-and-durability,guides/concrete-driveway-thickness-how-it-affects-cost-and-durability/index.html,swapped,0,/images/pexels-goodcitizen-1315919.webp,/images/heroes/hero-6-inch-slab-edge-profile.webp,Concrete Driveway Thickness: How It Affects Cost and Durability — Drivewayz USA,Edge view of a six inch thick concrete driveway slab,string,https://drivewayzusa.co/images/hero-concrete-driveway-thickness-how-it-affects-cost-and-durability.webp,https://drivewayzusa.co/images/heroes/hero-6-inch-slab-edge-profile.webp,true,/images/pexels-goodcitizen-1315919.webp,/images/heroes/hero-6-inch-slab-edge-profile.webp,
2026-07-29T23:06:53.268320,concrete-driveway-vs-asphalt-which-is-better-for-your-region,guides/concrete-driveway-vs-asphalt-which-is-better-for-your-region/index.html,swapped,0,/images/pexels-goodcitizen-1315919.webp,/images/heroes/hero-pale-slab-meets-blacktop-seam.webp,Concrete Driveway vs Asphalt: Which Is Better for Your Region? — Drivewayz USA,Pale weathered concrete meeting dark asphalt along a straight seam,string,https://drivewayzusa.co/images/hero-concrete-driveway-vs-asphalt-which-is-better-for-your-region.webp,https://drivewayzusa.co/images/heroes/hero-pale-slab-meets-blacktop-seam.webp,true,/images/pexels-goodcitizen-1315919.webp,/images/heroes/hero-pale-slab-meets-blacktop-seam.webp,
2026-07-29T23:06:53.268584,concrete-driveway-wire-mesh-placement-proper-technique,guides/concrete-driveway-wire-mesh-placement-proper-technique/index.html,swapped,0,/images/pexels-goodcitizen-1315919.webp,/images/heroes/hero-wire-mesh-grid-over-base.webp,Concrete Driveway Wire Mesh Placement: Proper Technique — Drivewayz USA,Welded wire mesh panels laid over a compacted gravel base,string,https://drivewayzusa.co/images/hero-concrete-driveway-wire-mesh-placement-proper-technique.webp,https://drivewayzusa.co/images/heroes/hero-wire-mesh-grid-over-base.webp,true,/images/pexels-goodcitizen-1315919.webp,/images/heroes/hero-wire-mesh-grid-over-base.webp,
2026-07-29T23:06:53.268833,concrete-finishing-techniques-for-driveways,guides/concrete-finishing-techniques-for-driveways/index.html,swapped,0,/images/pexels-goodcitizen-1315919.webp,/images/heroes/hero-edger-groove-fresh-slab-edge.webp,Concrete Finishing Techniques for Driveways — Drivewayz USA,Rounded edger groove along the edge of a fresh slab,string,https://drivewayzusa.co/images/hero-concrete-finishing-techniques-for-driveways.webp,https://drivewayzusa.co/images/heroes/hero-edger-groove-fresh-slab-edge.webp,true,/images/pexels-goodcitizen-1315919.webp,/images/heroes/hero-edger-groove-fresh-slab-edge.webp,
2026-07-29T23:06:53.269694,concrete-mix-ratios-for-driveways,guides/concrete-mix-ratios-for-driveways/index.html,swapped,0,/images/pexels-goodcitizen-1315919.webp,/images/heroes/hero-sand-gravel-cement-mounds.webp,Concrete Mix Ratios for Driveways — Drivewayz USA,Separate mounds of sand gravel and cement awaiting mixing,string,https://drivewayzusa.co/images/hero-concrete-mix-ratios-for-driveways.webp,https://drivewayzusa.co/images/heroes/hero-sand-gravel-cement-mounds.webp,true,/images/pexels-goodcitizen-1315919.webp,/images/heroes/hero-sand-gravel-cement-mounds.webp,
2026-07-29T23:06:53.270223,concrete-over-asphalt-driveway-feasibility-and-process,guides/concrete-over-asphalt-driveway-feasibility-and-process/index.html,swapped,0,/images/pexels-goodcitizen-1315919.webp,/images/heroes/hero-concrete-cap-over-asphalt-edge.webp,Concrete Over Asphalt Driveway: Feasibility and Process — Drivewayz USA,Fresh concrete overlay edge meeting worn asphalt drive,string,https://drivewayzusa.co/images/hero-concrete-over-asphalt-driveway-feasibility-and-process.webp,https://drivewayzusa.co/images/heroes/hero-concrete-cap-over-asphalt-edge.webp,true,/images/pexels-goodcitizen-1315919.webp,/images/heroes/hero-concrete-cap-over-asphalt-edge.webp,
2026-07-29T23:06:53.270608,concrete-overlay-options-for-existing-driveways,guides/concrete-overlay-options-for-existing-driveways/index.html,swapped,0,/images/pexels-goodcitizen-1315919.webp,/images/heroes/hero-thin-overlay-sawn-line-detail.webp,Concrete Overlay Options for Existing Driveways — Drivewayz USA,Thin concrete overlay with clean sawn control lines,string,https://drivewayzusa.co/images/hero-concrete-overlay-options-for-existing-driveways.webp,https://drivewayzusa.co/images/heroes/hero-thin-overlay-sawn-line-detail.webp,true,/images/pexels-goodcitizen-1315919.webp,/images/heroes/hero-thin-overlay-sawn-line-detail.webp,
2026-07-29T23:06:53.270941,concrete-polishing-for-residential-driveways,guides/concrete-polishing-for-residential-driveways/index.html,swapped,0,/images/pexels-goodcitizen-1315919.webp,/images/heroes/hero-polished-concrete-warm-sheen.webp,Concrete Polishing for Residential Driveways — Drivewayz USA,Glossy polished concrete surface reflecting warm low sunlight,string,https://drivewayzusa.co/images/hero-concrete-polishing-for-residential-driveways.webp,https://drivewayzusa.co/images/heroes/hero-polished-concrete-warm-sheen.webp,true,/images/pexels-goodcitizen-1315919.webp,/images/heroes/hero-polished-concrete-warm-sheen.webp,
2026-07-29T23:06:53.271296,concrete-price-trends-how-material-costs-affect-your-project,guides/concrete-price-trends-how-material-costs-affect-your-project/index.html,swapped,0,/images/pexels-goodcitizen-1315919.webp,/images/heroes/hero-wet-concrete-chute-pour-closeup.webp,Concrete Price Trends: How Material Costs Affect Your Project — Drivewayz USA,Wet concrete flowing from chute into timber forms,string,https://drivewayzusa.co/images/hero-concrete-price-trends-how-material-costs-affect-your-project.webp,https://drivewayzusa.co/images/heroes/hero-wet-concrete-chute-pour-closeup.webp,true,/images/pexels-goodcitizen-1315919.webp,/images/heroes/hero-wet-concrete-chute-pour-closeup.webp,
2026-07-29T23:06:53.271437,concrete-repair,guides/concrete-repair/index.html,skipped,0,,,,,,,,,,,hero_img_not_found
2026-07-29T23:06:53.271793,concrete-sealing-how-often-and-why-it-matters,guides/concrete-sealing-how-often-and-why-it-matters/index.html,swapped,0,/images/pexels-goodcitizen-1315919.webp,/images/heroes/hero-glossy-sealer-concrete-apron.webp,Concrete Sealing: How Often and Why It Matters — Drivewayz USA,Freshly sealed concrete driveway with glossy rain sheen,string,https://drivewayzusa.co/images/hero-concrete-sealing-how-often-and-why-it-matters.webp,https://drivewayzusa.co/images/heroes/hero-glossy-sealer-concrete-apron.webp,true,/images/pexels-goodcitizen-1315919.webp,/images/heroes/hero-glossy-sealer-concrete-apron.webp,
2026-07-29T23:06:53.272034,concrete-vs-asphalt-vs-gravel-which-driveway-is-best-for-your-home,guides/concrete-vs-asphalt-vs-gravel-which-driveway-is-best-for-your-home/index.html,swapped,0,/images/pexels-goodcitizen-1315919.webp,/images/heroes/hero-concrete-slab-meets-gravel-verge.webp,Concrete vs Asphalt vs Gravel: Which Driveway Is Best for Your Home? — Drivewayz USA,New concrete drive meets weathered asphalt at the apron,string,https://drivewayzusa.co/images/hero-concrete-vs-asphalt-vs-gravel-which-driveway-is-best-for-your-home.webp,https://drivewayzusa.co/images/heroes/hero-concrete-slab-meets-gravel-verge.webp,true,/images/pexels-goodcitizen-1315919.webp,/images/heroes/hero-concrete-slab-meets-gravel-verge.webp,
2026-07-29T23:06:53.272253,concrete-vs-asphalt-vs-gravel,guides/concrete-vs-asphalt-vs-gravel/index.html,skipped,0,,,,,,,,,,,hero_img_not_found
2026-07-29T23:06:53.272698,concrete-vs-pavers-for-cold-climates-which-holds-up-better,guides/concrete-vs-pavers-for-cold-climates-which-holds-up-better/index.html,swapped,0,/images/pexels-goodcitizen-1315919.webp,/images/heroes/hero-concrete-meets-pavers-frost.webp,Concrete vs Pavers for Cold Climates: Which Holds Up Better? — Drivewayz USA,Frost dusting the joint where concrete meets brick pavers,string,https://drivewayzusa.co/images/hero-concrete-vs-pavers-for-cold-climates-which-holds-up-better.webp,https://drivewayzusa.co/images/heroes/hero-concrete-meets-pavers-frost.webp,true,/images/pexels-goodcitizen-1315919.webp,/images/heroes/hero-concrete-meets-pavers-frost.webp,
2026-07-29T23:06:53.272965,connecting-a-new-driveway-to-an-existing-one,guides/connecting-a-new-driveway-to-an-existing-one/index.html,swapped,0,/images/pexels-pixabay-221540.webp,/images/heroes/hero-new-slab-ties-into-old-drive.webp,Connecting a New Driveway to an Existing One — Drivewayz USA,Fresh concrete slab butting against a weathered older drive,string,https://drivewayzusa.co/images/hero-connecting-a-new-driveway-to-an-existing-one.webp,https://drivewayzusa.co/images/heroes/hero-new-slab-ties-into-old-drive.webp,true,/images/pexels-pixabay-221540.webp,/images/heroes/hero-new-slab-ties-into-old-drive.webp,
2026-07-29T23:06:53.273248,craftsman-home-driveways-arts-and-crafts-style,guides/craftsman-home-driveways-arts-and-crafts-style/index.html,swapped,0,/images/pexels-pixabay-221540.webp,/images/heroes/hero-brick-band-concrete-frontage.webp,Craftsman Home Driveways: Arts and Crafts Style — Drivewayz USA,Concrete front drive with brick banding in evening light,string,https://drivewayzusa.co/images/hero-craftsman-home-driveways-arts-and-crafts-style.webp,https://drivewayzusa.co/images/heroes/hero-brick-band-concrete-frontage.webp,true,/images/pexels-pixabay-221540.webp,/images/heroes/hero-brick-band-concrete-frontage.webp,
2026-07-29T23:06:53.273822,crushed-concrete-driveways-budget-friendly-option,guides/crushed-concrete-driveways-budget-friendly-option/index.html,swapped,0,/images/pexels-pixabay-277667.webp,/images/heroes/hero-pale-crushed-aggregate-closeup.webp,Crushed Concrete Driveways: Budget-Friendly Option — Drivewayz USA,Close view of pale crushed stone aggregate surface,string,https://drivewayzusa.co/images/hero-crushed-concrete-driveways-budget-friendly-option.webp,https://drivewayzusa.co/images/heroes/hero-pale-crushed-aggregate-closeup.webp,true,/images/pexels-pixabay-277667.webp,/images/heroes/hero-pale-crushed-aggregate-closeup.webp,
2026-07-29T23:06:53.274560,crushed-granite-driveways-installation-and-care,guides/crushed-granite-driveways-installation-and-care/index.html,swapped,0,/images/pexels-pixabay-277667.webp,/images/heroes/hero-crushed-granite-country-drive.webp,Crushed Granite Driveways: Installation and Care — Drivewayz USA,Crushed granite drive running between open grassy verges,string,https://drivewayzusa.co/images/hero-crushed-granite-driveways-installation-and-care.webp,https://drivewayzusa.co/images/heroes/hero-crushed-granite-country-drive.webp,true,/images/pexels-pixabay-277667.webp,/images/heroes/hero-crushed-granite-country-drive.webp,
2026-07-29T23:06:53.275051,crushed-limestone-base-for-driveways-benefits-and-installation,guides/crushed-limestone-base-for-driveways-benefits-and-installation/index.html,swapped,0,/images/pexels-pixabay-277667.webp,/images/heroes/hero-limestone-base-graded-layer.webp,Crushed Limestone Base for Driveways: Benefits and Installation — Drivewayz USA,Graded pale aggregate base layer awaiting surface course,string,https://drivewayzusa.co/images/hero-crushed-limestone-base-for-driveways-benefits-and-installation.webp,https://drivewayzusa.co/images/heroes/hero-limestone-base-graded-layer.webp,true,/images/pexels-pixabay-277667.webp,/images/heroes/hero-limestone-base-graded-layer.webp,
2026-07-29T23:06:53.275360,culvert-installation-for-driveway-entrances,guides/culvert-installation-for-driveway-entrances/index.html,swapped,0,/images/pexels-pixabay-221540.webp,/images/heroes/hero-culvert-pipe-gravel-entrance.webp,Culvert Installation for Driveway Entrances — Drivewayz USA,Metal culvert pipe beneath a gravel entry drive,string,https://drivewayzusa.co/images/hero-culvert-installation-for-driveway-entrances.webp,https://drivewayzusa.co/images/heroes/hero-culvert-pipe-gravel-entrance.webp,true,/images/pexels-pixabay-221540.webp,/images/heroes/hero-culvert-pipe-gravel-entrance.webp,
2026-07-29T23:06:53.275616,curb-cut-requirements-and-regulations,guides/curb-cut-requirements-and-regulations/index.html,swapped,0,/images/pexels-pixabay-221540.webp,/images/heroes/hero-sloped-apron-gutter-curb.webp,Curb Cut Requirements and Regulations — Drivewayz USA,Sloped concrete apron passing through curb to the street,string,https://drivewayzusa.co/images/hero-curb-cut-requirements-and-regulations.webp,https://drivewayzusa.co/images/heroes/hero-sloped-apron-gutter-curb.webp,true,/images/pexels-pixabay-221540.webp,/images/heroes/hero-sloped-apron-gutter-curb.webp,
2026-07-29T23:06:53.275852,curing-a-concrete-driveway-timing-methods-and-common-mistakes,guides/curing-a-concrete-driveway-timing-methods-and-common-mistakes/index.html,swapped,0,/images/pexels-goodcitizen-1315919.webp,/images/heroes/hero-misted-fresh-concrete-slab.webp,"Curing a Concrete Driveway: Timing, Methods, and Common Mistakes — Drivewayz USA",Misted fresh concrete slab curing under gray skies,string,https://drivewayzusa.co/images/hero-curing-a-concrete-driveway-timing-methods-and-common-mistakes.webp,https://drivewayzusa.co/images/heroes/hero-misted-fresh-concrete-slab.webp,true,/images/pexels-goodcitizen-1315919.webp,/images/heroes/hero-misted-fresh-concrete-slab.webp,
2026-07-29T23:06:53.275986,curing-concrete-driveway,guides/curing-concrete-driveway/index.html,skipped,0,,,,,,,,,,,hero_img_not_found
2026-07-29T23:06:53.276210,de-icer-damage-prevention-for-driveways,guides/de-icer-damage-prevention-for-driveways/index.html,swapped,0,/images/pexels-pixabay-221540.webp,/images/heroes/hero-salt-spalled-concrete-flaking.webp,De-Icer Damage Prevention for Driveways — Drivewayz USA,Flaking salt damaged concrete with pale crusted patches,string,https://drivewayzusa.co/images/hero-de-icer-damage-prevention-for-driveways.webp,https://drivewayzusa.co/images/heroes/hero-salt-spalled-concrete-flaking.webp,true,/images/pexels-pixabay-221540.webp,/images/heroes/hero-salt-spalled-concrete-flaking.webp,
2026-07-29T23:06:53.276534,decomposed-granite-vs-gravel-driveways,guides/decomposed-granite-vs-gravel-driveways/index.html,swapped,0,/images/pexels-pixabay-221540.webp,/images/heroes/hero-decomposed-granite-meets-gravel.webp,Decomposed Granite vs Gravel Driveways — Drivewayz USA,Fine tan crushed fines meeting coarser gravel at the seam,string,https://drivewayzusa.co/images/hero-decomposed-granite-vs-gravel-driveways.webp,https://drivewayzusa.co/images/heroes/hero-decomposed-granite-meets-gravel.webp,true,/images/pexels-pixabay-221540.webp,/images/heroes/hero-decomposed-granite-meets-gravel.webp,
2026-07-29T23:06:53.276770,decorative-concrete-driveway-ideas-and-costs,guides/decorative-concrete-driveway-ideas-and-costs/index.html,swapped,0,/images/matt-jones-xpDHTc-pkog-unsplash.webp,/images/heroes/hero-stamped-ashlar-slate-pattern.webp,Decorative Concrete Driveway Ideas and Costs — Drivewayz USA,Stamped slate pattern concrete with a sealed satin finish,string,https://drivewayzusa.co/images/hero-decorative-concrete-driveway-ideas-and-costs.webp,https://drivewayzusa.co/images/heroes/hero-stamped-ashlar-slate-pattern.webp,true,/images/matt-jones-xpDHTc-pkog-unsplash.webp,/images/heroes/hero-stamped-ashlar-slate-pattern.webp,
2026-07-29T23:06:53.277007,delivery-truck-access-driveway-reinforcement,guides/delivery-truck-access-driveway-reinforcement/index.html,swapped,0,/images/pexels-pixabay-221540.webp,/images/heroes/hero-thick-concrete-slab-edge-profile.webp,Delivery Truck Access: Driveway Reinforcement — Drivewayz USA,Thick reinforced concrete slab edge with smooth finish,string,https://drivewayzusa.co/images/hero-delivery-truck-access-driveway-reinforcement.webp,https://drivewayzusa.co/images/heroes/hero-thick-concrete-slab-edge-profile.webp,true,/images/pexels-pixabay-221540.webp,/images/heroes/hero-thick-concrete-slab-edge-profile.webp,
2026-07-29T23:06:53.277339,desert-driveways-new-mexico-and-arizona-tips,guides/desert-driveways-new-mexico-and-arizona-tips/index.html,swapped,0,/images/pexels-sobeslavjan-13838908.webp,/images/heroes/hero-gravel-drive-arid-scrubland.webp,Desert Driveways: New Mexico and Arizona Tips — Drivewayz USA,Gravel drive crossing dry scrubland under harsh sun,string,https://drivewayzusa.co/images/hero-desert-driveways-new-mexico-and-arizona-tips.webp,https://drivewayzusa.co/images/heroes/hero-gravel-drive-arid-scrubland.webp,true,/images/pexels-sobeslavjan-13838908.webp,/images/heroes/hero-gravel-drive-arid-scrubland.webp,
2026-07-29T23:06:53.277698,disposing-of-driveway-debris-properly,guides/disposing-of-driveway-debris-properly/index.html,swapped,0,/images/pexels-pixabay-221540.webp,/images/heroes/hero-concrete-rubble-disposal-pile.webp,Disposing of Driveway Debris Properly — Drivewayz USA,Pile of broken concrete rubble from an old drive,string,https://drivewayzusa.co/images/hero-disposing-of-driveway-debris-properly.webp,https://drivewayzusa.co/images/heroes/hero-concrete-rubble-disposal-pile.webp,true,/images/pexels-pixabay-221540.webp,/images/heroes/hero-concrete-rubble-disposal-pile.webp,
2026-07-29T23:06:53.278070,dispute-resolution-with-driveway-contractors,guides/dispute-resolution-with-driveway-contractors/index.html,swapped,0,/images/pexels-pixabay-221540.webp,/images/heroes/hero-uneven-trowel-marks-concrete.webp,Dispute Resolution with Driveway Contractors — Drivewayz USA,Patchy uneven finish across a new concrete slab,string,https://drivewayzusa.co/images/hero-dispute-resolution-with-driveway-contractors.webp,https://drivewayzusa.co/images/heroes/hero-uneven-trowel-marks-concrete.webp,true,/images/pexels-pixabay-221540.webp,/images/heroes/hero-uneven-trowel-marks-concrete.webp,
2026-07-29T23:06:53.278378,diy-driveway-projects-that-dont-require-a-contractor,guides/diy-driveway-projects-that-dont-require-a-contractor/index.html,swapped,0,/images/pexels-pixabay-221540.webp,/images/heroes/hero-garden-rake-fresh-gravel.webp,DIY Driveway Projects That Don&amp;#x27;t Require a Contractor — Drivewayz USA,Rake resting on freshly spread gravel during a driveway refresh project,string,https://drivewayzusa.co/images/hero-diy-driveway-projects-that-dont-require-a-contractor.webp,https://drivewayzusa.co/images/heroes/hero-garden-rake-fresh-gravel.webp,true,/images/pexels-pixabay-221540.webp,/images/heroes/hero-garden-rake-fresh-gravel.webp,
2026-07-29T23:06:53.278586,diy-vs-professional-driveway-installation-cost-comparison,guides/diy-vs-professional-driveway-installation-cost-comparison/index.html,swapped,0,/images/pexels-pixabay-221540.webp,/images/heroes/hero-rough-patch-smooth-asphalt-joint.webp,DIY vs Professional Driveway Installation: Cost Comparison — Drivewayz USA,Rough hand tamped patch meeting smooth asphalt driveway surface,string,https://drivewayzusa.co/images/hero-diy-vs-professional-driveway-installation-cost-comparison.webp,https://drivewayzusa.co/images/heroes/hero-rough-patch-smooth-asphalt-joint.webp,true,/images/pexels-pixabay-221540.webp,/images/heroes/hero-rough-patch-smooth-asphalt-joint.webp,
2026-07-29T23:06:53.278892,does-a-new-driveway-increase-home-appraisal-value,guides/does-a-new-driveway-increase-home-appraisal-value/index.html,swapped,0,/images/pexels-pixabay-221540.webp,/images/heroes/hero-warm-light-new-concrete-drive.webp,Does a New Driveway Increase Home Appraisal Value? — Drivewayz USA,Fresh concrete drive glowing softly in warm evening light,string,https://drivewayzusa.co/images/hero-does-a-new-driveway-increase-home-appraisal-value.webp,https://drivewayzusa.co/images/heroes/hero-warm-light-new-concrete-drive.webp,true,/images/pexels-pixabay-221540.webp,/images/heroes/hero-warm-light-new-concrete-drive.webp,
2026-07-29T23:06:53.279112,does-rock-salt-damage-concrete-driveways-what-to-use-instead,guides/does-rock-salt-damage-concrete-driveways-what-to-use-instead/index.html,swapped,0,/images/pexels-pixabay-221540.webp,/images/heroes/hero-salt-pitted-concrete-spalling.webp,Does Rock Salt Damage Concrete Driveways? What to Use Instead — Drivewayz USA,Salt pitted concrete surface showing white residue and small spalls,string,https://drivewayzusa.co/images/hero-does-rock-salt-damage-concrete-driveways-what-to-use-instead.webp,https://drivewayzusa.co/images/heroes/hero-salt-pitted-concrete-spalling.webp,true,/images/pexels-pixabay-221540.webp,/images/heroes/hero-salt-pitted-concrete-spalling.webp,
2026-07-29T23:06:53.279334,drainage-solutions-for-sloped-driveways,guides/drainage-solutions-for-sloped-driveways/index.html,swapped,0,/images/pexels-pixabay-221540.webp,/images/heroes/hero-trench-drain-sloped-asphalt.webp,Drainage Solutions for Sloped Driveways — Drivewayz USA,Trench drain grate crossing a sloped asphalt driveway after rain,string,https://drivewayzusa.co/images/hero-drainage-solutions-for-sloped-driveways.webp,https://drivewayzusa.co/images/heroes/hero-trench-drain-sloped-asphalt.webp,true,/images/pexels-pixabay-221540.webp,/images/heroes/hero-trench-drain-sloped-asphalt.webp,
2026-07-29T23:06:53.279629,driveway-30-year-total-cost-material-lifecycle-comparison,guides/driveway-30-year-total-cost-material-lifecycle-comparison/index.html,swapped,0,/images/pexels-curtis-adams-1694007-3990589.webp,/images/heroes/hero-sun-weathered-concrete-hairline-cracks.webp,Driveway 30-Year Total Cost: Material Lifecycle Comparison — Drivewayz USA,Sun weathered concrete driveway with fine hairline cracks and wear,string,https://drivewayzusa.co/images/hero-driveway-30-year-total-cost-material-lifecycle-comparison.webp,https://drivewayzusa.co/images/heroes/hero-sun-weathered-concrete-hairline-cracks.webp,true,/images/pexels-curtis-adams-1694007-3990589.webp,/images/heroes/hero-sun-weathered-concrete-hairline-cracks.webp,
2026-07-29T23:06:53.279855,driveway-3d-scanning-creating-digital-twin-of-your-surface,guides/driveway-3d-scanning-creating-digital-twin-of-your-surface/index.html,swapped,0,/images/pexels-curtis-adams-1694007-3990589.webp,/images/heroes/hero-clean-concrete-drive-high-view.webp,Driveway 3D Scanning: Creating Digital Twin of Your Surface — Drivewayz USA,Smooth gray concrete driveway viewed from an elevated three quarter angle,string,https://drivewayzusa.co/images/hero-driveway-3d-scanning-creating-digital-twin-of-your-surface.webp,https://drivewayzusa.co/images/heroes/hero-clean-concrete-drive-high-view.webp,true,/images/pexels-curtis-adams-1694007-3990589.webp,/images/heroes/hero-clean-concrete-drive-high-view.webp,
2026-07-29T23:06:53.280069,driveway-abrasion-resistance-how-surfaces-wear-over-time,guides/driveway-abrasion-resistance-how-surfaces-wear-over-time/index.html,swapped,0,/images/pexels-curtis-adams-1694007-3990589.webp,/images/heroes/hero-worn-smooth-aggregate-concrete.webp,Driveway Abrasion Resistance: How Surfaces Wear Over Time — Drivewayz USA,Worn concrete with aggregate polished smooth by years of traffic,string,https://drivewayzusa.co/images/hero-driveway-abrasion-resistance-how-surfaces-wear-over-time.webp,https://drivewayzusa.co/images/heroes/hero-worn-smooth-aggregate-concrete.webp,true,/images/pexels-curtis-adams-1694007-3990589.webp,/images/heroes/hero-worn-smooth-aggregate-concrete.webp,
2026-07-29T23:06:53.280381,driveway-access-permit-municipal-street-connection,guides/driveway-access-permit-municipal-street-connection/index.html,swapped,0,/images/pexels-curtis-adams-1694007-3990589.webp,/images/heroes/hero-rolled-curb-apron-gutter.webp,Driveway Access Permit: Municipal Street Connection — Drivewayz USA,Concrete driveway apron meeting the street gutter at a rolled curb,string,https://drivewayzusa.co/images/hero-driveway-access-permit-municipal-street-connection.webp,https://drivewayzusa.co/images/heroes/hero-rolled-curb-apron-gutter.webp,true,/images/pexels-curtis-adams-1694007-3990589.webp,/images/heroes/hero-rolled-curb-apron-gutter.webp,
2026-07-29T23:06:53.280724,driveway-acoustic-emission-testing-crack-detection,guides/driveway-acoustic-emission-testing-crack-detection/index.html,swapped,0,/images/pexels-artbovich-8134848.webp,/images/heroes/hero-fine-crack-map-concrete-panel.webp,Driveway Acoustic Emission Testing: Crack Detection — Drivewayz USA,Network of fine cracks spreading across a concrete driveway panel,string,https://drivewayzusa.co/images/hero-driveway-acoustic-emission-testing-crack-detection.webp,https://drivewayzusa.co/images/heroes/hero-fine-crack-map-concrete-panel.webp,true,/images/pexels-artbovich-8134848.webp,/images/heroes/hero-fine-crack-map-concrete-panel.webp,
2026-07-29T23:06:53.280992,driveway-acrylic-sealer-water-based-protection,guides/driveway-acrylic-sealer-water-based-protection/index.html,swapped,0,/images/pexels-curtis-adams-1694007-3990589.webp,/images/heroes/hero-glossy-sealed-stamped-concrete.webp,Driveway Acrylic Sealer: Water-Based Protection — Drivewayz USA,Glossy acrylic sealer highlighting the pattern of stamped concrete,string,https://drivewayzusa.co/images/hero-driveway-acrylic-sealer-water-based-protection.webp,https://drivewayzusa.co/images/heroes/hero-glossy-sealed-stamped-concrete.webp,true,/images/pexels-curtis-adams-1694007-3990589.webp,/images/heroes/hero-glossy-sealed-stamped-concrete.webp,
2026-07-29T23:06:53.281246,driveway-ada-transition-plan-municipal-accessibility-upgrades,guides/driveway-ada-transition-plan-municipal-accessibility-upgrades/index.html,swapped,0,/images/pexels-curtis-adams-1694007-3990589.webp,/images/heroes/hero-flush-sidewalk-apron-transition.webp,Driveway ADA Transition Plan: Municipal Accessibility Upgrades — Drivewayz USA,Flush concrete transition where a sidewalk crosses a driveway apron,string,https://drivewayzusa.co/images/hero-driveway-ada-transition-plan-municipal-accessibility-upgrades.webp,https://drivewayzusa.co/images/heroes/hero-flush-sidewalk-apron-transition.webp,true,/images/pexels-curtis-adams-1694007-3990589.webp,/images/heroes/hero-flush-sidewalk-apron-transition.webp,
2026-07-29T23:06:53.281489,driveway-aggregate-color-options-regional-stone-varieties,guides/driveway-aggregate-color-options-regional-stone-varieties/index.html,swapped,0,/images/pexels-curtis-adams-1694007-3990589.webp,/images/heroes/hero-multicolor-exposed-aggregate-detail.webp,Driveway Aggregate Color Options: Regional Stone Varieties — Drivewayz USA,Exposed aggregate concrete showing mixed red tan and gray stones,string,https://drivewayzusa.co/images/hero-driveway-aggregate-color-options-regional-stone-varieties.webp,https://drivewayzusa.co/images/heroes/hero-multicolor-exposed-aggregate-detail.webp,true,/images/pexels-curtis-adams-1694007-3990589.webp,/images/heroes/hero-multicolor-exposed-aggregate-detail.webp,
2026-07-29T23:06:53.281832,driveway-aggregate-size-guide-fine-medium-and-coarse,guides/driveway-aggregate-size-guide-fine-medium-and-coarse/index.html,swapped,0,/images/pexels-curtis-adams-1694007-3990589.webp,/images/heroes/hero-coarse-beside-fine-gravel.webp,"Driveway Aggregate Size Guide: Fine, Medium, and Coarse — Drivewayz USA",Coarse crushed stone beside fine gravel in close detail,string,https://drivewayzusa.co/images/hero-driveway-aggregate-size-guide-fine-medium-and-coarse.webp,https://drivewayzusa.co/images/heroes/hero-coarse-beside-fine-gravel.webp,true,/images/pexels-curtis-adams-1694007-3990589.webp,/images/heroes/hero-coarse-beside-fine-gravel.webp,
2026-07-29T23:06:53.282199,driveway-airport-proximity-faa-height-restrictions,guides/driveway-airport-proximity-faa-height-restrictions/index.html,swapped,0,/images/pexels-curtis-adams-1694007-3990589.webp,/images/heroes/hero-gravel-lane-wide-open-sky.webp,Driveway Airport Proximity: FAA Height Restrictions — Drivewayz USA,Long gravel lane stretching beneath a wide open evening sky,string,https://drivewayzusa.co/images/hero-driveway-airport-proximity-faa-height-restrictions.webp,https://drivewayzusa.co/images/heroes/hero-gravel-lane-wide-open-sky.webp,true,/images/pexels-curtis-adams-1694007-3990589.webp,/images/heroes/hero-gravel-lane-wide-open-sky.webp,
2026-07-29T23:06:53.282737,driveway-alarm-systems-and-motion-sensors,guides/driveway-alarm-systems-and-motion-sensors/index.html,swapped,0,/images/pexels-curtis-adams-1694007-3990589.webp,/images/heroes/hero-dusk-lit-paver-drive-entry.webp,Driveway Alarm Systems and Motion Sensors — Drivewayz USA,Paver driveway entry glowing softly in warm dusk light,string,https://drivewayzusa.co/images/hero-driveway-alarm-systems-and-motion-sensors.webp,https://drivewayzusa.co/images/heroes/hero-dusk-lit-paver-drive-entry.webp,true,/images/pexels-curtis-adams-1694007-3990589.webp,/images/heroes/hero-dusk-lit-paver-drive-entry.webp,
2026-07-29T23:06:53.283446,driveway-alexa-and-google-home-compatible-lights,guides/driveway-alexa-and-google-home-compatible-lights/index.html,swapped,0,/images/pexels-curtis-adams-1694007-3990589.webp,/images/heroes/hero-ground-lights-paver-border-dusk.webp,Driveway Alexa and Google Home Compatible Lights — Drivewayz USA,Small ground lights glowing along the border of a paver driveway,string,https://drivewayzusa.co/images/hero-driveway-alexa-and-google-home-compatible-lights.webp,https://drivewayzusa.co/images/heroes/hero-ground-lights-paver-border-dusk.webp,true,/images/pexels-curtis-adams-1694007-3990589.webp,/images/heroes/hero-ground-lights-paver-border-dusk.webp,
2026-07-29T23:06:53.283845,driveway-algae-prevention-treatments-and-surface-options,guides/driveway-algae-prevention-treatments-and-surface-options/index.html,swapped,0,/images/pexels-curtis-adams-1694007-3990589.webp,/images/heroes/hero-green-algae-film-concrete.webp,Driveway Algae Prevention: Treatments and Surface Options — Drivewayz USA,Green algae film spreading across a damp concrete slab,string,https://drivewayzusa.co/images/hero-driveway-algae-prevention-treatments-and-surface-options.webp,https://drivewayzusa.co/images/heroes/hero-green-algae-film-concrete.webp,true,/images/pexels-curtis-adams-1694007-3990589.webp,/images/heroes/hero-green-algae-film-concrete.webp,
2026-07-29T23:06:53.284165,driveway-and-garage-floor-connection-seamless-design,guides/driveway-and-garage-floor-connection-seamless-design/index.html,swapped,0,/images/pexels-curtis-adams-1694007-3990589.webp,/images/heroes/hero-drive-slab-meets-garage-floor.webp,Driveway and Garage Floor Connection: Seamless Design — Drivewayz USA,Concrete slab running flush into the garage at the doorway,string,https://drivewayzusa.co/images/hero-driveway-and-garage-floor-connection-seamless-design.webp,https://drivewayzusa.co/images/heroes/hero-drive-slab-meets-garage-floor.webp,true,/images/pexels-curtis-adams-1694007-3990589.webp,/images/heroes/hero-drive-slab-meets-garage-floor.webp,
2026-07-29T23:06:53.284479,driveway-and-landscaping-integration-cohesive-property-design,guides/driveway-and-landscaping-integration-cohesive-property-design/index.html,swapped,0,/images/pexels-curtis-adams-1694007-3990589.webp,/images/heroes/hero-paver-drive-planted-beds.webp,Driveway and Landscaping Integration: Cohesive Property Design — Drivewayz USA,Paver driveway framed by planted beds and low green shrubs,string,https://drivewayzusa.co/images/hero-driveway-and-landscaping-integration-cohesive-property-design.webp,https://drivewayzusa.co/images/heroes/hero-paver-drive-planted-beds.webp,true,/images/pexels-curtis-adams-1694007-3990589.webp,/images/heroes/hero-paver-drive-planted-beds.webp,
2026-07-29T23:06:53.284810,driveway-and-power-line-clearance-overhead-utilities,guides/driveway-and-power-line-clearance-overhead-utilities/index.html,swapped,0,/images/pexels-curtis-adams-1694007-3990589.webp,/images/heroes/hero-gravel-drive-utility-poles.webp,Driveway and Power Line Clearance: Overhead Utilities — Drivewayz USA,Gravel drive running past utility poles under a clear sky,string,https://drivewayzusa.co/images/hero-driveway-and-power-line-clearance-overhead-utilities.webp,https://drivewayzusa.co/images/heroes/hero-gravel-drive-utility-poles.webp,true,/images/pexels-curtis-adams-1694007-3990589.webp,/images/heroes/hero-gravel-drive-utility-poles.webp,
2026-07-29T23:06:53.285111,driveway-and-retaining-wall-integration-design-principles,guides/driveway-and-retaining-wall-integration-design-principles/index.html,swapped,0,/images/pexels-curtis-adams-1694007-3990589.webp,/images/heroes/hero-asphalt-edge-stone-retaining-wall.webp,Driveway and Retaining Wall Integration: Design Principles — Drivewayz USA,Asphalt drive edged by a low mortared stone wall,string,https://drivewayzusa.co/images/hero-driveway-and-retaining-wall-integration-design-principles.webp,https://drivewayzusa.co/images/heroes/hero-asphalt-edge-stone-retaining-wall.webp,true,/images/pexels-curtis-adams-1694007-3990589.webp,/images/heroes/hero-asphalt-edge-stone-retaining-wall.webp,
2026-07-29T23:06:53.285399,driveway-and-walkway-coordination,guides/driveway-and-walkway-coordination/index.html,swapped,0,/images/pexels-curtis-adams-1694007-3990589.webp,/images/heroes/hero-paver-walkway-meets-concrete-drive.webp,Driveway and Walkway Coordination — Drivewayz USA,Paver walkway meeting a weathered concrete driveway at a clean joint,string,https://drivewayzusa.co/images/hero-driveway-and-walkway-coordination.webp,https://drivewayzusa.co/images/heroes/hero-paver-walkway-meets-concrete-drive.webp,true,/images/pexels-curtis-adams-1694007-3990589.webp,/images/heroes/hero-paver-walkway-meets-concrete-drive.webp,
2026-07-29T23:06:53.285695,driveway-annual-maintenance-cost-comparison-all-materials,guides/driveway-annual-maintenance-cost-comparison-all-materials/index.html,swapped,0,/images/pexels-artbovich-8134848.webp,/images/heroes/hero-fresh-sealcoat-squeegee-lines.webp,Driveway Annual Maintenance Cost Comparison: All Materials — Drivewayz USA,Fresh sealcoat squeegee lines across a partly treated asphalt driveway,string,https://drivewayzusa.co/images/hero-driveway-annual-maintenance-cost-comparison-all-materials.webp,https://drivewayzusa.co/images/heroes/hero-fresh-sealcoat-squeegee-lines.webp,true,/images/pexels-artbovich-8134848.webp,/images/heroes/hero-fresh-sealcoat-squeegee-lines.webp,
2026-07-29T23:06:53.286056,driveway-ant-killer-keeping-insects-out-of-paver-joints,guides/driveway-ant-killer-keeping-insects-out-of-paver-joints/index.html,swapped,0,/images/pexels-curtis-adams-1694007-3990589.webp,/images/heroes/hero-ant-sand-paver-joints-closeup.webp,Driveway Ant Killer: Keeping Insects Out of Paver Joints — Drivewayz USA,Small sand piles pushed up between the joints of paving stones,string,https://drivewayzusa.co/images/hero-driveway-ant-killer-keeping-insects-out-of-paver-joints.webp,https://drivewayzusa.co/images/heroes/hero-ant-sand-paver-joints-closeup.webp,true,/images/pexels-curtis-adams-1694007-3990589.webp,/images/heroes/hero-ant-sand-paver-joints-closeup.webp,
2026-07-29T23:06:53.286437,driveway-apron-design-street-to-property-transition,guides/driveway-apron-design-street-to-property-transition/index.html,swapped,0,/images/pexels-curtis-adams-1694007-3990589.webp,/images/heroes/hero-concrete-apron-meets-asphalt-street.webp,Driveway Apron Design: Street to Property Transition — Drivewayz USA,Concrete apron meeting the asphalt street at a rolled curb,string,https://drivewayzusa.co/images/hero-driveway-apron-design-street-to-property-transition.webp,https://drivewayzusa.co/images/heroes/hero-concrete-apron-meets-asphalt-street.webp,true,/images/pexels-curtis-adams-1694007-3990589.webp,/images/heroes/hero-concrete-apron-meets-asphalt-street.webp,
2026-07-29T23:06:53.286747,driveway-archaeological-survey-historic-area-requirements,guides/driveway-archaeological-survey-historic-area-requirements/index.html,swapped,0,/images/pexels-curtis-adams-1694007-3990589.webp,/images/heroes/hero-weathered-cobblestone-lane-rain.webp,Driveway Archaeological Survey: Historic Area Requirements — Drivewayz USA,Weathered cobblestone lane glistening after rain beside open fields,string,https://drivewayzusa.co/images/hero-driveway-archaeological-survey-historic-area-requirements.webp,https://drivewayzusa.co/images/heroes/hero-weathered-cobblestone-lane-rain.webp,true,/images/pexels-curtis-adams-1694007-3990589.webp,/images/heroes/hero-weathered-cobblestone-lane-rain.webp,
2026-07-29T23:06:53.289189,driveway-as-built-documentation-app-recording-final-product,guides/driveway-as-built-documentation-app-recording-final-product/index.html,swapped,2,/images/pexels-curtis-adams-1694007-3990589.webp,/images/heroes/hero-finished-concrete-drive-clean-lines.webp,Driveway As-Built Documentation App: Recording Final Product — Drivewayz USA,Finished concrete drive with clean broom lines in midday sun,string,https://drivewayzusa.co/images/hero-driveway-as-built-documentation-app-recording-final-product.webp,https://drivewayzusa.co/images/heroes/hero-finished-concrete-drive-clean-lines.webp,true,/images/pexels-curtis-adams-1694007-3990589.webp,/images/heroes/hero-finished-concrete-drive-clean-lines.webp,
2026-07-29T23:06:53.289651,driveway-as-built-survey-documenting-what-was-built,guides/driveway-as-built-survey-documenting-what-was-built/index.html,swapped,0,/images/pexels-curtis-adams-1694007-3990589.webp,/images/heroes/hero-measuring-wheel-new-asphalt.webp,Driveway As-Built Survey: Documenting What Was Built — Drivewayz USA,Measuring wheel resting on a fresh asphalt surface,string,https://drivewayzusa.co/images/hero-driveway-as-built-survey-documenting-what-was-built.webp,https://drivewayzusa.co/images/heroes/hero-measuring-wheel-new-asphalt.webp,true,/images/pexels-curtis-adams-1694007-3990589.webp,/images/heroes/hero-measuring-wheel-new-asphalt.webp,
2026-07-29T23:06:53.290041,driveway-asphalt-binder-grades-pg-system-explained,guides/driveway-asphalt-binder-grades-pg-system-explained/index.html,swapped,0,/images/pexels-curtis-adams-1694007-3990589.webp,/images/heroes/hero-dense-asphalt-binder-texture.webp,Driveway Asphalt Binder Grades: PG System Explained — Drivewayz USA,Dense fresh asphalt binder with fine aggregate texture,string,https://drivewayzusa.co/images/hero-driveway-asphalt-binder-grades-pg-system-explained.webp,https://drivewayzusa.co/images/heroes/hero-dense-asphalt-binder-texture.webp,true,/images/pexels-curtis-adams-1694007-3990589.webp,/images/heroes/hero-dense-asphalt-binder-texture.webp,
2026-07-29T23:06:53.290426,driveway-asset-management-municipal-and-hoa-best-practices,guides/driveway-asset-management-municipal-and-hoa-best-practices/index.html,swapped,0,/images/pexels-curtis-adams-1694007-3990589.webp,/images/heroes/hero-cracked-drives-suburban-street.webp,Driveway Asset Management: Municipal and HOA Best Practices — Drivewayz USA,Cracked asphalt drives along a quiet suburban street,string,https://drivewayzusa.co/images/hero-driveway-asset-management-municipal-and-hoa-best-practices.webp,https://drivewayzusa.co/images/heroes/hero-cracked-drives-suburban-street.webp,true,/images/pexels-curtis-adams-1694007-3990589.webp,/images/heroes/hero-cracked-drives-suburban-street.webp,
2026-07-29T23:06:53.290855,driveway-augmented-reality-overlay-seeing-design-in-real-space,guides/driveway-augmented-reality-overlay-seeing-design-in-real-space/index.html,swapped,0,/images/pexels-curtis-adams-1694007-3990589.webp,/images/heroes/hero-stakes-string-mark-planned-drive.webp,Driveway Augmented Reality Overlay: Seeing Design in Real Space — Drivewayz USA,Stakes and string lines marking a planned drive layout,string,https://drivewayzusa.co/images/hero-driveway-augmented-reality-overlay-seeing-design-in-real-space.webp,https://drivewayzusa.co/images/heroes/hero-stakes-string-mark-planned-drive.webp,true,/images/pexels-curtis-adams-1694007-3990589.webp,/images/heroes/hero-stakes-string-mark-planned-drive.webp,
2026-07-29T23:06:53.291344,driveway-autonomous-vehicle-considerations-preparing-for-the-future,guides/driveway-autonomous-vehicle-considerations-preparing-for-the-future/index.html,swapped,0,/images/pexels-curtis-adams-1694007-3990589.webp,/images/heroes/hero-wide-smooth-concrete-drive-straight.webp,Driveway Autonomous Vehicle Considerations: Preparing for the Future — Drivewayz USA,Wide smooth concrete drive running straight to a garage,string,https://drivewayzusa.co/images/hero-driveway-autonomous-vehicle-considerations-preparing-for-the-future.webp,https://drivewayzusa.co/images/heroes/hero-wide-smooth-concrete-drive-straight.webp,true,/images/pexels-curtis-adams-1694007-3990589.webp,/images/heroes/hero-wide-smooth-concrete-drive-straight.webp,
2026-07-29T23:06:53.291612,driveway-award-winning-designs-recognizing-excellence,guides/driveway-award-winning-designs-recognizing-excellence/index.html,swapped,0,/images/pexels-curtis-adams-1694007-3990589.webp,/images/heroes/hero-curved-paver-drive-golden-light.webp,Driveway Award-Winning Designs: Recognizing Excellence — Drivewayz USA,Curved paver drive glowing in warm evening light,string,https://drivewayzusa.co/images/hero-driveway-award-winning-designs-recognizing-excellence.webp,https://drivewayzusa.co/images/heroes/hero-curved-paver-drive-golden-light.webp,true,/images/pexels-curtis-adams-1694007-3990589.webp,/images/heroes/hero-curved-paver-drive-golden-light.webp,
2026-07-29T23:06:53.291865,driveway-base-and-subgrade-why-they-matter-more-than-the-surface,guides/driveway-base-and-subgrade-why-they-matter-more-than-the-surface/index.html,swapped,0,/images/pexels-curtis-adams-1694007-3990589.webp,/images/heroes/hero-excavated-base-awaiting-gravel-fill.webp,Driveway Base and Subgrade: Why They Matter More Than the Surface — Drivewayz USA,Excavated base with a layer of compacted gravel,string,https://drivewayzusa.co/images/hero-driveway-base-and-subgrade-why-they-matter-more-than-the-surface.webp,https://drivewayzusa.co/images/heroes/hero-excavated-base-awaiting-gravel-fill.webp,true,/images/pexels-curtis-adams-1694007-3990589.webp,/images/heroes/hero-excavated-base-awaiting-gravel-fill.webp,
2026-07-29T23:06:53.292109,driveway-base-depth-how-much-gravel-do-you-need,guides/driveway-base-depth-how-much-gravel-do-you-need/index.html,swapped,0,/images/pexels-curtis-adams-1694007-3990589.webp,/images/heroes/hero-gravel-base-4-inch-layer-profile.webp,Driveway Base Depth: How Much Gravel Do You Need? — Drivewayz USA,Side profile of a 4 inch gravel base layer,string,https://drivewayzusa.co/images/hero-driveway-base-depth-how-much-gravel-do-you-need.webp,https://drivewayzusa.co/images/heroes/hero-gravel-base-4-inch-layer-profile.webp,true,/images/pexels-curtis-adams-1694007-3990589.webp,/images/heroes/hero-gravel-base-4-inch-layer-profile.webp,
2026-07-29T23:06:53.292348,driveway-basics-types-costs-and-lifespan-explained,guides/driveway-basics-types-costs-and-lifespan-explained/index.html,swapped,0,/images/pexels-curtis-adams-1694007-3990589.webp,/images/heroes/hero-concrete-edge-meets-gravel-drive.webp,"Driveway Basics: Types, Costs, and Lifespan Explained — Drivewayz USA",Edge where a concrete drive meets a gravel lane,string,https://drivewayzusa.co/images/hero-driveway-basics-types-costs-and-lifespan-explained.webp,https://drivewayzusa.co/images/heroes/hero-concrete-edge-meets-gravel-drive.webp,true,/images/pexels-curtis-adams-1694007-3990589.webp,/images/heroes/hero-concrete-edge-meets-gravel-drive.webp,
2026-07-29T23:06:53.292696,driveway-basics-types-costs-lifespan,guides/driveway-basics-types-costs-lifespan/index.html,swapped,0,/images/pexels-artbovich-8134848.webp,/images/heroes/hero-paver-band-crosses-concrete-drive.webp,"Driveway Basics: Types, Costs, and Lifespan Explained — Drivewayz USA",Band of brick pavers crossing a pale concrete drive,string,https://drivewayzusa.co/images/logov3.png,https://drivewayzusa.co/images/heroes/hero-paver-band-crosses-concrete-drive.webp,true,/images/pexels-artbovich-8134848.webp,/images/heroes/hero-paver-band-crosses-concrete-drive.webp,
2026-07-29T23:06:53.292927,driveway-basketball-court-integration,guides/driveway-basketball-court-integration/index.html,swapped,0,/images/pexels-curtis-adams-1694007-3990589.webp,/images/heroes/hero-wide-flat-concrete-court-drive.webp,Driveway Basketball Court Integration — Drivewayz USA,Wide flat concrete pad under bright midday sun,string,https://drivewayzusa.co/images/hero-driveway-basketball-court-integration.webp,https://drivewayzusa.co/images/heroes/hero-wide-flat-concrete-court-drive.webp,true,/images/pexels-curtis-adams-1694007-3990589.webp,/images/heroes/hero-wide-flat-concrete-court-drive.webp,
2026-07-29T23:06:53.293188,driveway-before-and-after-asphalt-renovation-examples,guides/driveway-before-and-after-asphalt-renovation-examples/index.html,swapped,0,/images/pexels-curtis-adams-1694007-3990589.webp,/images/heroes/hero-fresh-overlay-old-asphalt-boundary.webp,Driveway Before and After: Asphalt Renovation Examples — Drivewayz USA,Fresh asphalt overlay meeting the faded older pavement surface,string,https://drivewayzusa.co/images/hero-driveway-before-and-after-asphalt-renovation-examples.webp,https://drivewayzusa.co/images/heroes/hero-fresh-overlay-old-asphalt-boundary.webp,true,/images/pexels-curtis-adams-1694007-3990589.webp,/images/heroes/hero-fresh-overlay-old-asphalt-boundary.webp,
2026-07-29T23:06:53.293423,driveway-before-and-after-gravel-to-paved-upgrade,guides/driveway-before-and-after-gravel-to-paved-upgrade/index.html,swapped,0,/images/pexels-curtis-adams-1694007-3990589.webp,/images/heroes/hero-fresh-asphalt-meets-gravel-lane-edge.webp,Driveway Before and After: Gravel to Paved Upgrade — Drivewayz USA,Fresh asphalt pavement ending where a gravel lane begins,string,https://drivewayzusa.co/images/hero-driveway-before-and-after-gravel-to-paved-upgrade.webp,https://drivewayzusa.co/images/heroes/hero-fresh-asphalt-meets-gravel-lane-edge.webp,true,/images/pexels-curtis-adams-1694007-3990589.webp,/images/heroes/hero-fresh-asphalt-meets-gravel-lane-edge.webp,
2026-07-29T23:06:53.293642,driveway-before-and-after-paver-installation-showcase,guides/driveway-before-and-after-paver-installation-showcase/index.html,swapped,0,/images/pexels-curtis-adams-1694007-3990589.webp,/images/heroes/hero-sealed-paver-drive-warm-dusk.webp,Driveway Before and After: Paver Installation Showcase — Drivewayz USA,Newly sealed paver drive in warm dusk light,string,https://drivewayzusa.co/images/hero-driveway-before-and-after-paver-installation-showcase.webp,https://drivewayzusa.co/images/heroes/hero-sealed-paver-drive-warm-dusk.webp,true,/images/pexels-curtis-adams-1694007-3990589.webp,/images/heroes/hero-sealed-paver-drive-warm-dusk.webp,
2026-07-29T23:06:53.293870,driveway-bid-comparison-spreadsheet-evaluating-offers,guides/driveway-bid-comparison-spreadsheet-evaluating-offers/index.html,swapped,0,/images/pexels-curtis-adams-1694007-3990589.webp,/images/heroes/hero-screed-board-fresh-concrete-pour.webp,Driveway Bid Comparison Spreadsheet: Evaluating Offers — Drivewayz USA,Screed board leveling a fresh concrete pour between forms,string,https://drivewayzusa.co/images/hero-driveway-bid-comparison-spreadsheet-evaluating-offers.webp,https://drivewayzusa.co/images/heroes/hero-screed-board-fresh-concrete-pour.webp,true,/images/pexels-curtis-adams-1694007-3990589.webp,/images/heroes/hero-screed-board-fresh-concrete-pour.webp,
2026-07-29T23:06:53.294196,driveway-blog-topics-for-contractors-content-marketing-ideas,guides/driveway-blog-topics-for-contractors-content-marketing-ideas/index.html,swapped,0,/images/pexels-curtis-adams-1694007-3990589.webp,/images/heroes/hero-damp-asphalt-aggregate-macro.webp,Driveway Blog Topics for Contractors: Content Marketing Ideas — Drivewayz USA,Damp asphalt surface with fine cracks after rain,string,https://drivewayzusa.co/images/hero-driveway-blog-topics-for-contractors-content-marketing-ideas.webp,https://drivewayzusa.co/images/heroes/hero-damp-asphalt-aggregate-macro.webp,true,/images/pexels-curtis-adams-1694007-3990589.webp,/images/heroes/hero-damp-asphalt-aggregate-macro.webp,
2026-07-29T23:06:53.294549,driveway-bonded-concrete-overlay-thin-layer-resurfacing,guides/driveway-bonded-concrete-overlay-thin-layer-resurfacing/index.html,swapped,0,/images/pexels-artbovich-8134848.webp,/images/heroes/hero-thin-overlay-old-concrete-slab.webp,Driveway Bonded Concrete Overlay: Thin Layer Resurfacing — Drivewayz USA,Thin fresh topping spread over an old concrete slab,string,https://drivewayzusa.co/images/hero-driveway-bonded-concrete-overlay-thin-layer-resurfacing.webp,https://drivewayzusa.co/images/heroes/hero-thin-overlay-old-concrete-slab.webp,true,/images/pexels-artbovich-8134848.webp,/images/heroes/hero-thin-overlay-old-concrete-slab.webp,
2026-07-29T23:06:53.294896,driveway-border-ideas-edging-and-accents,guides/driveway-border-ideas-edging-and-accents/index.html,swapped,0,/images/pexels-curtis-adams-1694007-3990589.webp,/images/heroes/hero-granite-sett-edging-concrete-drive.webp,Driveway Border Ideas: Edging and Accents — Drivewayz USA,Granite sett edging along a sealed concrete drive,string,https://drivewayzusa.co/images/hero-driveway-border-ideas-edging-and-accents.webp,https://drivewayzusa.co/images/heroes/hero-granite-sett-edging-concrete-drive.webp,true,/images/pexels-curtis-adams-1694007-3990589.webp,/images/heroes/hero-granite-sett-edging-concrete-drive.webp,
2026-07-29T23:06:53.295196,driveway-budget-forecasting-model-predicting-future-costs,guides/driveway-budget-forecasting-model-predicting-future-costs/index.html,swapped,0,/images/pexels-curtis-adams-1694007-3990589.webp,/images/heroes/hero-map-cracked-gray-asphalt-closeup.webp,Driveway Budget Forecasting Model: Predicting Future Costs — Drivewayz USA,Network of map cracks across aging gray asphalt,string,https://drivewayzusa.co/images/hero-driveway-budget-forecasting-model-predicting-future-costs.webp,https://drivewayzusa.co/images/heroes/hero-map-cracked-gray-asphalt-closeup.webp,true,/images/pexels-curtis-adams-1694007-3990589.webp,/images/heroes/hero-map-cracked-gray-asphalt-closeup.webp,
2026-07-29T23:06:53.295545,driveway-builders-risk-insurance-during-construction-coverage,guides/driveway-builders-risk-insurance-during-construction-coverage/index.html,swapped,0,/images/pexels-curtis-adams-1694007-3990589.webp,/images/heroes/hero-formed-driveway-excavation-overcast.webp,Driveway Builder&amp;#x27;s Risk Insurance: During Construction Coverage — Drivewayz USA,Open excavation with timber forms under gray overcast skies,string,https://drivewayzusa.co/images/hero-driveway-builders-risk-insurance-during-construction-coverage.webp,https://drivewayzusa.co/images/heroes/hero-formed-driveway-excavation-overcast.webp,true,/images/pexels-curtis-adams-1694007-3990589.webp,/images/heroes/hero-formed-driveway-excavation-overcast.webp,
2026-07-29T23:06:53.295773,driveway-building-information-modeling-bim-for-paving,guides/driveway-building-information-modeling-bim-for-paving/index.html,swapped,0,/images/pexels-curtis-adams-1694007-3990589.webp,/images/heroes/hero-grade-stakes-leveled-drive-base.webp,Driveway Building Information Modeling: BIM for Paving — Drivewayz USA,Grade stakes and string lines over a leveled gravel base,string,https://drivewayzusa.co/images/hero-driveway-building-information-modeling-bim-for-paving.webp,https://drivewayzusa.co/images/heroes/hero-grade-stakes-leveled-drive-base.webp,true,/images/pexels-curtis-adams-1694007-3990589.webp,/images/heroes/hero-grade-stakes-leveled-drive-base.webp,
2026-07-29T23:06:53.296052,driveway-cable-and-fiber-optic-protection-shallow-utility-concerns,guides/driveway-cable-and-fiber-optic-protection-shallow-utility-concerns/index.html,swapped,0,/images/pexels-curtis-adams-1694007-3990589.webp,/images/heroes/hero-narrow-trench-along-drive-edge.webp,Driveway Cable and Fiber Optic Protection: Shallow Utility Concerns — Drivewayz USA,Narrow shallow trench cut along the edge of a gravel drive,string,https://drivewayzusa.co/images/hero-driveway-cable-and-fiber-optic-protection-shallow-utility-concerns.webp,https://drivewayzusa.co/images/heroes/hero-narrow-trench-along-drive-edge.webp,true,/images/pexels-curtis-adams-1694007-3990589.webp,/images/heroes/hero-narrow-trench-along-drive-edge.webp,
2026-07-29T23:06:53.296346,driveway-callback-repair-contractors-responsibility,guides/driveway-callback-repair-contractors-responsibility/index.html,swapped,0,/images/pexels-artbovich-8134848.webp,/images/heroes/hero-sawn-edges-failed-asphalt.webp,Driveway Callback Repair: Contractor&amp;#x27;s Responsibility — Drivewayz USA,Sawn edges around a failed asphalt section being prepared for new material,string,https://drivewayzusa.co/images/hero-driveway-callback-repair-contractors-responsibility.webp,https://drivewayzusa.co/images/heroes/hero-sawn-edges-failed-asphalt.webp,true,/images/pexels-artbovich-8134848.webp,/images/heroes/hero-sawn-edges-failed-asphalt.webp,
2026-07-29T23:06:53.296567,driveway-camera-and-security-integration,guides/driveway-camera-and-security-integration/index.html,swapped,0,/images/pexels-curtis-adams-1694007-3990589.webp,/images/heroes/hero-camera-post-concrete-frontage.webp,Driveway Camera and Security Integration — Drivewayz USA,Camera post at the curb beside a smooth sealed concrete frontage,string,https://drivewayzusa.co/images/hero-driveway-camera-and-security-integration.webp,https://drivewayzusa.co/images/heroes/hero-camera-post-concrete-frontage.webp,true,/images/pexels-curtis-adams-1694007-3990589.webp,/images/heroes/hero-camera-post-concrete-frontage.webp,
2026-07-29T23:06:53.296788,driveway-cape-seal-combined-chip-and-slurry-treatment,guides/driveway-cape-seal-combined-chip-and-slurry-treatment/index.html,swapped,0,/images/pexels-curtis-adams-1694007-3990589.webp,/images/heroes/hero-cape-seal-slurry-chip-texture.webp,Driveway Cape Seal: Combined Chip and Slurry Treatment — Drivewayz USA,Speckled aggregate bound in a dark slurry under flat light,string,https://drivewayzusa.co/images/hero-driveway-cape-seal-combined-chip-and-slurry-treatment.webp,https://drivewayzusa.co/images/heroes/hero-cape-seal-slurry-chip-texture.webp,true,/images/pexels-curtis-adams-1694007-3990589.webp,/images/heroes/hero-cape-seal-slurry-chip-texture.webp,
2026-07-29T23:06:53.297082,driveway-capital-improvement-planning-big-project-budgeting,guides/driveway-capital-improvement-planning-big-project-budgeting/index.html,swapped,0,/images/pexels-curtis-adams-1694007-3990589.webp,/images/heroes/hero-graded-base-awaiting-paving.webp,Driveway Capital Improvement Planning: Big Project Budgeting — Drivewayz USA,Graded gravel base with edge forms ready for new surfacing,string,https://drivewayzusa.co/images/hero-driveway-capital-improvement-planning-big-project-budgeting.webp,https://drivewayzusa.co/images/heroes/hero-graded-base-awaiting-paving.webp,true,/images/pexels-curtis-adams-1694007-3990589.webp,/images/heroes/hero-graded-base-awaiting-paving.webp,
2026-07-29T23:06:53.297353,driveway-carbon-footprint-calculator-measuring-environmental-impact,guides/driveway-carbon-footprint-calculator-measuring-environmental-impact/index.html,swapped,0,/images/pexels-curtis-adams-1694007-3990589.webp,/images/heroes/hero-permeable-gravel-greenery-drive.webp,Driveway Carbon Footprint Calculator: Measuring Environmental Impact — Drivewayz USA,Open graded gravel drive bordered by planting beds at midday,string,https://drivewayzusa.co/images/hero-driveway-carbon-footprint-calculator-measuring-environmental-impact.webp,https://drivewayzusa.co/images/heroes/hero-permeable-gravel-greenery-drive.webp,true,/images/pexels-curtis-adams-1694007-3990589.webp,/images/heroes/hero-permeable-gravel-greenery-drive.webp,
2026-07-29T23:06:53.297594,driveway-carbon-sequestration-how-some-materials-absorb-co2,guides/driveway-carbon-sequestration-how-some-materials-absorb-co2/index.html,swapped,0,/images/pexels-curtis-adams-1694007-3990589.webp,/images/heroes/hero-grass-joints-paver-closeup.webp,Driveway Carbon Sequestration: How Some Materials Absorb CO2 — Drivewayz USA,Grass growing between weathered paver joints after a rain shower,string,https://drivewayzusa.co/images/hero-driveway-carbon-sequestration-how-some-materials-absorb-co2.webp,https://drivewayzusa.co/images/heroes/hero-grass-joints-paver-closeup.webp,true,/images/pexels-curtis-adams-1694007-3990589.webp,/images/heroes/hero-grass-joints-paver-closeup.webp,
2026-07-29T23:06:53.297833,driveway-cement-types-portland-blended-and-specialty,guides/driveway-cement-types-portland-blended-and-specialty/index.html,swapped,0,/images/pexels-curtis-adams-1694007-3990589.webp,/images/heroes/hero-smooth-cement-surface-detail.webp,"Driveway Cement Types: Portland, Blended, and Specialty — Drivewayz USA",Smooth gray cement surface with fine trowel marks in soft light,string,https://drivewayzusa.co/images/hero-driveway-cement-types-portland-blended-and-specialty.webp,https://drivewayzusa.co/images/heroes/hero-smooth-cement-surface-detail.webp,true,/images/pexels-curtis-adams-1694007-3990589.webp,/images/heroes/hero-smooth-cement-surface-detail.webp,
2026-07-29T23:06:53.298074,driveway-certificate-of-completion-municipal-approval,guides/driveway-certificate-of-completion-municipal-approval/index.html,swapped,0,/images/pexels-curtis-adams-1694007-3990589.webp,/images/heroes/hero-finished-concrete-drive-dusk.webp,Driveway Certificate of Completion: Municipal Approval — Drivewayz USA,Finished concrete drive with crisp edges in warm dusk light,string,https://drivewayzusa.co/images/hero-driveway-certificate-of-completion-municipal-approval.webp,https://drivewayzusa.co/images/heroes/hero-finished-concrete-drive-dusk.webp,true,/images/pexels-curtis-adams-1694007-3990589.webp,/images/heroes/hero-finished-concrete-drive-dusk.webp,
2026-07-29T23:06:53.298375,driveway-certification-programs-becoming-a-qualified-installer,guides/driveway-certification-programs-becoming-a-qualified-installer/index.html,swapped,0,/images/pexels-curtis-adams-1694007-3990589.webp,/images/heroes/hero-screed-board-fresh-concrete.webp,Driveway Certification Programs: Becoming a Qualified Installer — Drivewayz USA,Screed board resting across fresh concrete between timber edge forms,string,https://drivewayzusa.co/images/hero-driveway-certification-programs-becoming-a-qualified-installer.webp,https://drivewayzusa.co/images/heroes/hero-screed-board-fresh-concrete.webp,true,/images/pexels-curtis-adams-1694007-3990589.webp,/images/heroes/hero-screed-board-fresh-concrete.webp,
2026-07-29T23:06:53.298681,driveway-change-order-template-documenting-modifications,guides/driveway-change-order-template-documenting-modifications/index.html,swapped,0,/images/pexels-curtis-adams-1694007-3990589.webp,/images/heroes/hero-form-boards-partly-poured-drive.webp,Driveway Change Order Template: Documenting Modifications — Drivewayz USA,Partly poured concrete drive with forms marking the next section,string,https://drivewayzusa.co/images/hero-driveway-change-order-template-documenting-modifications.webp,https://drivewayzusa.co/images/heroes/hero-form-boards-partly-poured-drive.webp,true,/images/pexels-curtis-adams-1694007-3990589.webp,/images/heroes/hero-form-boards-partly-poured-drive.webp,
2026-07-29T23:06:53.299049,driveway-channel-drain-types-and-installation-guide,guides/driveway-channel-drain-types-and-installation-guide/index.html,swapped,0,/images/pexels-curtis-adams-1694007-3990589.webp,/images/heroes/hero-trench-drain-grate-drive.webp,Driveway Channel Drain: Types and Installation Guide — Drivewayz USA,Metal grate of a trench drain set across a wet concrete drive,string,https://drivewayzusa.co/images/hero-driveway-channel-drain-types-and-installation-guide.webp,https://drivewayzusa.co/images/heroes/hero-trench-drain-grate-drive.webp,true,/images/pexels-curtis-adams-1694007-3990589.webp,/images/heroes/hero-trench-drain-grate-drive.webp,
2026-07-29T23:06:53.299883,driveway-chemical-resistance-oil-gas-and-de-icer-effects,guides/driveway-chemical-resistance-oil-gas-and-de-icer-effects/index.html,swapped,0,/images/pexels-curtis-adams-1694007-3990589.webp,/images/heroes/hero-oil-stain-marks-asphalt-detail.webp,"Driveway Chemical Resistance: Oil, Gas, and De-Icer Effects — Drivewayz USA",Dark oil stains and salt residue on weathered asphalt at midday,string,https://drivewayzusa.co/images/hero-driveway-chemical-resistance-oil-gas-and-de-icer-effects.webp,https://drivewayzusa.co/images/heroes/hero-oil-stain-marks-asphalt-detail.webp,true,/images/pexels-curtis-adams-1694007-3990589.webp,/images/heroes/hero-oil-stain-marks-asphalt-detail.webp,
2026-07-29T23:06:53.300197,driveway-chip-seal-surface-treatment-process,guides/driveway-chip-seal-surface-treatment-process/index.html,swapped,0,/images/pexels-curtis-adams-1694007-3990589.webp,/images/heroes/hero-loose-chips-on-binder.webp,Driveway Chip Seal: Surface Treatment Process — Drivewayz USA,Loose aggregate scattered over fresh binder along a rural lane,string,https://drivewayzusa.co/images/hero-driveway-chip-seal-surface-treatment-process.webp,https://drivewayzusa.co/images/heroes/hero-loose-chips-on-binder.webp,true,/images/pexels-curtis-adams-1694007-3990589.webp,/images/heroes/hero-loose-chips-on-binder.webp,
2026-07-29T23:06:53.300459,driveway-climate-adaptation-strategy-building-for-future-conditions,guides/driveway-climate-adaptation-strategy-building-for-future-conditions/index.html,swapped,0,/images/pexels-sobeslavjan-13838908.webp,/images/heroes/hero-puddled-sealed-concrete-drive.webp,Driveway Climate Adaptation Strategy: Building for Future Conditions — Drivewayz USA,Sealed concrete drive holding puddles after steady rain,string,https://drivewayzusa.co/images/hero-driveway-climate-adaptation-strategy-building-for-future-conditions.webp,https://drivewayzusa.co/images/heroes/hero-puddled-sealed-concrete-drive.webp,true,/images/pexels-sobeslavjan-13838908.webp,/images/heroes/hero-puddled-sealed-concrete-drive.webp,
2026-07-29T23:06:53.301134,driveway-coating-products-comparison,guides/driveway-coating-products-comparison/index.html,swapped,0,/images/pexels-curtis-adams-1694007-3990589.webp,/images/heroes/hero-coated-uncoated-asphalt-boundary.webp,Driveway Coating Products Comparison — Drivewayz USA,Boundary line where glossy coating meets dull untreated asphalt,string,https://drivewayzusa.co/images/hero-driveway-coating-products-comparison.webp,https://drivewayzusa.co/images/heroes/hero-coated-uncoated-asphalt-boundary.webp,true,/images/pexels-curtis-adams-1694007-3990589.webp,/images/heroes/hero-coated-uncoated-asphalt-boundary.webp,
2026-07-29T23:06:53.301484,driveway-coefficient-of-friction-measuring-slip-resistance,guides/driveway-coefficient-of-friction-measuring-slip-resistance/index.html,swapped,0,/images/pexels-curtis-adams-1694007-3990589.webp,/images/heroes/hero-broom-texture-grip-closeup.webp,Driveway Coefficient of Friction: Measuring Slip Resistance — Drivewayz USA,Broomed concrete texture with parallel ridges filling the frame,string,https://drivewayzusa.co/images/hero-driveway-coefficient-of-friction-measuring-slip-resistance.webp,https://drivewayzusa.co/images/heroes/hero-broom-texture-grip-closeup.webp,true,/images/pexels-curtis-adams-1694007-3990589.webp,/images/heroes/hero-broom-texture-grip-closeup.webp,
2026-07-29T23:06:53.301687,driveway-cold-in-place-recycling-budget-friendly-rehabilitation,guides/driveway-cold-in-place-recycling-budget-friendly-rehabilitation/index.html,swapped,0,/images/pexels-curtis-adams-1694007-3990589.webp,/images/heroes/hero-milled-asphalt-rural-lane.webp,Driveway Cold In-Place Recycling: Budget-Friendly Rehabilitation — Drivewayz USA,Milled asphalt lane with grooved texture stretching into open fields,string,https://drivewayzusa.co/images/hero-driveway-cold-in-place-recycling-budget-friendly-rehabilitation.webp,https://drivewayzusa.co/images/heroes/hero-milled-asphalt-rural-lane.webp,true,/images/pexels-curtis-adams-1694007-3990589.webp,/images/heroes/hero-milled-asphalt-rural-lane.webp,
2026-07-29T23:06:53.301966,driveway-cold-pour-crack-filler-diy-application-guide,guides/driveway-cold-pour-crack-filler-diy-application-guide/index.html,swapped,0,/images/pexels-artbovich-8134848.webp,/images/heroes/hero-gray-filler-wide-crack.webp,Driveway Cold Pour Crack Filler: DIY Application Guide — Drivewayz USA,Fresh gray filler running along a wide asphalt fissure,string,https://drivewayzusa.co/images/hero-driveway-cold-pour-crack-filler-diy-application-guide.webp,https://drivewayzusa.co/images/heroes/hero-gray-filler-wide-crack.webp,true,/images/pexels-artbovich-8134848.webp,/images/heroes/hero-gray-filler-wide-crack.webp,
2026-07-29T23:06:53.302169,driveway-color-fading-how-to-restore-and-protect,guides/driveway-color-fading-how-to-restore-and-protect/index.html,swapped,0,/images/pexels-curtis-adams-1694007-3990589.webp,/images/heroes/hero-sun-faded-asphalt-pale-patches.webp,Driveway Color Fading: How to Restore and Protect — Drivewayz USA,Sun bleached asphalt with pale patches beside deeper original tone,string,https://drivewayzusa.co/images/hero-driveway-color-fading-how-to-restore-and-protect.webp,https://drivewayzusa.co/images/heroes/hero-sun-faded-asphalt-pale-patches.webp,true,/images/pexels-curtis-adams-1694007-3990589.webp,/images/heroes/hero-sun-faded-asphalt-pale-patches.webp,
2026-07-29T23:06:53.302393,driveway-color-restoration-techniques,guides/driveway-color-restoration-techniques/index.html,swapped,0,/images/pexels-curtis-adams-1694007-3990589.webp,/images/heroes/hero-color-stain-half-applied.webp,Driveway Color Restoration Techniques — Drivewayz USA,Fresh stain darkening half of a weathered concrete drive,string,https://drivewayzusa.co/images/hero-driveway-color-restoration-techniques.webp,https://drivewayzusa.co/images/heroes/hero-color-stain-half-applied.webp,true,/images/pexels-curtis-adams-1694007-3990589.webp,/images/heroes/hero-color-stain-half-applied.webp,
2026-07-29T23:06:53.302599,driveway-community-design-standards-neighborhood-harmony,guides/driveway-community-design-standards-neighborhood-harmony/index.html,swapped,0,/images/pexels-curtis-adams-1694007-3990589.webp,/images/heroes/hero-matching-paver-drives-street.webp,Driveway Community Design Standards: Neighborhood Harmony — Drivewayz USA,Matching paver drives along a quiet street in evening light,string,https://drivewayzusa.co/images/hero-driveway-community-design-standards-neighborhood-harmony.webp,https://drivewayzusa.co/images/heroes/hero-matching-paver-drives-street.webp,true,/images/pexels-curtis-adams-1694007-3990589.webp,/images/heroes/hero-matching-paver-drives-street.webp,
2026-07-29T23:06:53.302809,driveway-compaction-testing-standards-and-methods,guides/driveway-compaction-testing-standards-and-methods/index.html,swapped,0,/images/pexels-curtis-adams-1694007-3990589.webp,/images/heroes/hero-plate-compactor-gravel-base.webp,Driveway Compaction Testing: Standards and Methods — Drivewayz USA,Plate compactor resting on a freshly packed gravel base layer,string,https://drivewayzusa.co/images/hero-driveway-compaction-testing-standards-and-methods.webp,https://drivewayzusa.co/images/heroes/hero-plate-compactor-gravel-base.webp,true,/images/pexels-curtis-adams-1694007-3990589.webp,/images/heroes/hero-plate-compactor-gravel-base.webp,
2026-07-29T23:06:53.303010,driveway-compaction-testing-why-it-matters,guides/driveway-compaction-testing-why-it-matters/index.html,swapped,0,/images/pexels-curtis-adams-1694007-3990589.webp,/images/heroes/hero-rutted-wheel-paths-asphalt.webp,Driveway Compaction Testing: Why It Matters — Drivewayz USA,Settled wheel paths and cracks across an uneven asphalt surface,string,https://drivewayzusa.co/images/hero-driveway-compaction-testing-why-it-matters.webp,https://drivewayzusa.co/images/heroes/hero-rutted-wheel-paths-asphalt.webp,true,/images/pexels-curtis-adams-1694007-3990589.webp,/images/heroes/hero-rutted-wheel-paths-asphalt.webp,
2026-07-29T23:06:53.303216,driveway-complete-streets-integration-multi-modal-access,guides/driveway-complete-streets-integration-multi-modal-access/index.html,swapped,0,/images/pexels-curtis-adams-1694007-3990589.webp,/images/heroes/hero-apron-sidewalk-painted-lane.webp,Driveway Complete Streets Integration: Multi-Modal Access — Drivewayz USA,Concrete apron crossing a sidewalk beside a painted street lane,string,https://drivewayzusa.co/images/hero-driveway-complete-streets-integration-multi-modal-access.webp,https://drivewayzusa.co/images/heroes/hero-apron-sidewalk-painted-lane.webp,true,/images/pexels-curtis-adams-1694007-3990589.webp,/images/heroes/hero-apron-sidewalk-painted-lane.webp,
2026-07-29T23:06:53.303454,driveway-completed-operations-coverage-post-project-protection,guides/driveway-completed-operations-coverage-post-project-protection/index.html,swapped,0,/images/pexels-curtis-adams-1694007-3990589.webp,/images/heroes/hero-finished-sealed-drive-evening.webp,Driveway Completed Operations Coverage: Post-Project Protection — Drivewayz USA,Finished sealed asphalt drive glowing in warm evening light,string,https://drivewayzusa.co/images/hero-driveway-completed-operations-coverage-post-project-protection.webp,https://drivewayzusa.co/images/heroes/hero-finished-sealed-drive-evening.webp,true,/images/pexels-curtis-adams-1694007-3990589.webp,/images/heroes/hero-finished-sealed-drive-evening.webp,
2026-07-29T23:06:53.303914,driveway-compressive-strength-test-concrete-quality-check,guides/driveway-compressive-strength-test-concrete-quality-check/index.html,swapped,0,/images/pexels-curtis-adams-1694007-3990589.webp,/images/heroes/hero-concrete-core-sample-slab.webp,Driveway Compressive Strength Test: Concrete Quality Check — Drivewayz USA,Concrete core sample resting on a finished slab under overcast skies,string,https://drivewayzusa.co/images/hero-driveway-compressive-strength-test-concrete-quality-check.webp,https://drivewayzusa.co/images/heroes/hero-concrete-core-sample-slab.webp,true,/images/pexels-curtis-adams-1694007-3990589.webp,/images/heroes/hero-concrete-core-sample-slab.webp,
2026-07-29T23:06:53.304293,driveway-concrete-burns-protecting-skin-during-installation,guides/driveway-concrete-burns-protecting-skin-during-installation/index.html,swapped,0,/images/pexels-curtis-adams-1694007-3990589.webp,/images/heroes/hero-steel-trowel-resting-wet-cement.webp,Driveway Concrete Burns: Protecting Skin During Installation — Drivewayz USA,Steel finishing trowel resting on wet cement during a concrete pour,string,https://drivewayzusa.co/images/hero-driveway-concrete-burns-protecting-skin-during-installation.webp,https://drivewayzusa.co/images/heroes/hero-steel-trowel-resting-wet-cement.webp,true,/images/pexels-curtis-adams-1694007-3990589.webp,/images/heroes/hero-steel-trowel-resting-wet-cement.webp,
2026-07-29T23:06:53.304634,driveway-concrete-pigment-adding-color-to-your-mix,guides/driveway-concrete-pigment-adding-color-to-your-mix/index.html,swapped,0,/images/pexels-curtis-adams-1694007-3990589.webp,/images/heroes/hero-pigment-color-strips-fresh-concrete.webp,Driveway Concrete Pigment: Adding Color to Your Mix — Drivewayz USA,Warm pigment color strips brushed across fresh concrete in golden light,string,https://drivewayzusa.co/images/hero-driveway-concrete-pigment-adding-color-to-your-mix.webp,https://drivewayzusa.co/images/heroes/hero-pigment-color-strips-fresh-concrete.webp,true,/images/pexels-curtis-adams-1694007-3990589.webp,/images/heroes/hero-pigment-color-strips-fresh-concrete.webp,
2026-07-29T23:06:53.304992,driveway-concrete-polishing-outdoors-is-it-practical,guides/driveway-concrete-polishing-outdoors-is-it-practical/index.html,swapped,0,/images/pexels-curtis-adams-1694007-3990589.webp,/images/heroes/hero-polished-slab-reflecting-sky.webp,Driveway Concrete Polishing Outdoors: Is It Practical? — Drivewayz USA,Polished concrete slab reflecting clouds across a smooth ground surface,string,https://drivewayzusa.co/images/hero-driveway-concrete-polishing-outdoors-is-it-practical.webp,https://drivewayzusa.co/images/heroes/hero-polished-slab-reflecting-sky.webp,true,/images/pexels-curtis-adams-1694007-3990589.webp,/images/heroes/hero-polished-slab-reflecting-sky.webp,
2026-07-29T23:06:53.305214,driveway-concrete-slump-test-what-it-tells-you,guides/driveway-concrete-slump-test-what-it-tells-you/index.html,swapped,0,/images/pexels-curtis-adams-1694007-3990589.webp,/images/heroes/hero-slump-cone-fresh-concrete-mound.webp,Driveway Concrete Slump Test: What It Tells You — Drivewayz USA,Slump cone beside a settled mound of fresh concrete on a slab,string,https://drivewayzusa.co/images/hero-driveway-concrete-slump-test-what-it-tells-you.webp,https://drivewayzusa.co/images/heroes/hero-slump-cone-fresh-concrete-mound.webp,true,/images/pexels-curtis-adams-1694007-3990589.webp,/images/heroes/hero-slump-cone-fresh-concrete-mound.webp,
2026-07-29T23:06:53.305515,driveway-concrete-vs-asphalt-in-your-climate-zone,guides/driveway-concrete-vs-asphalt-in-your-climate-zone/index.html,swapped,0,/images/pexels-sobeslavjan-13838908.webp,/images/heroes/hero-frosty-concrete-asphalt-seam.webp,Driveway Concrete vs Asphalt in Your Climate Zone — Drivewayz USA,Light frost along the seam where a concrete drive meets asphalt,string,https://drivewayzusa.co/images/hero-driveway-concrete-vs-asphalt-in-your-climate-zone.webp,https://drivewayzusa.co/images/heroes/hero-frosty-concrete-asphalt-seam.webp,true,/images/pexels-sobeslavjan-13838908.webp,/images/heroes/hero-frosty-concrete-asphalt-seam.webp,
2026-07-29T23:06:53.305729,driveway-condition-and-home-inspection-what-buyers-look-for,guides/driveway-condition-and-home-inspection-what-buyers-look-for/index.html,swapped,0,/images/pexels-curtis-adams-1694007-3990589.webp,/images/heroes/hero-cracked-patched-asphalt-frontage.webp,Driveway Condition and Home Inspection: What Buyers Look For — Drivewayz USA,Wide cracks and patch lines across an old asphalt frontage drive,string,https://drivewayzusa.co/images/hero-driveway-condition-and-home-inspection-what-buyers-look-for.webp,https://drivewayzusa.co/images/heroes/hero-cracked-patched-asphalt-frontage.webp,true,/images/pexels-curtis-adams-1694007-3990589.webp,/images/heroes/hero-cracked-patched-asphalt-frontage.webp,
2026-07-29T23:06:53.305943,driveway-condition-assessment-protocol-standardized-evaluation,guides/driveway-condition-assessment-protocol-standardized-evaluation/index.html,swapped,0,/images/pexels-curtis-adams-1694007-3990589.webp,/images/heroes/hero-measuring-wheel-weathered-concrete.webp,Driveway Condition Assessment Protocol: Standardized Evaluation — Drivewayz USA,Measuring wheel standing on a weathered concrete driveway under gray skies,string,https://drivewayzusa.co/images/hero-driveway-condition-assessment-protocol-standardized-evaluation.webp,https://drivewayzusa.co/images/heroes/hero-measuring-wheel-weathered-concrete.webp,true,/images/pexels-curtis-adams-1694007-3990589.webp,/images/heroes/hero-measuring-wheel-weathered-concrete.webp,
2026-07-29T23:06:53.306146,driveway-condition-survey-form-annual-documentation,guides/driveway-condition-survey-form-annual-documentation/index.html,swapped,0,/images/pexels-curtis-adams-1694007-3990589.webp,/images/heroes/hero-damp-weathered-concrete-elevated-view.webp,Driveway Condition Survey Form: Annual Documentation — Drivewayz USA,Damp weathered concrete lane stretching toward open fields after rain,string,https://drivewayzusa.co/images/hero-driveway-condition-survey-form-annual-documentation.webp,https://drivewayzusa.co/images/heroes/hero-damp-weathered-concrete-elevated-view.webp,true,/images/pexels-curtis-adams-1694007-3990589.webp,/images/heroes/hero-damp-weathered-concrete-elevated-view.webp,
2026-07-29T23:06:53.306451,driveway-connected-home-integration-linking-to-smart-systems,guides/driveway-connected-home-integration-linking-to-smart-systems/index.html,swapped,0,/images/pexels-curtis-adams-1694007-3990589.webp,/images/heroes/hero-bollard-lights-sealed-drive-dusk.webp,Driveway Connected Home Integration: Linking to Smart Systems — Drivewayz USA,Low bollard lights glowing along a sealed driveway at dusk,string,https://drivewayzusa.co/images/hero-driveway-connected-home-integration-linking-to-smart-systems.webp,https://drivewayzusa.co/images/heroes/hero-bollard-lights-sealed-drive-dusk.webp,true,/images/pexels-curtis-adams-1694007-3990589.webp,/images/heroes/hero-bollard-lights-sealed-drive-dusk.webp,
2026-07-29T23:06:53.306666,driveway-construction-bond-financial-guarantee-requirements,guides/driveway-construction-bond-financial-guarantee-requirements/index.html,swapped,0,/images/pexels-curtis-adams-1694007-3990589.webp,/images/heroes/hero-wooden-forms-raked-gravel-bed.webp,Driveway Construction Bond: Financial Guarantee Requirements — Drivewayz USA,Wooden forms staked around a raked gravel bed awaiting a pour,string,https://drivewayzusa.co/images/hero-driveway-construction-bond-financial-guarantee-requirements.webp,https://drivewayzusa.co/images/heroes/hero-wooden-forms-raked-gravel-bed.webp,true,/images/pexels-curtis-adams-1694007-3990589.webp,/images/heroes/hero-wooden-forms-raked-gravel-bed.webp,
2026-07-29T23:06:53.306873,driveway-continuing-education-staying-current-with-technology,guides/driveway-continuing-education-staying-current-with-technology/index.html,swapped,0,/images/pexels-curtis-adams-1694007-3990589.webp,/images/heroes/hero-laser-level-fresh-slab.webp,Driveway Continuing Education: Staying Current With Technology — Drivewayz USA,Rotary laser level on a tripod beside a freshly poured slab,string,https://drivewayzusa.co/images/hero-driveway-continuing-education-staying-current-with-technology.webp,https://drivewayzusa.co/images/heroes/hero-laser-level-fresh-slab.webp,true,/images/pexels-curtis-adams-1694007-3990589.webp,/images/heroes/hero-laser-level-fresh-slab.webp,
2026-07-29T23:06:53.307081,driveway-contract-dispute-resolution-mediation-vs-arbitration,guides/driveway-contract-dispute-resolution-mediation-vs-arbitration/index.html,swapped,0,/images/pexels-curtis-adams-1694007-3990589.webp,/images/heroes/hero-cracked-slab-partial-patch-repair.webp,Driveway Contract Dispute Resolution: Mediation vs Arbitration — Drivewayz USA,Partially patched crack running across a gray concrete slab,string,https://drivewayzusa.co/images/hero-driveway-contract-dispute-resolution-mediation-vs-arbitration.webp,https://drivewayzusa.co/images/heroes/hero-cracked-slab-partial-patch-repair.webp,true,/images/pexels-curtis-adams-1694007-3990589.webp,/images/heroes/hero-cracked-slab-partial-patch-repair.webp,
2026-07-29T23:06:53.307421,driveway-contract-template-standard-terms-and-conditions,guides/driveway-contract-template-standard-terms-and-conditions/index.html,swapped,0,/images/pexels-curtis-adams-1694007-3990589.webp,/images/heroes/hero-sealed-asphalt-golden-glow.webp,Driveway Contract Template: Standard Terms and Conditions — Drivewayz USA,Freshly sealed asphalt glowing in warm evening light beside a lawn,string,https://drivewayzusa.co/images/hero-driveway-contract-template-standard-terms-and-conditions.webp,https://drivewayzusa.co/images/heroes/hero-sealed-asphalt-golden-glow.webp,true,/images/pexels-curtis-adams-1694007-3990589.webp,/images/heroes/hero-sealed-asphalt-golden-glow.webp,
2026-07-29T23:06:53.307777,driveway-contractor-arbitration-resolving-quality-disputes,guides/driveway-contractor-arbitration-resolving-quality-disputes/index.html,swapped,0,/images/pexels-curtis-adams-1694007-3990589.webp,/images/heroes/hero-rough-finish-ridges-concrete-closeup.webp,Driveway Contractor Arbitration: Resolving Quality Disputes — Drivewayz USA,Uneven ridged patches across a poorly finished concrete driveway surface,string,https://drivewayzusa.co/images/hero-driveway-contractor-arbitration-resolving-quality-disputes.webp,https://drivewayzusa.co/images/heroes/hero-rough-finish-ridges-concrete-closeup.webp,true,/images/pexels-curtis-adams-1694007-3990589.webp,/images/heroes/hero-rough-finish-ridges-concrete-closeup.webp,
2026-07-29T23:06:53.308011,driveway-contractor-bond-verification-ensuring-protection,guides/driveway-contractor-bond-verification-ensuring-protection/index.html,swapped,0,/images/pexels-curtis-adams-1694007-3990589.webp,/images/heroes/hero-sealed-concrete-crisp-lawn-edges.webp,Driveway Contractor Bond Verification: Ensuring Protection — Drivewayz USA,Sealed concrete drive with crisp lawn edges under bright midday sun,string,https://drivewayzusa.co/images/hero-driveway-contractor-bond-verification-ensuring-protection.webp,https://drivewayzusa.co/images/heroes/hero-sealed-concrete-crisp-lawn-edges.webp,true,/images/pexels-curtis-adams-1694007-3990589.webp,/images/heroes/hero-sealed-concrete-crisp-lawn-edges.webp,
2026-07-29T23:06:53.308266,driveway-contractor-business-insurance-coverage-you-need,guides/driveway-contractor-business-insurance-coverage-you-need/index.html,swapped,0,/images/pexels-curtis-adams-1694007-3990589.webp,/images/heroes/hero-wheelbarrow-fresh-concrete-forms.webp,Driveway Contractor Business Insurance: Coverage You Need — Drivewayz USA,Wheelbarrow of wet concrete beside staked forms on a gravel base,string,https://drivewayzusa.co/images/hero-driveway-contractor-business-insurance-coverage-you-need.webp,https://drivewayzusa.co/images/heroes/hero-wheelbarrow-fresh-concrete-forms.webp,true,/images/pexels-curtis-adams-1694007-3990589.webp,/images/heroes/hero-wheelbarrow-fresh-concrete-forms.webp,
2026-07-29T23:06:53.308578,driveway-contractor-insurance-what-homeowners-should-verify,guides/driveway-contractor-insurance-what-homeowners-should-verify/index.html,swapped,0,/images/pexels-curtis-adams-1694007-3990589.webp,/images/heroes/hero-hairline-cracked-drive-quiet-frontage.webp,Driveway Contractor Insurance: What Homeowners Should Verify — Drivewayz USA,Hairline cracks across an aging concrete drive at a quiet frontage,string,https://drivewayzusa.co/images/hero-driveway-contractor-insurance-what-homeowners-should-verify.webp,https://drivewayzusa.co/images/heroes/hero-hairline-cracked-drive-quiet-frontage.webp,true,/images/pexels-curtis-adams-1694007-3990589.webp,/images/heroes/hero-hairline-cracked-drive-quiet-frontage.webp,
2026-07-29T23:06:53.309040,driveway-contractor-insurance-what-they-should-carry,guides/driveway-contractor-insurance-what-they-should-carry/index.html,swapped,0,/images/pexels-curtis-adams-1694007-3990589.webp,/images/heroes/hero-hand-tamper-compacted-gravel.webp,Driveway Contractor Insurance: What They Should Carry — Drivewayz USA,Hand tamper resting on a freshly compacted gravel driveway base,string,https://drivewayzusa.co/images/hero-driveway-contractor-insurance-what-they-should-carry.webp,https://drivewayzusa.co/images/heroes/hero-hand-tamper-compacted-gravel.webp,true,/images/pexels-curtis-adams-1694007-3990589.webp,/images/heroes/hero-hand-tamper-compacted-gravel.webp,
2026-07-29T23:06:53.309351,driveway-contractor-interview-questions-what-to-ask,guides/driveway-contractor-interview-questions-what-to-ask/index.html,swapped,0,/images/pexels-curtis-adams-1694007-3990589.webp,/images/heroes/hero-sunlit-weathered-gravel-approach.webp,Driveway Contractor Interview Questions: What to Ask — Drivewayz USA,Weathered gravel drive curving through grass in warm evening light,string,https://drivewayzusa.co/images/hero-driveway-contractor-interview-questions-what-to-ask.webp,https://drivewayzusa.co/images/heroes/hero-sunlit-weathered-gravel-approach.webp,true,/images/pexels-curtis-adams-1694007-3990589.webp,/images/heroes/hero-sunlit-weathered-gravel-approach.webp,
2026-07-29T23:06:53.309662,driveway-contractor-license-verification-how-to-check,guides/driveway-contractor-license-verification-how-to-check/index.html,swapped,0,/images/pexels-curtis-adams-1694007-3990589.webp,/images/heroes/hero-smooth-troweled-finish-closeup.webp,Driveway Contractor License Verification: How to Check — Drivewayz USA,Smooth troweled concrete surface with fine arc marks under soft light,string,https://drivewayzusa.co/images/hero-driveway-contractor-license-verification-how-to-check.webp,https://drivewayzusa.co/images/heroes/hero-smooth-troweled-finish-closeup.webp,true,/images/pexels-curtis-adams-1694007-3990589.webp,/images/heroes/hero-smooth-troweled-finish-closeup.webp,
2026-07-29T23:06:53.309870,driveway-contractor-licensing-requirements-by-state,guides/driveway-contractor-licensing-requirements-by-state/index.html,swapped,0,/images/pexels-curtis-adams-1694007-3990589.webp,/images/heroes/hero-aged-asphalt-drive-hedge-line.webp,Driveway Contractor Licensing Requirements by State — Drivewayz USA,Aged asphalt drive running past a trimmed hedge in soft light,string,https://drivewayzusa.co/images/hero-driveway-contractor-licensing-requirements-by-state.webp,https://drivewayzusa.co/images/heroes/hero-aged-asphalt-drive-hedge-line.webp,true,/images/pexels-curtis-adams-1694007-3990589.webp,/images/heroes/hero-aged-asphalt-drive-hedge-line.webp,
2026-07-29T23:06:53.310156,driveway-contractor-red-flags-to-avoid,guides/driveway-contractor-red-flags-to-avoid/index.html,swapped,0,/images/pexels-curtis-adams-1694007-3990589.webp,/images/heroes/hero-delaminated-concrete-flakes-closeup.webp,Driveway Contractor Red Flags to Avoid — Drivewayz USA,Flaking delaminated patches lifting off a concrete driveway surface,string,https://drivewayzusa.co/images/hero-driveway-contractor-red-flags-to-avoid.webp,https://drivewayzusa.co/images/heroes/hero-delaminated-concrete-flakes-closeup.webp,true,/images/pexels-curtis-adams-1694007-3990589.webp,/images/heroes/hero-delaminated-concrete-flakes-closeup.webp,
2026-07-29T23:06:53.310495,driveway-contractor-scheduling-app-coordinating-crews,guides/driveway-contractor-scheduling-app-coordinating-crews/index.html,swapped,0,/images/pexels-curtis-adams-1694007-3990589.webp,/images/heroes/hero-tools-staged-resurfaced-slab-dawn.webp,Driveway Contractor Scheduling App: Coordinating Crews — Drivewayz USA,Finishing tools staged along a half resurfaced slab at dawn,string,https://drivewayzusa.co/images/hero-driveway-contractor-scheduling-app-coordinating-crews.webp,https://drivewayzusa.co/images/heroes/hero-tools-staged-resurfaced-slab-dawn.webp,true,/images/pexels-curtis-adams-1694007-3990589.webp,/images/heroes/hero-tools-staged-resurfaced-slab-dawn.webp,
2026-07-29T23:06:53.310697,driveway-contractor-seo-how-paving-companies-get-found-online,guides/driveway-contractor-seo-how-paving-companies-get-found-online/index.html,swapped,0,/images/pexels-curtis-adams-1694007-3990589.webp,/images/heroes/hero-resin-bound-drive-frontage-midday.webp,Driveway Contractor SEO: How Paving Companies Get Found Online — Drivewayz USA,Resin bound driveway with smooth pebble finish at a tidy frontage,string,https://drivewayzusa.co/images/hero-driveway-contractor-seo-how-paving-companies-get-found-online.webp,https://drivewayzusa.co/images/heroes/hero-resin-bound-drive-frontage-midday.webp,true,/images/pexels-curtis-adams-1694007-3990589.webp,/images/heroes/hero-resin-bound-drive-frontage-midday.webp,
2026-07-29T23:06:53.310925,driveway-contractor-social-media-building-trust-with-photos,guides/driveway-contractor-social-media-building-trust-with-photos/index.html,swapped,0,/images/pexels-curtis-adams-1694007-3990589.webp,/images/heroes/hero-sealed-asphalt-plain-frontage-dusk.webp,Driveway Contractor Social Media: Building Trust With Photos — Drivewayz USA,Sealed asphalt front drive gleaming beside a modest home at dusk,string,https://drivewayzusa.co/images/hero-driveway-contractor-social-media-building-trust-with-photos.webp,https://drivewayzusa.co/images/heroes/hero-sealed-asphalt-plain-frontage-dusk.webp,true,/images/pexels-curtis-adams-1694007-3990589.webp,/images/heroes/hero-sealed-asphalt-plain-frontage-dusk.webp,
2026-07-29T23:06:53.311213,driveway-contractor-truck-setup-tools-and-organization,guides/driveway-contractor-truck-setup-tools-and-organization/index.html,swapped,0,/images/pexels-curtis-adams-1694007-3990589.webp,/images/heroes/hero-equipment-tailgate-fresh-asphalt.webp,Driveway Contractor Truck Setup: Tools and Organization — Drivewayz USA,Hand equipment arranged on an open tailgate beside a fresh asphalt mat,string,https://drivewayzusa.co/images/hero-driveway-contractor-truck-setup-tools-and-organization.webp,https://drivewayzusa.co/images/heroes/hero-equipment-tailgate-fresh-asphalt.webp,true,/images/pexels-curtis-adams-1694007-3990589.webp,/images/heroes/hero-equipment-tailgate-fresh-asphalt.webp,
2026-07-29T23:06:53.311520,driveway-contractor-website-must-haves-winning-online,guides/driveway-contractor-website-must-haves-winning-online/index.html,swapped,0,/images/pexels-curtis-adams-1694007-3990589.webp,/images/heroes/hero-basketweave-pavers-soft-morning-light.webp,Driveway Contractor Website Must-Haves: Winning Online — Drivewayz USA,Basketweave paver frontage edged by lawn under soft morning light,string,https://drivewayzusa.co/images/hero-driveway-contractor-website-must-haves-winning-online.webp,https://drivewayzusa.co/images/heroes/hero-basketweave-pavers-soft-morning-light.webp,true,/images/pexels-curtis-adams-1694007-3990589.webp,/images/heroes/hero-basketweave-pavers-soft-morning-light.webp,
2026-07-29T23:06:53.311720,driveway-contractors-in-albuquerque-nm-how-to-choose,guides/driveway-contractors-in-albuquerque-nm-how-to-choose/index.html,swapped,0,/images/pexels-curtis-adams-1694007-3990589.webp,/images/heroes/hero-broomed-concrete-quiet-frontage.webp,"Driveway Contractors in Albuquerque, NM: How to Choose — Drivewayz USA",Broomed concrete frontage stretching under a flat overcast sky,string,https://drivewayzusa.co/images/hero-driveway-contractors-in-albuquerque-nm-how-to-choose.webp,https://drivewayzusa.co/images/heroes/hero-broomed-concrete-quiet-frontage.webp,true,/images/pexels-curtis-adams-1694007-3990589.webp,/images/heroes/hero-broomed-concrete-quiet-frontage.webp,
2026-07-29T23:06:53.311996,driveway-contractors-in-anchorage-ak-how-to-choose,guides/driveway-contractors-in-anchorage-ak-how-to-choose/index.html,swapped,0,/images/pexels-curtis-adams-1694007-3990589.webp,/images/heroes/hero-wet-gravel-rural-turnoff.webp,"Driveway Contractors in Anchorage, AK: How to Choose — Drivewayz USA",Damp gravel approach curving between field edges after steady rain,string,https://drivewayzusa.co/images/hero-driveway-contractors-in-anchorage-ak-how-to-choose.webp,https://drivewayzusa.co/images/heroes/hero-wet-gravel-rural-turnoff.webp,true,/images/pexels-curtis-adams-1694007-3990589.webp,/images/heroes/hero-wet-gravel-rural-turnoff.webp,
2026-07-29T23:06:53.312314,driveway-contractors-in-atlanta-ga-how-to-choose,guides/driveway-contractors-in-atlanta-ga-how-to-choose/index.html,swapped,0,/images/pexels-curtis-adams-1694007-3990589.webp,/images/heroes/hero-paver-joint-sand-closeup.webp,"Driveway Contractors in Atlanta, GA: How to Choose — Drivewayz USA",Sand filled joints between clay pavers under harsh midday sun,string,https://drivewayzusa.co/images/hero-driveway-contractors-in-atlanta-ga-how-to-choose.webp,https://drivewayzusa.co/images/heroes/hero-paver-joint-sand-closeup.webp,true,/images/pexels-curtis-adams-1694007-3990589.webp,/images/heroes/hero-paver-joint-sand-closeup.webp,
2026-07-29T23:06:53.312531,driveway-contractors-in-austin-tx-how-to-choose,guides/driveway-contractors-in-austin-tx-how-to-choose/index.html,swapped,0,/images/pexels-curtis-adams-1694007-3990589.webp,/images/heroes/hero-dusty-gravel-track-open-pasture.webp,"Driveway Contractors in Austin, TX: How to Choose — Drivewayz USA",Dusty gravel track crossing open pasture toward a distant gate,string,https://drivewayzusa.co/images/hero-driveway-contractors-in-austin-tx-how-to-choose.webp,https://drivewayzusa.co/images/heroes/hero-dusty-gravel-track-open-pasture.webp,true,/images/pexels-curtis-adams-1694007-3990589.webp,/images/heroes/hero-dusty-gravel-track-open-pasture.webp,
2026-07-29T23:06:53.312748,driveway-contractors-in-baltimore-md-how-to-choose,guides/driveway-contractors-in-baltimore-md-how-to-choose/index.html,swapped,0,/images/pexels-curtis-adams-1694007-3990589.webp,/images/heroes/hero-branching-cracks-dull-asphalt.webp,"Driveway Contractors in Baltimore, MD: How to Choose — Drivewayz USA",Branching cracks spread across dull weathered asphalt near the curb,string,https://drivewayzusa.co/images/hero-driveway-contractors-in-baltimore-md-how-to-choose.webp,https://drivewayzusa.co/images/heroes/hero-branching-cracks-dull-asphalt.webp,true,/images/pexels-curtis-adams-1694007-3990589.webp,/images/heroes/hero-branching-cracks-dull-asphalt.webp,
2026-07-29T23:06:53.313053,driveway-contractors-in-birmingham-al-how-to-choose,guides/driveway-contractors-in-birmingham-al-how-to-choose/index.html,swapped,0,/images/pexels-curtis-adams-1694007-3990589.webp,/images/heroes/hero-long-crack-bisecting-concrete-panel.webp,"Driveway Contractors in Birmingham, AL: How to Choose — Drivewayz USA",Long crack bisecting an aged concrete panel in gray light,string,https://drivewayzusa.co/images/hero-driveway-contractors-in-birmingham-al-how-to-choose.webp,https://drivewayzusa.co/images/heroes/hero-long-crack-bisecting-concrete-panel.webp,true,/images/pexels-curtis-adams-1694007-3990589.webp,/images/heroes/hero-long-crack-bisecting-concrete-panel.webp,
2026-07-29T23:06:53.313373,driveway-contractors-in-boise-id-how-to-choose,guides/driveway-contractors-in-boise-id-how-to-choose/index.html,swapped,0,/images/pexels-curtis-adams-1694007-3990589.webp,/images/heroes/hero-drum-roller-fresh-blacktop.webp,"Driveway Contractors in Boise, ID: How to Choose — Drivewayz USA",Steel drum roller compacting a fresh blacktop mat in bright sun,string,https://drivewayzusa.co/images/hero-driveway-contractors-in-boise-id-how-to-choose.webp,https://drivewayzusa.co/images/heroes/hero-drum-roller-fresh-blacktop.webp,true,/images/pexels-curtis-adams-1694007-3990589.webp,/images/heroes/hero-drum-roller-fresh-blacktop.webp,
2026-07-29T23:06:53.313679,driveway-contractors-in-boston-ma-how-to-choose,guides/driveway-contractors-in-boston-ma-how-to-choose/index.html,swapped,0,/images/pexels-curtis-adams-1694007-3990589.webp,/images/heroes/hero-dark-sealed-drive-late-light.webp,"Driveway Contractors in Boston, MA: How to Choose — Drivewayz USA",Dark sealed surface catching low evening sun along a quiet frontage,string,https://drivewayzusa.co/images/hero-driveway-contractors-in-boston-ma-how-to-choose.webp,https://drivewayzusa.co/images/heroes/hero-dark-sealed-drive-late-light.webp,true,/images/pexels-curtis-adams-1694007-3990589.webp,/images/heroes/hero-dark-sealed-drive-late-light.webp,
2026-07-29T23:06:53.313983,driveway-contractors-in-buffalo-ny-how-to-choose,guides/driveway-contractors-in-buffalo-ny-how-to-choose/index.html,swapped,0,/images/pexels-curtis-adams-1694007-3990589.webp,/images/heroes/hero-gray-asphalt-melting-snowline.webp,"Driveway Contractors in Buffalo, NY: How to Choose — Drivewayz USA",Melting snow clinging to the edges of weathered gray asphalt,string,https://drivewayzusa.co/images/hero-driveway-contractors-in-buffalo-ny-how-to-choose.webp,https://drivewayzusa.co/images/heroes/hero-gray-asphalt-melting-snowline.webp,true,/images/pexels-curtis-adams-1694007-3990589.webp,/images/heroes/hero-gray-asphalt-melting-snowline.webp,
2026-07-29T23:06:53.314287,driveway-contractors-in-charleston-sc-how-to-choose,guides/driveway-contractors-in-charleston-sc-how-to-choose/index.html,swapped,0,/images/pexels-curtis-adams-1694007-3990589.webp,/images/heroes/hero-cobblestone-warm-morning-frontage.webp,"Driveway Contractors in Charleston, SC: How to Choose — Drivewayz USA",Cobblestone frontage glowing softly in warm early morning light,string,https://drivewayzusa.co/images/hero-driveway-contractors-in-charleston-sc-how-to-choose.webp,https://drivewayzusa.co/images/heroes/hero-cobblestone-warm-morning-frontage.webp,true,/images/pexels-curtis-adams-1694007-3990589.webp,/images/heroes/hero-cobblestone-warm-morning-frontage.webp,
2026-07-29T23:06:53.316683,driveway-contractors-in-charlotte-nc-how-to-choose,guides/driveway-contractors-in-charlotte-nc-how-to-choose/index.html,swapped,2,/images/pexels-curtis-adams-1694007-3990589.webp,/images/heroes/hero-clean-new-slab-bright-midday.webp,"Driveway Contractors in Charlotte, NC: How to Choose — Drivewayz USA",Clean new concrete slab running toward a small house in bright sun,string,https://drivewayzusa.co/images/hero-driveway-contractors-in-charlotte-nc-how-to-choose.webp,https://drivewayzusa.co/images/heroes/hero-clean-new-slab-bright-midday.webp,true,/images/pexels-curtis-adams-1694007-3990589.webp,/images/heroes/hero-clean-new-slab-bright-midday.webp,
2026-07-29T23:06:53.317211,driveway-contractors-in-chicago-il-how-to-choose,guides/driveway-contractors-in-chicago-il-how-to-choose/index.html,swapped,0,/images/pexels-curtis-adams-1694007-3990589.webp,/images/heroes/hero-square-sawn-patch-asphalt.webp,"Driveway Contractors in Chicago, IL: How to Choose — Drivewayz USA",Fresh square patch with crisp sawn seams set into old asphalt,string,https://drivewayzusa.co/images/hero-driveway-contractors-in-chicago-il-how-to-choose.webp,https://drivewayzusa.co/images/heroes/hero-square-sawn-patch-asphalt.webp,true,/images/pexels-curtis-adams-1694007-3990589.webp,/images/heroes/hero-square-sawn-patch-asphalt.webp,
2026-07-29T23:06:53.317662,driveway-contractors-in-cleveland-oh-how-to-choose,guides/driveway-contractors-in-cleveland-oh-how-to-choose/index.html,swapped,0,/images/pexels-curtis-adams-1694007-3990589.webp,/images/heroes/hero-rain-slick-sealed-slab.webp,"Driveway Contractors in Cleveland, OH: How to Choose — Drivewayz USA",Rain slick sealed concrete reflecting a flat gray sky overhead,string,https://drivewayzusa.co/images/hero-driveway-contractors-in-cleveland-oh-how-to-choose.webp,https://drivewayzusa.co/images/heroes/hero-rain-slick-sealed-slab.webp,true,/images/pexels-curtis-adams-1694007-3990589.webp,/images/heroes/hero-rain-slick-sealed-slab.webp,
2026-07-29T23:06:53.318135,driveway-contractors-in-columbus-oh-how-to-choose,guides/driveway-contractors-in-columbus-oh-how-to-choose/index.html,swapped,0,/images/pexels-curtis-adams-1694007-3990589.webp,/images/heroes/hero-newly-graded-gravel-farm-lane.webp,"Driveway Contractors in Columbus, OH: How to Choose — Drivewayz USA",Newly graded gravel lane stretching straight beneath a wide midday sky,string,https://drivewayzusa.co/images/hero-driveway-contractors-in-columbus-oh-how-to-choose.webp,https://drivewayzusa.co/images/heroes/hero-newly-graded-gravel-farm-lane.webp,true,/images/pexels-curtis-adams-1694007-3990589.webp,/images/heroes/hero-newly-graded-gravel-farm-lane.webp,
2026-07-29T23:06:53.318692,driveway-contractors-in-dallas-tx-how-to-choose,guides/driveway-contractors-in-dallas-tx-how-to-choose/index.html,swapped,0,/images/pexels-curtis-adams-1694007-3990589.webp,/images/heroes/hero-string-lines-over-paver-sand-bed.webp,"Driveway Contractors in Dallas, TX: How to Choose — Drivewayz USA",Half laid paver field with string lines above the sand bed,string,https://drivewayzusa.co/images/hero-driveway-contractors-in-dallas-tx-how-to-choose.webp,https://drivewayzusa.co/images/heroes/hero-string-lines-over-paver-sand-bed.webp,true,/images/pexels-curtis-adams-1694007-3990589.webp,/images/heroes/hero-string-lines-over-paver-sand-bed.webp,
2026-07-29T23:06:53.319193,driveway-contractors-in-denver-co-how-to-choose,guides/driveway-contractors-in-denver-co-how-to-choose/index.html,swapped,0,/images/pexels-curtis-adams-1694007-3990589.webp,/images/heroes/hero-resin-pebbles-damp-sheen-closeup.webp,"Driveway Contractors in Denver, CO: How to Choose — Drivewayz USA",Damp resin bound pebbles with a soft sheen after the rain,string,https://drivewayzusa.co/images/hero-driveway-contractors-in-denver-co-how-to-choose.webp,https://drivewayzusa.co/images/heroes/hero-resin-pebbles-damp-sheen-closeup.webp,true,/images/pexels-curtis-adams-1694007-3990589.webp,/images/heroes/hero-resin-pebbles-damp-sheen-closeup.webp,
2026-07-29T23:06:53.319682,driveway-contractors-in-des-moines-ia-how-to-choose,guides/driveway-contractors-in-des-moines-ia-how-to-choose/index.html,swapped,0,/images/pexels-curtis-adams-1694007-3990589.webp,/images/heroes/hero-cracked-lane-tall-grass-dusk.webp,"Driveway Contractors in Des Moines, IA: How to Choose — Drivewayz USA",Cracked lane bordered by tall grass under low dusk light,string,https://drivewayzusa.co/images/hero-driveway-contractors-in-des-moines-ia-how-to-choose.webp,https://drivewayzusa.co/images/heroes/hero-cracked-lane-tall-grass-dusk.webp,true,/images/pexels-curtis-adams-1694007-3990589.webp,/images/heroes/hero-cracked-lane-tall-grass-dusk.webp,
2026-07-29T23:06:53.320243,driveway-contractors-in-detroit-mi-how-to-choose,guides/driveway-contractors-in-detroit-mi-how-to-choose/index.html,swapped,0,/images/pexels-curtis-adams-1694007-3990589.webp,/images/heroes/hero-stained-concrete-frontage-gray-sky.webp,"Driveway Contractors in Detroit, MI: How to Choose — Drivewayz USA",Stained weathered concrete frontage beneath a heavy gray sky,string,https://drivewayzusa.co/images/hero-driveway-contractors-in-detroit-mi-how-to-choose.webp,https://drivewayzusa.co/images/heroes/hero-stained-concrete-frontage-gray-sky.webp,true,/images/pexels-curtis-adams-1694007-3990589.webp,/images/heroes/hero-stained-concrete-frontage-gray-sky.webp,
2026-07-29T23:06:53.320701,driveway-contractors-in-hartford-ct-how-to-choose,guides/driveway-contractors-in-hartford-ct-how-to-choose/index.html,swapped,0,/images/pexels-curtis-adams-1694007-3990589.webp,/images/heroes/hero-mortar-patch-beside-weathered-slab.webp,"Driveway Contractors in Hartford, CT: How to Choose — Drivewayz USA",Gray mortar patch butted against a weathered concrete slab edge,string,https://drivewayzusa.co/images/hero-driveway-contractors-in-hartford-ct-how-to-choose.webp,https://drivewayzusa.co/images/heroes/hero-mortar-patch-beside-weathered-slab.webp,true,/images/pexels-curtis-adams-1694007-3990589.webp,/images/heroes/hero-mortar-patch-beside-weathered-slab.webp,
2026-07-29T23:06:53.321337,driveway-contractors-in-houston-tx-how-to-choose,guides/driveway-contractors-in-houston-tx-how-to-choose/index.html,swapped,0,/images/pexels-curtis-adams-1694007-3990589.webp,/images/heroes/hero-chip-seal-track-dry-pasture.webp,"Driveway Contractors in Houston, TX: How to Choose — Drivewayz USA",Chip seal track running through dry pasture in hard sun,string,https://drivewayzusa.co/images/hero-driveway-contractors-in-houston-tx-how-to-choose.webp,https://drivewayzusa.co/images/heroes/hero-chip-seal-track-dry-pasture.webp,true,/images/pexels-curtis-adams-1694007-3990589.webp,/images/heroes/hero-chip-seal-track-dry-pasture.webp,
2026-07-29T23:06:53.321763,driveway-contractors-in-indianapolis-in-how-to-choose,guides/driveway-contractors-in-indianapolis-in-how-to-choose/index.html,swapped,0,/images/pexels-curtis-adams-1694007-3990589.webp,/images/heroes/hero-dark-fresh-blacktop-flat-sky.webp,"Driveway Contractors in Indianapolis, IN: How to Choose — Drivewayz USA",Dark fresh blacktop under a flat overcast sky at the curb,string,https://drivewayzusa.co/images/hero-driveway-contractors-in-indianapolis-in-how-to-choose.webp,https://drivewayzusa.co/images/heroes/hero-dark-fresh-blacktop-flat-sky.webp,true,/images/pexels-curtis-adams-1694007-3990589.webp,/images/heroes/hero-dark-fresh-blacktop-flat-sky.webp,
2026-07-29T23:06:53.322432,driveway-contractors-in-jacksonville-fl-how-to-choose,guides/driveway-contractors-in-jacksonville-fl-how-to-choose/index.html,swapped,0,/images/pexels-curtis-adams-1694007-3990589.webp,/images/heroes/hero-glossy-pavers-warm-evening-light.webp,"Driveway Contractors in Jacksonville, FL: How to Choose — Drivewayz USA",Glossy sealed pavers catching warm evening light along the frontage,string,https://drivewayzusa.co/images/hero-driveway-contractors-in-jacksonville-fl-how-to-choose.webp,https://drivewayzusa.co/images/heroes/hero-glossy-pavers-warm-evening-light.webp,true,/images/pexels-curtis-adams-1694007-3990589.webp,/images/heroes/hero-glossy-pavers-warm-evening-light.webp,
2026-07-29T23:06:53.323022,driveway-contractors-in-kansas-city-ks-how-to-choose,guides/driveway-contractors-in-kansas-city-ks-how-to-choose/index.html,swapped,0,/images/pexels-curtis-adams-1694007-3990589.webp,/images/heroes/hero-wood-forms-open-excavation.webp,"Driveway Contractors in Kansas City, KS: How to Choose — Drivewayz USA",Excavated driveway base lined with wooden form boards under gray skies,string,https://drivewayzusa.co/images/hero-driveway-contractors-in-kansas-city-ks-how-to-choose.webp,https://drivewayzusa.co/images/heroes/hero-wood-forms-open-excavation.webp,true,/images/pexels-curtis-adams-1694007-3990589.webp,/images/heroes/hero-wood-forms-open-excavation.webp,
2026-07-29T23:06:53.323884,driveway-contractors-in-kansas-city-mo-how-to-choose,guides/driveway-contractors-in-kansas-city-mo-how-to-choose/index.html,swapped,0,/images/pexels-curtis-adams-1694007-3990589.webp,/images/heroes/hero-wet-concrete-leveling-pass.webp,"Driveway Contractors in Kansas City, MO: How to Choose — Drivewayz USA",Wet concrete driveway surface being leveled between straight form boards,string,https://drivewayzusa.co/images/hero-driveway-contractors-in-kansas-city-mo-how-to-choose.webp,https://drivewayzusa.co/images/heroes/hero-wet-concrete-leveling-pass.webp,true,/images/pexels-curtis-adams-1694007-3990589.webp,/images/heroes/hero-wet-concrete-leveling-pass.webp,
2026-07-29T23:06:53.324409,driveway-contractors-in-las-vegas-nv-how-to-choose,guides/driveway-contractors-in-las-vegas-nv-how-to-choose/index.html,swapped,0,/images/pexels-curtis-adams-1694007-3990589.webp,/images/heroes/hero-sealcoat-strokes-midday-light.webp,"Driveway Contractors in Las Vegas, NV: How to Choose — Drivewayz USA",Fresh sealcoat brush strokes across a dark asphalt driveway surface,string,https://drivewayzusa.co/images/hero-driveway-contractors-in-las-vegas-nv-how-to-choose.webp,https://drivewayzusa.co/images/heroes/hero-sealcoat-strokes-midday-light.webp,true,/images/pexels-curtis-adams-1694007-3990589.webp,/images/heroes/hero-sealcoat-strokes-midday-light.webp,
2026-07-29T23:06:53.325176,driveway-contractors-in-las-vegas-nv-local-guide,guides/driveway-contractors-in-las-vegas-nv-local-guide/index.html,swapped,0,/images/pexels-curtis-adams-1694007-3990589.webp,/images/heroes/hero-warm-light-paver-front-drive.webp,"Driveway Contractors in Las Vegas, NV: Local Guide — Drivewayz USA",New interlocking paver driveway glowing in warm evening light,string,https://drivewayzusa.co/images/hero-driveway-contractors-in-las-vegas-nv-local-guide.webp,https://drivewayzusa.co/images/heroes/hero-warm-light-paver-front-drive.webp,true,/images/pexels-curtis-adams-1694007-3990589.webp,/images/heroes/hero-warm-light-paver-front-drive.webp,
2026-07-29T23:06:53.326318,driveway-contractors-in-little-rock-ar-how-to-choose,guides/driveway-contractors-in-little-rock-ar-how-to-choose/index.html,swapped,1,/images/pexels-curtis-adams-1694007-3990589.webp,/images/heroes/hero-rutted-gravel-lane-gray-sky.webp,"Driveway Contractors in Little Rock, AR: How to Choose — Drivewayz USA",Weathered gravel lane with shallow wheel ruts under overcast skies,string,https://drivewayzusa.co/images/hero-driveway-contractors-in-little-rock-ar-how-to-choose.webp,https://drivewayzusa.co/images/heroes/hero-rutted-gravel-lane-gray-sky.webp,true,/images/pexels-curtis-adams-1694007-3990589.webp,/images/heroes/hero-rutted-gravel-lane-gray-sky.webp,
2026-07-29T23:06:53.326796,driveway-contractors-in-los-angeles-ca-how-to-choose,guides/driveway-contractors-in-los-angeles-ca-how-to-choose/index.html,swapped,0,/images/pexels-curtis-adams-1694007-3990589.webp,/images/heroes/hero-evening-light-new-concrete-drive.webp,"Driveway Contractors in Los Angeles, CA: How to Choose — Drivewayz USA",Smooth new concrete driveway catching low golden evening light,string,https://drivewayzusa.co/images/hero-driveway-contractors-in-los-angeles-ca-how-to-choose.webp,https://drivewayzusa.co/images/heroes/hero-evening-light-new-concrete-drive.webp,true,/images/pexels-curtis-adams-1694007-3990589.webp,/images/heroes/hero-evening-light-new-concrete-drive.webp,
2026-07-29T23:06:53.327254,driveway-contractors-in-madison-wi-how-to-choose,guides/driveway-contractors-in-madison-wi-how-to-choose/index.html,swapped,0,/images/pexels-curtis-adams-1694007-3990589.webp,/images/heroes/hero-rain-pooled-crack-asphalt.webp,"Driveway Contractors in Madison, WI: How to Choose — Drivewayz USA",Rainwater pooled along a long crack in an asphalt driveway,string,https://drivewayzusa.co/images/hero-driveway-contractors-in-madison-wi-how-to-choose.webp,https://drivewayzusa.co/images/heroes/hero-rain-pooled-crack-asphalt.webp,true,/images/pexels-curtis-adams-1694007-3990589.webp,/images/heroes/hero-rain-pooled-crack-asphalt.webp,
2026-07-29T23:06:53.327672,driveway-contractors-in-memphis-tn-how-to-choose,guides/driveway-contractors-in-memphis-tn-how-to-choose/index.html,swapped,0,/images/pexels-curtis-adams-1694007-3990589.webp,/images/heroes/hero-fresh-chip-seal-evening-light.webp,"Driveway Contractors in Memphis, TN: How to Choose — Drivewayz USA",Fresh chip seal drive stretching toward open fields at dusk,string,https://drivewayzusa.co/images/hero-driveway-contractors-in-memphis-tn-how-to-choose.webp,https://drivewayzusa.co/images/heroes/hero-fresh-chip-seal-evening-light.webp,true,/images/pexels-curtis-adams-1694007-3990589.webp,/images/heroes/hero-fresh-chip-seal-evening-light.webp,
2026-07-29T23:06:53.328012,driveway-contractors-in-miami-fl-how-to-choose,guides/driveway-contractors-in-miami-fl-how-to-choose/index.html,swapped,0,/images/pexels-curtis-adams-1694007-3990589.webp,/images/heroes/hero-resin-pebbles-bright-sun.webp,"Driveway Contractors in Miami, FL: How to Choose — Drivewayz USA",Sunlit resin bound pebble surface with uniform speckled texture,string,https://drivewayzusa.co/images/hero-driveway-contractors-in-miami-fl-how-to-choose.webp,https://drivewayzusa.co/images/heroes/hero-resin-pebbles-bright-sun.webp,true,/images/pexels-curtis-adams-1694007-3990589.webp,/images/heroes/hero-resin-pebbles-bright-sun.webp,
2026-07-29T23:06:53.328400,driveway-contractors-in-milwaukee-wi-how-to-choose,guides/driveway-contractors-in-milwaukee-wi-how-to-choose/index.html,swapped,0,/images/pexels-curtis-adams-1694007-3990589.webp,/images/heroes/hero-rebar-mesh-over-graded-base.webp,"Driveway Contractors in Milwaukee, WI: How to Choose — Drivewayz USA",Steel reinforcement mesh laid over a graded gravel driveway base,string,https://drivewayzusa.co/images/hero-driveway-contractors-in-milwaukee-wi-how-to-choose.webp,https://drivewayzusa.co/images/heroes/hero-rebar-mesh-over-graded-base.webp,true,/images/pexels-curtis-adams-1694007-3990589.webp,/images/heroes/hero-rebar-mesh-over-graded-base.webp,
2026-07-29T23:06:53.328832,driveway-contractors-in-minneapolis-mn-how-to-choose,guides/driveway-contractors-in-minneapolis-mn-how-to-choose/index.html,swapped,0,/images/pexels-curtis-adams-1694007-3990589.webp,/images/heroes/hero-rain-glossed-asphalt-entry.webp,"Driveway Contractors in Minneapolis, MN: How to Choose — Drivewayz USA",Glossy sealed asphalt driveway still wet after a rain shower,string,https://drivewayzusa.co/images/hero-driveway-contractors-in-minneapolis-mn-how-to-choose.webp,https://drivewayzusa.co/images/heroes/hero-rain-glossed-asphalt-entry.webp,true,/images/pexels-curtis-adams-1694007-3990589.webp,/images/heroes/hero-rain-glossed-asphalt-entry.webp,
2026-07-29T23:06:53.329198,driveway-contractors-in-nashville-tn-how-to-choose,guides/driveway-contractors-in-nashville-tn-how-to-choose/index.html,swapped,0,/images/pexels-curtis-adams-1694007-3990589.webp,/images/heroes/hero-mossy-cobblestone-warm-light.webp,"Driveway Contractors in Nashville, TN: How to Choose — Drivewayz USA",Weathered cobblestone driveway with mossy joints in warm evening light,string,https://drivewayzusa.co/images/hero-driveway-contractors-in-nashville-tn-how-to-choose.webp,https://drivewayzusa.co/images/heroes/hero-mossy-cobblestone-warm-light.webp,true,/images/pexels-curtis-adams-1694007-3990589.webp,/images/heroes/hero-mossy-cobblestone-warm-light.webp,
2026-07-29T23:06:53.329688,driveway-contractors-in-new-orleans-la-how-to-choose,guides/driveway-contractors-in-new-orleans-la-how-to-choose/index.html,swapped,0,/images/pexels-curtis-adams-1694007-3990589.webp,/images/heroes/hero-half-laid-pavers-sand-bed.webp,"Driveway Contractors in New Orleans, LA: How to Choose — Drivewayz USA",Partly laid paver driveway over a screeded sand bedding layer,string,https://drivewayzusa.co/images/hero-driveway-contractors-in-new-orleans-la-how-to-choose.webp,https://drivewayzusa.co/images/heroes/hero-half-laid-pavers-sand-bed.webp,true,/images/pexels-curtis-adams-1694007-3990589.webp,/images/heroes/hero-half-laid-pavers-sand-bed.webp,
2026-07-29T23:06:53.330067,driveway-contractors-in-new-york-city-ny-how-to-choose,guides/driveway-contractors-in-new-york-city-ny-how-to-choose/index.html,swapped,0,/images/pexels-curtis-adams-1694007-3990589.webp,/images/heroes/hero-broom-finish-midday-closeup.webp,"Driveway Contractors in New York City, NY: How to Choose — Drivewayz USA",Fine broom texture across a new concrete driveway panel,string,https://drivewayzusa.co/images/hero-driveway-contractors-in-new-york-city-ny-how-to-choose.webp,https://drivewayzusa.co/images/heroes/hero-broom-finish-midday-closeup.webp,true,/images/pexels-curtis-adams-1694007-3990589.webp,/images/heroes/hero-broom-finish-midday-closeup.webp,
2026-07-29T23:06:53.330408,driveway-contractors-in-newark-nj-how-to-choose,guides/driveway-contractors-in-newark-nj-how-to-choose/index.html,swapped,0,/images/pexels-curtis-adams-1694007-3990589.webp,/images/heroes/hero-faded-asphalt-plain-frontage.webp,"Driveway Contractors in Newark, NJ: How to Choose — Drivewayz USA",Faded weathered asphalt driveway before a modest suburban home,string,https://drivewayzusa.co/images/hero-driveway-contractors-in-newark-nj-how-to-choose.webp,https://drivewayzusa.co/images/heroes/hero-faded-asphalt-plain-frontage.webp,true,/images/pexels-curtis-adams-1694007-3990589.webp,/images/heroes/hero-faded-asphalt-plain-frontage.webp,
2026-07-29T23:06:53.330970,driveway-contractors-in-oklahoma-city-ok-how-to-choose,guides/driveway-contractors-in-oklahoma-city-ok-how-to-choose/index.html,swapped,0,/images/pexels-curtis-adams-1694007-3990589.webp,/images/heroes/hero-smooth-graded-gravel-approach.webp,"Driveway Contractors in Oklahoma City, OK: How to Choose — Drivewayz USA",Freshly graded gravel approach glowing in low evening light,string,https://drivewayzusa.co/images/hero-driveway-contractors-in-oklahoma-city-ok-how-to-choose.webp,https://drivewayzusa.co/images/heroes/hero-smooth-graded-gravel-approach.webp,true,/images/pexels-curtis-adams-1694007-3990589.webp,/images/heroes/hero-smooth-graded-gravel-approach.webp,
2026-07-29T23:06:53.331327,driveway-contractors-in-omaha-ne-how-to-choose,guides/driveway-contractors-in-omaha-ne-how-to-choose/index.html,swapped,0,/images/pexels-curtis-adams-1694007-3990589.webp,/images/heroes/hero-saw-cut-lines-fresh-slab.webp,"Driveway Contractors in Omaha, NE: How to Choose — Drivewayz USA",Fresh saw cut control joints across a new concrete slab,string,https://drivewayzusa.co/images/hero-driveway-contractors-in-omaha-ne-how-to-choose.webp,https://drivewayzusa.co/images/heroes/hero-saw-cut-lines-fresh-slab.webp,true,/images/pexels-curtis-adams-1694007-3990589.webp,/images/heroes/hero-saw-cut-lines-fresh-slab.webp,
2026-07-29T23:06:53.331653,driveway-contractors-in-orlando-fl-how-to-choose,guides/driveway-contractors-in-orlando-fl-how-to-choose/index.html,swapped,0,/images/pexels-curtis-adams-1694007-3990589.webp,/images/heroes/hero-wet-sealed-pavers-entry.webp,"Driveway Contractors in Orlando, FL: How to Choose — Drivewayz USA",Rain darkened sealed paver driveway seen from an elevated view,string,https://drivewayzusa.co/images/hero-driveway-contractors-in-orlando-fl-how-to-choose.webp,https://drivewayzusa.co/images/heroes/hero-wet-sealed-pavers-entry.webp,true,/images/pexels-curtis-adams-1694007-3990589.webp,/images/heroes/hero-wet-sealed-pavers-entry.webp,
2026-07-29T23:06:53.332060,driveway-contractors-in-philadelphia-pa-how-to-choose,guides/driveway-contractors-in-philadelphia-pa-how-to-choose/index.html,swapped,0,/images/pexels-curtis-adams-1694007-3990589.webp,/images/heroes/hero-aged-brick-paver-drive.webp,"Driveway Contractors in Philadelphia, PA: How to Choose — Drivewayz USA",Aged brick paver driveway with softened colors under gray skies,string,https://drivewayzusa.co/images/hero-driveway-contractors-in-philadelphia-pa-how-to-choose.webp,https://drivewayzusa.co/images/heroes/hero-aged-brick-paver-drive.webp,true,/images/pexels-curtis-adams-1694007-3990589.webp,/images/heroes/hero-aged-brick-paver-drive.webp,
2026-07-29T23:06:53.332387,driveway-contractors-in-phoenix-az-how-to-choose,guides/driveway-contractors-in-phoenix-az-how-to-choose/index.html,swapped,0,/images/pexels-curtis-adams-1694007-3990589.webp,/images/heroes/hero-heat-cracked-concrete-closeup.webp,"Driveway Contractors in Phoenix, AZ: How to Choose — Drivewayz USA",Heat cracked concrete driveway surface in harsh midday sunlight,string,https://drivewayzusa.co/images/hero-driveway-contractors-in-phoenix-az-how-to-choose.webp,https://drivewayzusa.co/images/heroes/hero-heat-cracked-concrete-closeup.webp,true,/images/pexels-curtis-adams-1694007-3990589.webp,/images/heroes/hero-heat-cracked-concrete-closeup.webp,
2026-07-29T23:06:53.332700,driveway-contractors-in-pittsburgh-pa-how-to-choose,guides/driveway-contractors-in-pittsburgh-pa-how-to-choose/index.html,swapped,0,/images/pexels-curtis-adams-1694007-3990589.webp,/images/heroes/hero-fresh-overlay-rolled-edge.webp,"Driveway Contractors in Pittsburgh, PA: How to Choose — Drivewayz USA",Fresh asphalt overlay rolled along the edge of older pavement,string,https://drivewayzusa.co/images/hero-driveway-contractors-in-pittsburgh-pa-how-to-choose.webp,https://drivewayzusa.co/images/heroes/hero-fresh-overlay-rolled-edge.webp,true,/images/pexels-curtis-adams-1694007-3990589.webp,/images/heroes/hero-fresh-overlay-rolled-edge.webp,
2026-07-29T23:06:53.333161,driveway-contractors-in-raleigh-nc-how-to-choose,guides/driveway-contractors-in-raleigh-nc-how-to-choose/index.html,swapped,0,/images/pexels-curtis-adams-1694007-3990589.webp,/images/heroes/hero-dusk-glow-sealed-drive.webp,"Driveway Contractors in Raleigh, NC: How to Choose — Drivewayz USA",Sealed concrete driveway reflecting soft dusk light at the curb,string,https://drivewayzusa.co/images/hero-driveway-contractors-in-raleigh-nc-how-to-choose.webp,https://drivewayzusa.co/images/heroes/hero-dusk-glow-sealed-drive.webp,true,/images/pexels-curtis-adams-1694007-3990589.webp,/images/heroes/hero-dusk-glow-sealed-drive.webp,
2026-07-29T23:06:53.333679,driveway-contractors-in-richmond-va-how-to-choose,guides/driveway-contractors-in-richmond-va-how-to-choose/index.html,swapped,0,/images/pexels-curtis-adams-1694007-3990589.webp,/images/heroes/hero-wet-cobblestone-lane-low.webp,"Driveway Contractors in Richmond, VA: How to Choose — Drivewayz USA",Rain slick cobblestone lane leading through open countryside,string,https://drivewayzusa.co/images/hero-driveway-contractors-in-richmond-va-how-to-choose.webp,https://drivewayzusa.co/images/heroes/hero-wet-cobblestone-lane-low.webp,true,/images/pexels-curtis-adams-1694007-3990589.webp,/images/heroes/hero-wet-cobblestone-lane-low.webp,
2026-07-29T23:06:53.334793,driveway-contractors-in-salt-lake-city-ut-how-to-choose,guides/driveway-contractors-in-salt-lake-city-ut-how-to-choose/index.html,swapped,1,/images/pexels-curtis-adams-1694007-3990589.webp,/images/heroes/hero-angular-crushed-stone-closeup.webp,"Driveway Contractors in Salt Lake City, UT: How to Choose — Drivewayz USA",Angular crushed stone gravel surface in sharp midday light,string,https://drivewayzusa.co/images/hero-driveway-contractors-in-salt-lake-city-ut-how-to-choose.webp,https://drivewayzusa.co/images/heroes/hero-angular-crushed-stone-closeup.webp,true,/images/pexels-curtis-adams-1694007-3990589.webp,/images/heroes/hero-angular-crushed-stone-closeup.webp,
2026-07-29T23:06:53.335283,driveway-contractors-in-san-antonio-tx-how-to-choose,guides/driveway-contractors-in-san-antonio-tx-how-to-choose/index.html,swapped,0,/images/pexels-curtis-adams-1694007-3990589.webp,/images/heroes/hero-fresh-blacktop-warm-evening.webp,"Driveway Contractors in San Antonio, TX: How to Choose — Drivewayz USA",Fresh black asphalt driveway glowing in warm evening light,string,https://drivewayzusa.co/images/hero-driveway-contractors-in-san-antonio-tx-how-to-choose.webp,https://drivewayzusa.co/images/heroes/hero-fresh-blacktop-warm-evening.webp,true,/images/pexels-curtis-adams-1694007-3990589.webp,/images/heroes/hero-fresh-blacktop-warm-evening.webp,
2026-07-29T23:06:53.335701,driveway-contractors-in-san-diego-ca-how-to-choose,guides/driveway-contractors-in-san-diego-ca-how-to-choose/index.html,swapped,0,/images/pexels-curtis-adams-1694007-3990589.webp,/images/heroes/hero-broomed-concrete-evening-light.webp,"Driveway Contractors in San Diego, CA: How to Choose — Drivewayz USA",Wide broom finished concrete drive glowing in warm evening light,string,https://drivewayzusa.co/images/hero-driveway-contractors-in-san-diego-ca-how-to-choose.webp,https://drivewayzusa.co/images/heroes/hero-broomed-concrete-evening-light.webp,true,/images/pexels-curtis-adams-1694007-3990589.webp,/images/heroes/hero-broomed-concrete-evening-light.webp,
2026-07-29T23:06:53.336046,driveway-contractors-in-san-francisco-ca-how-to-choose,guides/driveway-contractors-in-san-francisco-ca-how-to-choose/index.html,swapped,0,/images/pexels-curtis-adams-1694007-3990589.webp,/images/heroes/hero-smooth-asphalt-midday-sunlight.webp,"Driveway Contractors in San Francisco, CA: How to Choose — Drivewayz USA",Smooth freshly paved asphalt drive under bright midday sun,string,https://drivewayzusa.co/images/hero-driveway-contractors-in-san-francisco-ca-how-to-choose.webp,https://drivewayzusa.co/images/heroes/hero-smooth-asphalt-midday-sunlight.webp,true,/images/pexels-curtis-adams-1694007-3990589.webp,/images/heroes/hero-smooth-asphalt-midday-sunlight.webp,
2026-07-29T23:06:53.336332,driveway-contractors-in-san-jose-ca-how-to-choose,guides/driveway-contractors-in-san-jose-ca-how-to-choose/index.html,swapped,0,/images/pexels-curtis-adams-1694007-3990589.webp,/images/heroes/hero-sealed-paver-joints-overcast.webp,"Driveway Contractors in San Jose, CA: How to Choose — Drivewayz USA",Low view along sealed paver surface beneath overcast sky,string,https://drivewayzusa.co/images/hero-driveway-contractors-in-san-jose-ca-how-to-choose.webp,https://drivewayzusa.co/images/heroes/hero-sealed-paver-joints-overcast.webp,true,/images/pexels-curtis-adams-1694007-3990589.webp,/images/heroes/hero-sealed-paver-joints-overcast.webp,
2026-07-29T23:06:53.336614,driveway-contractors-in-savannah-ga-how-to-choose,guides/driveway-contractors-in-savannah-ga-how-to-choose/index.html,swapped,0,/images/pexels-curtis-adams-1694007-3990589.webp,/images/heroes/hero-rain-darkened-concrete-frontage.webp,"Driveway Contractors in Savannah, GA: How to Choose — Drivewayz USA",Rain darkened concrete drive reflecting a cloudy sky,string,https://drivewayzusa.co/images/hero-driveway-contractors-in-savannah-ga-how-to-choose.webp,https://drivewayzusa.co/images/heroes/hero-rain-darkened-concrete-frontage.webp,true,/images/pexels-curtis-adams-1694007-3990589.webp,/images/heroes/hero-rain-darkened-concrete-frontage.webp,
2026-07-29T23:06:53.336900,driveway-contractors-in-seattle-wa-how-to-choose,guides/driveway-contractors-in-seattle-wa-how-to-choose/index.html,swapped,0,/images/pexels-curtis-adams-1694007-3990589.webp,/images/heroes/hero-gray-weathered-concrete-low-view.webp,"Driveway Contractors in Seattle, WA: How to Choose — Drivewayz USA",Low angle along weathered gray concrete surface under clouds,string,https://drivewayzusa.co/images/hero-driveway-contractors-in-seattle-wa-how-to-choose.webp,https://drivewayzusa.co/images/heroes/hero-gray-weathered-concrete-low-view.webp,true,/images/pexels-curtis-adams-1694007-3990589.webp,/images/heroes/hero-gray-weathered-concrete-low-view.webp,
2026-07-29T23:06:53.337210,driveway-contractors-in-spokane-wa-how-to-choose,guides/driveway-contractors-in-spokane-wa-how-to-choose/index.html,swapped,0,/images/pexels-curtis-adams-1694007-3990589.webp,/images/heroes/hero-gravel-approach-evening-glow.webp,"Driveway Contractors in Spokane, WA: How to Choose — Drivewayz USA",Gravel track curving toward open pasture in golden light,string,https://drivewayzusa.co/images/hero-driveway-contractors-in-spokane-wa-how-to-choose.webp,https://drivewayzusa.co/images/heroes/hero-gravel-approach-evening-glow.webp,true,/images/pexels-curtis-adams-1694007-3990589.webp,/images/heroes/hero-gravel-approach-evening-glow.webp,
2026-07-29T23:06:53.337667,driveway-contractors-in-st-louis-mo-how-to-choose,guides/driveway-contractors-in-st-louis-mo-how-to-choose/index.html,swapped,0,/images/pexels-curtis-adams-1694007-3990589.webp,/images/heroes/hero-sealed-asphalt-bright-midday.webp,"Driveway Contractors in St. Louis, MO: How to Choose — Drivewayz USA",Glossy sealed asphalt drive at eye level in midday sun,string,https://drivewayzusa.co/images/hero-driveway-contractors-in-st-louis-mo-how-to-choose.webp,https://drivewayzusa.co/images/heroes/hero-sealed-asphalt-bright-midday.webp,true,/images/pexels-curtis-adams-1694007-3990589.webp,/images/heroes/hero-sealed-asphalt-bright-midday.webp,
2026-07-29T23:06:53.338011,driveway-contractors-in-tampa-fl-how-to-choose,guides/driveway-contractors-in-tampa-fl-how-to-choose/index.html,swapped,0,/images/pexels-curtis-adams-1694007-3990589.webp,/images/heroes/hero-warm-paver-frontage-sunset.webp,"Driveway Contractors in Tampa, FL: How to Choose — Drivewayz USA",Interlocking paver drive catching warm sunset light from above,string,https://drivewayzusa.co/images/hero-driveway-contractors-in-tampa-fl-how-to-choose.webp,https://drivewayzusa.co/images/heroes/hero-warm-paver-frontage-sunset.webp,true,/images/pexels-curtis-adams-1694007-3990589.webp,/images/heroes/hero-warm-paver-frontage-sunset.webp,
2026-07-29T23:06:53.338345,driveway-contractors-in-tulsa-ok-how-to-choose,guides/driveway-contractors-in-tulsa-ok-how-to-choose/index.html,swapped,0,/images/pexels-curtis-adams-1694007-3990589.webp,/images/heroes/hero-plain-new-concrete-gray-day.webp,"Driveway Contractors in Tulsa, OK: How to Choose — Drivewayz USA",Plain new concrete drive under a flat overcast sky,string,https://drivewayzusa.co/images/hero-driveway-contractors-in-tulsa-ok-how-to-choose.webp,https://drivewayzusa.co/images/heroes/hero-plain-new-concrete-gray-day.webp,true,/images/pexels-curtis-adams-1694007-3990589.webp,/images/heroes/hero-plain-new-concrete-gray-day.webp,
2026-07-29T23:06:53.338673,driveway-contractors-in-virginia-beach-va-how-to-choose,guides/driveway-contractors-in-virginia-beach-va-how-to-choose/index.html,swapped,0,/images/pexels-curtis-adams-1694007-3990589.webp,/images/heroes/hero-wet-paver-drive-low-view.webp,"Driveway Contractors in Virginia Beach, VA: How to Choose — Drivewayz USA",Rain wet sealed paver drive seen from low angle,string,https://drivewayzusa.co/images/hero-driveway-contractors-in-virginia-beach-va-how-to-choose.webp,https://drivewayzusa.co/images/heroes/hero-wet-paver-drive-low-view.webp,true,/images/pexels-curtis-adams-1694007-3990589.webp,/images/heroes/hero-wet-paver-drive-low-view.webp,
2026-07-29T23:06:53.339046,driveway-core-sample-testing-thickness-verification,guides/driveway-core-sample-testing-thickness-verification/index.html,swapped,0,/images/pexels-curtis-adams-1694007-3990589.webp,/images/heroes/hero-drilled-core-cylinder-on-slab.webp,Driveway Core Sample Testing: Thickness Verification — Drivewayz USA,Cylindrical concrete core sample resting on cut slab surface,string,https://drivewayzusa.co/images/hero-driveway-core-sample-testing-thickness-verification.webp,https://drivewayzusa.co/images/heroes/hero-drilled-core-cylinder-on-slab.webp,true,/images/pexels-curtis-adams-1694007-3990589.webp,/images/heroes/hero-drilled-core-cylinder-on-slab.webp,
2026-07-29T23:06:53.339381,driveway-corrective-maintenance-planning-addressing-existing-issues,guides/driveway-corrective-maintenance-planning-addressing-existing-issues/index.html,swapped,0,/images/pexels-artbovich-8134848.webp,/images/heroes/hero-multiple-patches-weathered-asphalt.webp,Driveway Corrective Maintenance Planning: Addressing Existing Issues — Drivewayz USA,Several dark repair patches across a weathered asphalt surface,string,https://drivewayzusa.co/images/hero-driveway-corrective-maintenance-planning-addressing-existing-issues.webp,https://drivewayzusa.co/images/heroes/hero-multiple-patches-weathered-asphalt.webp,true,/images/pexels-artbovich-8134848.webp,/images/heroes/hero-multiple-patches-weathered-asphalt.webp,
2026-07-29T23:06:53.339691,driveway-cost-breakdown-labor-materials-and-equipment,guides/driveway-cost-breakdown-labor-materials-and-equipment/index.html,swapped,0,/images/pexels-curtis-adams-1694007-3990589.webp,/images/heroes/hero-partly-spread-gravel-base.webp,"Driveway Cost Breakdown: Labor, Materials, and Equipment — Drivewayz USA",Gravel base layer spread partway across a formed drive bed,string,https://drivewayzusa.co/images/hero-driveway-cost-breakdown-labor-materials-and-equipment.webp,https://drivewayzusa.co/images/heroes/hero-partly-spread-gravel-base.webp,true,/images/pexels-curtis-adams-1694007-3990589.webp,/images/heroes/hero-partly-spread-gravel-base.webp,
2026-07-29T23:06:53.340022,driveway-cost-calculator-estimate-your-project-in-minutes,guides/driveway-cost-calculator-estimate-your-project-in-minutes/index.html,swapped,0,/images/pexels-curtis-adams-1694007-3990589.webp,/images/heroes/hero-stacked-paver-pallets-on-base.webp,Driveway Cost Calculator: Estimate Your Project in Minutes — Drivewayz USA,Pallets of pavers stacked beside an unfinished gravel base,string,https://drivewayzusa.co/images/hero-driveway-cost-calculator-estimate-your-project-in-minutes.webp,https://drivewayzusa.co/images/heroes/hero-stacked-paver-pallets-on-base.webp,true,/images/pexels-curtis-adams-1694007-3990589.webp,/images/heroes/hero-stacked-paver-pallets-on-base.webp,
2026-07-29T23:06:53.340572,driveway-cost-comparison-worksheet-budget-planning-tool,guides/driveway-cost-comparison-worksheet-budget-planning-tool/index.html,swapped,0,/images/pexels-curtis-adams-1694007-3990589.webp,/images/heroes/hero-slab-blacktop-meeting-line-closeup.webp,Driveway Cost Comparison Worksheet: Budget Planning Tool — Drivewayz USA,Close view of the seam where a concrete slab meets blacktop,string,https://drivewayzusa.co/images/hero-driveway-cost-comparison-worksheet-budget-planning-tool.webp,https://drivewayzusa.co/images/heroes/hero-slab-blacktop-meeting-line-closeup.webp,true,/images/pexels-curtis-adams-1694007-3990589.webp,/images/heroes/hero-slab-blacktop-meeting-line-closeup.webp,
2026-07-29T23:06:53.341129,driveway-cost-estimator-breaking-down-material-and-labor,guides/driveway-cost-estimator-breaking-down-material-and-labor/index.html,swapped,0,/images/pexels-curtis-adams-1694007-3990589.webp,/images/heroes/hero-closeup-asphalt-stone-matrix.webp,Driveway Cost Estimator: Breaking Down Material and Labor — Drivewayz USA,Tight closeup of stones and binder in an asphalt surface,string,https://drivewayzusa.co/images/hero-driveway-cost-estimator-breaking-down-material-and-labor.webp,https://drivewayzusa.co/images/heroes/hero-closeup-asphalt-stone-matrix.webp,true,/images/pexels-curtis-adams-1694007-3990589.webp,/images/heroes/hero-closeup-asphalt-stone-matrix.webp,
2026-07-29T23:06:53.341443,driveway-cost-plus-contract-transparent-pricing-model,guides/driveway-cost-plus-contract-transparent-pricing-model/index.html,swapped,0,/images/hugo-sousa-BghGseQbAkA-unsplash.webp,/images/heroes/hero-wet-concrete-patch-between-forms.webp,Driveway Cost Plus Contract: Transparent Pricing Model — Drivewayz USA,Wet concrete patch spread between wooden forms under gray light,string,https://drivewayzusa.co/images/hero-driveway-cost-plus-contract-transparent-pricing-model.webp,https://drivewayzusa.co/images/heroes/hero-wet-concrete-patch-between-forms.webp,true,/images/hugo-sousa-BghGseQbAkA-unsplash.webp,/images/heroes/hero-wet-concrete-patch-between-forms.webp,
2026-07-29T23:06:53.341680,driveway-covenant-compliance-meeting-hoa-design-guidelines,guides/driveway-covenant-compliance-meeting-hoa-design-guidelines/index.html,swapped,0,/images/pexels-curtis-adams-1694007-3990589.webp,/images/heroes/hero-uniform-concrete-drive-neat-edges.webp,Driveway Covenant Compliance: Meeting HOA Design Guidelines — Drivewayz USA,Uniform pale concrete drive with crisp neat lawn edges,string,https://drivewayzusa.co/images/hero-driveway-covenant-compliance-meeting-hoa-design-guidelines.webp,https://drivewayzusa.co/images/heroes/hero-uniform-concrete-drive-neat-edges.webp,true,/images/pexels-curtis-adams-1694007-3990589.webp,/images/heroes/hero-uniform-concrete-drive-neat-edges.webp,
2026-07-29T23:06:53.341929,driveway-crack-filler-best-products-reviewed-for-2026,guides/driveway-crack-filler-best-products-reviewed-for-2026/index.html,swapped,0,/images/pexels-artbovich-8134848.webp,/images/heroes/hero-long-crack-asphalt-closeup.webp,Driveway Crack Filler: Best Products Reviewed for 2026 — Drivewayz USA,Long crack running across gray asphalt in close view,string,https://drivewayzusa.co/images/hero-driveway-crack-filler-best-products-reviewed-for-2026.webp,https://drivewayzusa.co/images/heroes/hero-long-crack-asphalt-closeup.webp,true,/images/pexels-artbovich-8134848.webp,/images/heroes/hero-long-crack-asphalt-closeup.webp,
2026-07-29T23:06:53.342154,driveway-crack-filling-products-and-techniques,guides/driveway-crack-filling-products-and-techniques/index.html,swapped,0,/images/pexels-artbovich-8134848.webp,/images/heroes/hero-rubberized-filler-crack-macro.webp,Driveway Crack Filling: Products and Techniques — Drivewayz USA,Rubberized filler pressed into an open asphalt crack closeup,string,https://drivewayzusa.co/images/hero-driveway-crack-filling-products-and-techniques.webp,https://drivewayzusa.co/images/heroes/hero-rubberized-filler-crack-macro.webp,true,/images/pexels-artbovich-8134848.webp,/images/heroes/hero-rubberized-filler-crack-macro.webp,
2026-07-29T23:06:53.342400,driveway-crack-routing-preparing-for-sealant-application,guides/driveway-crack-routing-preparing-for-sealant-application/index.html,swapped,0,/images/pexels-artbovich-8134848.webp,/images/heroes/hero-routed-crack-groove-asphalt.webp,Driveway Crack Routing: Preparing for Sealant Application — Drivewayz USA,Freshly routed groove following a crack in weathered asphalt,string,https://drivewayzusa.co/images/hero-driveway-crack-routing-preparing-for-sealant-application.webp,https://drivewayzusa.co/images/heroes/hero-routed-crack-groove-asphalt.webp,true,/images/pexels-artbovich-8134848.webp,/images/heroes/hero-routed-crack-groove-asphalt.webp,
2026-07-29T23:06:53.342697,driveway-crack-sealing-vs-crack-filling-whats-different,guides/driveway-crack-sealing-vs-crack-filling-whats-different/index.html,swapped,0,/images/pexels-artbovich-8134848.webp,/images/heroes/hero-sealed-crack-beside-filled-crack.webp,Driveway Crack Sealing vs Crack Filling: What&amp;#x27;s Different? — Drivewayz USA,Two repaired cracks side by side on an asphalt surface,string,https://drivewayzusa.co/images/hero-driveway-crack-sealing-vs-crack-filling-whats-different.webp,https://drivewayzusa.co/images/heroes/hero-sealed-crack-beside-filled-crack.webp,true,/images/pexels-artbovich-8134848.webp,/images/heroes/hero-sealed-crack-beside-filled-crack.webp,
2026-07-29T23:06:53.343007,driveway-craftsmanship-what-separates-good-from-great,guides/driveway-craftsmanship-what-separates-good-from-great/index.html,swapped,0,/images/pexels-curtis-adams-1694007-3990589.webp,/images/heroes/hero-flawless-broom-texture-smooth-slab.webp,Driveway Craftsmanship: What Separates Good From Great — Drivewayz USA,Evenly broomed smooth concrete surface with flawless straight lines,string,https://drivewayzusa.co/images/hero-driveway-craftsmanship-what-separates-good-from-great.webp,https://drivewayzusa.co/images/heroes/hero-flawless-broom-texture-smooth-slab.webp,true,/images/pexels-curtis-adams-1694007-3990589.webp,/images/heroes/hero-flawless-broom-texture-smooth-slab.webp,
2026-07-29T23:06:53.343336,driveway-crew-safety-osha-requirements-for-paving,guides/driveway-crew-safety-osha-requirements-for-paving/index.html,swapped,0,/images/pexels-curtis-adams-1694007-3990589.webp,/images/heroes/hero-saw-cut-edge-cracked-asphalt.webp,Driveway Crew Safety: OSHA Requirements for Paving — Drivewayz USA,Freshly sawn edge along cracked asphalt at a work site,string,https://drivewayzusa.co/images/hero-driveway-crew-safety-osha-requirements-for-paving.webp,https://drivewayzusa.co/images/heroes/hero-saw-cut-edge-cracked-asphalt.webp,true,/images/pexels-curtis-adams-1694007-3990589.webp,/images/heroes/hero-saw-cut-edge-cracked-asphalt.webp,
2026-07-29T23:06:53.343672,driveway-critical-path-method-project-scheduling-technique,guides/driveway-critical-path-method-project-scheduling-technique/index.html,swapped,0,/images/pexels-curtis-adams-1694007-3990589.webp,/images/heroes/hero-staked-string-over-cracked-asphalt.webp,Driveway Critical Path Method: Project Scheduling Technique — Drivewayz USA,Stakes and string marking sections across cracked asphalt surface,string,https://drivewayzusa.co/images/hero-driveway-critical-path-method-project-scheduling-technique.webp,https://drivewayzusa.co/images/heroes/hero-staked-string-over-cracked-asphalt.webp,true,/images/pexels-curtis-adams-1694007-3990589.webp,/images/heroes/hero-staked-string-over-cracked-asphalt.webp,
2026-07-29T23:06:53.344091,driveway-curb-appeal-for-selling-your-home,guides/driveway-curb-appeal-for-selling-your-home/index.html,swapped,0,/images/matt-jones-xpDHTc-pkog-unsplash.webp,/images/heroes/hero-glossy-paver-drive-warm-glow.webp,Driveway Curb Appeal for Selling Your Home — Drivewayz USA,Glossy sealed paver driveway glowing in warm evening light,string,https://drivewayzusa.co/images/hero-driveway-curb-appeal-for-selling-your-home.webp,https://drivewayzusa.co/images/heroes/hero-glossy-paver-drive-warm-glow.webp,true,/images/matt-jones-xpDHTc-pkog-unsplash.webp,/images/heroes/hero-glossy-paver-drive-warm-glow.webp,
2026-07-29T23:06:53.344540,driveway-customer-communication-setting-expectations,guides/driveway-customer-communication-setting-expectations/index.html,swapped,0,/images/pexels-curtis-adams-1694007-3990589.webp,/images/heroes/hero-gravel-base-awaiting-first-pour.webp,Driveway Customer Communication: Setting Expectations — Drivewayz USA,Compacted gravel driveway base awaiting its first surface pour,string,https://drivewayzusa.co/images/hero-driveway-customer-communication-setting-expectations.webp,https://drivewayzusa.co/images/heroes/hero-gravel-base-awaiting-first-pour.webp,true,/images/pexels-curtis-adams-1694007-3990589.webp,/images/heroes/hero-gravel-base-awaiting-first-pour.webp,
2026-07-29T23:06:53.344897,driveway-damage-after-construction-getting-contractors-to-pay,guides/driveway-damage-after-construction-getting-contractors-to-pay/index.html,swapped,0,/images/pexels-curtis-adams-1694007-3990589.webp,/images/heroes/hero-deep-tire-gouge-cracked-slab.webp,Driveway Damage After Construction: Getting Contractors to Pay — Drivewayz USA,Deep tire gouges and cracks across a concrete driveway slab,string,https://drivewayzusa.co/images/hero-driveway-damage-after-construction-getting-contractors-to-pay.webp,https://drivewayzusa.co/images/heroes/hero-deep-tire-gouge-cracked-slab.webp,true,/images/pexels-curtis-adams-1694007-3990589.webp,/images/heroes/hero-deep-tire-gouge-cracked-slab.webp,
2026-07-29T23:06:53.345198,driveway-damage-from-garbage-trucks-filing-for-repairs,guides/driveway-damage-from-garbage-trucks-filing-for-repairs/index.html,swapped,0,/images/pexels-artbovich-8134848.webp,/images/heroes/hero-crushed-slab-corner-heavy-load.webp,Driveway Damage From Garbage Trucks: Filing for Repairs — Drivewayz USA,Crushed concrete slab corner broken under a heavy load,string,https://drivewayzusa.co/images/hero-driveway-damage-from-garbage-trucks-filing-for-repairs.webp,https://drivewayzusa.co/images/heroes/hero-crushed-slab-corner-heavy-load.webp,true,/images/pexels-artbovich-8134848.webp,/images/heroes/hero-crushed-slab-corner-heavy-load.webp,
2026-07-29T23:06:53.345527,driveway-defect-notification-reporting-problems-promptly,guides/driveway-defect-notification-reporting-problems-promptly/index.html,swapped,0,/images/pexels-curtis-adams-1694007-3990589.webp,/images/heroes/hero-spreading-crack-wet-asphalt-closeup.webp,Driveway Defect Notification: Reporting Problems Promptly — Drivewayz USA,Spreading crack across a rain darkened asphalt driveway surface,string,https://drivewayzusa.co/images/hero-driveway-defect-notification-reporting-problems-promptly.webp,https://drivewayzusa.co/images/heroes/hero-spreading-crack-wet-asphalt-closeup.webp,true,/images/pexels-curtis-adams-1694007-3990589.webp,/images/heroes/hero-spreading-crack-wet-asphalt-closeup.webp,
2026-07-29T23:06:53.345928,driveway-deflection-testing-measuring-structural-capacity,guides/driveway-deflection-testing-measuring-structural-capacity/index.html,swapped,0,/images/pexels-curtis-adams-1694007-3990589.webp,/images/heroes/hero-straightedge-across-concrete-slab.webp,Driveway Deflection Testing: Measuring Structural Capacity — Drivewayz USA,Metal straightedge resting across a smooth concrete driveway slab,string,https://drivewayzusa.co/images/hero-driveway-deflection-testing-measuring-structural-capacity.webp,https://drivewayzusa.co/images/heroes/hero-straightedge-across-concrete-slab.webp,true,/images/pexels-curtis-adams-1694007-3990589.webp,/images/heroes/hero-straightedge-across-concrete-slab.webp,
2026-07-29T23:06:53.346193,driveway-degreaser-best-products-for-stubborn-stains,guides/driveway-degreaser-best-products-for-stubborn-stains/index.html,swapped,0,/images/pexels-curtis-adams-1694007-3990589.webp,/images/heroes/hero-dark-oil-stains-gray-concrete.webp,Driveway Degreaser: Best Products for Stubborn Stains — Drivewayz USA,Dark oil stains soaking into weathered gray concrete,string,https://drivewayzusa.co/images/hero-driveway-degreaser-best-products-for-stubborn-stains.webp,https://drivewayzusa.co/images/heroes/hero-dark-oil-stains-gray-concrete.webp,true,/images/pexels-curtis-adams-1694007-3990589.webp,/images/heroes/hero-dark-oil-stains-gray-concrete.webp,
2026-07-29T23:06:53.346519,driveway-demolition-and-removal-cost-and-process,guides/driveway-demolition-and-removal-cost-and-process/index.html,swapped,0,/images/pexels-curtis-adams-1694007-3990589.webp,/images/heroes/hero-broken-slab-chunks-removal-site.webp,Driveway Demolition and Removal: Cost and Process — Drivewayz USA,Broken concrete slab chunks piled during driveway removal,string,https://drivewayzusa.co/images/hero-driveway-demolition-and-removal-cost-and-process.webp,https://drivewayzusa.co/images/heroes/hero-broken-slab-chunks-removal-site.webp,true,/images/pexels-curtis-adams-1694007-3990589.webp,/images/heroes/hero-broken-slab-chunks-removal-site.webp,
2026-07-29T23:06:53.346877,driveway-demolition-and-removal-costs,guides/driveway-demolition-and-removal-costs/index.html,swapped,0,/images/pexels-curtis-adams-1694007-3990589.webp,/images/heroes/hero-torn-up-asphalt-chunks-pile.webp,Driveway Demolition and Removal Costs — Drivewayz USA,Torn up asphalt chunks heaped beside a stripped driveway,string,https://drivewayzusa.co/images/hero-driveway-demolition-and-removal-costs.webp,https://drivewayzusa.co/images/heroes/hero-torn-up-asphalt-chunks-pile.webp,true,/images/pexels-curtis-adams-1694007-3990589.webp,/images/heroes/hero-torn-up-asphalt-chunks-pile.webp,
2026-07-29T23:06:53.347104,driveway-demolition-permit-removing-existing-pavement,guides/driveway-demolition-permit-removing-existing-pavement/index.html,swapped,0,/images/pexels-curtis-adams-1694007-3990589.webp,/images/heroes/hero-excavated-drive-footprint-string-lines.webp,Driveway Demolition Permit: Removing Existing Pavement — Drivewayz USA,Excavated driveway footprint marked with stakes and string,string,https://drivewayzusa.co/images/hero-driveway-demolition-permit-removing-existing-pavement.webp,https://drivewayzusa.co/images/heroes/hero-excavated-drive-footprint-string-lines.webp,true,/images/pexels-curtis-adams-1694007-3990589.webp,/images/heroes/hero-excavated-drive-footprint-string-lines.webp,
2026-07-29T23:06:53.347439,driveway-density-test-confirming-proper-compaction,guides/driveway-density-test-confirming-proper-compaction/index.html,swapped,0,/images/pexels-curtis-adams-1694007-3990589.webp,/images/heroes/hero-firmly-compacted-gravel-surface-texture.webp,Driveway Density Test: Confirming Proper Compaction — Drivewayz USA,Firmly compacted gravel base surface with tight stone texture,string,https://drivewayzusa.co/images/hero-driveway-density-test-confirming-proper-compaction.webp,https://drivewayzusa.co/images/heroes/hero-firmly-compacted-gravel-surface-texture.webp,true,/images/pexels-curtis-adams-1694007-3990589.webp,/images/heroes/hero-firmly-compacted-gravel-surface-texture.webp,
2026-07-29T23:06:53.347795,driveway-deposit-amount-how-much-is-too-much,guides/driveway-deposit-amount-how-much-is-too-much/index.html,swapped,0,/images/pexels-curtis-adams-1694007-3990589.webp,/images/heroes/hero-new-broomed-surface-macro-detail.webp,Driveway Deposit Amount: How Much Is Too Much? — Drivewayz USA,New broomed concrete surface texture in soft overcast light,string,https://drivewayzusa.co/images/hero-driveway-deposit-amount-how-much-is-too-much.webp,https://drivewayzusa.co/images/heroes/hero-new-broomed-surface-macro-detail.webp,true,/images/pexels-curtis-adams-1694007-3990589.webp,/images/heroes/hero-new-broomed-surface-macro-detail.webp,
2026-07-29T23:06:53.348109,driveway-design-build-contract-one-stop-shop-approach,guides/driveway-design-build-contract-one-stop-shop-approach/index.html,swapped,0,/images/pexels-curtis-adams-1694007-3990589.webp,/images/heroes/hero-form-lumber-stakes-evening-base.webp,Driveway Design-Build Contract: One-Stop Shop Approach — Drivewayz USA,Form lumber and stakes outline a gravel driveway base,string,https://drivewayzusa.co/images/hero-driveway-design-build-contract-one-stop-shop-approach.webp,https://drivewayzusa.co/images/heroes/hero-form-lumber-stakes-evening-base.webp,true,/images/pexels-curtis-adams-1694007-3990589.webp,/images/heroes/hero-form-lumber-stakes-evening-base.webp,
2026-07-29T23:06:53.348439,driveway-design-ideas-from-hgtv-what-works-in-real-life,guides/driveway-design-ideas-from-hgtv-what-works-in-real-life/index.html,swapped,0,/images/pexels-curtis-adams-1694007-3990589.webp,/images/heroes/hero-basketweave-paver-frontage-evening.webp,Driveway Design Ideas From HGTV: What Works in Real Life — Drivewayz USA,Basketweave paver driveway glowing in warm evening light,string,https://drivewayzusa.co/images/hero-driveway-design-ideas-from-hgtv-what-works-in-real-life.webp,https://drivewayzusa.co/images/heroes/hero-basketweave-paver-frontage-evening.webp,true,/images/pexels-curtis-adams-1694007-3990589.webp,/images/heroes/hero-basketweave-paver-frontage-evening.webp,
2026-07-29T23:06:53.348763,driveway-design-mistakes-that-lower-your-home-value,guides/driveway-design-mistakes-that-lower-your-home-value/index.html,swapped,0,/images/pexels-curtis-adams-1694007-3990589.webp,/images/heroes/hero-stained-weathered-drive-uneven-panels.webp,Driveway Design Mistakes That Lower Your Home Value — Drivewayz USA,Stained weathered driveway with uneven settled concrete panels,string,https://drivewayzusa.co/images/hero-driveway-design-mistakes-that-lower-your-home-value.webp,https://drivewayzusa.co/images/heroes/hero-stained-weathered-drive-uneven-panels.webp,true,/images/pexels-curtis-adams-1694007-3990589.webp,/images/heroes/hero-stained-weathered-drive-uneven-panels.webp,
2026-07-29T23:06:53.349054,driveway-do-nothing-alternative-when-waiting-is-smart,guides/driveway-do-nothing-alternative-when-waiting-is-smart/index.html,swapped,0,/images/pexels-curtis-adams-1694007-3990589.webp,/images/heroes/hero-aged-asphalt-drive-still-intact.webp,Driveway Do Nothing Alternative: When Waiting Is Smart — Drivewayz USA,Aged asphalt driveway faded gray but still intact,string,https://drivewayzusa.co/images/hero-driveway-do-nothing-alternative-when-waiting-is-smart.webp,https://drivewayzusa.co/images/heroes/hero-aged-asphalt-drive-still-intact.webp,true,/images/pexels-curtis-adams-1694007-3990589.webp,/images/heroes/hero-aged-asphalt-drive-still-intact.webp,
2026-07-29T23:06:53.349510,driveway-drainage-problems-causes-and-fixes,guides/driveway-drainage-problems-causes-and-fixes/index.html,swapped,0,/images/pexels-curtis-adams-1694007-3990589.webp,/images/heroes/hero-standing-water-low-spot-drive.webp,Driveway Drainage Problems: Causes and Fixes — Drivewayz USA,Standing water pooled in a low spot on asphalt,string,https://drivewayzusa.co/images/pexels-curtis-adams-1694007-3990589.webp,https://drivewayzusa.co/images/heroes/hero-standing-water-low-spot-drive.webp,true,/images/pexels-curtis-adams-1694007-3990589.webp,/images/heroes/hero-standing-water-low-spot-drive.webp,
2026-07-29T23:06:53.350094,driveway-drone-photography-aerial-view-of-your-property,guides/driveway-drone-photography-aerial-view-of-your-property/index.html,swapped,0,/images/pexels-curtis-adams-1694007-3990589.webp,/images/heroes/hero-high-view-concrete-drive-lawn-stripes.webp,Driveway Drone Photography: Aerial View of Your Property — Drivewayz USA,High angle look down a long concrete driveway,string,https://drivewayzusa.co/images/hero-driveway-drone-photography-aerial-view-of-your-property.webp,https://drivewayzusa.co/images/heroes/hero-high-view-concrete-drive-lawn-stripes.webp,true,/images/pexels-curtis-adams-1694007-3990589.webp,/images/heroes/hero-high-view-concrete-drive-lawn-stripes.webp,
2026-07-29T23:06:53.350445,driveway-edge-crumbling-causes-and-repair-solutions,guides/driveway-edge-crumbling-causes-and-repair-solutions/index.html,swapped,0,/images/pexels-artbovich-8134848.webp,/images/heroes/hero-crumbling-concrete-edge-gravel-verge.webp,Driveway Edge Crumbling: Causes and Repair Solutions — Drivewayz USA,Crumbling concrete driveway edge shedding gravel at the verge,string,https://drivewayzusa.co/images/hero-driveway-edge-crumbling-causes-and-repair-solutions.webp,https://drivewayzusa.co/images/heroes/hero-crumbling-concrete-edge-gravel-verge.webp,true,/images/pexels-artbovich-8134848.webp,/images/heroes/hero-crumbling-concrete-edge-gravel-verge.webp,
2026-07-29T23:06:53.350779,driveway-edging-options-and-installation-guide,guides/driveway-edging-options-and-installation-guide/index.html,swapped,0,/images/pexels-curtis-adams-1694007-3990589.webp,/images/heroes/hero-soldier-course-paver-edging.webp,Driveway Edging Options and Installation Guide — Drivewayz USA,Soldier course paver edging bordering a concrete driveway,string,https://drivewayzusa.co/images/hero-driveway-edging-options-and-installation-guide.webp,https://drivewayzusa.co/images/heroes/hero-soldier-course-paver-edging.webp,true,/images/pexels-curtis-adams-1694007-3990589.webp,/images/heroes/hero-soldier-course-paver-edging.webp,
2026-07-29T23:06:53.351169,driveway-electric-scooter-and-bike-access-micro-mobility-design,guides/driveway-electric-scooter-and-bike-access-micro-mobility-design/index.html,swapped,0,/images/pexels-curtis-adams-1694007-3990589.webp,/images/heroes/hero-wide-smooth-drive-gentle-curve.webp,Driveway Electric Scooter and Bike Access: Micro-Mobility Design — Drivewayz USA,Wide smooth concrete driveway with a gentle entry curve,string,https://drivewayzusa.co/images/hero-driveway-electric-scooter-and-bike-access-micro-mobility-design.webp,https://drivewayzusa.co/images/heroes/hero-wide-smooth-drive-gentle-curve.webp,true,/images/pexels-curtis-adams-1694007-3990589.webp,/images/heroes/hero-wide-smooth-drive-gentle-curve.webp,
2026-07-29T23:06:53.351471,driveway-emergency-repair-contact-list-be-prepared,guides/driveway-emergency-repair-contact-list-be-prepared/index.html,swapped,0,/images/pexels-artbovich-8134848.webp,/images/heroes/hero-water-filled-pothole-asphalt-drive.webp,Driveway Emergency Repair Contact List: Be Prepared — Drivewayz USA,Water filled pothole breaking through an asphalt driveway,string,https://drivewayzusa.co/images/hero-driveway-emergency-repair-contact-list-be-prepared.webp,https://drivewayzusa.co/images/heroes/hero-water-filled-pothole-asphalt-drive.webp,true,/images/pexels-artbovich-8134848.webp,/images/heroes/hero-water-filled-pothole-asphalt-drive.webp,
2026-07-29T23:06:53.351786,driveway-emergency-vehicle-access-width-and-turn-requirements,guides/driveway-emergency-vehicle-access-width-and-turn-requirements/index.html,swapped,0,/images/pexels-curtis-adams-1694007-3990589.webp,/images/heroes/hero-extra-wide-sealed-rural-drive.webp,Driveway Emergency Vehicle Access: Width and Turn Requirements — Drivewayz USA,Extra wide sealed driveway stretching across open land,string,https://drivewayzusa.co/images/hero-driveway-emergency-vehicle-access-width-and-turn-requirements.webp,https://drivewayzusa.co/images/heroes/hero-extra-wide-sealed-rural-drive.webp,true,/images/pexels-curtis-adams-1694007-3990589.webp,/images/heroes/hero-extra-wide-sealed-rural-drive.webp,
2026-07-29T23:06:53.353932,driveway-encroachment-permit-when-you-cross-property-lines,guides/driveway-encroachment-permit-when-you-cross-property-lines/index.html,swapped,2,/images/pexels-curtis-adams-1694007-3990589.webp,/images/heroes/hero-wide-concrete-apron-street-walk.webp,Driveway Encroachment Permit: When You Cross Property Lines — Drivewayz USA,Wide concrete driveway apron reaching the walk by the street,string,https://drivewayzusa.co/images/hero-driveway-encroachment-permit-when-you-cross-property-lines.webp,https://drivewayzusa.co/images/heroes/hero-wide-concrete-apron-street-walk.webp,true,/images/pexels-curtis-adams-1694007-3990589.webp,/images/heroes/hero-wide-concrete-apron-street-walk.webp,
2026-07-29T23:06:53.354276,driveway-encroachment-what-to-do,guides/driveway-encroachment-what-to-do/index.html,swapped,0,/images/pexels-curtis-adams-1694007-3990589.webp,/images/heroes/hero-neighboring-drives-shared-seam.webp,Driveway Encroachment: What to Do — Drivewayz USA,Two neighboring driveways meeting at a shared center seam,string,https://drivewayzusa.co/images/hero-driveway-encroachment-what-to-do.webp,https://drivewayzusa.co/images/heroes/hero-neighboring-drives-shared-seam.webp,true,/images/pexels-curtis-adams-1694007-3990589.webp,/images/heroes/hero-neighboring-drives-shared-seam.webp,
2026-07-29T23:06:53.354672,driveway-engraved-concrete-custom-designs-after-installation,guides/driveway-engraved-concrete-custom-designs-after-installation/index.html,swapped,0,/images/pexels-curtis-adams-1694007-3990589.webp,/images/heroes/hero-carved-pattern-concrete-slab.webp,Driveway Engraved Concrete: Custom Designs After Installation — Drivewayz USA,Carved geometric pattern cut into a smooth concrete slab,string,https://drivewayzusa.co/images/hero-driveway-engraved-concrete-custom-designs-after-installation.webp,https://drivewayzusa.co/images/heroes/hero-carved-pattern-concrete-slab.webp,true,/images/pexels-curtis-adams-1694007-3990589.webp,/images/heroes/hero-carved-pattern-concrete-slab.webp,
2026-07-29T23:06:53.354886,driveway-environmental-assessment-contaminated-soil-check,guides/driveway-environmental-assessment-contaminated-soil-check/index.html,swapped,0,/images/pexels-curtis-adams-1694007-3990589.webp,/images/heroes/hero-sample-hole-bare-earth-strip.webp,Driveway Environmental Assessment: Contaminated Soil Check — Drivewayz USA,Small sample hole dug beside a bare earth drive strip,string,https://drivewayzusa.co/images/hero-driveway-environmental-assessment-contaminated-soil-check.webp,https://drivewayzusa.co/images/heroes/hero-sample-hole-bare-earth-strip.webp,true,/images/pexels-curtis-adams-1694007-3990589.webp,/images/heroes/hero-sample-hole-bare-earth-strip.webp,
2026-07-29T23:06:53.355201,driveway-estimating-mistakes-contractors-make,guides/driveway-estimating-mistakes-contractors-make/index.html,swapped,0,/images/pexels-curtis-adams-1694007-3990589.webp,/images/heroes/hero-uneven-form-boards-gravel-base.webp,Driveway Estimating Mistakes Contractors Make — Drivewayz USA,Uneven wooden form boards staked along a gravel base,string,https://drivewayzusa.co/images/hero-driveway-estimating-mistakes-contractors-make.webp,https://drivewayzusa.co/images/heroes/hero-uneven-form-boards-gravel-base.webp,true,/images/pexels-curtis-adams-1694007-3990589.webp,/images/heroes/hero-uneven-form-boards-gravel-base.webp,
2026-07-29T23:06:53.355420,driveway-estimation-software-digital-bidding-tools,guides/driveway-estimation-software-digital-bidding-tools/index.html,swapped,0,/images/pexels-curtis-adams-1694007-3990589.webp,/images/heroes/hero-damp-broom-lines-fresh-pour.webp,Driveway Estimation Software: Digital Bidding Tools — Drivewayz USA,Damp broom lines across a freshly poured concrete surface,string,https://drivewayzusa.co/images/hero-driveway-estimation-software-digital-bidding-tools.webp,https://drivewayzusa.co/images/heroes/hero-damp-broom-lines-fresh-pour.webp,true,/images/pexels-curtis-adams-1694007-3990589.webp,/images/heroes/hero-damp-broom-lines-fresh-pour.webp,
2026-07-29T23:06:53.355864,driveway-excavation-and-site-preparation,guides/driveway-excavation-and-site-preparation/index.html,swapped,0,/images/pexels-curtis-adams-1694007-3990589.webp,/images/heroes/hero-excavated-strip-string-lines.webp,Driveway Excavation and Site Preparation — Drivewayz USA,Open excavated strip with leveled soil and string lines,string,https://drivewayzusa.co/images/hero-driveway-excavation-and-site-preparation.webp,https://drivewayzusa.co/images/heroes/hero-excavated-strip-string-lines.webp,true,/images/pexels-curtis-adams-1694007-3990589.webp,/images/heroes/hero-excavated-strip-string-lines.webp,
2026-07-29T23:06:53.356066,driveway-excavation-grading,guides/driveway-excavation-grading/index.html,skipped,0,,,,,,,,,,,hero_img_not_found
2026-07-29T23:06:53.356379,driveway-expansion-joint-repair-and-replacement,guides/driveway-expansion-joint-repair-and-replacement/index.html,swapped,0,/images/pexels-artbovich-8134848.webp,/images/heroes/hero-old-filler-wide-joint-gap.webp,Driveway Expansion Joint Repair and Replacement — Drivewayz USA,Old filler pulled from a wide gap between concrete slabs,string,https://drivewayzusa.co/images/hero-driveway-expansion-joint-repair-and-replacement.webp,https://drivewayzusa.co/images/heroes/hero-old-filler-wide-joint-gap.webp,true,/images/pexels-artbovich-8134848.webp,/images/heroes/hero-old-filler-wide-joint-gap.webp,
2026-07-29T23:06:53.356713,driveway-expansion-joints-and-control-joints-explained,guides/driveway-expansion-joints-and-control-joints-explained/index.html,swapped,0,/images/pexels-curtis-adams-1694007-3990589.webp,/images/heroes/hero-sawn-grooves-wide-gaps-slab.webp,Driveway Expansion Joints and Control Joints Explained — Drivewayz USA,Sawn grooves and wide gaps crossing a new concrete surface,string,https://drivewayzusa.co/images/hero-driveway-expansion-joints-and-control-joints-explained.webp,https://drivewayzusa.co/images/heroes/hero-sawn-grooves-wide-gaps-slab.webp,true,/images/pexels-curtis-adams-1694007-3990589.webp,/images/heroes/hero-sawn-grooves-wide-gaps-slab.webp,
2026-07-29T23:06:53.357092,driveway-exposed-aggregate-sealing-protecting-the-finish,guides/driveway-exposed-aggregate-sealing-protecting-the-finish/index.html,swapped,0,/images/pexels-artbovich-8134848.webp,/images/heroes/hero-wet-sheen-pebbled-concrete.webp,Driveway Exposed Aggregate Sealing: Protecting the Finish — Drivewayz USA,Glossy wet sheen over pebbled concrete after a rain shower,string,https://drivewayzusa.co/images/hero-driveway-exposed-aggregate-sealing-protecting-the-finish.webp,https://drivewayzusa.co/images/heroes/hero-wet-sheen-pebbled-concrete.webp,true,/images/pexels-artbovich-8134848.webp,/images/heroes/hero-wet-sheen-pebbled-concrete.webp,
2026-07-29T23:06:53.357318,driveway-failure-analysis-root-cause-identification,guides/driveway-failure-analysis-root-cause-identification/index.html,swapped,0,/images/pexels-curtis-adams-1694007-3990589.webp,/images/heroes/hero-settled-slab-deep-cracks.webp,Driveway Failure Analysis: Root Cause Identification — Drivewayz USA,Settled slab with deep cracks and a broken corner,string,https://drivewayzusa.co/images/hero-driveway-failure-analysis-root-cause-identification.webp,https://drivewayzusa.co/images/heroes/hero-settled-slab-deep-cracks.webp,true,/images/pexels-curtis-adams-1694007-3990589.webp,/images/heroes/hero-settled-slab-deep-cracks.webp,
2026-07-29T23:06:53.357633,driveway-fall-preparation-leaf-removal-and-pre-winter-care,guides/driveway-fall-preparation-leaf-removal-and-pre-winter-care/index.html,swapped,0,/images/pexels-curtis-adams-1694007-3990589.webp,/images/heroes/hero-autumn-leaves-concrete-strip.webp,Driveway Fall Preparation: Leaf Removal and Pre-Winter Care — Drivewayz USA,Fallen autumn leaves scattered across a weathered concrete parking strip,string,https://drivewayzusa.co/images/hero-driveway-fall-preparation-leaf-removal-and-pre-winter-care.webp,https://drivewayzusa.co/images/heroes/hero-autumn-leaves-concrete-strip.webp,true,/images/pexels-curtis-adams-1694007-3990589.webp,/images/heroes/hero-autumn-leaves-concrete-strip.webp,
2026-07-29T23:06:53.357852,driveway-faq-most-common-questions-answered,guides/driveway-faq-most-common-questions-answered/index.html,swapped,0,/images/pexels-curtis-adams-1694007-3990589.webp,/images/heroes/hero-dark-sealed-drive-plain-garage.webp,Driveway FAQ: Most Common Questions Answered — Drivewayz USA,Dark sealed asphalt drive leading to a plain garage,string,https://drivewayzusa.co/images/hero-driveway-faq-most-common-questions-answered.webp,https://drivewayzusa.co/images/heroes/hero-dark-sealed-drive-plain-garage.webp,true,/images/pexels-curtis-adams-1694007-3990589.webp,/images/heroes/hero-dark-sealed-drive-plain-garage.webp,
2026-07-29T23:06:53.358159,driveway-fence-setback-at-entry-visibility-requirements,guides/driveway-fence-setback-at-entry-visibility-requirements/index.html,swapped,0,/images/pexels-curtis-adams-1694007-3990589.webp,/images/heroes/hero-gravel-opening-low-wooden-rails.webp,Driveway Fence Setback at Entry: Visibility Requirements — Drivewayz USA,Gravel drive opening between low wooden rails and posts,string,https://drivewayzusa.co/images/hero-driveway-fence-setback-at-entry-visibility-requirements.webp,https://drivewayzusa.co/images/heroes/hero-gravel-opening-low-wooden-rails.webp,true,/images/pexels-curtis-adams-1694007-3990589.webp,/images/heroes/hero-gravel-opening-low-wooden-rails.webp,
2026-07-29T23:06:53.358496,driveway-fiber-reinforced-overlay-enhanced-crack-resistance,guides/driveway-fiber-reinforced-overlay-enhanced-crack-resistance/index.html,swapped,0,/images/pexels-artbovich-8134848.webp,/images/heroes/hero-thin-resurfacing-coat-aged-drive.webp,Driveway Fiber-Reinforced Overlay: Enhanced Crack Resistance — Drivewayz USA,Fresh thin resurfacing coat spread across an aging concrete drive,string,https://drivewayzusa.co/images/hero-driveway-fiber-reinforced-overlay-enhanced-crack-resistance.webp,https://drivewayzusa.co/images/heroes/hero-thin-resurfacing-coat-aged-drive.webp,true,/images/pexels-artbovich-8134848.webp,/images/heroes/hero-thin-resurfacing-coat-aged-drive.webp,
2026-07-29T23:06:53.358791,driveway-final-completion-when-everything-is-done,guides/driveway-final-completion-when-everything-is-done/index.html,swapped,0,/images/pexels-curtis-adams-1694007-3990589.webp,/images/heroes/hero-finished-new-slab-evening-light.webp,Driveway Final Completion: When Everything Is Done — Drivewayz USA,Finished new concrete surface glowing in soft evening light,string,https://drivewayzusa.co/images/hero-driveway-final-completion-when-everything-is-done.webp,https://drivewayzusa.co/images/heroes/hero-finished-new-slab-evening-light.webp,true,/images/pexels-curtis-adams-1694007-3990589.webp,/images/heroes/hero-finished-new-slab-evening-light.webp,
2026-07-29T23:06:53.359061,driveway-final-inspection-checklist-passing-municipal-review,guides/driveway-final-inspection-checklist-passing-municipal-review/index.html,swapped,0,/images/pexels-curtis-adams-1694007-3990589.webp,/images/heroes/hero-straight-sawn-grooves-from-above.webp,Driveway Final Inspection Checklist: Passing Municipal Review — Drivewayz USA,Clean new slab with straight sawn grooves viewed from above,string,https://drivewayzusa.co/images/hero-driveway-final-inspection-checklist-passing-municipal-review.webp,https://drivewayzusa.co/images/heroes/hero-straight-sawn-grooves-from-above.webp,true,/images/pexels-curtis-adams-1694007-3990589.webp,/images/heroes/hero-straight-sawn-grooves-from-above.webp,
2026-07-29T23:06:53.359325,driveway-final-payment-when-to-release-the-last-check,guides/driveway-final-payment-when-to-release-the-last-check/index.html,swapped,0,/images/pexels-curtis-adams-1694007-3990589.webp,/images/heroes/hero-raindrops-freshly-sealed-surface.webp,Driveway Final Payment: When to Release the Last Check — Drivewayz USA,Raindrops beading on a freshly sealed concrete surface,string,https://drivewayzusa.co/images/hero-driveway-final-payment-when-to-release-the-last-check.webp,https://drivewayzusa.co/images/heroes/hero-raindrops-freshly-sealed-surface.webp,true,/images/pexels-curtis-adams-1694007-3990589.webp,/images/heroes/hero-raindrops-freshly-sealed-surface.webp,
2026-07-29T23:06:53.359684,driveway-financing-options-for-homeowners,guides/driveway-financing-options-for-homeowners/index.html,swapped,0,/images/pexels-curtis-adams-1694007-3990589.webp,/images/heroes/hero-fine-broom-texture-bright-sun.webp,Driveway Financing Options for Homeowners — Drivewayz USA,Fine broom texture on new concrete in bright sunlight,string,https://drivewayzusa.co/images/hero-driveway-financing-options-for-homeowners.webp,https://drivewayzusa.co/images/heroes/hero-fine-broom-texture-bright-sun.webp,true,/images/pexels-curtis-adams-1694007-3990589.webp,/images/heroes/hero-fine-broom-texture-bright-sun.webp,
2026-07-29T23:06:53.360051,driveway-fire-access-requirements-meeting-fire-code,guides/driveway-fire-access-requirements-meeting-fire-code/index.html,swapped,0,/images/pexels-curtis-adams-1694007-3990589.webp,/images/heroes/hero-wide-gravel-approach-open-sides.webp,Driveway Fire Access Requirements: Meeting Fire Code — Drivewayz USA,Wide gravel approach with clear open space on both sides,string,https://drivewayzusa.co/images/hero-driveway-fire-access-requirements-meeting-fire-code.webp,https://drivewayzusa.co/images/heroes/hero-wide-gravel-approach-open-sides.webp,true,/images/pexels-curtis-adams-1694007-3990589.webp,/images/heroes/hero-wide-gravel-approach-open-sides.webp,
2026-07-29T23:06:53.360293,driveway-flexural-strength-bending-resistance-of-concrete,guides/driveway-flexural-strength-bending-resistance-of-concrete/index.html,swapped,0,/images/pexels-curtis-adams-1694007-3990589.webp,/images/heroes/hero-thick-slab-edge-gravel-base.webp,Driveway Flexural Strength: Bending Resistance of Concrete — Drivewayz USA,Thick concrete slab edge resting on a compacted gravel base,string,https://drivewayzusa.co/images/hero-driveway-flexural-strength-bending-resistance-of-concrete.webp,https://drivewayzusa.co/images/heroes/hero-thick-slab-edge-gravel-base.webp,true,/images/pexels-curtis-adams-1694007-3990589.webp,/images/heroes/hero-thick-slab-edge-gravel-base.webp,
2026-07-29T23:06:53.360627,driveway-fog-seal-light-application-asphalt-preservation,guides/driveway-fog-seal-light-application-asphalt-preservation/index.html,swapped,0,/images/pexels-curtis-adams-1694007-3990589.webp,/images/heroes/hero-sealant-mist-half-blacktop.webp,Driveway Fog Seal: Light Application Asphalt Preservation — Drivewayz USA,Fine sealant mist darkening one half of a worn blacktop drive,string,https://drivewayzusa.co/images/hero-driveway-fog-seal-light-application-asphalt-preservation.webp,https://drivewayzusa.co/images/heroes/hero-sealant-mist-half-blacktop.webp,true,/images/pexels-curtis-adams-1694007-3990589.webp,/images/heroes/hero-sealant-mist-half-blacktop.webp,
2026-07-29T23:06:53.360920,driveway-for-climate-zone-1-extreme-cold-materials,guides/driveway-for-climate-zone-1-extreme-cold-materials/index.html,swapped,0,/images/pexels-sobeslavjan-13838908.webp,/images/heroes/hero-snow-lined-concrete-gray-sky.webp,Driveway for Climate Zone 1: Extreme Cold Materials — Drivewayz USA,Snow lined concrete drive under a flat gray sky,string,https://drivewayzusa.co/images/hero-driveway-for-climate-zone-1-extreme-cold-materials.webp,https://drivewayzusa.co/images/heroes/hero-snow-lined-concrete-gray-sky.webp,true,/images/pexels-sobeslavjan-13838908.webp,/images/heroes/hero-snow-lined-concrete-gray-sky.webp,
2026-07-29T23:06:53.361208,driveway-for-climate-zone-2-cold-winter-materials,guides/driveway-for-climate-zone-2-cold-winter-materials/index.html,swapped,0,/images/pexels-sobeslavjan-13838908.webp,/images/heroes/hero-melting-frost-fine-cracks.webp,Driveway for Climate Zone 2: Cold Winter Materials — Drivewayz USA,Melting frost around fine cracks in a blacktop surface,string,https://drivewayzusa.co/images/hero-driveway-for-climate-zone-2-cold-winter-materials.webp,https://drivewayzusa.co/images/heroes/hero-melting-frost-fine-cracks.webp,true,/images/pexels-sobeslavjan-13838908.webp,/images/heroes/hero-melting-frost-fine-cracks.webp,
2026-07-29T23:06:53.361545,driveway-for-climate-zone-3-mixed-climate-materials,guides/driveway-for-climate-zone-3-mixed-climate-materials/index.html,swapped,0,/images/pexels-sobeslavjan-13838908.webp,/images/heroes/hero-paver-half-sun-half-shade.webp,Driveway for Climate Zone 3: Mixed Climate Materials — Drivewayz USA,Paver drive half in warm sun and half in cool shade,string,https://drivewayzusa.co/images/hero-driveway-for-climate-zone-3-mixed-climate-materials.webp,https://drivewayzusa.co/images/heroes/hero-paver-half-sun-half-shade.webp,true,/images/pexels-sobeslavjan-13838908.webp,/images/heroes/hero-paver-half-sun-half-shade.webp,
2026-07-29T23:06:53.361850,driveway-for-climate-zone-4-mild-winter-materials,guides/driveway-for-climate-zone-4-mild-winter-materials/index.html,swapped,0,/images/pexels-sobeslavjan-13838908.webp,/images/heroes/hero-sunlit-gravel-frontage-low-shrubs.webp,Driveway for Climate Zone 4: Mild Winter Materials — Drivewayz USA,Sunlit gravel frontage bordered by low green shrubs,string,https://drivewayzusa.co/images/hero-driveway-for-climate-zone-4-mild-winter-materials.webp,https://drivewayzusa.co/images/heroes/hero-sunlit-gravel-frontage-low-shrubs.webp,true,/images/pexels-sobeslavjan-13838908.webp,/images/heroes/hero-sunlit-gravel-frontage-low-shrubs.webp,
2026-07-29T23:06:53.362236,driveway-for-climate-zone-5-hot-and-humid-materials,guides/driveway-for-climate-zone-5-hot-and-humid-materials/index.html,swapped,0,/images/pexels-sobeslavjan-13838908.webp,/images/heroes/hero-humid-shine-sealed-concrete-drive.webp,Driveway for Climate Zone 5: Hot and Humid Materials — Drivewayz USA,Sealed concrete drive glistening with rain moisture under gray skies,string,https://drivewayzusa.co/images/hero-driveway-for-climate-zone-5-hot-and-humid-materials.webp,https://drivewayzusa.co/images/heroes/hero-humid-shine-sealed-concrete-drive.webp,true,/images/pexels-sobeslavjan-13838908.webp,/images/heroes/hero-humid-shine-sealed-concrete-drive.webp,
2026-07-29T23:06:53.362562,driveway-for-climate-zone-6-hot-and-dry-materials,guides/driveway-for-climate-zone-6-hot-and-dry-materials/index.html,swapped,0,/images/pexels-sobeslavjan-13838908.webp,/images/heroes/hero-dry-dusty-asphalt-rural-approach.webp,Driveway for Climate Zone 6: Hot and Dry Materials — Drivewayz USA,Dry dusty asphalt lane stretching toward open land under harsh midday sun,string,https://drivewayzusa.co/images/hero-driveway-for-climate-zone-6-hot-and-dry-materials.webp,https://drivewayzusa.co/images/heroes/hero-dry-dusty-asphalt-rural-approach.webp,true,/images/pexels-sobeslavjan-13838908.webp,/images/heroes/hero-dry-dusty-asphalt-rural-approach.webp,
2026-07-29T23:06:53.362881,driveway-for-rental-properties-best-materials-for-durability,guides/driveway-for-rental-properties-best-materials-for-durability/index.html,swapped,0,/images/pexels-curtis-adams-1694007-3990589.webp,/images/heroes/hero-plain-asphalt-drive-overcast-frontage.webp,Driveway for Rental Properties: Best Materials for Durability — Drivewayz USA,Plain asphalt front drive in flat overcast light with neat edges,string,https://drivewayzusa.co/images/hero-driveway-for-rental-properties-best-materials-for-durability.webp,https://drivewayzusa.co/images/heroes/hero-plain-asphalt-drive-overcast-frontage.webp,true,/images/pexels-curtis-adams-1694007-3990589.webp,/images/heroes/hero-plain-asphalt-drive-overcast-frontage.webp,
2026-07-29T23:06:53.363110,driveway-force-majeure-when-nature-stops-construction,guides/driveway-force-majeure-when-nature-stops-construction/index.html,swapped,0,/images/pexels-curtis-adams-1694007-3990589.webp,/images/heroes/hero-rain-puddles-unfinished-gravel-base.webp,Driveway Force Majeure: When Nature Stops Construction — Drivewayz USA,Rain puddles pooling on an unfinished gravel base at a halted work site,string,https://drivewayzusa.co/images/hero-driveway-force-majeure-when-nature-stops-construction.webp,https://drivewayzusa.co/images/heroes/hero-rain-puddles-unfinished-gravel-base.webp,true,/images/pexels-curtis-adams-1694007-3990589.webp,/images/heroes/hero-rain-puddles-unfinished-gravel-base.webp,
2026-07-29T23:06:53.363334,driveway-forensic-investigation-determining-cause-of-failure,guides/driveway-forensic-investigation-determining-cause-of-failure/index.html,swapped,0,/images/pexels-curtis-adams-1694007-3990589.webp,/images/heroes/hero-deep-branching-cracks-gray-asphalt.webp,Driveway Forensic Investigation: Determining Cause of Failure — Drivewayz USA,Deep branching cracks across weathered gray asphalt viewed at surface level,string,https://drivewayzusa.co/images/hero-driveway-forensic-investigation-determining-cause-of-failure.webp,https://drivewayzusa.co/images/heroes/hero-deep-branching-cracks-gray-asphalt.webp,true,/images/pexels-curtis-adams-1694007-3990589.webp,/images/heroes/hero-deep-branching-cracks-gray-asphalt.webp,
2026-07-29T23:06:53.363569,driveway-freeze-thaw-testing-astm-c666-method,guides/driveway-freeze-thaw-testing-astm-c666-method/index.html,swapped,0,/images/pexels-sobeslavjan-13838908.webp,/images/heroes/hero-freeze-damaged-scaled-concrete-closeup.webp,Driveway Freeze-Thaw Testing: ASTM C666 Method — Drivewayz USA,Scaled flaking concrete surface with frost damage shown in tight closeup,string,https://drivewayzusa.co/images/hero-driveway-freeze-thaw-testing-astm-c666-method.webp,https://drivewayzusa.co/images/heroes/hero-freeze-damaged-scaled-concrete-closeup.webp,true,/images/pexels-sobeslavjan-13838908.webp,/images/heroes/hero-freeze-damaged-scaled-concrete-closeup.webp,
2026-07-29T23:06:53.363789,driveway-full-depth-reclamation-rebuilding-from-the-ground-up,guides/driveway-full-depth-reclamation-rebuilding-from-the-ground-up/index.html,swapped,0,/images/pexels-curtis-adams-1694007-3990589.webp,/images/heroes/hero-pulverized-reclaimed-drive-base.webp,Driveway Full-Depth Reclamation: Rebuilding From the Ground Up — Drivewayz USA,Pulverized old pavement blended into fresh base material awaiting compaction,string,https://drivewayzusa.co/images/hero-driveway-full-depth-reclamation-rebuilding-from-the-ground-up.webp,https://drivewayzusa.co/images/heroes/hero-pulverized-reclaimed-drive-base.webp,true,/images/pexels-curtis-adams-1694007-3990589.webp,/images/heroes/hero-pulverized-reclaimed-drive-base.webp,
2026-07-29T23:06:53.364072,driveway-garage-sale-setup-protecting-surface-from-display-items,guides/driveway-garage-sale-setup-protecting-surface-from-display-items/index.html,swapped,0,/images/pexels-curtis-adams-1694007-3990589.webp,/images/heroes/hero-foam-mats-sealed-concrete-drive.webp,Driveway Garage Sale Setup: Protecting Surface From Display Items — Drivewayz USA,Foam padding sheets resting on a sealed concrete drive in midday sun,string,https://drivewayzusa.co/images/hero-driveway-garage-sale-setup-protecting-surface-from-display-items.webp,https://drivewayzusa.co/images/heroes/hero-foam-mats-sealed-concrete-drive.webp,true,/images/pexels-curtis-adams-1694007-3990589.webp,/images/heroes/hero-foam-mats-sealed-concrete-drive.webp,
2026-07-29T23:06:53.364344,driveway-garden-adjacent-design-protecting-both-zones,guides/driveway-garden-adjacent-design-protecting-both-zones/index.html,swapped,0,/images/pexels-curtis-adams-1694007-3990589.webp,/images/heroes/hero-gravel-drive-flowering-garden-border.webp,Driveway Garden Adjacent Design: Protecting Both Zones — Drivewayz USA,Gravel drive bordered by flowering garden beds in warm evening light,string,https://drivewayzusa.co/images/hero-driveway-garden-adjacent-design-protecting-both-zones.webp,https://drivewayzusa.co/images/heroes/hero-gravel-drive-flowering-garden-border.webp,true,/images/pexels-curtis-adams-1694007-3990589.webp,/images/heroes/hero-gravel-drive-flowering-garden-border.webp,
2026-07-29T23:06:53.364554,driveway-gas-line-proximity-safety-setbacks,guides/driveway-gas-line-proximity-safety-setbacks/index.html,swapped,0,/images/pexels-curtis-adams-1694007-3990589.webp,/images/heroes/hero-locate-flags-along-gravel-edge.webp,Driveway Gas Line Proximity: Safety Setbacks — Drivewayz USA,Small utility marking flags lining the edge of a gravel drive,string,https://drivewayzusa.co/images/hero-driveway-gas-line-proximity-safety-setbacks.webp,https://drivewayzusa.co/images/heroes/hero-locate-flags-along-gravel-edge.webp,true,/images/pexels-curtis-adams-1694007-3990589.webp,/images/heroes/hero-locate-flags-along-gravel-edge.webp,
2026-07-29T23:06:53.364770,driveway-gates-and-security-features,guides/driveway-gates-and-security-features/index.html,swapped,0,/images/pexels-curtis-adams-1694007-3990589.webp,/images/heroes/hero-closed-metal-gate-asphalt-lane.webp,Driveway Gates and Security Features — Drivewayz USA,Closed metal gate spanning a weathered asphalt lane at golden hour,string,https://drivewayzusa.co/images/hero-driveway-gates-and-security-features.webp,https://drivewayzusa.co/images/heroes/hero-closed-metal-gate-asphalt-lane.webp,true,/images/pexels-curtis-adams-1694007-3990589.webp,/images/heroes/hero-closed-metal-gate-asphalt-lane.webp,
2026-07-29T23:06:53.365076,driveway-general-liability-insurance-what-contractors-need,guides/driveway-general-liability-insurance-what-contractors-need/index.html,swapped,0,/images/pexels-curtis-adams-1694007-3990589.webp,/images/heroes/hero-wet-pour-between-wood-forms.webp,Driveway General Liability Insurance: What Contractors Need — Drivewayz USA,Wet concrete poured between wooden forms at an active work site,string,https://drivewayzusa.co/images/hero-driveway-general-liability-insurance-what-contractors-need.webp,https://drivewayzusa.co/images/heroes/hero-wet-pour-between-wood-forms.webp,true,/images/pexels-curtis-adams-1694007-3990589.webp,/images/heroes/hero-wet-pour-between-wood-forms.webp,
2026-07-29T23:06:53.365423,driveway-geographic-information-system-gis-mapping-for-maintenance,guides/driveway-geographic-information-system-gis-mapping-for-maintenance/index.html,swapped,0,/images/pexels-artbovich-8134848.webp,/images/heroes/hero-weathered-asphalt-drive-elevated-view.webp,Driveway Geographic Information System: GIS Mapping for Maintenance — Drivewayz USA,Long weathered asphalt drive seen from above in warm low light,string,https://drivewayzusa.co/images/hero-driveway-geographic-information-system-gis-mapping-for-maintenance.webp,https://drivewayzusa.co/images/heroes/hero-weathered-asphalt-drive-elevated-view.webp,true,/images/pexels-artbovich-8134848.webp,/images/heroes/hero-weathered-asphalt-drive-elevated-view.webp,
2026-07-29T23:06:53.365730,driveway-geotechnical-assessment-soil-conditions-matter,guides/driveway-geotechnical-assessment-soil-conditions-matter/index.html,swapped,0,/images/pexels-curtis-adams-1694007-3990589.webp,/images/heroes/hero-open-test-pit-soil-layers.webp,Driveway Geotechnical Assessment: Soil Conditions Matter — Drivewayz USA,Open test pit exposing layered soil beside a planned drive route,string,https://drivewayzusa.co/images/hero-driveway-geotechnical-assessment-soil-conditions-matter.webp,https://drivewayzusa.co/images/heroes/hero-open-test-pit-soil-layers.webp,true,/images/pexels-curtis-adams-1694007-3990589.webp,/images/heroes/hero-open-test-pit-soil-layers.webp,
2026-07-29T23:06:53.366443,driveway-geotechnical-report-when-you-need-professional-soil-analysis,guides/driveway-geotechnical-report-when-you-need-professional-soil-analysis/index.html,swapped,0,/images/pexels-curtis-adams-1694007-3990589.webp,/images/heroes/hero-damp-clay-subgrade-closeup.webp,Driveway Geotechnical Report: When You Need Professional Soil Analysis — Drivewayz USA,Damp clay subgrade texture filling the frame under soft gray light,string,https://drivewayzusa.co/images/hero-driveway-geotechnical-report-when-you-need-professional-soil-analysis.webp,https://drivewayzusa.co/images/heroes/hero-damp-clay-subgrade-closeup.webp,true,/images/pexels-curtis-adams-1694007-3990589.webp,/images/heroes/hero-damp-clay-subgrade-closeup.webp,
2026-07-29T23:06:53.366931,driveway-glossary-terms-every-homeowner-should-know,guides/driveway-glossary-terms-every-homeowner-should-know/index.html,swapped,0,/images/pexels-curtis-adams-1694007-3990589.webp,/images/heroes/hero-low-angle-broomed-concrete-joint.webp,Driveway Glossary: Terms Every Homeowner Should Know — Drivewayz USA,Broomed concrete texture with a sawn joint running toward the horizon,string,https://drivewayzusa.co/images/hero-driveway-glossary-terms-every-homeowner-should-know.webp,https://drivewayzusa.co/images/heroes/hero-low-angle-broomed-concrete-joint.webp,true,/images/pexels-curtis-adams-1694007-3990589.webp,/images/heroes/hero-low-angle-broomed-concrete-joint.webp,
2026-07-29T23:06:53.367410,driveway-gps-staking-precise-layout-from-digital-plans,guides/driveway-gps-staking-precise-layout-from-digital-plans/index.html,swapped,0,/images/pexels-curtis-adams-1694007-3990589.webp,/images/heroes/hero-layout-stakes-bright-string-lines.webp,Driveway GPS Staking: Precise Layout From Digital Plans — Drivewayz USA,Wooden stakes and bright string lines marking a future drive layout,string,https://drivewayzusa.co/images/hero-driveway-gps-staking-precise-layout-from-digital-plans.webp,https://drivewayzusa.co/images/heroes/hero-layout-stakes-bright-string-lines.webp,true,/images/pexels-curtis-adams-1694007-3990589.webp,/images/heroes/hero-layout-stakes-bright-string-lines.webp,
2026-07-29T23:06:53.367773,driveway-grade-and-slope-regulations,guides/driveway-grade-and-slope-regulations/index.html,swapped,0,/images/pexels-curtis-adams-1694007-3990589.webp,/images/heroes/hero-steep-asphalt-drive-bright-sun.webp,Driveway Grade and Slope Regulations — Drivewayz USA,Steeply sloped asphalt drive climbing toward a garage in bright sun,string,https://drivewayzusa.co/images/hero-driveway-grade-and-slope-regulations.webp,https://drivewayzusa.co/images/heroes/hero-steep-asphalt-drive-bright-sun.webp,true,/images/pexels-curtis-adams-1694007-3990589.webp,/images/heroes/hero-steep-asphalt-drive-bright-sun.webp,
2026-07-29T23:06:53.368118,driveway-grading-cost-leveling-before-installation,guides/driveway-grading-cost-leveling-before-installation/index.html,swapped,0,/images/pexels-curtis-adams-1694007-3990589.webp,/images/heroes/hero-leveled-gravel-bed-screed-rails.webp,Driveway Grading Cost: Leveling Before Installation — Drivewayz USA,Leveled gravel bed with screed rails ready for the next layer,string,https://drivewayzusa.co/images/hero-driveway-grading-cost-leveling-before-installation.webp,https://drivewayzusa.co/images/heroes/hero-leveled-gravel-bed-screed-rails.webp,true,/images/pexels-curtis-adams-1694007-3990589.webp,/images/heroes/hero-leveled-gravel-bed-screed-rails.webp,
2026-07-29T23:06:53.368477,driveway-grading-permit-when-earthwork-requires-approval,guides/driveway-grading-permit-when-earthwork-requires-approval/index.html,swapped,0,/images/pexels-curtis-adams-1694007-3990589.webp,/images/heroes/hero-fresh-earth-cut-drive-site.webp,Driveway Grading Permit: When Earthwork Requires Approval — Drivewayz USA,Freshly cut earth excavation where a new drive will be built,string,https://drivewayzusa.co/images/hero-driveway-grading-permit-when-earthwork-requires-approval.webp,https://drivewayzusa.co/images/heroes/hero-fresh-earth-cut-drive-site.webp,true,/images/pexels-curtis-adams-1694007-3990589.webp,/images/heroes/hero-fresh-earth-cut-drive-site.webp,
2026-07-29T23:06:53.368696,driveway-graffiti-removal-protecting-your-property,guides/driveway-graffiti-removal-protecting-your-property/index.html,swapped,0,/images/pexels-curtis-adams-1694007-3990589.webp,/images/heroes/hero-pressure-washed-stripe-gray-concrete.webp,Driveway Graffiti Removal: Protecting Your Property — Drivewayz USA,Clean pressure washed stripe cutting across stained gray concrete surface,string,https://drivewayzusa.co/images/hero-driveway-graffiti-removal-protecting-your-property.webp,https://drivewayzusa.co/images/heroes/hero-pressure-washed-stripe-gray-concrete.webp,true,/images/pexels-curtis-adams-1694007-3990589.webp,/images/heroes/hero-pressure-washed-stripe-gray-concrete.webp,
2026-07-29T23:06:53.369015,driveway-ground-penetrating-radar-subsurface-investigation,guides/driveway-ground-penetrating-radar-subsurface-investigation/index.html,swapped,0,/images/pexels-curtis-adams-1694007-3990589.webp,/images/heroes/hero-chalk-grid-weathered-asphalt-scan.webp,Driveway Ground Penetrating Radar: Subsurface Investigation — Drivewayz USA,Chalk grid lines marked across weathered asphalt before scanning begins,string,https://drivewayzusa.co/images/hero-driveway-ground-penetrating-radar-subsurface-investigation.webp,https://drivewayzusa.co/images/heroes/hero-chalk-grid-weathered-asphalt-scan.webp,true,/images/pexels-curtis-adams-1694007-3990589.webp,/images/heroes/hero-chalk-grid-weathered-asphalt-scan.webp,
2026-07-29T23:06:53.369350,driveway-guaranteed-maximum-price-budget-protection,guides/driveway-guaranteed-maximum-price-budget-protection/index.html,swapped,0,/images/pexels-curtis-adams-1694007-3990589.webp,/images/heroes/hero-string-grid-over-graded-base.webp,Driveway Guaranteed Maximum Price: Budget Protection — Drivewayz USA,String grid stretched over a graded base awaiting its new surface,string,https://drivewayzusa.co/images/hero-driveway-guaranteed-maximum-price-budget-protection.webp,https://drivewayzusa.co/images/heroes/hero-string-grid-over-graded-base.webp,true,/images/pexels-curtis-adams-1694007-3990589.webp,/images/heroes/hero-string-grid-over-graded-base.webp,
2026-07-29T23:06:53.369600,driveway-habitat-impact-environmental-review-requirements,guides/driveway-habitat-impact-environmental-review-requirements/index.html,swapped,0,/images/pexels-curtis-adams-1694007-3990589.webp,/images/heroes/hero-gravel-edge-tall-native-grasses.webp,Driveway Habitat Impact: Environmental Review Requirements — Drivewayz USA,Tall native grasses crowding the edge of a gravel lane in warm evening light,string,https://drivewayzusa.co/images/hero-driveway-habitat-impact-environmental-review-requirements.webp,https://drivewayzusa.co/images/heroes/hero-gravel-edge-tall-native-grasses.webp,true,/images/pexels-curtis-adams-1694007-3990589.webp,/images/heroes/hero-gravel-edge-tall-native-grasses.webp,
2026-07-29T23:06:53.369964,driveway-heaving-and-buckling-causes-and-repair-options,guides/driveway-heaving-and-buckling-causes-and-repair-options/index.html,swapped,0,/images/pexels-artbovich-8134848.webp,/images/heroes/hero-lifted-concrete-slab-buckled-joint.webp,Driveway Heaving and Buckling: Causes and Repair Options — Drivewayz USA,Lifted concrete slab tilted at a buckled joint in harsh sunlight,string,https://drivewayzusa.co/images/hero-driveway-heaving-and-buckling-causes-and-repair-options.webp,https://drivewayzusa.co/images/heroes/hero-lifted-concrete-slab-buckled-joint.webp,true,/images/pexels-artbovich-8134848.webp,/images/heroes/hero-lifted-concrete-slab-buckled-joint.webp,
2026-07-29T23:06:53.370380,driveway-heavy-equipment-safety-avoiding-accidents,guides/driveway-heavy-equipment-safety-avoiding-accidents/index.html,swapped,0,/images/pexels-curtis-adams-1694007-3990589.webp,/images/heroes/hero-ride-on-roller-fresh-mat-edge.webp,Driveway Heavy Equipment Safety: Avoiding Accidents — Drivewayz USA,Ride-on roller parked beside a fresh asphalt mat in bright midday light,string,https://drivewayzusa.co/images/hero-driveway-heavy-equipment-safety-avoiding-accidents.webp,https://drivewayzusa.co/images/heroes/hero-ride-on-roller-fresh-mat-edge.webp,true,/images/pexels-curtis-adams-1694007-3990589.webp,/images/heroes/hero-ride-on-roller-fresh-mat-edge.webp,
2026-07-29T23:06:53.370998,driveway-historic-preservation-standards-secretary-of-interior-guidelines,guides/driveway-historic-preservation-standards-secretary-of-interior-guidelines/index.html,swapped,0,/images/pexels-curtis-adams-1694007-3990589.webp,/images/heroes/hero-worn-cobblestone-wheel-tracks.webp,Driveway Historic Preservation Standards: Secretary of Interior Guidelines — Drivewayz USA,Weathered cobblestone lane with worn wheel tracks under an overcast sky,string,https://drivewayzusa.co/images/hero-driveway-historic-preservation-standards-secretary-of-interior-guidelines.webp,https://drivewayzusa.co/images/heroes/hero-worn-cobblestone-wheel-tracks.webp,true,/images/pexels-curtis-adams-1694007-3990589.webp,/images/heroes/hero-worn-cobblestone-wheel-tracks.webp,
2026-07-29T23:06:53.371454,driveway-holdback-protecting-against-incomplete-work,guides/driveway-holdback-protecting-against-incomplete-work/index.html,swapped,0,/images/pexels-curtis-adams-1694007-3990589.webp,/images/heroes/hero-partly-poured-slab-wood-forms.webp,Driveway Holdback: Protecting Against Incomplete Work — Drivewayz USA,Partly poured concrete slab inside wooden forms awaiting completion,string,https://drivewayzusa.co/images/hero-driveway-holdback-protecting-against-incomplete-work.webp,https://drivewayzusa.co/images/heroes/hero-partly-poured-slab-wood-forms.webp,true,/images/pexels-curtis-adams-1694007-3990589.webp,/images/heroes/hero-partly-poured-slab-wood-forms.webp,
2026-07-29T23:06:53.371771,driveway-holiday-decorating-tips-protecting-your-surface,guides/driveway-holiday-decorating-tips-protecting-your-surface/index.html,swapped,0,/images/pexels-curtis-adams-1694007-3990589.webp,/images/heroes/hero-string-lights-sealed-drive-dusk.webp,Driveway Holiday Decorating Tips: Protecting Your Surface — Drivewayz USA,Sealed asphalt driveway frontage at dusk with string lights along the lawn edge,string,https://drivewayzusa.co/images/hero-driveway-holiday-decorating-tips-protecting-your-surface.webp,https://drivewayzusa.co/images/heroes/hero-string-lights-sealed-drive-dusk.webp,true,/images/pexels-curtis-adams-1694007-3990589.webp,/images/heroes/hero-string-lights-sealed-drive-dusk.webp,
2026-07-29T23:06:53.371995,driveway-hot-asphalt-burns-worker-safety-protocols,guides/driveway-hot-asphalt-burns-worker-safety-protocols/index.html,swapped,0,/images/pexels-curtis-adams-1694007-3990589.webp,/images/heroes/hero-steam-rising-fresh-asphalt.webp,Driveway Hot Asphalt Burns: Worker Safety Protocols — Drivewayz USA,Steam rising from a freshly laid hot asphalt mat in midday sun,string,https://drivewayzusa.co/images/hero-driveway-hot-asphalt-burns-worker-safety-protocols.webp,https://drivewayzusa.co/images/heroes/hero-steam-rising-fresh-asphalt.webp,true,/images/pexels-curtis-adams-1694007-3990589.webp,/images/heroes/hero-steam-rising-fresh-asphalt.webp,
2026-07-29T23:06:53.372315,driveway-hot-in-place-recycling-repurposing-existing-asphalt,guides/driveway-hot-in-place-recycling-repurposing-existing-asphalt/index.html,swapped,0,/images/pexels-curtis-adams-1694007-3990589.webp,/images/heroes/hero-milled-asphalt-grooves-closeup.webp,Driveway Hot In-Place Recycling: Repurposing Existing Asphalt — Drivewayz USA,Close view of parallel grooves milled into weathered asphalt pavement,string,https://drivewayzusa.co/images/hero-driveway-hot-in-place-recycling-repurposing-existing-asphalt.webp,https://drivewayzusa.co/images/heroes/hero-milled-asphalt-grooves-closeup.webp,true,/images/pexels-curtis-adams-1694007-3990589.webp,/images/heroes/hero-milled-asphalt-grooves-closeup.webp,
2026-07-29T23:06:53.372554,driveway-hot-pour-crack-sealant-professional-application,guides/driveway-hot-pour-crack-sealant-professional-application/index.html,swapped,0,/images/pexels-artbovich-8134848.webp,/images/heroes/hero-glossy-sealant-filled-crack.webp,Driveway Hot Pour Crack Sealant: Professional Application — Drivewayz USA,Glossy dark filler ribbon settling into a long crack in weathered asphalt,string,https://drivewayzusa.co/images/hero-driveway-hot-pour-crack-sealant-professional-application.webp,https://drivewayzusa.co/images/heroes/hero-glossy-sealant-filled-crack.webp,true,/images/pexels-artbovich-8134848.webp,/images/heroes/hero-glossy-sealant-filled-crack.webp,
2026-07-29T23:06:53.372878,driveway-hot-tire-marks-on-sealcoated-asphalt,guides/driveway-hot-tire-marks-on-sealcoated-asphalt/index.html,swapped,0,/images/pexels-curtis-adams-1694007-3990589.webp,/images/heroes/hero-tire-scuff-marks-sealed-asphalt.webp,Driveway Hot Tire Marks on Sealcoated Asphalt — Drivewayz USA,Dark rubber scuffs streaked across a freshly sealed asphalt surface,string,https://drivewayzusa.co/images/hero-driveway-hot-tire-marks-on-sealcoated-asphalt.webp,https://drivewayzusa.co/images/heroes/hero-tire-scuff-marks-sealed-asphalt.webp,true,/images/pexels-curtis-adams-1694007-3990589.webp,/images/heroes/hero-tire-scuff-marks-sealed-asphalt.webp,
2026-07-29T23:06:53.373172,driveway-ideas-for-selling-your-home-fast,guides/driveway-ideas-for-selling-your-home-fast/index.html,swapped,0,/images/pexels-curtis-adams-1694007-3990589.webp,/images/heroes/hero-tidy-paver-drive-sunset-glow.webp,Driveway Ideas for Selling Your Home Fast — Drivewayz USA,Tidy interlocking paver driveway glowing in warm sunset light beside lawn,string,https://drivewayzusa.co/images/hero-driveway-ideas-for-selling-your-home-fast.webp,https://drivewayzusa.co/images/heroes/hero-tidy-paver-drive-sunset-glow.webp,true,/images/pexels-curtis-adams-1694007-3990589.webp,/images/heroes/hero-tidy-paver-drive-sunset-glow.webp,
2026-07-29T23:06:53.373379,driveway-illumination-requirements-municipal-lighting-standards,guides/driveway-illumination-requirements-municipal-lighting-standards/index.html,swapped,0,/images/pexels-curtis-adams-1694007-3990589.webp,/images/heroes/hero-path-lights-concrete-drive-dusk.webp,Driveway Illumination Requirements: Municipal Lighting Standards — Drivewayz USA,Low path lights glowing along a sealed concrete driveway at dusk,string,https://drivewayzusa.co/images/hero-driveway-illumination-requirements-municipal-lighting-standards.webp,https://drivewayzusa.co/images/heroes/hero-path-lights-concrete-drive-dusk.webp,true,/images/pexels-curtis-adams-1694007-3990589.webp,/images/heroes/hero-path-lights-concrete-drive-dusk.webp,
2026-07-29T23:06:53.373706,driveway-impact-resistance-handling-dropped-objects,guides/driveway-impact-resistance-handling-dropped-objects/index.html,swapped,0,/images/pexels-curtis-adams-1694007-3990589.webp,/images/heroes/hero-impact-chip-concrete-surface.webp,Driveway Impact Resistance: Handling Dropped Objects — Drivewayz USA,Impact chip and radial cracks in a concrete driveway surface closeup,string,https://drivewayzusa.co/images/hero-driveway-impact-resistance-handling-dropped-objects.webp,https://drivewayzusa.co/images/heroes/hero-impact-chip-concrete-surface.webp,true,/images/pexels-curtis-adams-1694007-3990589.webp,/images/heroes/hero-impact-chip-concrete-surface.webp,
2026-07-29T23:06:53.374066,driveway-improvement-priorities-what-to-fix-first,guides/driveway-improvement-priorities-what-to-fix-first/index.html,swapped,0,/images/pexels-curtis-adams-1694007-3990589.webp,/images/heroes/hero-weathered-asphalt-frontage-fine-cracks.webp,Driveway Improvement Priorities: What to Fix First — Drivewayz USA,Weathered asphalt frontage showing fine cracks and faded patched areas,string,https://drivewayzusa.co/images/hero-driveway-improvement-priorities-what-to-fix-first.webp,https://drivewayzusa.co/images/heroes/hero-weathered-asphalt-frontage-fine-cracks.webp,true,/images/pexels-curtis-adams-1694007-3990589.webp,/images/heroes/hero-weathered-asphalt-frontage-fine-cracks.webp,
2026-07-29T23:06:53.374414,driveway-in-buffer-zone-environmental-setback-requirements,guides/driveway-in-buffer-zone-environmental-setback-requirements/index.html,swapped,0,/images/pexels-curtis-adams-1694007-3990589.webp,/images/heroes/hero-gravel-lane-reed-lined-verge.webp,Driveway in Buffer Zone: Environmental Setback Requirements — Drivewayz USA,Gravel lane bordered by tall reeds and wet meadow grasses under gray skies,string,https://drivewayzusa.co/images/hero-driveway-in-buffer-zone-environmental-setback-requirements.webp,https://drivewayzusa.co/images/heroes/hero-gravel-lane-reed-lined-verge.webp,true,/images/pexels-curtis-adams-1694007-3990589.webp,/images/heroes/hero-gravel-lane-reed-lined-verge.webp,
2026-07-29T23:06:53.374639,driveway-industry-associations-napa-acpa-and-icpi,guides/driveway-industry-associations-napa-acpa-and-icpi/index.html,swapped,0,/images/pexels-curtis-adams-1694007-3990589.webp,/images/heroes/hero-crushed-stone-stockpile-graded-base.webp,"Driveway Industry Associations: NAPA, ACPA, and ICPI — Drivewayz USA",Crushed stone stockpile beside a graded gravel driveway base in midday light,string,https://drivewayzusa.co/images/hero-driveway-industry-associations-napa-acpa-and-icpi.webp,https://drivewayzusa.co/images/heroes/hero-crushed-stone-stockpile-graded-base.webp,true,/images/pexels-curtis-adams-1694007-3990589.webp,/images/heroes/hero-crushed-stone-stockpile-graded-base.webp,
2026-07-29T23:06:53.374878,driveway-infrared-thermography-detecting-subsurface-voids,guides/driveway-infrared-thermography-detecting-subsurface-voids/index.html,swapped,0,/images/pexels-curtis-adams-1694007-3990589.webp,/images/heroes/hero-chalk-survey-marks-weathered-concrete.webp,Driveway Infrared Thermography: Detecting Subsurface Voids — Drivewayz USA,Chalk survey grid marking a weathered concrete driveway surface for scanning,string,https://drivewayzusa.co/images/hero-driveway-infrared-thermography-detecting-subsurface-voids.webp,https://drivewayzusa.co/images/heroes/hero-chalk-survey-marks-weathered-concrete.webp,true,/images/pexels-curtis-adams-1694007-3990589.webp,/images/heroes/hero-chalk-survey-marks-weathered-concrete.webp,
2026-07-29T23:06:53.375179,driveway-inland-marine-insurance-equipment-and-materials,guides/driveway-inland-marine-insurance-equipment-and-materials/index.html,swapped,0,/images/pexels-curtis-adams-1694007-3990589.webp,/images/heroes/hero-excavator-bucket-graded-gravel-base.webp,Driveway Inland Marine Insurance: Equipment and Materials — Drivewayz USA,Excavator bucket resting on a graded gravel base at a driveway site,string,https://drivewayzusa.co/images/hero-driveway-inland-marine-insurance-equipment-and-materials.webp,https://drivewayzusa.co/images/heroes/hero-excavator-bucket-graded-gravel-base.webp,true,/images/pexels-curtis-adams-1694007-3990589.webp,/images/heroes/hero-excavator-bucket-graded-gravel-base.webp,
2026-07-29T23:06:53.375459,driveway-inspection-during-home-purchase-what-to-look-for,guides/driveway-inspection-during-home-purchase-what-to-look-for/index.html,swapped,0,/images/pexels-curtis-adams-1694007-3990589.webp,/images/heroes/hero-weathered-concrete-frontage-after-rain.webp,Driveway Inspection During Home Purchase: What to Look For — Drivewayz USA,Weathered concrete driveway frontage still damp after rain,string,https://drivewayzusa.co/images/hero-driveway-inspection-during-home-purchase-what-to-look-for.webp,https://drivewayzusa.co/images/heroes/hero-weathered-concrete-frontage-after-rain.webp,true,/images/pexels-curtis-adams-1694007-3990589.webp,/images/heroes/hero-weathered-concrete-frontage-after-rain.webp,
2026-07-29T23:06:53.375706,driveway-inspection-fees-and-what-they-cover,guides/driveway-inspection-fees-and-what-they-cover/index.html,swapped,0,/images/pexels-curtis-adams-1694007-3990589.webp,/images/heroes/hero-settlement-crack-across-slab.webp,Driveway Inspection Fees and What They Cover — Drivewayz USA,Settlement crack running across a weathered concrete slab close view,string,https://drivewayzusa.co/images/hero-driveway-inspection-fees-and-what-they-cover.webp,https://drivewayzusa.co/images/heroes/hero-settlement-crack-across-slab.webp,true,/images/pexels-curtis-adams-1694007-3990589.webp,/images/heroes/hero-settlement-crack-across-slab.webp,
2026-07-29T23:06:53.376070,driveway-inspection-report-template-professional-assessment,guides/driveway-inspection-report-template-professional-assessment/index.html,swapped,0,/images/pexels-curtis-adams-1694007-3990589.webp,/images/heroes/hero-neat-paver-drive-elevated-view.webp,Driveway Inspection Report Template: Professional Assessment — Drivewayz USA,Elevated view of a neat interlocking paver driveway in bright midday light,string,https://drivewayzusa.co/images/hero-driveway-inspection-report-template-professional-assessment.webp,https://drivewayzusa.co/images/heroes/hero-neat-paver-drive-elevated-view.webp,true,/images/pexels-curtis-adams-1694007-3990589.webp,/images/heroes/hero-neat-paver-drive-elevated-view.webp,
2026-07-29T23:06:53.376427,driveway-inspection-scheduling-municipal-review-process,guides/driveway-inspection-scheduling-municipal-review-process/index.html,swapped,0,/images/pexels-curtis-adams-1694007-3990589.webp,/images/heroes/hero-stakes-string-graded-approach-corner.webp,Driveway Inspection Scheduling: Municipal Review Process — Drivewayz USA,Stakes and bright string lines marking a planned driveway corner at dawn,string,https://drivewayzusa.co/images/hero-driveway-inspection-scheduling-municipal-review-process.webp,https://drivewayzusa.co/images/heroes/hero-stakes-string-graded-approach-corner.webp,true,/images/pexels-curtis-adams-1694007-3990589.webp,/images/heroes/hero-stakes-string-graded-approach-corner.webp,
2026-07-29T23:06:53.376725,driveway-installation-checklist-dont-miss-these-steps,guides/driveway-installation-checklist-dont-miss-these-steps/index.html,swapped,0,/images/pexels-curtis-adams-1694007-3990589.webp,/images/heroes/hero-level-string-compacted-gravel-base.webp,Driveway Installation Checklist: Don&amp;#x27;t Miss These Steps — Drivewayz USA,Level string stretched over a compacted gravel base ready for paving,string,https://drivewayzusa.co/images/hero-driveway-installation-checklist-dont-miss-these-steps.webp,https://drivewayzusa.co/images/heroes/hero-level-string-compacted-gravel-base.webp,true,/images/pexels-curtis-adams-1694007-3990589.webp,/images/heroes/hero-level-string-compacted-gravel-base.webp,
2026-07-29T23:06:53.376938,driveway-installation-over-utility-easements,guides/driveway-installation-over-utility-easements/index.html,swapped,0,/images/pexels-curtis-adams-1694007-3990589.webp,/images/heroes/hero-locate-flags-new-concrete-edge.webp,Driveway Installation Over Utility Easements — Drivewayz USA,Small locate flags marking utility lines along a new concrete driveway edge,string,https://drivewayzusa.co/images/hero-driveway-installation-over-utility-easements.webp,https://drivewayzusa.co/images/heroes/hero-locate-flags-new-concrete-edge.webp,true,/images/pexels-curtis-adams-1694007-3990589.webp,/images/heroes/hero-locate-flags-new-concrete-edge.webp,
2026-07-29T23:06:53.377177,driveway-insurance-claims-documenting-damage-for-coverage,guides/driveway-insurance-claims-documenting-damage-for-coverage/index.html,swapped,0,/images/pexels-curtis-adams-1694007-3990589.webp,/images/heroes/hero-wide-crack-concrete-wet-rain.webp,Driveway Insurance Claims: Documenting Damage for Coverage — Drivewayz USA,Wide crack splitting a rain wet concrete driveway panel close view,string,https://drivewayzusa.co/images/hero-driveway-insurance-claims-documenting-damage-for-coverage.webp,https://drivewayzusa.co/images/heroes/hero-wide-crack-concrete-wet-rain.webp,true,/images/pexels-curtis-adams-1694007-3990589.webp,/images/heroes/hero-wide-crack-concrete-wet-rain.webp,
2026-07-29T23:06:53.377396,driveway-joint-sand-replacement-step-by-step,guides/driveway-joint-sand-replacement-step-by-step/index.html,swapped,0,/images/pexels-curtis-adams-1694007-3990589.webp,/images/heroes/hero-fresh-sand-swept-paver-joints.webp,Driveway Joint Sand Replacement: Step-by-Step — Drivewayz USA,Fresh joint sand swept between interlocking pavers in bright sunlight,string,https://drivewayzusa.co/images/hero-driveway-joint-sand-replacement-step-by-step.webp,https://drivewayzusa.co/images/heroes/hero-fresh-sand-swept-paver-joints.webp,true,/images/pexels-curtis-adams-1694007-3990589.webp,/images/heroes/hero-fresh-sand-swept-paver-joints.webp,
2026-07-29T23:06:53.377604,driveway-landscaping-borders-and-plantings,guides/driveway-landscaping-borders-and-plantings/index.html,swapped,0,/images/pexels-curtis-adams-1694007-3990589.webp,/images/heroes/hero-concrete-drive-low-planting-borders.webp,Driveway Landscaping: Borders and Plantings — Drivewayz USA,Concrete driveway edged with low planting beds in warm evening light,string,https://drivewayzusa.co/images/hero-driveway-landscaping-borders-and-plantings.webp,https://drivewayzusa.co/images/heroes/hero-concrete-drive-low-planting-borders.webp,true,/images/pexels-curtis-adams-1694007-3990589.webp,/images/heroes/hero-concrete-drive-low-planting-borders.webp,
2026-07-29T23:06:53.377909,driveway-last-mile-delivery-design-e-commerce-era-access,guides/driveway-last-mile-delivery-design-e-commerce-era-access/index.html,swapped,0,/images/pexels-curtis-adams-1694007-3990589.webp,/images/heroes/hero-wide-concrete-apron-turning-space.webp,Driveway Last Mile Delivery Design: E-Commerce Era Access — Drivewayz USA,Wide concrete parking apron with open turning space in midday sun,string,https://drivewayzusa.co/images/hero-driveway-last-mile-delivery-design-e-commerce-era-access.webp,https://drivewayzusa.co/images/heroes/hero-wide-concrete-apron-turning-space.webp,true,/images/pexels-curtis-adams-1694007-3990589.webp,/images/heroes/hero-wide-concrete-apron-turning-space.webp,
2026-07-29T23:06:53.378150,driveway-latent-defect-hidden-problems-that-appear-later,guides/driveway-latent-defect-hidden-problems-that-appear-later/index.html,swapped,0,/images/pexels-curtis-adams-1694007-3990589.webp,/images/heroes/hero-faint-hairline-crack-concrete-closeup.webp,Driveway Latent Defect: Hidden Problems That Appear Later — Drivewayz USA,Faint hairline crack crossing a pale concrete slab under gray sky,string,https://drivewayzusa.co/images/hero-driveway-latent-defect-hidden-problems-that-appear-later.webp,https://drivewayzusa.co/images/heroes/hero-faint-hairline-crack-concrete-closeup.webp,true,/images/pexels-curtis-adams-1694007-3990589.webp,/images/heroes/hero-faint-hairline-crack-concrete-closeup.webp,
2026-07-29T23:06:53.378417,driveway-latex-modified-overlay-flexible-resurfacing,guides/driveway-latex-modified-overlay-flexible-resurfacing/index.html,swapped,0,/images/pexels-artbovich-8134848.webp,/images/heroes/hero-flexible-overlay-squeegee-pass.webp,Driveway Latex-Modified Overlay: Flexible Resurfacing — Drivewayz USA,Thin polymer overlay being spread across an older concrete slab,string,https://drivewayzusa.co/images/hero-driveway-latex-modified-overlay-flexible-resurfacing.webp,https://drivewayzusa.co/images/heroes/hero-flexible-overlay-squeegee-pass.webp,true,/images/pexels-artbovich-8134848.webp,/images/heroes/hero-flexible-overlay-squeegee-pass.webp,
2026-07-29T23:06:53.378958,driveway-layouts-straight-l-shaped-circular-and-more,guides/driveway-layouts-straight-l-shaped-circular-and-more/index.html,swapped,0,/images/pexels-curtis-adams-1694007-3990589.webp,/images/heroes/hero-curved-concrete-loop-drive.webp,"Driveway Layouts: Straight, L-Shaped, Circular, and More — Drivewayz USA",Curved concrete drive looping around a front lawn at golden hour,string,https://drivewayzusa.co/images/hero-driveway-layouts-straight-l-shaped-circular-and-more.webp,https://drivewayzusa.co/images/heroes/hero-curved-concrete-loop-drive.webp,true,/images/pexels-curtis-adams-1694007-3990589.webp,/images/heroes/hero-curved-concrete-loop-drive.webp,
2026-07-29T23:06:53.379403,driveway-lead-generation-for-contractors-getting-more-jobs,guides/driveway-lead-generation-for-contractors-getting-more-jobs/index.html,swapped,0,/images/pexels-curtis-adams-1694007-3990589.webp,/images/heroes/hero-staged-paving-equipment-job-site.webp,Driveway Lead Generation for Contractors: Getting More Jobs — Drivewayz USA,Paving equipment staged beside a freshly laid asphalt surface,string,https://drivewayzusa.co/images/hero-driveway-lead-generation-for-contractors-getting-more-jobs.webp,https://drivewayzusa.co/images/heroes/hero-staged-paving-equipment-job-site.webp,true,/images/pexels-curtis-adams-1694007-3990589.webp,/images/heroes/hero-staged-paving-equipment-job-site.webp,
2026-07-29T23:06:53.379791,driveway-letter-of-completion-formal-project-closeout,guides/driveway-letter-of-completion-formal-project-closeout/index.html,swapped,0,/images/pexels-curtis-adams-1694007-3990589.webp,/images/heroes/hero-finished-drive-clean-edges-gray-sky.webp,Driveway Letter of Completion: Formal Project Closeout — Drivewayz USA,Freshly finished concrete drive with crisp edges under gray sky,string,https://drivewayzusa.co/images/hero-driveway-letter-of-completion-formal-project-closeout.webp,https://drivewayzusa.co/images/heroes/hero-finished-drive-clean-edges-gray-sky.webp,true,/images/pexels-curtis-adams-1694007-3990589.webp,/images/heroes/hero-finished-drive-clean-edges-gray-sky.webp,
2026-07-29T23:06:53.380160,driveway-leveling-when-and-how-to-fix-uneven-surfaces,guides/driveway-leveling-when-and-how-to-fix-uneven-surfaces/index.html,swapped,0,/images/pexels-curtis-adams-1694007-3990589.webp,/images/heroes/hero-offset-slab-joint-height-gap.webp,Driveway Leveling: When and How to Fix Uneven Surfaces — Drivewayz USA,Two concrete slabs with a raised offset joint in bright sunlight,string,https://drivewayzusa.co/images/hero-driveway-leveling-when-and-how-to-fix-uneven-surfaces.webp,https://drivewayzusa.co/images/heroes/hero-offset-slab-joint-height-gap.webp,true,/images/pexels-curtis-adams-1694007-3990589.webp,/images/heroes/hero-offset-slab-joint-height-gap.webp,
2026-07-29T23:06:53.380517,driveway-lien-rights-protecting-yourself-from-non-payment-claims,guides/driveway-lien-rights-protecting-yourself-from-non-payment-claims/index.html,swapped,0,/images/pexels-curtis-adams-1694007-3990589.webp,/images/heroes/hero-rain-glossed-sealed-drive-frontage.webp,Driveway Lien Rights: Protecting Yourself From Non-Payment Claims — Drivewayz USA,Rain glossed sealed asphalt in front of a closed garage,string,https://drivewayzusa.co/images/hero-driveway-lien-rights-protecting-yourself-from-non-payment-claims.webp,https://drivewayzusa.co/images/heroes/hero-rain-glossed-sealed-drive-frontage.webp,true,/images/pexels-curtis-adams-1694007-3990589.webp,/images/heroes/hero-rain-glossed-sealed-drive-frontage.webp,
2026-07-29T23:06:53.380870,driveway-lifecycle-extension-strategies-getting-more-years-from-your-surface,guides/driveway-lifecycle-extension-strategies-getting-more-years-from-your-surface/index.html,swapped,0,/images/pexels-curtis-adams-1694007-3990589.webp,/images/heroes/hero-older-sealed-asphalt-rural-lane.webp,Driveway Lifecycle Extension Strategies: Getting More Years From Your Surface — Drivewayz USA,Older sealed asphalt lane with intact surface under overcast sky,string,https://drivewayzusa.co/images/hero-driveway-lifecycle-extension-strategies-getting-more-years-from-your-surface.webp,https://drivewayzusa.co/images/heroes/hero-older-sealed-asphalt-rural-lane.webp,true,/images/pexels-curtis-adams-1694007-3990589.webp,/images/heroes/hero-older-sealed-asphalt-rural-lane.webp,
2026-07-29T23:06:53.381235,driveway-lighting-types-installation-and-costs,guides/driveway-lighting-types-installation-and-costs/index.html,swapped,0,/images/pexels-curtis-adams-1694007-3990589.webp,/images/heroes/hero-recessed-lights-concrete-drive-edge.webp,"Driveway Lighting: Types, Installation, and Costs — Drivewayz USA",Small ground lights glowing along a concrete drive edge at dusk,string,https://drivewayzusa.co/images/hero-driveway-lighting-types-installation-and-costs.webp,https://drivewayzusa.co/images/heroes/hero-recessed-lights-concrete-drive-edge.webp,true,/images/pexels-curtis-adams-1694007-3990589.webp,/images/heroes/hero-recessed-lights-concrete-drive-edge.webp,
2026-07-29T23:06:53.381582,driveway-lump-sum-contract-fixed-price-agreements,guides/driveway-lump-sum-contract-fixed-price-agreements/index.html,swapped,0,/images/pexels-curtis-adams-1694007-3990589.webp,/images/heroes/hero-smooth-fresh-slab-sunlit-texture.webp,Driveway Lump Sum Contract: Fixed Price Agreements — Drivewayz USA,Smooth finished concrete slab texture in bright midday sunlight,string,https://drivewayzusa.co/images/hero-driveway-lump-sum-contract-fixed-price-agreements.webp,https://drivewayzusa.co/images/heroes/hero-smooth-fresh-slab-sunlit-texture.webp,true,/images/pexels-curtis-adams-1694007-3990589.webp,/images/heroes/hero-smooth-fresh-slab-sunlit-texture.webp,
2026-07-29T23:06:53.381889,driveway-maintenance-agreement-template-service-contracts,guides/driveway-maintenance-agreement-template-service-contracts/index.html,swapped,0,/images/pexels-artbovich-8134848.webp,/images/heroes/hero-beaded-rain-sealed-asphalt-high-view.webp,Driveway Maintenance Agreement Template: Service Contracts — Drivewayz USA,Beads of rain on a sealed asphalt surface seen from above,string,https://drivewayzusa.co/images/hero-driveway-maintenance-agreement-template-service-contracts.webp,https://drivewayzusa.co/images/heroes/hero-beaded-rain-sealed-asphalt-high-view.webp,true,/images/pexels-artbovich-8134848.webp,/images/heroes/hero-beaded-rain-sealed-asphalt-high-view.webp,
2026-07-29T23:06:53.383784,driveway-maintenance-binder-organizing-all-your-records,guides/driveway-maintenance-binder-organizing-all-your-records/index.html,swapped,1,/images/pexels-artbovich-8134848.webp,/images/heroes/hero-long-gravel-drive-hedgerow.webp,Driveway Maintenance Binder: Organizing All Your Records — Drivewayz USA,Long weathered gravel drive running beside a hedgerow in sunlight,string,https://drivewayzusa.co/images/hero-driveway-maintenance-binder-organizing-all-your-records.webp,https://drivewayzusa.co/images/heroes/hero-long-gravel-drive-hedgerow.webp,true,/images/pexels-artbovich-8134848.webp,/images/heroes/hero-long-gravel-drive-hedgerow.webp,
2026-07-29T23:06:53.384088,driveway-maintenance-calendar-by-season,guides/driveway-maintenance-calendar-by-season/index.html,swapped,0,/images/pexels-artbovich-8134848.webp,/images/heroes/hero-frost-lined-paver-joints.webp,Driveway Maintenance Calendar by Season — Drivewayz USA,Frost lined paver joints on a weathered surface under gray sky,string,https://drivewayzusa.co/images/hero-driveway-maintenance-calendar-by-season.webp,https://drivewayzusa.co/images/heroes/hero-frost-lined-paver-joints.webp,true,/images/pexels-artbovich-8134848.webp,/images/heroes/hero-frost-lined-paver-joints.webp,
2026-07-29T23:06:53.384351,driveway-maintenance-calendar-month-by-month-tasks,guides/driveway-maintenance-calendar-month-by-month-tasks/index.html,swapped,0,/images/pexels-artbovich-8134848.webp,/images/heroes/hero-sealed-slab-after-rain-shower.webp,Driveway Maintenance Calendar: Month-by-Month Tasks — Drivewayz USA,Sealed concrete slab still damp after a light rain shower,string,https://drivewayzusa.co/images/hero-driveway-maintenance-calendar-month-by-month-tasks.webp,https://drivewayzusa.co/images/heroes/hero-sealed-slab-after-rain-shower.webp,true,/images/pexels-artbovich-8134848.webp,/images/heroes/hero-sealed-slab-after-rain-shower.webp,
2026-07-29T23:06:53.384579,driveway-maintenance-for-landlords-protecting-your-investment,guides/driveway-maintenance-for-landlords-protecting-your-investment/index.html,swapped,0,/images/pexels-artbovich-8134848.webp,/images/heroes/hero-plain-weathered-asphalt-frontage.webp,Driveway Maintenance for Landlords: Protecting Your Investment — Drivewayz USA,Plain weathered asphalt before a small house under cloudy sky,string,https://drivewayzusa.co/images/hero-driveway-maintenance-for-landlords-protecting-your-investment.webp,https://drivewayzusa.co/images/heroes/hero-plain-weathered-asphalt-frontage.webp,true,/images/pexels-artbovich-8134848.webp,/images/heroes/hero-plain-weathered-asphalt-frontage.webp,
2026-07-29T23:06:53.384839,driveway-maintenance-log-tracking-work-over-time,guides/driveway-maintenance-log-tracking-work-over-time/index.html,swapped,0,/images/pexels-artbovich-8134848.webp,/images/heroes/hero-patch-sequence-weathered-asphalt.webp,Driveway Maintenance Log: Tracking Work Over Time — Drivewayz USA,Several repair patches of different ages across weathered asphalt,string,https://drivewayzusa.co/images/hero-driveway-maintenance-log-tracking-work-over-time.webp,https://drivewayzusa.co/images/heroes/hero-patch-sequence-weathered-asphalt.webp,true,/images/pexels-artbovich-8134848.webp,/images/heroes/hero-patch-sequence-weathered-asphalt.webp,
2026-07-29T23:06:53.385101,driveway-maintenance-schedule-year-by-year-guide,guides/driveway-maintenance-schedule-year-by-year-guide/index.html,swapped,0,/images/pexels-artbovich-8134848.webp,/images/heroes/hero-evening-sun-sealed-paver-drive.webp,Driveway Maintenance Schedule: Year-by-Year Guide — Drivewayz USA,Sealed paver drive glowing in warm evening sunlight,string,https://drivewayzusa.co/images/hero-driveway-maintenance-schedule-year-by-year-guide.webp,https://drivewayzusa.co/images/heroes/hero-evening-sun-sealed-paver-drive.webp,true,/images/pexels-artbovich-8134848.webp,/images/heroes/hero-evening-sun-sealed-paver-drive.webp,
2026-07-29T23:06:53.385359,driveway-material-comparison-aesthetic-rankings,guides/driveway-material-comparison-aesthetic-rankings/index.html,swapped,0,/images/pexels-curtis-adams-1694007-3990589.webp,/images/heroes/hero-paver-apron-meets-concrete-drive.webp,Driveway Material Comparison: Aesthetic Rankings — Drivewayz USA,Decorative paver apron meeting a plain concrete surface up close,string,https://drivewayzusa.co/images/hero-driveway-material-comparison-aesthetic-rankings.webp,https://drivewayzusa.co/images/heroes/hero-paver-apron-meets-concrete-drive.webp,true,/images/pexels-curtis-adams-1694007-3990589.webp,/images/heroes/hero-paver-apron-meets-concrete-drive.webp,
2026-07-29T23:06:53.385729,driveway-material-comparison-durability-rankings,guides/driveway-material-comparison-durability-rankings/index.html,swapped,0,/images/pexels-curtis-adams-1694007-3990589.webp,/images/heroes/hero-blacktop-meets-pale-slab-low-angle.webp,Driveway Material Comparison: Durability Rankings — Drivewayz USA,Dark asphalt meeting pale concrete along a joint at low angle,string,https://drivewayzusa.co/images/hero-driveway-material-comparison-durability-rankings.webp,https://drivewayzusa.co/images/heroes/hero-blacktop-meets-pale-slab-low-angle.webp,true,/images/pexels-curtis-adams-1694007-3990589.webp,/images/heroes/hero-blacktop-meets-pale-slab-low-angle.webp,
2026-07-29T23:06:53.385959,driveway-material-comparison-environmental-rankings,guides/driveway-material-comparison-environmental-rankings/index.html,swapped,0,/images/pexels-curtis-adams-1694007-3990589.webp,/images/heroes/hero-permeable-pavers-draining-rainwater-joints.webp,Driveway Material Comparison: Environmental Rankings — Drivewayz USA,Permeable pavers draining rainwater through wide open joints,string,https://drivewayzusa.co/images/hero-driveway-material-comparison-environmental-rankings.webp,https://drivewayzusa.co/images/heroes/hero-permeable-pavers-draining-rainwater-joints.webp,true,/images/pexels-curtis-adams-1694007-3990589.webp,/images/heroes/hero-permeable-pavers-draining-rainwater-joints.webp,
2026-07-29T23:06:53.386198,driveway-material-comparison-maintenance-rankings,guides/driveway-material-comparison-maintenance-rankings/index.html,swapped,0,/images/pexels-artbovich-8134848.webp,/images/heroes/hero-resin-surface-meets-concrete-border.webp,Driveway Material Comparison: Maintenance Rankings — Drivewayz USA,Resin bound pebble surface meeting a smooth concrete border strip,string,https://drivewayzusa.co/images/hero-driveway-material-comparison-maintenance-rankings.webp,https://drivewayzusa.co/images/heroes/hero-resin-surface-meets-concrete-border.webp,true,/images/pexels-artbovich-8134848.webp,/images/heroes/hero-resin-surface-meets-concrete-border.webp,
2026-07-29T23:06:53.386542,driveway-material-identification-guide-what-do-i-have,guides/driveway-material-identification-guide-what-do-i-have/index.html,swapped,0,/images/pexels-curtis-adams-1694007-3990589.webp,/images/heroes/hero-exposed-aggregate-macro-texture.webp,Driveway Material Identification Guide: What Do I Have? — Drivewayz USA,Exposed aggregate concrete texture with varied embedded stones in sunlight,string,https://drivewayzusa.co/images/hero-driveway-material-identification-guide-what-do-i-have.webp,https://drivewayzusa.co/images/heroes/hero-exposed-aggregate-macro-texture.webp,true,/images/pexels-curtis-adams-1694007-3990589.webp,/images/heroes/hero-exposed-aggregate-macro-texture.webp,
2026-07-29T23:06:53.386851,driveway-material-msds-safety-data-sheets-you-should-keep,guides/driveway-material-msds-safety-data-sheets-you-should-keep/index.html,swapped,0,/images/pexels-curtis-adams-1694007-3990589.webp,/images/heroes/hero-sealcoat-spread-wet-band.webp,Driveway Material MSDS: Safety Data Sheets You Should Keep — Drivewayz USA,Wet sealcoat band spread across part of an asphalt surface,string,https://drivewayzusa.co/images/hero-driveway-material-msds-safety-data-sheets-you-should-keep.webp,https://drivewayzusa.co/images/heroes/hero-sealcoat-spread-wet-band.webp,true,/images/pexels-curtis-adams-1694007-3990589.webp,/images/heroes/hero-sealcoat-spread-wet-band.webp,
2026-07-29T23:06:53.387070,driveway-material-price-forecast-2026-and-beyond,guides/driveway-material-price-forecast-2026-and-beyond/index.html,swapped,0,/images/pexels-curtis-adams-1694007-3990589.webp,/images/heroes/hero-crushed-stone-piles-bright-sun.webp,Driveway Material Price Forecast: 2026 and Beyond — Drivewayz USA,Heaps of crushed stone aggregate at a work site in sunlight,string,https://drivewayzusa.co/images/hero-driveway-material-price-forecast-2026-and-beyond.webp,https://drivewayzusa.co/images/heroes/hero-crushed-stone-piles-bright-sun.webp,true,/images/pexels-curtis-adams-1694007-3990589.webp,/images/heroes/hero-crushed-stone-piles-bright-sun.webp,
2026-07-29T23:06:53.387534,driveway-material-sample-keeping-reference-for-future-repairs,guides/driveway-material-sample-keeping-reference-for-future-repairs/index.html,swapped,0,/images/pexels-artbovich-8134848.webp,/images/heroes/hero-material-samples-on-concrete-slab.webp,Driveway Material Sample Keeping: Reference for Future Repairs — Drivewayz USA,Small chunks of different paving surfaces lined on a concrete slab,string,https://drivewayzusa.co/images/hero-driveway-material-sample-keeping-reference-for-future-repairs.webp,https://drivewayzusa.co/images/heroes/hero-material-samples-on-concrete-slab.webp,true,/images/pexels-artbovich-8134848.webp,/images/heroes/hero-material-samples-on-concrete-slab.webp,
2026-07-29T23:06:53.387747,driveway-material-selection-flowchart-find-your-best-match,guides/driveway-material-selection-flowchart-find-your-best-match/index.html,swapped,0,/images/pexels-curtis-adams-1694007-3990589.webp,/images/heroes/hero-brick-paver-meets-loose-gravel.webp,Driveway Material Selection Flowchart: Find Your Best Match — Drivewayz USA,Interlocking brick pavers ending at a strip of loose gravel,string,https://drivewayzusa.co/images/hero-driveway-material-selection-flowchart-find-your-best-match.webp,https://drivewayzusa.co/images/heroes/hero-brick-paver-meets-loose-gravel.webp,true,/images/pexels-curtis-adams-1694007-3990589.webp,/images/heroes/hero-brick-paver-meets-loose-gravel.webp,
2026-07-29T23:06:53.388136,driveway-material-selection-for-extreme-weather-regions,guides/driveway-material-selection-for-extreme-weather-regions/index.html,swapped,0,/images/pexels-curtis-adams-1694007-3990589.webp,/images/heroes/hero-ice-patches-weathered-concrete-drive.webp,Driveway Material Selection for Extreme Weather Regions — Drivewayz USA,Weathered concrete drive with patches of melting ice,string,https://drivewayzusa.co/images/hero-driveway-material-selection-for-extreme-weather-regions.webp,https://drivewayzusa.co/images/heroes/hero-ice-patches-weathered-concrete-drive.webp,true,/images/pexels-curtis-adams-1694007-3990589.webp,/images/heroes/hero-ice-patches-weathered-concrete-drive.webp,
2026-07-29T23:06:53.388505,driveway-material-substitution-when-alternatives-are-needed,guides/driveway-material-substitution-when-alternatives-are-needed/index.html,swapped,0,/images/pexels-curtis-adams-1694007-3990589.webp,/images/heroes/hero-fresh-gravel-over-old-concrete-slab.webp,Driveway Material Substitution: When Alternatives Are Needed — Drivewayz USA,Fresh gravel spread over the edge of an old concrete slab,string,https://drivewayzusa.co/images/hero-driveway-material-substitution-when-alternatives-are-needed.webp,https://drivewayzusa.co/images/heroes/hero-fresh-gravel-over-old-concrete-slab.webp,true,/images/pexels-curtis-adams-1694007-3990589.webp,/images/heroes/hero-fresh-gravel-over-old-concrete-slab.webp,
2026-07-29T23:06:53.388876,driveway-material-testing-app-smartphone-field-tools,guides/driveway-material-testing-app-smartphone-field-tools/index.html,swapped,0,/images/pexels-curtis-adams-1694007-3990589.webp,/images/heroes/hero-thin-crack-network-aged-asphalt.webp,Driveway Material Testing App: Smartphone Field Tools — Drivewayz USA,Fine crack network across a dull weathered asphalt surface,string,https://drivewayzusa.co/images/hero-driveway-material-testing-app-smartphone-field-tools.webp,https://drivewayzusa.co/images/heroes/hero-thin-crack-network-aged-asphalt.webp,true,/images/pexels-curtis-adams-1694007-3990589.webp,/images/heroes/hero-thin-crack-network-aged-asphalt.webp,
2026-07-29T23:06:53.389188,driveway-material-testing-labs-verifying-quality,guides/driveway-material-testing-labs-verifying-quality/index.html,swapped,0,/images/pexels-curtis-adams-1694007-3990589.webp,/images/heroes/hero-row-of-core-samples-on-slab.webp,Driveway Material Testing Labs: Verifying Quality — Drivewayz USA,Row of drilled concrete core samples resting on a slab,string,https://drivewayzusa.co/images/hero-driveway-material-testing-labs-verifying-quality.webp,https://drivewayzusa.co/images/heroes/hero-row-of-core-samples-on-slab.webp,true,/images/pexels-curtis-adams-1694007-3990589.webp,/images/heroes/hero-row-of-core-samples-on-slab.webp,
2026-07-29T23:06:53.389489,driveway-material-warranty-comparison-whats-covered,guides/driveway-material-warranty-comparison-whats-covered/index.html,swapped,0,/images/pexels-curtis-adams-1694007-3990589.webp,/images/heroes/hero-glossy-meets-dull-concrete-seam.webp,Driveway Material Warranty Comparison: What&amp;#x27;s Covered? — Drivewayz USA,Glossy sealed concrete meeting dull unsealed slab at a seam,string,https://drivewayzusa.co/images/hero-driveway-material-warranty-comparison-whats-covered.webp,https://drivewayzusa.co/images/heroes/hero-glossy-meets-dull-concrete-seam.webp,true,/images/pexels-curtis-adams-1694007-3990589.webp,/images/heroes/hero-glossy-meets-dull-concrete-seam.webp,
2026-07-29T23:06:53.389702,driveway-mechanics-lien-what-homeowners-need-to-know,guides/driveway-mechanics-lien-what-homeowners-need-to-know/index.html,swapped,0,/images/pexels-curtis-adams-1694007-3990589.webp,/images/heroes/hero-neat-asphalt-drive-gray-garage-door.webp,Driveway Mechanic&amp;#x27;s Lien: What Homeowners Need to Know — Drivewayz USA,Neat asphalt drive leading up to a gray garage door,string,https://drivewayzusa.co/images/hero-driveway-mechanics-lien-what-homeowners-need-to-know.webp,https://drivewayzusa.co/images/heroes/hero-neat-asphalt-drive-gray-garage-door.webp,true,/images/pexels-curtis-adams-1694007-3990589.webp,/images/heroes/hero-neat-asphalt-drive-gray-garage-door.webp,
2026-07-29T23:06:53.390178,driveway-metallic-epoxy-coating-high-gloss-options,guides/driveway-metallic-epoxy-coating-high-gloss-options/index.html,swapped,0,/images/pexels-curtis-adams-1694007-3990589.webp,/images/heroes/hero-metallic-swirl-glossy-concrete-closeup.webp,Driveway Metallic Epoxy Coating: High-Gloss Options — Drivewayz USA,Glossy metallic swirl coating over a smooth concrete surface,string,https://drivewayzusa.co/images/hero-driveway-metallic-epoxy-coating-high-gloss-options.webp,https://drivewayzusa.co/images/heroes/hero-metallic-swirl-glossy-concrete-closeup.webp,true,/images/pexels-curtis-adams-1694007-3990589.webp,/images/heroes/hero-metallic-swirl-glossy-concrete-closeup.webp,
2026-07-29T23:06:53.390523,driveway-microsurfacing-advanced-preventive-maintenance,guides/driveway-microsurfacing-advanced-preventive-maintenance/index.html,swapped,0,/images/pexels-artbovich-8134848.webp,/images/heroes/hero-fresh-micro-coat-spread-asphalt.webp,Driveway Microsurfacing: Advanced Preventive Maintenance — Drivewayz USA,Fresh thin dark coating spread across an asphalt drive surface,string,https://drivewayzusa.co/images/hero-driveway-microsurfacing-advanced-preventive-maintenance.webp,https://drivewayzusa.co/images/heroes/hero-fresh-micro-coat-spread-asphalt.webp,true,/images/pexels-artbovich-8134848.webp,/images/heroes/hero-fresh-micro-coat-spread-asphalt.webp,
2026-07-29T23:06:53.390839,driveway-moss-killer-products-and-natural-solutions,guides/driveway-moss-killer-products-and-natural-solutions/index.html,swapped,0,/images/pexels-curtis-adams-1694007-3990589.webp,/images/heroes/hero-moss-filled-paver-joints-closeup.webp,Driveway Moss Killer: Products and Natural Solutions — Drivewayz USA,Green moss filling the joints between weathered brick pavers,string,https://drivewayzusa.co/images/hero-driveway-moss-killer-products-and-natural-solutions.webp,https://drivewayzusa.co/images/heroes/hero-moss-filled-paver-joints-closeup.webp,true,/images/pexels-curtis-adams-1694007-3990589.webp,/images/heroes/hero-moss-filled-paver-joints-closeup.webp,
2026-07-29T23:06:53.391088,driveway-moving-day-protection-heavy-load-precautions,guides/driveway-moving-day-protection-heavy-load-precautions/index.html,swapped,0,/images/pexels-curtis-adams-1694007-3990589.webp,/images/heroes/hero-plywood-sheets-over-concrete-drive.webp,Driveway Moving Day Protection: Heavy Load Precautions — Drivewayz USA,Plywood sheets laid over a concrete drive to shield the surface,string,https://drivewayzusa.co/images/hero-driveway-moving-day-protection-heavy-load-precautions.webp,https://drivewayzusa.co/images/heroes/hero-plywood-sheets-over-concrete-drive.webp,true,/images/pexels-curtis-adams-1694007-3990589.webp,/images/heroes/hero-plywood-sheets-over-concrete-drive.webp,
2026-07-29T23:06:53.391517,driveway-myths-debunked-common-misconceptions,guides/driveway-myths-debunked-common-misconceptions/index.html,swapped,0,/images/pexels-curtis-adams-1694007-3990589.webp,/images/heroes/hero-cracked-asphalt-lane-open-field.webp,Driveway Myths Debunked: Common Misconceptions — Drivewayz USA,Cracked asphalt lane running through open grassy fields,string,https://drivewayzusa.co/images/hero-driveway-myths-debunked-common-misconceptions.webp,https://drivewayzusa.co/images/heroes/hero-cracked-asphalt-lane-open-field.webp,true,/images/pexels-curtis-adams-1694007-3990589.webp,/images/heroes/hero-cracked-asphalt-lane-open-field.webp,
2026-07-29T23:06:53.391966,driveway-near-cell-tower-access-and-easement-issues,guides/driveway-near-cell-tower-access-and-easement-issues/index.html,swapped,0,/images/pexels-curtis-adams-1694007-3990589.webp,/images/heroes/hero-gravel-drive-distant-lattice-tower.webp,Driveway Near Cell Tower: Access and Easement Issues — Drivewayz USA,Gravel drive stretching toward a distant lattice tower on open land,string,https://drivewayzusa.co/images/hero-driveway-near-cell-tower-access-and-easement-issues.webp,https://drivewayzusa.co/images/heroes/hero-gravel-drive-distant-lattice-tower.webp,true,/images/pexels-curtis-adams-1694007-3990589.webp,/images/heroes/hero-gravel-drive-distant-lattice-tower.webp,
2026-07-29T23:06:53.392320,driveway-near-railroad-crossing-sight-distance-requirements,guides/driveway-near-railroad-crossing-sight-distance-requirements/index.html,swapped,0,/images/pexels-curtis-adams-1694007-3990589.webp,/images/heroes/hero-asphalt-lane-ending-at-rail-tracks.webp,Driveway Near Railroad Crossing: Sight Distance Requirements — Drivewayz USA,Short asphalt lane ending at a set of railroad tracks,string,https://drivewayzusa.co/images/hero-driveway-near-railroad-crossing-sight-distance-requirements.webp,https://drivewayzusa.co/images/heroes/hero-asphalt-lane-ending-at-rail-tracks.webp,true,/images/pexels-curtis-adams-1694007-3990589.webp,/images/heroes/hero-asphalt-lane-ending-at-rail-tracks.webp,
2026-07-29T23:06:53.392654,driveway-negotiation-points-in-home-sales,guides/driveway-negotiation-points-in-home-sales/index.html,swapped,0,/images/pexels-curtis-adams-1694007-3990589.webp,/images/heroes/hero-well-kept-brick-paver-frontage.webp,Driveway Negotiation Points in Home Sales — Drivewayz USA,Well kept brick paver drive in front of a suburban home,string,https://drivewayzusa.co/images/hero-driveway-negotiation-points-in-home-sales.webp,https://drivewayzusa.co/images/heroes/hero-well-kept-brick-paver-frontage.webp,true,/images/pexels-curtis-adams-1694007-3990589.webp,/images/heroes/hero-well-kept-brick-paver-frontage.webp,
2026-07-29T23:06:53.393011,driveway-neighbor-communication-telling-them-about-your-project,guides/driveway-neighbor-communication-telling-them-about-your-project/index.html,swapped,0,/images/pexels-curtis-adams-1694007-3990589.webp,/images/heroes/hero-staked-forms-along-gravel-drive-bed.webp,Driveway Neighbor Communication: Telling Them About Your Project — Drivewayz USA,Staked wooden forms set along the edge of a gravel drive bed,string,https://drivewayzusa.co/images/hero-driveway-neighbor-communication-telling-them-about-your-project.webp,https://drivewayzusa.co/images/heroes/hero-staked-forms-along-gravel-drive-bed.webp,true,/images/pexels-curtis-adams-1694007-3990589.webp,/images/heroes/hero-staked-forms-along-gravel-drive-bed.webp,
2026-07-29T23:06:53.393384,driveway-net-zero-paving-achieving-carbon-neutrality,guides/driveway-net-zero-paving-achieving-carbon-neutrality/index.html,swapped,0,/images/pexels-curtis-adams-1694007-3990589.webp,/images/heroes/hero-permeable-pavers-green-joint-lines.webp,Driveway Net Zero Paving: Achieving Carbon Neutrality — Drivewayz USA,Permeable pavers with green grass growing along every joint line,string,https://drivewayzusa.co/images/hero-driveway-net-zero-paving-achieving-carbon-neutrality.webp,https://drivewayzusa.co/images/heroes/hero-permeable-pavers-green-joint-lines.webp,true,/images/pexels-curtis-adams-1694007-3990589.webp,/images/heroes/hero-permeable-pavers-green-joint-lines.webp,
2026-07-29T23:06:53.393704,driveway-noise-impact-study-traffic-and-construction-noise,guides/driveway-noise-impact-study-traffic-and-construction-noise/index.html,swapped,0,/images/pexels-curtis-adams-1694007-3990589.webp,/images/heroes/hero-concrete-drive-along-quiet-street.webp,Driveway Noise Impact Study: Traffic and Construction Noise — Drivewayz USA,Plain concrete drive running alongside a quiet paved street,string,https://drivewayzusa.co/images/hero-driveway-noise-impact-study-traffic-and-construction-noise.webp,https://drivewayzusa.co/images/heroes/hero-concrete-drive-along-quiet-street.webp,true,/images/pexels-curtis-adams-1694007-3990589.webp,/images/heroes/hero-concrete-drive-along-quiet-street.webp,
2026-07-29T23:06:53.393991,driveway-occupancy-requirement-when-driveway-affects-building-use,guides/driveway-occupancy-requirement-when-driveway-affects-building-use/index.html,swapped,0,/images/pexels-curtis-adams-1694007-3990589.webp,/images/heroes/hero-new-concrete-drive-plain-garage-doors.webp,Driveway Occupancy Requirement: When Driveway Affects Building Use — Drivewayz USA,New concrete drive leading to a pair of closed garage doors,string,https://drivewayzusa.co/images/hero-driveway-occupancy-requirement-when-driveway-affects-building-use.webp,https://drivewayzusa.co/images/heroes/hero-new-concrete-drive-plain-garage-doors.webp,true,/images/pexels-curtis-adams-1694007-3990589.webp,/images/heroes/hero-new-concrete-drive-plain-garage-doors.webp,
2026-07-29T23:06:53.394291,driveway-oil-absorbent-products-kitty-litter-vs-commercial,guides/driveway-oil-absorbent-products-kitty-litter-vs-commercial/index.html,swapped,0,/images/pexels-curtis-adams-1694007-3990589.webp,/images/heroes/hero-granules-over-dark-oil-stain-concrete.webp,Driveway Oil Absorbent Products: Kitty Litter vs Commercial — Drivewayz USA,Light granules poured over a dark oil stain on concrete,string,https://drivewayzusa.co/images/hero-driveway-oil-absorbent-products-kitty-litter-vs-commercial.webp,https://drivewayzusa.co/images/heroes/hero-granules-over-dark-oil-stain-concrete.webp,true,/images/pexels-curtis-adams-1694007-3990589.webp,/images/heroes/hero-granules-over-dark-oil-stain-concrete.webp,
2026-07-29T23:06:53.394561,driveway-owner-builder-managing-your-own-project,guides/driveway-owner-builder-managing-your-own-project/index.html,swapped,0,/images/pexels-curtis-adams-1694007-3990589.webp,/images/heroes/hero-partly-formed-gravel-drive-bed.webp,Driveway Owner-Builder: Managing Your Own Project — Drivewayz USA,Partly formed gravel drive bed framed by wooden form boards,string,https://drivewayzusa.co/images/hero-driveway-owner-builder-managing-your-own-project.webp,https://drivewayzusa.co/images/heroes/hero-partly-formed-gravel-drive-bed.webp,true,/images/pexels-curtis-adams-1694007-3990589.webp,/images/heroes/hero-partly-formed-gravel-drive-bed.webp,
2026-07-29T23:06:53.394809,driveway-package-delivery-notification-smart-camera-alerts,guides/driveway-package-delivery-notification-smart-camera-alerts/index.html,swapped,0,/images/pexels-curtis-adams-1694007-3990589.webp,/images/heroes/hero-wall-mounted-camera-above-drive.webp,Driveway Package Delivery Notification: Smart Camera Alerts — Drivewayz USA,Small outdoor camera mounted above a clean concrete drive,string,https://drivewayzusa.co/images/hero-driveway-package-delivery-notification-smart-camera-alerts.webp,https://drivewayzusa.co/images/heroes/hero-wall-mounted-camera-above-drive.webp,true,/images/pexels-curtis-adams-1694007-3990589.webp,/images/heroes/hero-wall-mounted-camera-above-drive.webp,
2026-07-29T23:06:53.395025,driveway-party-and-event-setup-temporary-protection-ideas,guides/driveway-party-and-event-setup-temporary-protection-ideas/index.html,swapped,0,/images/pexels-curtis-adams-1694007-3990589.webp,/images/heroes/hero-protective-mats-over-paver-drive.webp,Driveway Party and Event Setup: Temporary Protection Ideas — Drivewayz USA,Temporary protective mats laid across a sealed paver drive,string,https://drivewayzusa.co/images/hero-driveway-party-and-event-setup-temporary-protection-ideas.webp,https://drivewayzusa.co/images/heroes/hero-protective-mats-over-paver-drive.webp,true,/images/pexels-curtis-adams-1694007-3990589.webp,/images/heroes/hero-protective-mats-over-paver-drive.webp,
2026-07-29T23:06:53.395366,driveway-pavement-management-system-data-driven-decisions,guides/driveway-pavement-management-system-data-driven-decisions/index.html,swapped,0,/images/pexels-curtis-adams-1694007-3990589.webp,/images/heroes/hero-chalk-section-lines-weathered-asphalt.webp,Driveway Pavement Management System: Data-Driven Decisions — Drivewayz USA,Weathered asphalt marked with chalk section lines for inspection,string,https://drivewayzusa.co/images/hero-driveway-pavement-management-system-data-driven-decisions.webp,https://drivewayzusa.co/images/heroes/hero-chalk-section-lines-weathered-asphalt.webp,true,/images/pexels-curtis-adams-1694007-3990589.webp,/images/heroes/hero-chalk-section-lines-weathered-asphalt.webp,
2026-07-29T23:06:53.395781,driveway-paver-lifting-and-resetting-repair-guide,guides/driveway-paver-lifting-and-resetting-repair-guide/index.html,swapped,0,/images/pexels-artbovich-8134848.webp,/images/heroes/hero-lifted-paver-reset-sand-bed.webp,Driveway Paver Lifting and Resetting: Repair Guide — Drivewayz USA,Uneven paver lifted beside releveled units on a smooth sand bed,string,https://drivewayzusa.co/images/hero-driveway-paver-lifting-and-resetting-repair-guide.webp,https://drivewayzusa.co/images/heroes/hero-lifted-paver-reset-sand-bed.webp,true,/images/pexels-artbovich-8134848.webp,/images/heroes/hero-lifted-paver-reset-sand-bed.webp,
2026-07-29T23:06:53.395998,driveway-paver-replacement-matching-colors-and-sizes,guides/driveway-paver-replacement-matching-colors-and-sizes/index.html,swapped,0,/images/pexels-curtis-adams-1694007-3990589.webp,/images/heroes/hero-new-paver-samples-weathered-units.webp,Driveway Paver Replacement: Matching Colors and Sizes — Drivewayz USA,Fresh paving stones laid beside weathered units to check tone match,string,https://drivewayzusa.co/images/hero-driveway-paver-replacement-matching-colors-and-sizes.webp,https://drivewayzusa.co/images/heroes/hero-new-paver-samples-weathered-units.webp,true,/images/pexels-curtis-adams-1694007-3990589.webp,/images/heroes/hero-new-paver-samples-weathered-units.webp,
2026-07-29T23:06:53.396412,driveway-payment-application-template-tracking-costs,guides/driveway-payment-application-template-tracking-costs/index.html,swapped,0,/images/pexels-curtis-adams-1694007-3990589.webp,/images/heroes/hero-sealed-asphalt-gutter-line.webp,Driveway Payment Application Template: Tracking Costs — Drivewayz USA,Glossy sealed asphalt surface meeting a concrete gutter at the curb,string,https://drivewayzusa.co/images/hero-driveway-payment-application-template-tracking-costs.webp,https://drivewayzusa.co/images/heroes/hero-sealed-asphalt-gutter-line.webp,true,/images/pexels-curtis-adams-1694007-3990589.webp,/images/heroes/hero-sealed-asphalt-gutter-line.webp,
2026-07-29T23:06:53.396772,driveway-payment-bond-protecting-against-non-payment,guides/driveway-payment-bond-protecting-against-non-payment/index.html,swapped,0,/images/pexels-curtis-adams-1694007-3990589.webp,/images/heroes/hero-mixer-chute-over-wood-forms.webp,Driveway Payment Bond: Protecting Against Non-Payment — Drivewayz USA,Mixer chute pouring wet concrete between staked wooden forms,string,https://drivewayzusa.co/images/hero-driveway-payment-bond-protecting-against-non-payment.webp,https://drivewayzusa.co/images/heroes/hero-mixer-chute-over-wood-forms.webp,true,/images/pexels-curtis-adams-1694007-3990589.webp,/images/heroes/hero-mixer-chute-over-wood-forms.webp,
2026-07-29T23:06:53.397078,driveway-performance-bond-ensuring-project-completion,guides/driveway-performance-bond-ensuring-project-completion/index.html,swapped,0,/images/pexels-curtis-adams-1694007-3990589.webp,/images/heroes/hero-washed-aggregate-finish-closeup.webp,Driveway Performance Bond: Ensuring Project Completion — Drivewayz USA,Freshly washed exposed aggregate concrete finish in bright midday sun,string,https://drivewayzusa.co/images/hero-driveway-performance-bond-ensuring-project-completion.webp,https://drivewayzusa.co/images/heroes/hero-washed-aggregate-finish-closeup.webp,true,/images/pexels-curtis-adams-1694007-3990589.webp,/images/heroes/hero-washed-aggregate-finish-closeup.webp,
2026-07-29T23:06:53.397370,driveway-permits-and-regulations-in-alabama,guides/driveway-permits-and-regulations-in-alabama/index.html,swapped,0,/images/pexels-curtis-adams-1694007-3990589.webp,/images/heroes/hero-new-concrete-single-story-frontage.webp,Driveway Permits and Regulations in Alabama — Drivewayz USA,New concrete drive curving toward a modest single story home,string,https://drivewayzusa.co/images/hero-driveway-permits-and-regulations-in-alabama.webp,https://drivewayzusa.co/images/heroes/hero-new-concrete-single-story-frontage.webp,true,/images/pexels-curtis-adams-1694007-3990589.webp,/images/heroes/hero-new-concrete-single-story-frontage.webp,
2026-07-29T23:06:53.397669,driveway-permits-and-regulations-in-alaska,guides/driveway-permits-and-regulations-in-alaska/index.html,swapped,0,/images/pexels-curtis-adams-1694007-3990589.webp,/images/heroes/hero-rain-dark-gravel-rural-approach.webp,Driveway Permits and Regulations in Alaska — Drivewayz USA,Rain darkened gravel approach stretching toward open meadow,string,https://drivewayzusa.co/images/hero-driveway-permits-and-regulations-in-alaska.webp,https://drivewayzusa.co/images/heroes/hero-rain-dark-gravel-rural-approach.webp,true,/images/pexels-curtis-adams-1694007-3990589.webp,/images/heroes/hero-rain-dark-gravel-rural-approach.webp,
2026-07-29T23:06:53.398105,driveway-permits-and-regulations-in-arizona,guides/driveway-permits-and-regulations-in-arizona/index.html,swapped,0,/images/pexels-curtis-adams-1694007-3990589.webp,/images/heroes/hero-dark-sealed-drive-sunny-frontage.webp,Driveway Permits and Regulations in Arizona — Drivewayz USA,Dark sealed asphalt frontage reflecting harsh midday sunlight,string,https://drivewayzusa.co/images/hero-driveway-permits-and-regulations-in-arizona.webp,https://drivewayzusa.co/images/heroes/hero-dark-sealed-drive-sunny-frontage.webp,true,/images/pexels-curtis-adams-1694007-3990589.webp,/images/heroes/hero-dark-sealed-drive-sunny-frontage.webp,
2026-07-29T23:06:53.398548,driveway-permits-and-regulations-in-california,guides/driveway-permits-and-regulations-in-california/index.html,swapped,0,/images/pexels-curtis-adams-1694007-3990589.webp,/images/heroes/hero-new-paver-drive-dusk-lawn-edge.webp,Driveway Permits and Regulations in California — Drivewayz USA,Newly laid paver drive edged with lawn in warm evening light,string,https://drivewayzusa.co/images/hero-driveway-permits-and-regulations-in-california.webp,https://drivewayzusa.co/images/heroes/hero-new-paver-drive-dusk-lawn-edge.webp,true,/images/pexels-curtis-adams-1694007-3990589.webp,/images/heroes/hero-new-paver-drive-dusk-lawn-edge.webp,
2026-07-29T23:06:53.399010,driveway-permits-and-regulations-in-colorado,guides/driveway-permits-and-regulations-in-colorado/index.html,swapped,0,/images/pexels-curtis-adams-1694007-3990589.webp,/images/heroes/hero-weathered-asphalt-lane-gray-overcast.webp,Driveway Permits and Regulations in Colorado — Drivewayz USA,Weathered asphalt lane running between open fields under gray sky,string,https://drivewayzusa.co/images/hero-driveway-permits-and-regulations-in-colorado.webp,https://drivewayzusa.co/images/heroes/hero-weathered-asphalt-lane-gray-overcast.webp,true,/images/pexels-curtis-adams-1694007-3990589.webp,/images/heroes/hero-weathered-asphalt-lane-gray-overcast.webp,
2026-07-29T23:06:53.399992,driveway-permits-and-regulations-in-connecticut,guides/driveway-permits-and-regulations-in-connecticut/index.html,swapped,0,/images/pexels-curtis-adams-1694007-3990589.webp,/images/heroes/hero-cracked-concrete-panels-quiet-frontage.webp,Driveway Permits and Regulations in Connecticut — Drivewayz USA,Cracked concrete panels fronting a modest home on a gray day,string,https://drivewayzusa.co/images/hero-driveway-permits-and-regulations-in-connecticut.webp,https://drivewayzusa.co/images/heroes/hero-cracked-concrete-panels-quiet-frontage.webp,true,/images/pexels-curtis-adams-1694007-3990589.webp,/images/heroes/hero-cracked-concrete-panels-quiet-frontage.webp,
2026-07-29T23:06:53.400771,driveway-permits-and-regulations-in-delaware,guides/driveway-permits-and-regulations-in-delaware/index.html,swapped,0,/images/pexels-curtis-adams-1694007-3990589.webp,/images/heroes/hero-rain-beaded-sealed-paver-closeup.webp,Driveway Permits and Regulations in Delaware — Drivewayz USA,Rain beads dotting sealed paver joints after a passing shower,string,https://drivewayzusa.co/images/hero-driveway-permits-and-regulations-in-delaware.webp,https://drivewayzusa.co/images/heroes/hero-rain-beaded-sealed-paver-closeup.webp,true,/images/pexels-curtis-adams-1694007-3990589.webp,/images/heroes/hero-rain-beaded-sealed-paver-closeup.webp,
2026-07-29T23:06:53.401262,driveway-permits-and-regulations-in-florida,guides/driveway-permits-and-regulations-in-florida/index.html,swapped,0,/images/pexels-curtis-adams-1694007-3990589.webp,/images/heroes/hero-new-blacktop-frontage-harsh-midday.webp,Driveway Permits and Regulations in Florida — Drivewayz USA,Fresh black asphalt frontage glaring under harsh midday sun,string,https://drivewayzusa.co/images/hero-driveway-permits-and-regulations-in-florida.webp,https://drivewayzusa.co/images/heroes/hero-new-blacktop-frontage-harsh-midday.webp,true,/images/pexels-curtis-adams-1694007-3990589.webp,/images/heroes/hero-new-blacktop-frontage-harsh-midday.webp,
2026-07-29T23:06:53.401819,driveway-permits-and-regulations-in-georgia,guides/driveway-permits-and-regulations-in-georgia/index.html,swapped,0,/images/pexels-curtis-adams-1694007-3990589.webp,/images/heroes/hero-weathered-gravel-lane-evening-light.webp,Driveway Permits and Regulations in Georgia — Drivewayz USA,Weathered gravel lane glowing in low evening light past pasture fence,string,https://drivewayzusa.co/images/hero-driveway-permits-and-regulations-in-georgia.webp,https://drivewayzusa.co/images/heroes/hero-weathered-gravel-lane-evening-light.webp,true,/images/pexels-curtis-adams-1694007-3990589.webp,/images/heroes/hero-weathered-gravel-lane-evening-light.webp,
2026-07-29T23:06:53.402463,driveway-permits-and-regulations-in-hawaii,guides/driveway-permits-and-regulations-in-hawaii/index.html,swapped,0,/images/pexels-curtis-adams-1694007-3990589.webp,/images/heroes/hero-sealed-slab-frontage-after-rain.webp,Driveway Permits and Regulations in Hawaii — Drivewayz USA,Sealed concrete frontage glistening with shallow puddles after rain,string,https://drivewayzusa.co/images/hero-driveway-permits-and-regulations-in-hawaii.webp,https://drivewayzusa.co/images/heroes/hero-sealed-slab-frontage-after-rain.webp,true,/images/pexels-curtis-adams-1694007-3990589.webp,/images/heroes/hero-sealed-slab-frontage-after-rain.webp,
2026-07-29T23:06:53.402819,driveway-permits-and-regulations-in-iowa,guides/driveway-permits-and-regulations-in-iowa/index.html,swapped,0,/images/pexels-curtis-adams-1694007-3990589.webp,/images/heroes/hero-cracked-asphalt-lane-low-view.webp,Driveway Permits and Regulations in Iowa — Drivewayz USA,Long cracks running down an asphalt lane seen from surface level,string,https://drivewayzusa.co/images/hero-driveway-permits-and-regulations-in-iowa.webp,https://drivewayzusa.co/images/heroes/hero-cracked-asphalt-lane-low-view.webp,true,/images/pexels-curtis-adams-1694007-3990589.webp,/images/heroes/hero-cracked-asphalt-lane-low-view.webp,
2026-07-29T23:06:53.403130,driveway-permits-and-regulations-in-louisiana,guides/driveway-permits-and-regulations-in-louisiana/index.html,swapped,0,/images/pexels-curtis-adams-1694007-3990589.webp,/images/heroes/hero-fresh-patch-beside-open-pothole.webp,Driveway Permits and Regulations in Louisiana — Drivewayz USA,Fresh asphalt patch tamped beside an open pothole awaiting repair,string,https://drivewayzusa.co/images/hero-driveway-permits-and-regulations-in-louisiana.webp,https://drivewayzusa.co/images/heroes/hero-fresh-patch-beside-open-pothole.webp,true,/images/pexels-curtis-adams-1694007-3990589.webp,/images/heroes/hero-fresh-patch-beside-open-pothole.webp,
2026-07-29T23:06:53.403436,driveway-permits-and-regulations-in-maine,guides/driveway-permits-and-regulations-in-maine/index.html,swapped,0,/images/pexels-curtis-adams-1694007-3990589.webp,/images/heroes/hero-weathered-cobblestone-frontage-gray-day.webp,Driveway Permits and Regulations in Maine — Drivewayz USA,Weathered cobblestone frontage under a flat gray overcast sky,string,https://drivewayzusa.co/images/hero-driveway-permits-and-regulations-in-maine.webp,https://drivewayzusa.co/images/heroes/hero-weathered-cobblestone-frontage-gray-day.webp,true,/images/pexels-curtis-adams-1694007-3990589.webp,/images/heroes/hero-weathered-cobblestone-frontage-gray-day.webp,
2026-07-29T23:06:53.403773,driveway-permits-and-regulations-in-maryland,guides/driveway-permits-and-regulations-in-maryland/index.html,swapped,0,/images/pexels-curtis-adams-1694007-3990589.webp,/images/heroes/hero-new-slab-frontage-elevated-midday.webp,Driveway Permits and Regulations in Maryland — Drivewayz USA,New concrete slab frontage seen from above in bright midday light,string,https://drivewayzusa.co/images/hero-driveway-permits-and-regulations-in-maryland.webp,https://drivewayzusa.co/images/heroes/hero-new-slab-frontage-elevated-midday.webp,true,/images/pexels-curtis-adams-1694007-3990589.webp,/images/heroes/hero-new-slab-frontage-elevated-midday.webp,
2026-07-29T23:06:53.404107,driveway-permits-and-regulations-in-massachusetts,guides/driveway-permits-and-regulations-in-massachusetts/index.html,swapped,0,/images/pexels-curtis-adams-1694007-3990589.webp,/images/heroes/hero-sealed-pavers-golden-hour-frontage.webp,Driveway Permits and Regulations in Massachusetts — Drivewayz USA,Sealed paver frontage catching warm golden hour light,string,https://drivewayzusa.co/images/hero-driveway-permits-and-regulations-in-massachusetts.webp,https://drivewayzusa.co/images/heroes/hero-sealed-pavers-golden-hour-frontage.webp,true,/images/pexels-curtis-adams-1694007-3990589.webp,/images/heroes/hero-sealed-pavers-golden-hour-frontage.webp,
2026-07-29T23:06:53.404470,driveway-permits-and-regulations-in-michigan,guides/driveway-permits-and-regulations-in-michigan/index.html,swapped,0,/images/pexels-curtis-adams-1694007-3990589.webp,/images/heroes/hero-half-graded-gravel-rural-lane.webp,Driveway Permits and Regulations in Michigan — Drivewayz USA,Half graded gravel lane with fresh stone spread over old surface,string,https://drivewayzusa.co/images/hero-driveway-permits-and-regulations-in-michigan.webp,https://drivewayzusa.co/images/heroes/hero-half-graded-gravel-rural-lane.webp,true,/images/pexels-curtis-adams-1694007-3990589.webp,/images/heroes/hero-half-graded-gravel-rural-lane.webp,
2026-07-29T23:06:53.404812,driveway-permits-and-regulations-in-minnesota,guides/driveway-permits-and-regulations-in-minnesota/index.html,swapped,0,/images/pexels-curtis-adams-1694007-3990589.webp,/images/heroes/hero-cracked-slab-low-angle-midday.webp,Driveway Permits and Regulations in Minnesota — Drivewayz USA,Cracks crossing a concrete slab seen low along the sunlit surface,string,https://drivewayzusa.co/images/hero-driveway-permits-and-regulations-in-minnesota.webp,https://drivewayzusa.co/images/heroes/hero-cracked-slab-low-angle-midday.webp,true,/images/pexels-curtis-adams-1694007-3990589.webp,/images/heroes/hero-cracked-slab-low-angle-midday.webp,
2026-07-29T23:06:53.405129,driveway-permits-and-regulations-in-mississippi,guides/driveway-permits-and-regulations-in-mississippi/index.html,swapped,0,/images/pexels-curtis-adams-1694007-3990589.webp,/images/heroes/hero-damp-gravel-track-low-view.webp,Driveway Permits and Regulations in Mississippi — Drivewayz USA,Damp gravel track puddled after rain seen from surface level,string,https://drivewayzusa.co/images/hero-driveway-permits-and-regulations-in-mississippi.webp,https://drivewayzusa.co/images/heroes/hero-damp-gravel-track-low-view.webp,true,/images/pexels-curtis-adams-1694007-3990589.webp,/images/heroes/hero-damp-gravel-track-low-view.webp,
2026-07-29T23:06:53.405428,driveway-permits-and-regulations-in-missouri,guides/driveway-permits-and-regulations-in-missouri/index.html,swapped,0,/images/pexels-curtis-adams-1694007-3990589.webp,/images/heroes/hero-sealed-blacktop-frontage-evening-glow.webp,Driveway Permits and Regulations in Missouri — Drivewayz USA,Sealed blacktop frontage glowing softly in late evening light,string,https://drivewayzusa.co/images/hero-driveway-permits-and-regulations-in-missouri.webp,https://drivewayzusa.co/images/heroes/hero-sealed-blacktop-frontage-evening-glow.webp,true,/images/pexels-curtis-adams-1694007-3990589.webp,/images/heroes/hero-sealed-blacktop-frontage-evening-glow.webp,
2026-07-29T23:06:53.405738,driveway-permits-and-regulations-in-montana,guides/driveway-permits-and-regulations-in-montana/index.html,swapped,0,/images/pexels-curtis-adams-1694007-3990589.webp,/images/heroes/hero-new-chip-seal-open-rangeland.webp,Driveway Permits and Regulations in Montana — Drivewayz USA,Fresh chip seal approach crossing open grassland in warm evening light,string,https://drivewayzusa.co/images/hero-driveway-permits-and-regulations-in-montana.webp,https://drivewayzusa.co/images/heroes/hero-new-chip-seal-open-rangeland.webp,true,/images/pexels-curtis-adams-1694007-3990589.webp,/images/heroes/hero-new-chip-seal-open-rangeland.webp,
2026-07-29T23:06:53.406175,driveway-permits-and-regulations-in-nebraska,guides/driveway-permits-and-regulations-in-nebraska/index.html,swapped,0,/images/pexels-curtis-adams-1694007-3990589.webp,/images/heroes/hero-clean-new-drive-gray-sky.webp,Driveway Permits and Regulations in Nebraska — Drivewayz USA,Smooth new concrete driveway leading to a garage under an overcast sky,string,https://drivewayzusa.co/images/hero-driveway-permits-and-regulations-in-nebraska.webp,https://drivewayzusa.co/images/heroes/hero-clean-new-drive-gray-sky.webp,true,/images/pexels-curtis-adams-1694007-3990589.webp,/images/heroes/hero-clean-new-drive-gray-sky.webp,
2026-07-29T23:06:53.406475,driveway-permits-and-regulations-in-nevada,guides/driveway-permits-and-regulations-in-nevada/index.html,swapped,0,/images/pexels-curtis-adams-1694007-3990589.webp,/images/heroes/hero-faded-blacktop-harsh-sun-frontage.webp,Driveway Permits and Regulations in Nevada — Drivewayz USA,Faded asphalt driveway in front of a single story home in harsh sun,string,https://drivewayzusa.co/images/hero-driveway-permits-and-regulations-in-nevada.webp,https://drivewayzusa.co/images/heroes/hero-faded-blacktop-harsh-sun-frontage.webp,true,/images/pexels-curtis-adams-1694007-3990589.webp,/images/heroes/hero-faded-blacktop-harsh-sun-frontage.webp,
2026-07-29T23:06:53.406798,driveway-permits-and-regulations-in-new-hampshire,guides/driveway-permits-and-regulations-in-new-hampshire/index.html,swapped,0,/images/pexels-curtis-adams-1694007-3990589.webp,/images/heroes/hero-weathered-gravel-curve-evening.webp,Driveway Permits and Regulations in New Hampshire — Drivewayz USA,Weathered gravel driveway curving toward a home in warm evening light,string,https://drivewayzusa.co/images/hero-driveway-permits-and-regulations-in-new-hampshire.webp,https://drivewayzusa.co/images/heroes/hero-weathered-gravel-curve-evening.webp,true,/images/pexels-curtis-adams-1694007-3990589.webp,/images/heroes/hero-weathered-gravel-curve-evening.webp,
2026-07-29T23:06:53.407443,driveway-permits-and-regulations-in-new-jersey,guides/driveway-permits-and-regulations-in-new-jersey/index.html,swapped,0,/images/pexels-curtis-adams-1694007-3990589.webp,/images/heroes/hero-sealed-pavers-after-rain-above.webp,Driveway Permits and Regulations in New Jersey — Drivewayz USA,Rain darkened sealed paver driveway viewed from above beside a lawn,string,https://drivewayzusa.co/images/hero-driveway-permits-and-regulations-in-new-jersey.webp,https://drivewayzusa.co/images/heroes/hero-sealed-pavers-after-rain-above.webp,true,/images/pexels-curtis-adams-1694007-3990589.webp,/images/heroes/hero-sealed-pavers-after-rain-above.webp,
2026-07-29T23:06:53.408212,driveway-permits-and-regulations-in-new-mexico,guides/driveway-permits-and-regulations-in-new-mexico/index.html,swapped,0,/images/pexels-curtis-adams-1694007-3990589.webp,/images/heroes/hero-chip-seal-drive-dry-land-low.webp,Driveway Permits and Regulations in New Mexico — Drivewayz USA,Low view along a sun baked chip seal drive through dry open land,string,https://drivewayzusa.co/images/hero-driveway-permits-and-regulations-in-new-mexico.webp,https://drivewayzusa.co/images/heroes/hero-chip-seal-drive-dry-land-low.webp,true,/images/pexels-curtis-adams-1694007-3990589.webp,/images/heroes/hero-chip-seal-drive-dry-land-low.webp,
2026-07-29T23:06:53.408716,driveway-permits-and-regulations-in-new-york,guides/driveway-permits-and-regulations-in-new-york/index.html,swapped,0,/images/pexels-curtis-adams-1694007-3990589.webp,/images/heroes/hero-gray-concrete-crack-low-view.webp,Driveway Permits and Regulations in New York — Drivewayz USA,Low angle view of hairline cracks across a gray concrete driveway,string,https://drivewayzusa.co/images/hero-driveway-permits-and-regulations-in-new-york.webp,https://drivewayzusa.co/images/heroes/hero-gray-concrete-crack-low-view.webp,true,/images/pexels-curtis-adams-1694007-3990589.webp,/images/heroes/hero-gray-concrete-crack-low-view.webp,
2026-07-29T23:06:53.409191,driveway-permits-and-regulations-in-north-carolina,guides/driveway-permits-and-regulations-in-north-carolina/index.html,swapped,0,/images/pexels-curtis-adams-1694007-3990589.webp,/images/heroes/hero-warm-glow-sealed-blacktop-drive.webp,Driveway Permits and Regulations in North Carolina — Drivewayz USA,Freshly sealed blacktop driveway glowing in warm evening light,string,https://drivewayzusa.co/images/hero-driveway-permits-and-regulations-in-north-carolina.webp,https://drivewayzusa.co/images/heroes/hero-warm-glow-sealed-blacktop-drive.webp,true,/images/pexels-curtis-adams-1694007-3990589.webp,/images/heroes/hero-warm-glow-sealed-blacktop-drive.webp,
2026-07-29T23:06:53.409624,driveway-permits-and-regulations-in-north-dakota,guides/driveway-permits-and-regulations-in-north-dakota/index.html,swapped,0,/images/pexels-curtis-adams-1694007-3990589.webp,/images/heroes/hero-graded-gravel-lane-high-view.webp,Driveway Permits and Regulations in North Dakota — Drivewayz USA,Freshly graded gravel lane seen from above under flat gray skies,string,https://drivewayzusa.co/images/hero-driveway-permits-and-regulations-in-north-dakota.webp,https://drivewayzusa.co/images/heroes/hero-graded-gravel-lane-high-view.webp,true,/images/pexels-curtis-adams-1694007-3990589.webp,/images/heroes/hero-graded-gravel-lane-high-view.webp,
2026-07-29T23:06:53.409995,driveway-permits-and-regulations-in-ohio,guides/driveway-permits-and-regulations-in-ohio/index.html,swapped,0,/images/pexels-curtis-adams-1694007-3990589.webp,/images/heroes/hero-aged-concrete-drive-from-above.webp,Driveway Permits and Regulations in Ohio — Drivewayz USA,Weathered concrete driveway beside a lawn seen from a high angle,string,https://drivewayzusa.co/images/hero-driveway-permits-and-regulations-in-ohio.webp,https://drivewayzusa.co/images/heroes/hero-aged-concrete-drive-from-above.webp,true,/images/pexels-curtis-adams-1694007-3990589.webp,/images/heroes/hero-aged-concrete-drive-from-above.webp,
2026-07-29T23:06:53.410392,driveway-permits-and-regulations-in-oklahoma,guides/driveway-permits-and-regulations-in-oklahoma/index.html,swapped,0,/images/pexels-curtis-adams-1694007-3990589.webp,/images/heroes/hero-fresh-mat-compactor-low-angle.webp,Driveway Permits and Regulations in Oklahoma — Drivewayz USA,Low view of fresh asphalt being compacted on a driveway base,string,https://drivewayzusa.co/images/hero-driveway-permits-and-regulations-in-oklahoma.webp,https://drivewayzusa.co/images/heroes/hero-fresh-mat-compactor-low-angle.webp,true,/images/pexels-curtis-adams-1694007-3990589.webp,/images/heroes/hero-fresh-mat-compactor-low-angle.webp,
2026-07-29T23:06:53.410905,driveway-permits-and-regulations-in-oregon,guides/driveway-permits-and-regulations-in-oregon/index.html,swapped,0,/images/pexels-curtis-adams-1694007-3990589.webp,/images/heroes/hero-new-interlocking-pavers-evening.webp,Driveway Permits and Regulations in Oregon — Drivewayz USA,New interlocking paver driveway catching warm light in front of a home,string,https://drivewayzusa.co/images/hero-driveway-permits-and-regulations-in-oregon.webp,https://drivewayzusa.co/images/heroes/hero-new-interlocking-pavers-evening.webp,true,/images/pexels-curtis-adams-1694007-3990589.webp,/images/heroes/hero-new-interlocking-pavers-evening.webp,
2026-07-29T23:06:53.411303,driveway-permits-and-regulations-in-pennsylvania,guides/driveway-permits-and-regulations-in-pennsylvania/index.html,swapped,0,/images/pexels-curtis-adams-1694007-3990589.webp,/images/heroes/hero-rain-soaked-crack-concrete-closeup.webp,Driveway Permits and Regulations in Pennsylvania — Drivewayz USA,Close view of a rain soaked crack running through a concrete slab,string,https://drivewayzusa.co/images/hero-driveway-permits-and-regulations-in-pennsylvania.webp,https://drivewayzusa.co/images/heroes/hero-rain-soaked-crack-concrete-closeup.webp,true,/images/pexels-curtis-adams-1694007-3990589.webp,/images/heroes/hero-rain-soaked-crack-concrete-closeup.webp,
2026-07-29T23:06:53.411823,driveway-permits-and-regulations-in-rhode-island,guides/driveway-permits-and-regulations-in-rhode-island/index.html,swapped,0,/images/pexels-curtis-adams-1694007-3990589.webp,/images/heroes/hero-cobblestone-low-view-late-light.webp,Driveway Permits and Regulations in Rhode Island — Drivewayz USA,Low view along mossy weathered cobblestones in warm late afternoon light,string,https://drivewayzusa.co/images/hero-driveway-permits-and-regulations-in-rhode-island.webp,https://drivewayzusa.co/images/heroes/hero-cobblestone-low-view-late-light.webp,true,/images/pexels-curtis-adams-1694007-3990589.webp,/images/heroes/hero-cobblestone-low-view-late-light.webp,
2026-07-29T23:06:53.412191,driveway-permits-and-regulations-in-south-carolina,guides/driveway-permits-and-regulations-in-south-carolina/index.html,swapped,0,/images/pexels-curtis-adams-1694007-3990589.webp,/images/heroes/hero-new-blacktop-bright-sun-above.webp,Driveway Permits and Regulations in South Carolina — Drivewayz USA,New blacktop driveway beside a trimmed lawn in bright midday sun,string,https://drivewayzusa.co/images/hero-driveway-permits-and-regulations-in-south-carolina.webp,https://drivewayzusa.co/images/heroes/hero-new-blacktop-bright-sun-above.webp,true,/images/pexels-curtis-adams-1694007-3990589.webp,/images/heroes/hero-new-blacktop-bright-sun-above.webp,
2026-07-29T23:06:53.412566,driveway-permits-and-regulations-in-south-dakota,guides/driveway-permits-and-regulations-in-south-dakota/index.html,swapped,0,/images/pexels-curtis-adams-1694007-3990589.webp,/images/heroes/hero-tire-rutted-gravel-open-fields.webp,Driveway Permits and Regulations in South Dakota — Drivewayz USA,Rutted gravel farm lane stretching toward open fields under gray skies,string,https://drivewayzusa.co/images/hero-driveway-permits-and-regulations-in-south-dakota.webp,https://drivewayzusa.co/images/heroes/hero-tire-rutted-gravel-open-fields.webp,true,/images/pexels-curtis-adams-1694007-3990589.webp,/images/heroes/hero-tire-rutted-gravel-open-fields.webp,
2026-07-29T23:06:53.412836,driveway-permits-and-regulations-in-texas,guides/driveway-permits-and-regulations-in-texas/index.html,swapped,0,/images/pexels-curtis-adams-1694007-3990589.webp,/images/heroes/hero-glossy-concrete-drive-bright-sun.webp,Driveway Permits and Regulations in Texas — Drivewayz USA,Glossy sealed concrete driveway reflecting bright sun in front of a garage,string,https://drivewayzusa.co/images/hero-driveway-permits-and-regulations-in-texas.webp,https://drivewayzusa.co/images/heroes/hero-glossy-concrete-drive-bright-sun.webp,true,/images/pexels-curtis-adams-1694007-3990589.webp,/images/heroes/hero-glossy-concrete-drive-bright-sun.webp,
2026-07-29T23:06:53.413177,driveway-permits-and-regulations-in-vermont,guides/driveway-permits-and-regulations-in-vermont/index.html,swapped,0,/images/pexels-curtis-adams-1694007-3990589.webp,/images/heroes/hero-cracked-lane-golden-hour-low.webp,Driveway Permits and Regulations in Vermont — Drivewayz USA,Low view of branching cracks in an asphalt lane at golden hour,string,https://drivewayzusa.co/images/hero-driveway-permits-and-regulations-in-vermont.webp,https://drivewayzusa.co/images/heroes/hero-cracked-lane-golden-hour-low.webp,true,/images/pexels-curtis-adams-1694007-3990589.webp,/images/heroes/hero-cracked-lane-golden-hour-low.webp,
2026-07-29T23:06:53.413558,driveway-permits-and-regulations-in-virginia,guides/driveway-permits-and-regulations-in-virginia/index.html,swapped,0,/images/pexels-curtis-adams-1694007-3990589.webp,/images/heroes/hero-aged-paver-drive-high-view.webp,Driveway Permits and Regulations in Virginia — Drivewayz USA,Aged brick paver driveway beside a garden bed viewed from above,string,https://drivewayzusa.co/images/hero-driveway-permits-and-regulations-in-virginia.webp,https://drivewayzusa.co/images/heroes/hero-aged-paver-drive-high-view.webp,true,/images/pexels-curtis-adams-1694007-3990589.webp,/images/heroes/hero-aged-paver-drive-high-view.webp,
2026-07-29T23:06:53.413895,driveway-permits-and-regulations-in-washington,guides/driveway-permits-and-regulations-in-washington/index.html,swapped,0,/images/pexels-curtis-adams-1694007-3990589.webp,/images/heroes/hero-damp-concrete-stains-closeup.webp,Driveway Permits and Regulations in Washington — Drivewayz USA,Low view across damp weathered concrete showing pores and faint stains,string,https://drivewayzusa.co/images/hero-driveway-permits-and-regulations-in-washington.webp,https://drivewayzusa.co/images/heroes/hero-damp-concrete-stains-closeup.webp,true,/images/pexels-curtis-adams-1694007-3990589.webp,/images/heroes/hero-damp-concrete-stains-closeup.webp,
2026-07-29T23:06:53.414252,driveway-permits-and-regulations-in-west-virginia,guides/driveway-permits-and-regulations-in-west-virginia/index.html,swapped,0,/images/pexels-curtis-adams-1694007-3990589.webp,/images/heroes/hero-wet-asphalt-winding-lane-above.webp,Driveway Permits and Regulations in West Virginia — Drivewayz USA,Rain darkened asphalt lane winding past trees seen from a high angle,string,https://drivewayzusa.co/images/hero-driveway-permits-and-regulations-in-west-virginia.webp,https://drivewayzusa.co/images/heroes/hero-wet-asphalt-winding-lane-above.webp,true,/images/pexels-curtis-adams-1694007-3990589.webp,/images/heroes/hero-wet-asphalt-winding-lane-above.webp,
2026-07-29T23:06:53.414618,driveway-permits-and-regulations-in-wyoming,guides/driveway-permits-and-regulations-in-wyoming/index.html,swapped,0,/images/pexels-curtis-adams-1694007-3990589.webp,/images/heroes/hero-fresh-gravel-open-rangeland-sun.webp,Driveway Permits and Regulations in Wyoming — Drivewayz USA,Smooth graded gravel drive crossing open rangeland in bright midday sun,string,https://drivewayzusa.co/images/hero-driveway-permits-and-regulations-in-wyoming.webp,https://drivewayzusa.co/images/heroes/hero-fresh-gravel-open-rangeland-sun.webp,true,/images/pexels-curtis-adams-1694007-3990589.webp,/images/heroes/hero-fresh-gravel-open-rangeland-sun.webp,
2026-07-29T23:06:53.414980,driveway-permits-how-much-do-they-cost,guides/driveway-permits-how-much-do-they-cost/index.html,swapped,0,/images/pexels-curtis-adams-1694007-3990589.webp,/images/heroes/hero-crack-mortar-fill-closeup-low.webp,Driveway Permits: How Much Do They Cost? — Drivewayz USA,Low close view of repair mortar filling a crack in a concrete slab,string,https://drivewayzusa.co/images/hero-driveway-permits-how-much-do-they-cost.webp,https://drivewayzusa.co/images/heroes/hero-crack-mortar-fill-closeup-low.webp,true,/images/pexels-curtis-adams-1694007-3990589.webp,/images/heroes/hero-crack-mortar-fill-closeup-low.webp,
2026-07-29T23:06:53.417172,driveway-permits-what-you-need-before-starting,guides/driveway-permits-what-you-need-before-starting/index.html,swapped,2,/images/pexels-curtis-adams-1694007-3990589.webp,/images/heroes/hero-marked-drive-layout-gravel-base.webp,Driveway Permits: What You Need Before Starting — Drivewayz USA,Stakes and string lines marking a planned driveway over a graded gravel base,string,https://drivewayzusa.co/images/hero-driveway-permits-what-you-need-before-starting.webp,https://drivewayzusa.co/images/heroes/hero-marked-drive-layout-gravel-base.webp,true,/images/pexels-curtis-adams-1694007-3990589.webp,/images/heroes/hero-marked-drive-layout-gravel-base.webp,
2026-07-29T23:06:53.417586,driveway-pet-area-design-creating-a-safe-space,guides/driveway-pet-area-design-creating-a-safe-space/index.html,swapped,0,/images/pexels-curtis-adams-1694007-3990589.webp,/images/heroes/hero-paver-drive-grassy-side-yard.webp,Driveway Pet Area Design: Creating a Safe Space — Drivewayz USA,Smooth paver driveway beside a fenced grass side yard in warm light,string,https://drivewayzusa.co/images/hero-driveway-pet-area-design-creating-a-safe-space.webp,https://drivewayzusa.co/images/heroes/hero-paver-drive-grassy-side-yard.webp,true,/images/pexels-curtis-adams-1694007-3990589.webp,/images/heroes/hero-paver-drive-grassy-side-yard.webp,
2026-07-29T23:06:53.417962,driveway-photo-documentation-before-during-and-after,guides/driveway-photo-documentation-before-during-and-after/index.html,swapped,0,/images/pexels-curtis-adams-1694007-3990589.webp,/images/heroes/hero-partly-poured-drive-warm-light.webp,"Driveway Photo Documentation: Before, During, and After — Drivewayz USA",Partly poured concrete driveway between wooden forms in warm evening light,string,https://drivewayzusa.co/images/hero-driveway-photo-documentation-before-during-and-after.webp,https://drivewayzusa.co/images/heroes/hero-partly-poured-drive-warm-light.webp,true,/images/pexels-curtis-adams-1694007-3990589.webp,/images/heroes/hero-partly-poured-drive-warm-light.webp,
2026-07-29T23:06:53.418414,driveway-photo-history-documenting-changes-and-aging,guides/driveway-photo-history-documenting-changes-and-aging/index.html,swapped,0,/images/pexels-curtis-adams-1694007-3990589.webp,/images/heroes/hero-faded-cracked-asphalt-aging-drive.webp,Driveway Photo History: Documenting Changes and Aging — Drivewayz USA,Weathered asphalt surface showing years of fading cracks and small patches,string,https://drivewayzusa.co/images/hero-driveway-photo-history-documenting-changes-and-aging.webp,https://drivewayzusa.co/images/heroes/hero-faded-cracked-asphalt-aging-drive.webp,true,/images/pexels-curtis-adams-1694007-3990589.webp,/images/heroes/hero-faded-cracked-asphalt-aging-drive.webp,
2026-07-29T23:06:53.418641,driveway-photography-tips-capturing-the-best-angles-for-listings,guides/driveway-photography-tips-capturing-the-best-angles-for-listings/index.html,swapped,0,/images/pexels-curtis-adams-1694007-3990589.webp,/images/heroes/hero-low-view-paver-drive-warm-light.webp,Driveway Photography Tips: Capturing the Best Angles for Listings — Drivewayz USA,Low angle along smooth pavers glowing in warm evening light,string,https://drivewayzusa.co/images/hero-driveway-photography-tips-capturing-the-best-angles-for-listings.webp,https://drivewayzusa.co/images/heroes/hero-low-view-paver-drive-warm-light.webp,true,/images/pexels-curtis-adams-1694007-3990589.webp,/images/heroes/hero-low-view-paver-drive-warm-light.webp,
2026-07-29T23:06:53.418927,driveway-planning-for-new-home-construction,guides/driveway-planning-for-new-home-construction/index.html,swapped,0,/images/pexels-curtis-adams-1694007-3990589.webp,/images/heroes/hero-form-stakes-freshly-graded-bed.webp,Driveway Planning for New Home Construction — Drivewayz USA,Wooden form stakes and string lines marking a leveled gravel base,string,https://drivewayzusa.co/images/hero-driveway-planning-for-new-home-construction.webp,https://drivewayzusa.co/images/heroes/hero-form-stakes-freshly-graded-bed.webp,true,/images/pexels-curtis-adams-1694007-3990589.webp,/images/heroes/hero-form-stakes-freshly-graded-bed.webp,
2026-07-29T23:06:53.419139,driveway-pollution-liability-environmental-coverage,guides/driveway-pollution-liability-environmental-coverage/index.html,swapped,0,/images/pexels-curtis-adams-1694007-3990589.webp,/images/heroes/hero-oily-sheen-rain-wet-asphalt.webp,Driveway Pollution Liability: Environmental Coverage — Drivewayz USA,Oily rainbow sheen spreading across rain wet asphalt pavement,string,https://drivewayzusa.co/images/hero-driveway-pollution-liability-environmental-coverage.webp,https://drivewayzusa.co/images/heroes/hero-oily-sheen-rain-wet-asphalt.webp,true,/images/pexels-curtis-adams-1694007-3990589.webp,/images/heroes/hero-oily-sheen-rain-wet-asphalt.webp,
2026-07-29T23:06:53.419356,driveway-polyaspartic-coating-fast-cure-alternative,guides/driveway-polyaspartic-coating-fast-cure-alternative/index.html,swapped,0,/images/pexels-curtis-adams-1694007-3990589.webp,/images/heroes/hero-glossy-coating-half-applied-apron.webp,Driveway Polyaspartic Coating: Fast-Cure Alternative — Drivewayz USA,Glossy gray finish half applied across a concrete garage apron,string,https://drivewayzusa.co/images/hero-driveway-polyaspartic-coating-fast-cure-alternative.webp,https://drivewayzusa.co/images/heroes/hero-glossy-coating-half-applied-apron.webp,true,/images/pexels-curtis-adams-1694007-3990589.webp,/images/heroes/hero-glossy-coating-half-applied-apron.webp,
2026-07-29T23:06:53.419701,driveway-power-washing-before-home-sale-worth-the-cost,guides/driveway-power-washing-before-home-sale-worth-the-cost/index.html,swapped,0,/images/pexels-curtis-adams-1694007-3990589.webp,/images/heroes/hero-wide-clean-stripe-dingy-slab.webp,Driveway Power Washing Before Home Sale: Worth the Cost? — Drivewayz USA,Clean pressure washed stripe cutting through dingy gray concrete,string,https://drivewayzusa.co/images/hero-driveway-power-washing-before-home-sale-worth-the-cost.webp,https://drivewayzusa.co/images/heroes/hero-wide-clean-stripe-dingy-slab.webp,true,/images/pexels-curtis-adams-1694007-3990589.webp,/images/heroes/hero-wide-clean-stripe-dingy-slab.webp,
2026-07-29T23:06:53.419896,driveway-power-washing-frequency-guide,guides/driveway-power-washing-frequency-guide/index.html,swapped,0,/images/pexels-curtis-adams-1694007-3990589.webp,/images/heroes/hero-half-washed-damp-concrete-drive.webp,Driveway Power Washing Frequency Guide — Drivewayz USA,Half washed concrete drive still damp after a deep cleaning,string,https://drivewayzusa.co/images/hero-driveway-power-washing-frequency-guide.webp,https://drivewayzusa.co/images/heroes/hero-half-washed-damp-concrete-drive.webp,true,/images/pexels-curtis-adams-1694007-3990589.webp,/images/heroes/hero-half-washed-damp-concrete-drive.webp,
2026-07-29T23:06:53.420129,driveway-power-washing-tips-for-a-clean-surface,guides/driveway-power-washing-tips-for-a-clean-surface/index.html,swapped,0,/images/pexels-curtis-adams-1694007-3990589.webp,/images/heroes/hero-freshly-washed-concrete-uniform-finish.webp,Driveway Power Washing: Tips for a Clean Surface — Drivewayz USA,Freshly washed concrete slab drying to an even tone,string,https://drivewayzusa.co/images/hero-driveway-power-washing-tips-for-a-clean-surface.webp,https://drivewayzusa.co/images/heroes/hero-freshly-washed-concrete-uniform-finish.webp,true,/images/pexels-curtis-adams-1694007-3990589.webp,/images/heroes/hero-freshly-washed-concrete-uniform-finish.webp,
2026-07-29T23:06:53.420356,driveway-ppe-requirements-protective-equipment-for-workers,guides/driveway-ppe-requirements-protective-equipment-for-workers/index.html,swapped,0,/images/pexels-curtis-adams-1694007-3990589.webp,/images/heroes/hero-safety-gear-laid-on-slab.webp,Driveway PPE Requirements: Protective Equipment for Workers — Drivewayz USA,Safety glasses work gloves and high visibility vest laid on concrete,string,https://drivewayzusa.co/images/hero-driveway-ppe-requirements-protective-equipment-for-workers.webp,https://drivewayzusa.co/images/heroes/hero-safety-gear-laid-on-slab.webp,true,/images/pexels-curtis-adams-1694007-3990589.webp,/images/heroes/hero-safety-gear-laid-on-slab.webp,
2026-07-29T23:06:53.420591,driveway-pressure-washing-mistakes-that-cause-damage,guides/driveway-pressure-washing-mistakes-that-cause-damage/index.html,swapped,0,/images/pexels-curtis-adams-1694007-3990589.webp,/images/heroes/hero-etched-wand-marks-concrete-closeup.webp,Driveway Pressure Washing Mistakes That Cause Damage — Drivewayz USA,Etched wand marks and streaks gouged into a concrete surface,string,https://drivewayzusa.co/images/hero-driveway-pressure-washing-mistakes-that-cause-damage.webp,https://drivewayzusa.co/images/heroes/hero-etched-wand-marks-concrete-closeup.webp,true,/images/pexels-curtis-adams-1694007-3990589.webp,/images/heroes/hero-etched-wand-marks-concrete-closeup.webp,
2026-07-29T23:06:53.420812,driveway-preventive-maintenance-program-saving-money-long-term,guides/driveway-preventive-maintenance-program-saving-money-long-term/index.html,swapped,0,/images/pexels-artbovich-8134848.webp,/images/heroes/hero-sealed-lane-between-open-fields.webp,Driveway Preventive Maintenance Program: Saving Money Long-Term — Drivewayz USA,Sealed asphalt lane running between open grassy fields at dusk,string,https://drivewayzusa.co/images/hero-driveway-preventive-maintenance-program-saving-money-long-term.webp,https://drivewayzusa.co/images/heroes/hero-sealed-lane-between-open-fields.webp,true,/images/pexels-artbovich-8134848.webp,/images/heroes/hero-sealed-lane-between-open-fields.webp,
2026-07-29T23:06:53.421052,driveway-prime-coat-preparing-base-for-asphalt,guides/driveway-prime-coat-preparing-base-for-asphalt/index.html,swapped,0,/images/pexels-curtis-adams-1694007-3990589.webp,/images/heroes/hero-dark-prime-coat-gravel-base.webp,Driveway Prime Coat: Preparing Base for Asphalt — Drivewayz USA,Dark tacky emulsion sprayed across a compacted gravel foundation,string,https://drivewayzusa.co/images/hero-driveway-prime-coat-preparing-base-for-asphalt.webp,https://drivewayzusa.co/images/heroes/hero-dark-prime-coat-gravel-base.webp,true,/images/pexels-curtis-adams-1694007-3990589.webp,/images/heroes/hero-dark-prime-coat-gravel-base.webp,
2026-07-29T23:06:53.421369,driveway-problem-diagnosis-guide-identifying-issues-by-symptom,guides/driveway-problem-diagnosis-guide-identifying-issues-by-symptom/index.html,swapped,0,/images/pexels-curtis-adams-1694007-3990589.webp,/images/heroes/hero-cracked-stained-asphalt-overview.webp,Driveway Problem Diagnosis Guide: Identifying Issues by Symptom — Drivewayz USA,Cracked stained asphalt drive with patches ruts and faded areas,string,https://drivewayzusa.co/images/hero-driveway-problem-diagnosis-guide-identifying-issues-by-symptom.webp,https://drivewayzusa.co/images/heroes/hero-cracked-stained-asphalt-overview.webp,true,/images/pexels-curtis-adams-1694007-3990589.webp,/images/heroes/hero-cracked-stained-asphalt-overview.webp,
2026-07-29T23:06:53.421620,driveway-product-innovation-new-materials-and-methods,guides/driveway-product-innovation-new-materials-and-methods/index.html,swapped,0,/images/pexels-curtis-adams-1694007-3990589.webp,/images/heroes/hero-seamless-resin-pebble-surface.webp,Driveway Product Innovation: New Materials and Methods — Drivewayz USA,Permeable resin bound pebbles forming a seamless modern surface,string,https://drivewayzusa.co/images/hero-driveway-product-innovation-new-materials-and-methods.webp,https://drivewayzusa.co/images/heroes/hero-seamless-resin-pebble-surface.webp,true,/images/pexels-curtis-adams-1694007-3990589.webp,/images/heroes/hero-seamless-resin-pebble-surface.webp,
2026-07-29T23:06:53.421933,driveway-professional-liability-design-error-protection,guides/driveway-professional-liability-design-error-protection/index.html,swapped,0,/images/pexels-curtis-adams-1694007-3990589.webp,/images/heroes/hero-buckled-joint-raised-slab-edge.webp,Driveway Professional Liability: Design Error Protection — Drivewayz USA,Heaved concrete slab lifted at a buckled uneven joint,string,https://drivewayzusa.co/images/hero-driveway-professional-liability-design-error-protection.webp,https://drivewayzusa.co/images/heroes/hero-buckled-joint-raised-slab-edge.webp,true,/images/pexels-curtis-adams-1694007-3990589.webp,/images/heroes/hero-buckled-joint-raised-slab-edge.webp,
2026-07-29T23:06:53.422234,driveway-progress-payment-paying-as-work-completes,guides/driveway-progress-payment-paying-as-work-completes/index.html,swapped,0,/images/pexels-curtis-adams-1694007-3990589.webp,/images/heroes/hero-half-poured-slab-meets-base.webp,Driveway Progress Payment: Paying as Work Completes — Drivewayz USA,Half poured drive with wet concrete meeting a prepared gravel base,string,https://drivewayzusa.co/images/hero-driveway-progress-payment-paying-as-work-completes.webp,https://drivewayzusa.co/images/heroes/hero-half-poured-slab-meets-base.webp,true,/images/pexels-curtis-adams-1694007-3990589.webp,/images/heroes/hero-half-poured-slab-meets-base.webp,
2026-07-29T23:06:53.422567,driveway-project-case-studies-before-and-after,guides/driveway-project-case-studies-before-and-after/index.html,swapped,0,/images/pexels-curtis-adams-1694007-3990589.webp,/images/heroes/hero-light-overlay-meets-aged-slab.webp,Driveway Project Case Studies: Before and After — Drivewayz USA,Fresh light overlay meeting aged dark concrete along a straight line,string,https://drivewayzusa.co/images/hero-driveway-project-case-studies-before-and-after.webp,https://drivewayzusa.co/images/heroes/hero-light-overlay-meets-aged-slab.webp,true,/images/pexels-curtis-adams-1694007-3990589.webp,/images/heroes/hero-light-overlay-meets-aged-slab.webp,
2026-07-29T23:06:53.422791,driveway-project-checklist-for-homeowners-free-pdf,guides/driveway-project-checklist-for-homeowners-free-pdf/index.html,swapped,0,/images/pexels-curtis-adams-1694007-3990589.webp,/images/heroes/hero-squared-new-slab-bright-lawn.webp,Driveway Project Checklist for Homeowners (Free PDF) — Drivewayz USA,Squared new concrete slab with clean lines beside bright lawn,string,https://drivewayzusa.co/images/hero-driveway-project-checklist-for-homeowners-free-pdf.webp,https://drivewayzusa.co/images/heroes/hero-squared-new-slab-bright-lawn.webp,true,/images/pexels-curtis-adams-1694007-3990589.webp,/images/heroes/hero-squared-new-slab-bright-lawn.webp,
2026-07-29T23:06:53.423008,driveway-project-delay-causes-weather-permits-and-supply,guides/driveway-project-delay-causes-weather-permits-and-supply/index.html,swapped,0,/images/pexels-curtis-adams-1694007-3990589.webp,/images/heroes/hero-puddled-base-under-gray-sky.webp,"Driveway Project Delay Causes: Weather, Permits, and Supply — Drivewayz USA",Unfinished gravel base holding rain puddles under a gray sky,string,https://drivewayzusa.co/images/hero-driveway-project-delay-causes-weather-permits-and-supply.webp,https://drivewayzusa.co/images/heroes/hero-puddled-base-under-gray-sky.webp,true,/images/pexels-curtis-adams-1694007-3990589.webp,/images/heroes/hero-puddled-base-under-gray-sky.webp,
2026-07-29T23:06:53.423231,driveway-project-management-software-tracking-progress,guides/driveway-project-management-software-tracking-progress/index.html,swapped,0,/images/pexels-curtis-adams-1694007-3990589.webp,/images/heroes/hero-partly-laid-pavers-stacked-bundles.webp,Driveway Project Management Software: Tracking Progress — Drivewayz USA,Partly laid paver drive with stacked bundles waiting on base,string,https://drivewayzusa.co/images/hero-driveway-project-management-software-tracking-progress.webp,https://drivewayzusa.co/images/heroes/hero-partly-laid-pavers-stacked-bundles.webp,true,/images/pexels-curtis-adams-1694007-3990589.webp,/images/heroes/hero-partly-laid-pavers-stacked-bundles.webp,
2026-07-29T23:06:53.423561,driveway-project-management-timeline-budget-and-quality-control,guides/driveway-project-management-timeline-budget-and-quality-control/index.html,swapped,0,/images/pexels-curtis-adams-1694007-3990589.webp,/images/heroes/hero-chalk-line-smooth-fresh-slab.webp,"Driveway Project Management: Timeline, Budget, and Quality Control — Drivewayz USA",Chalk snap line stretched across a smooth freshly finished slab,string,https://drivewayzusa.co/images/hero-driveway-project-management-timeline-budget-and-quality-control.webp,https://drivewayzusa.co/images/heroes/hero-chalk-line-smooth-fresh-slab.webp,true,/images/pexels-curtis-adams-1694007-3990589.webp,/images/heroes/hero-chalk-line-smooth-fresh-slab.webp,
2026-07-29T23:06:53.423864,driveway-project-management-working-with-your-contractor,guides/driveway-project-management-working-with-your-contractor/index.html,swapped,0,/images/pexels-curtis-adams-1694007-3990589.webp,/images/heroes/hero-screed-rails-wet-pour-forms.webp,Driveway Project Management: Working with Your Contractor — Drivewayz USA,Screed rails guiding a wet concrete pour between wooden forms,string,https://drivewayzusa.co/images/hero-driveway-project-management-working-with-your-contractor.webp,https://drivewayzusa.co/images/heroes/hero-screed-rails-wet-pour-forms.webp,true,/images/pexels-curtis-adams-1694007-3990589.webp,/images/heroes/hero-screed-rails-wet-pour-forms.webp,
2026-07-29T23:06:53.424276,driveway-project-scope-creep-staying-on-budget,guides/driveway-project-scope-creep-staying-on-budget/index.html,swapped,0,/images/pexels-curtis-adams-1694007-3990589.webp,/images/heroes/hero-extra-excavated-strip-beyond-strings.webp,Driveway Project Scope Creep: Staying on Budget — Drivewayz USA,Extra excavated strip widening the footprint beyond marked string lines,string,https://drivewayzusa.co/images/hero-driveway-project-scope-creep-staying-on-budget.webp,https://drivewayzusa.co/images/heroes/hero-extra-excavated-strip-beyond-strings.webp,true,/images/pexels-curtis-adams-1694007-3990589.webp,/images/heroes/hero-extra-excavated-strip-beyond-strings.webp,
2026-07-29T23:06:53.424613,driveway-project-timeline-from-planning-to-completion,guides/driveway-project-timeline-from-planning-to-completion/index.html,swapped,0,/images/pexels-curtis-adams-1694007-3990589.webp,/images/heroes/hero-graded-gravel-lane-flat-fields.webp,Driveway Project Timeline: From Planning to Completion — Drivewayz USA,Freshly graded gravel lane stretching toward open flat fields,string,https://drivewayzusa.co/images/hero-driveway-project-timeline-from-planning-to-completion.webp,https://drivewayzusa.co/images/heroes/hero-graded-gravel-lane-flat-fields.webp,true,/images/pexels-curtis-adams-1694007-3990589.webp,/images/heroes/hero-graded-gravel-lane-flat-fields.webp,
2026-07-29T23:06:53.424985,driveway-project-timeline-template-from-planning-to-completion,guides/driveway-project-timeline-template-from-planning-to-completion/index.html,swapped,0,/images/pexels-curtis-adams-1694007-3990589.webp,/images/heroes/hero-blanket-peeled-fresh-slab-corner.webp,Driveway Project Timeline Template: From Planning to Completion — Drivewayz USA,Curing blanket peeled back from the corner of a fresh slab,string,https://drivewayzusa.co/images/hero-driveway-project-timeline-template-from-planning-to-completion.webp,https://drivewayzusa.co/images/heroes/hero-blanket-peeled-fresh-slab-corner.webp,true,/images/pexels-curtis-adams-1694007-3990589.webp,/images/heroes/hero-blanket-peeled-fresh-slab-corner.webp,
2026-07-29T23:06:53.425423,driveway-property-survey-verifying-boundaries-before-building,guides/driveway-property-survey-verifying-boundaries-before-building/index.html,swapped,0,/images/pexels-curtis-adams-1694007-3990589.webp,/images/heroes/hero-corner-stakes-string-layout.webp,Driveway Property Survey: Verifying Boundaries Before Building — Drivewayz USA,Wooden stakes and string lines marking a planned driveway layout,string,https://drivewayzusa.co/images/hero-driveway-property-survey-verifying-boundaries-before-building.webp,https://drivewayzusa.co/images/heroes/hero-corner-stakes-string-layout.webp,true,/images/pexels-curtis-adams-1694007-3990589.webp,/images/heroes/hero-corner-stakes-string-layout.webp,
2026-07-29T23:06:53.425802,driveway-pros-and-cons-by-material-complete-breakdown,guides/driveway-pros-and-cons-by-material-complete-breakdown/index.html,swapped,0,/images/pexels-curtis-adams-1694007-3990589.webp,/images/heroes/hero-brick-paver-meets-gravel-edge.webp,Driveway Pros and Cons by Material: Complete Breakdown — Drivewayz USA,Low view of brick pavers meeting a loose gravel drive edge,string,https://drivewayzusa.co/images/pexels-curtis-adams-1694007-3990589.webp,https://drivewayzusa.co/images/heroes/hero-brick-paver-meets-gravel-edge.webp,true,/images/pexels-curtis-adams-1694007-3990589.webp,/images/heroes/hero-brick-paver-meets-gravel-edge.webp,
2026-07-29T23:06:53.426387,driveway-protective-coating-for-new-installations,guides/driveway-protective-coating-for-new-installations/index.html,swapped,0,/images/pexels-curtis-adams-1694007-3990589.webp,/images/heroes/hero-fresh-sealant-gloss-new-drive.webp,Driveway Protective Coating for New Installations — Drivewayz USA,Glossy sealer sheen across a freshly poured concrete surface,string,https://drivewayzusa.co/images/hero-driveway-protective-coating-for-new-installations.webp,https://drivewayzusa.co/images/heroes/hero-fresh-sealant-gloss-new-drive.webp,true,/images/pexels-curtis-adams-1694007-3990589.webp,/images/heroes/hero-fresh-sealant-gloss-new-drive.webp,
2026-07-29T23:06:53.426831,driveway-punch-list-template-final-inspection-form,guides/driveway-punch-list-template-final-inspection-form/index.html,swapped,0,/images/pexels-curtis-adams-1694007-3990589.webp,/images/heroes/hero-spirit-level-new-concrete-slab.webp,Driveway Punch List Template: Final Inspection Form — Drivewayz USA,Long level resting across a smooth new concrete slab surface,string,https://drivewayzusa.co/images/hero-driveway-punch-list-template-final-inspection-form.webp,https://drivewayzusa.co/images/heroes/hero-spirit-level-new-concrete-slab.webp,true,/images/pexels-curtis-adams-1694007-3990589.webp,/images/heroes/hero-spirit-level-new-concrete-slab.webp,
2026-07-29T23:06:53.427176,driveway-quality-control-ensuring-consistent-results,guides/driveway-quality-control-ensuring-consistent-results/index.html,swapped,0,/images/pexels-curtis-adams-1694007-3990589.webp,/images/heroes/hero-uniform-broom-finish-sawn-joints.webp,Driveway Quality Control: Ensuring Consistent Results — Drivewayz USA,Even broom finish and straight sawn joints on fresh concrete,string,https://drivewayzusa.co/images/hero-driveway-quality-control-ensuring-consistent-results.webp,https://drivewayzusa.co/images/heroes/hero-uniform-broom-finish-sawn-joints.webp,true,/images/pexels-curtis-adams-1694007-3990589.webp,/images/heroes/hero-uniform-broom-finish-sawn-joints.webp,
2026-07-29T23:06:53.427529,driveway-quick-fixes-before-listing-your-home,guides/driveway-quick-fixes-before-listing-your-home/index.html,swapped,0,/images/pexels-curtis-adams-1694007-3990589.webp,/images/heroes/hero-filled-cracks-tidy-asphalt-frontage.webp,Driveway Quick Fixes Before Listing Your Home — Drivewayz USA,Freshly filled crack lines across a tidy asphalt frontage,string,https://drivewayzusa.co/images/hero-driveway-quick-fixes-before-listing-your-home.webp,https://drivewayzusa.co/images/heroes/hero-filled-cracks-tidy-asphalt-frontage.webp,true,/images/pexels-curtis-adams-1694007-3990589.webp,/images/heroes/hero-filled-cracks-tidy-asphalt-frontage.webp,
2026-07-29T23:06:53.427770,driveway-rain-sensor-automatic-irrigation-shutoff-near-pavement,guides/driveway-rain-sensor-automatic-irrigation-shutoff-near-pavement/index.html,swapped,0,/images/pexels-curtis-adams-1694007-3990589.webp,/images/heroes/hero-rain-sensor-wet-drive-edge.webp,Driveway Rain Sensor: Automatic Irrigation Shutoff Near Pavement — Drivewayz USA,Small sensor on a post beside a wet concrete edge,string,https://drivewayzusa.co/images/hero-driveway-rain-sensor-automatic-irrigation-shutoff-near-pavement.webp,https://drivewayzusa.co/images/heroes/hero-rain-sensor-wet-drive-edge.webp,true,/images/pexels-curtis-adams-1694007-3990589.webp,/images/heroes/hero-rain-sensor-wet-drive-edge.webp,
2026-07-29T23:06:53.428004,driveway-reconstruction-vs-rehabilitation-making-the-right-call,guides/driveway-reconstruction-vs-rehabilitation-making-the-right-call/index.html,swapped,0,/images/pexels-curtis-adams-1694007-3990589.webp,/images/heroes/hero-stripped-lane-beside-intact-asphalt.webp,Driveway Reconstruction vs Rehabilitation: Making the Right Call — Drivewayz USA,Stripped driveway half beside intact aging asphalt surface,string,https://drivewayzusa.co/images/hero-driveway-reconstruction-vs-rehabilitation-making-the-right-call.webp,https://drivewayzusa.co/images/heroes/hero-stripped-lane-beside-intact-asphalt.webp,true,/images/pexels-curtis-adams-1694007-3990589.webp,/images/heroes/hero-stripped-lane-beside-intact-asphalt.webp,
2026-07-29T23:06:53.428245,driveway-reference-check-template-verifying-contractor-quality,guides/driveway-reference-check-template-verifying-contractor-quality/index.html,swapped,0,/images/pexels-curtis-adams-1694007-3990589.webp,/images/heroes/hero-clean-jointed-drive-straight-edges.webp,Driveway Reference Check Template: Verifying Contractor Quality — Drivewayz USA,Clean sawn joints and straight edges on a finished drive,string,https://drivewayzusa.co/images/hero-driveway-reference-check-template-verifying-contractor-quality.webp,https://drivewayzusa.co/images/heroes/hero-clean-jointed-drive-straight-edges.webp,true,/images/pexels-curtis-adams-1694007-3990589.webp,/images/heroes/hero-clean-jointed-drive-straight-edges.webp,
2026-07-29T23:06:53.428596,driveway-reflectors-and-markers,guides/driveway-reflectors-and-markers/index.html,swapped,0,/images/pexels-curtis-adams-1694007-3990589.webp,/images/heroes/hero-reflector-posts-gravel-drive-edge.webp,Driveway Reflectors and Markers — Drivewayz USA,Reflective posts lining the edge of a gravel drive at dusk,string,https://drivewayzusa.co/images/hero-driveway-reflectors-and-markers.webp,https://drivewayzusa.co/images/heroes/hero-reflector-posts-gravel-drive-edge.webp,true,/images/pexels-curtis-adams-1694007-3990589.webp,/images/heroes/hero-reflector-posts-gravel-drive-edge.webp,
2026-07-29T23:06:53.428827,driveway-refresh-ideas-under-2000,guides/driveway-refresh-ideas-under-2000/index.html,swapped,0,/images/pexels-curtis-adams-1694007-3990589.webp,/images/heroes/hero-cleaned-stripe-dingy-pavers.webp,Driveway Refresh Ideas Under $2000 — Drivewayz USA,Clean washed stripe crossing a dingy weathered paver surface,string,https://drivewayzusa.co/images/hero-driveway-refresh-ideas-under-2000.webp,https://drivewayzusa.co/images/heroes/hero-cleaned-stripe-dingy-pavers.webp,true,/images/pexels-curtis-adams-1694007-3990589.webp,/images/heroes/hero-cleaned-stripe-dingy-pavers.webp,
2026-07-29T23:06:53.429085,driveway-reinforcement,guides/driveway-reinforcement/index.html,skipped,0,,,,,,,,,,,hero_img_not_found
2026-07-29T23:06:53.429342,driveway-remediation-plan-steps-to-fix-major-problems,guides/driveway-remediation-plan-steps-to-fix-major-problems/index.html,swapped,0,/images/pexels-curtis-adams-1694007-3990589.webp,/images/heroes/hero-heaved-slabs-deep-wide-cracks.webp,Driveway Remediation Plan: Steps to Fix Major Problems — Drivewayz USA,Heaved concrete slabs with deep wide cracks needing extensive repair,string,https://drivewayzusa.co/images/hero-driveway-remediation-plan-steps-to-fix-major-problems.webp,https://drivewayzusa.co/images/heroes/hero-heaved-slabs-deep-wide-cracks.webp,true,/images/pexels-curtis-adams-1694007-3990589.webp,/images/heroes/hero-heaved-slabs-deep-wide-cracks.webp,
2026-07-29T23:06:53.429694,driveway-renovation-before-selling-your-home,guides/driveway-renovation-before-selling-your-home/index.html,swapped,0,/images/pexels-curtis-adams-1694007-3990589.webp,/images/heroes/hero-glossy-sealed-drive-tidy-lawn.webp,Driveway Renovation Before Selling Your Home — Drivewayz USA,Freshly sealed dark driveway framed by tidy lawn edges,string,https://drivewayzusa.co/images/hero-driveway-renovation-before-selling-your-home.webp,https://drivewayzusa.co/images/heroes/hero-glossy-sealed-drive-tidy-lawn.webp,true,/images/pexels-curtis-adams-1694007-3990589.webp,/images/heroes/hero-glossy-sealed-drive-tidy-lawn.webp,
2026-07-29T23:06:53.430077,driveway-repair-decision-tree-fix-it-or-replace-it,guides/driveway-repair-decision-tree-fix-it-or-replace-it/index.html,swapped,0,/images/pexels-artbovich-8134848.webp,/images/heroes/hero-patched-section-crumbling-asphalt-edge.webp,Driveway Repair Decision Tree: Fix It or Replace It? — Drivewayz USA,Patched section beside a crumbling worn asphalt surface,string,https://drivewayzusa.co/images/hero-driveway-repair-decision-tree-fix-it-or-replace-it.webp,https://drivewayzusa.co/images/heroes/hero-patched-section-crumbling-asphalt-edge.webp,true,/images/pexels-artbovich-8134848.webp,/images/heroes/hero-patched-section-crumbling-asphalt-edge.webp,
2026-07-29T23:06:53.430384,driveway-replacement-after-home-purchase-planning-guide,guides/driveway-replacement-after-home-purchase-planning-guide/index.html,swapped,0,/images/pexels-curtis-adams-1694007-3990589.webp,/images/heroes/hero-compacted-base-awaiting-new-slab.webp,Driveway Replacement After Home Purchase: Planning Guide — Drivewayz USA,Compacted gravel base formed and ready for a new slab,string,https://drivewayzusa.co/images/hero-driveway-replacement-after-home-purchase-planning-guide.webp,https://drivewayzusa.co/images/heroes/hero-compacted-base-awaiting-new-slab.webp,true,/images/pexels-curtis-adams-1694007-3990589.webp,/images/heroes/hero-compacted-base-awaiting-new-slab.webp,
2026-07-29T23:06:53.430691,driveway-request-for-proposal-template-rfp-for-contractors,guides/driveway-request-for-proposal-template-rfp-for-contractors/index.html,swapped,0,/images/pexels-curtis-adams-1694007-3990589.webp,/images/heroes/hero-plain-cracked-concrete-gray-sky.webp,Driveway Request for Proposal Template: RFP for Contractors — Drivewayz USA,Hairline cracks crossing a plain concrete drive under gray sky,string,https://drivewayzusa.co/images/hero-driveway-request-for-proposal-template-rfp-for-contractors.webp,https://drivewayzusa.co/images/heroes/hero-plain-cracked-concrete-gray-sky.webp,true,/images/pexels-curtis-adams-1694007-3990589.webp,/images/heroes/hero-plain-cracked-concrete-gray-sky.webp,
2026-07-29T23:06:53.430934,driveway-research-and-development-university-studies,guides/driveway-research-and-development-university-studies/index.html,swapped,0,/images/pexels-curtis-adams-1694007-3990589.webp,/images/heroes/hero-sample-panels-finish-test-strip.webp,Driveway Research and Development: University Studies — Drivewayz USA,Row of small concrete test panels with varied surface finishes,string,https://drivewayzusa.co/images/hero-driveway-research-and-development-university-studies.webp,https://drivewayzusa.co/images/heroes/hero-sample-panels-finish-test-strip.webp,true,/images/pexels-curtis-adams-1694007-3990589.webp,/images/heroes/hero-sample-panels-finish-test-strip.webp,
2026-07-29T23:06:53.431181,driveway-resilience-planning-preparing-for-extreme-weather,guides/driveway-resilience-planning-preparing-for-extreme-weather/index.html,swapped,0,/images/pexels-curtis-adams-1694007-3990589.webp,/images/heroes/hero-rain-sheeting-sealed-drive-drain.webp,Driveway Resilience Planning: Preparing for Extreme Weather — Drivewayz USA,Rain water sheeting across a sealed driveway toward a drain,string,https://drivewayzusa.co/images/hero-driveway-resilience-planning-preparing-for-extreme-weather.webp,https://drivewayzusa.co/images/heroes/hero-rain-sheeting-sealed-drive-drain.webp,true,/images/pexels-curtis-adams-1694007-3990589.webp,/images/heroes/hero-rain-sheeting-sealed-drive-drain.webp,
2026-07-29T23:06:53.431513,driveway-resurfacing-vs-replacement-when-to-choose-each,guides/driveway-resurfacing-vs-replacement-when-to-choose-each/index.html,swapped,0,/images/pexels-artbovich-8134848.webp,/images/heroes/hero-overlay-boundary-straight-sawn-line.webp,Driveway Resurfacing vs Replacement: When to Choose Each — Drivewayz USA,Fresh asphalt overlay ending at a straight sawn boundary line,string,https://drivewayzusa.co/images/hero-driveway-resurfacing-vs-replacement-when-to-choose-each.webp,https://drivewayzusa.co/images/heroes/hero-overlay-boundary-straight-sawn-line.webp,true,/images/pexels-artbovich-8134848.webp,/images/heroes/hero-overlay-boundary-straight-sawn-line.webp,
2026-07-29T23:06:53.431817,driveway-retainage-holding-back-for-quality-assurance,guides/driveway-retainage-holding-back-for-quality-assurance/index.html,swapped,0,/images/pexels-curtis-adams-1694007-3990589.webp,/images/heroes/hero-smooth-sealed-drive-clean-apron.webp,Driveway Retainage: Holding Back for Quality Assurance — Drivewayz USA,Smooth sealed concrete driveway with a clean street apron,string,https://drivewayzusa.co/images/hero-driveway-retainage-holding-back-for-quality-assurance.webp,https://drivewayzusa.co/images/heroes/hero-smooth-sealed-drive-clean-apron.webp,true,/images/pexels-curtis-adams-1694007-3990589.webp,/images/heroes/hero-smooth-sealed-drive-clean-apron.webp,
2026-07-29T23:06:53.432125,driveway-retaining-wall-height-limits-code-requirements,guides/driveway-retaining-wall-height-limits-code-requirements/index.html,swapped,0,/images/pexels-curtis-adams-1694007-3990589.webp,/images/heroes/hero-block-retaining-wall-gravel-drive.webp,Driveway Retaining Wall Height Limits: Code Requirements — Drivewayz USA,Low stone block wall rising beside a gravel drive,string,https://drivewayzusa.co/images/hero-driveway-retaining-wall-height-limits-code-requirements.webp,https://drivewayzusa.co/images/heroes/hero-block-retaining-wall-gravel-drive.webp,true,/images/pexels-curtis-adams-1694007-3990589.webp,/images/heroes/hero-block-retaining-wall-gravel-drive.webp,
2026-07-29T23:06:53.432418,driveway-return-on-investment-by-neighborhood-type,guides/driveway-return-on-investment-by-neighborhood-type/index.html,swapped,0,/images/pexels-curtis-adams-1694007-3990589.webp,/images/heroes/hero-glowing-paver-drive-trimmed-hedges.webp,Driveway Return on Investment by Neighborhood Type — Drivewayz USA,Glowing sealed paver driveway bordered by trimmed hedges at dusk,string,https://drivewayzusa.co/images/hero-driveway-return-on-investment-by-neighborhood-type.webp,https://drivewayzusa.co/images/heroes/hero-glowing-paver-drive-trimmed-hedges.webp,true,/images/pexels-curtis-adams-1694007-3990589.webp,/images/heroes/hero-glowing-paver-drive-trimmed-hedges.webp,
2026-07-29T23:06:53.432717,driveway-right-of-way-and-easements-what-homeowners-need-to-know,guides/driveway-right-of-way-and-easements-what-homeowners-need-to-know/index.html,swapped,0,/images/pexels-curtis-adams-1694007-3990589.webp,/images/heroes/hero-gravel-drive-meets-paved-road.webp,Driveway Right-of-Way and Easements: What Homeowners Need to Know — Drivewayz USA,Gravel driveway ending where a paved rural road begins,string,https://drivewayzusa.co/images/hero-driveway-right-of-way-and-easements-what-homeowners-need-to-know.webp,https://drivewayzusa.co/images/heroes/hero-gravel-drive-meets-paved-road.webp,true,/images/pexels-curtis-adams-1694007-3990589.webp,/images/heroes/hero-gravel-drive-meets-paved-road.webp,
2026-07-29T23:06:53.433126,driveway-robotic-total-station-automated-survey-layout,guides/driveway-robotic-total-station-automated-survey-layout/index.html,swapped,0,/images/pexels-curtis-adams-1694007-3990589.webp,/images/heroes/hero-survey-instrument-tripod-staked-site.webp,Driveway Robotic Total Station: Automated Survey Layout — Drivewayz USA,Optical instrument on a tripod over a staked drive site,string,https://drivewayzusa.co/images/hero-driveway-robotic-total-station-automated-survey-layout.webp,https://drivewayzusa.co/images/heroes/hero-survey-instrument-tripod-staked-site.webp,true,/images/pexels-curtis-adams-1694007-3990589.webp,/images/heroes/hero-survey-instrument-tripod-staked-site.webp,
2026-07-29T23:06:53.433929,driveway-roi-calculator-how-much-value-does-it-add,guides/driveway-roi-calculator-how-much-value-does-it-add/index.html,swapped,0,/images/pexels-curtis-adams-1694007-3990589.webp,/images/heroes/hero-fresh-sealed-drive-golden-light.webp,Driveway ROI Calculator: How Much Value Does It Add? — Drivewayz USA,Freshly sealed concrete drive glowing in warm evening light,string,https://drivewayzusa.co/images/hero-driveway-roi-calculator-how-much-value-does-it-add.webp,https://drivewayzusa.co/images/heroes/hero-fresh-sealed-drive-golden-light.webp,true,/images/pexels-curtis-adams-1694007-3990589.webp,/images/heroes/hero-fresh-sealed-drive-golden-light.webp,
2026-07-29T23:06:53.434279,driveway-safety-for-children,guides/driveway-safety-for-children/index.html,swapped,0,/images/pexels-curtis-adams-1694007-3990589.webp,/images/heroes/hero-even-concrete-drive-to-garage.webp,Driveway Safety for Children — Drivewayz USA,Smooth even concrete drive running up to a garage door,string,https://drivewayzusa.co/images/hero-driveway-safety-for-children.webp,https://drivewayzusa.co/images/heroes/hero-even-concrete-drive-to-garage.webp,true,/images/pexels-curtis-adams-1694007-3990589.webp,/images/heroes/hero-even-concrete-drive-to-garage.webp,
2026-07-29T23:06:53.434659,driveway-safety-slip-resistance-in-wet-and-icy-conditions,guides/driveway-safety-slip-resistance-in-wet-and-icy-conditions/index.html,swapped,0,/images/pexels-curtis-adams-1694007-3990589.webp,/images/heroes/hero-rain-beaded-broom-finish.webp,Driveway Safety: Slip Resistance in Wet and Icy Conditions — Drivewayz USA,Rain beads on a broom textured concrete surface with grip,string,https://drivewayzusa.co/images/hero-driveway-safety-slip-resistance-in-wet-and-icy-conditions.webp,https://drivewayzusa.co/images/heroes/hero-rain-beaded-broom-finish.webp,true,/images/pexels-curtis-adams-1694007-3990589.webp,/images/heroes/hero-rain-beaded-broom-finish.webp,
2026-07-29T23:06:53.435009,driveway-sand-types-washed-mason-and-utility,guides/driveway-sand-types-washed-mason-and-utility/index.html,swapped,0,/images/pexels-curtis-adams-1694007-3990589.webp,/images/heroes/hero-graded-sand-piles-paver-bed.webp,"Driveway Sand Types: Washed, Mason, and Utility — Drivewayz USA",Separate piles of fine and coarse sand beside a gravel work area,string,https://drivewayzusa.co/images/hero-driveway-sand-types-washed-mason-and-utility.webp,https://drivewayzusa.co/images/heroes/hero-graded-sand-piles-paver-bed.webp,true,/images/pexels-curtis-adams-1694007-3990589.webp,/images/heroes/hero-graded-sand-piles-paver-bed.webp,
2026-07-29T23:06:53.435365,driveway-scaling-resistance-test-astm-c672-method,guides/driveway-scaling-resistance-test-astm-c672-method/index.html,swapped,0,/images/pexels-curtis-adams-1694007-3990589.webp,/images/heroes/hero-flaking-scaled-concrete-closeup.webp,Driveway Scaling Resistance Test: ASTM C672 Method — Drivewayz USA,Close view of flaking scaled patches across a concrete surface,string,https://drivewayzusa.co/images/hero-driveway-scaling-resistance-test-astm-c672-method.webp,https://drivewayzusa.co/images/heroes/hero-flaking-scaled-concrete-closeup.webp,true,/images/pexels-curtis-adams-1694007-3990589.webp,/images/heroes/hero-flaking-scaled-concrete-closeup.webp,
2026-07-29T23:06:53.435665,driveway-schedule-of-values-breaking-down-project-cost,guides/driveway-schedule-of-values-breaking-down-project-cost/index.html,swapped,0,/images/pexels-curtis-adams-1694007-3990589.webp,/images/heroes/hero-graded-base-with-lumber-forms.webp,Driveway Schedule of Values: Breaking Down Project Cost — Drivewayz USA,Partly prepared gravel base framed by lumber form boards,string,https://drivewayzusa.co/images/hero-driveway-schedule-of-values-breaking-down-project-cost.webp,https://drivewayzusa.co/images/heroes/hero-graded-base-with-lumber-forms.webp,true,/images/pexels-curtis-adams-1694007-3990589.webp,/images/heroes/hero-graded-base-with-lumber-forms.webp,
2026-07-29T23:06:53.435876,driveway-school-zone-requirements-safety-near-schools,guides/driveway-school-zone-requirements-safety-near-schools/index.html,swapped,0,/images/pexels-curtis-adams-1694007-3990589.webp,/images/heroes/hero-sealed-drive-open-sight-lines.webp,Driveway School Zone Requirements: Safety Near Schools — Drivewayz USA,Clear open view along a sealed drive toward the street,string,https://drivewayzusa.co/images/hero-driveway-school-zone-requirements-safety-near-schools.webp,https://drivewayzusa.co/images/heroes/hero-sealed-drive-open-sight-lines.webp,true,/images/pexels-curtis-adams-1694007-3990589.webp,/images/heroes/hero-sealed-drive-open-sight-lines.webp,
2026-07-29T23:06:53.436076,driveway-scope-of-work-defining-the-project-clearly,guides/driveway-scope-of-work-defining-the-project-clearly/index.html,swapped,0,/images/pexels-curtis-adams-1694007-3990589.webp,/images/heroes/hero-measuring-tape-across-gravel-base.webp,Driveway Scope of Work: Defining the Project Clearly — Drivewayz USA,Measuring tape stretched across a staked gravel base,string,https://drivewayzusa.co/images/hero-driveway-scope-of-work-defining-the-project-clearly.webp,https://drivewayzusa.co/images/heroes/hero-measuring-tape-across-gravel-base.webp,true,/images/pexels-curtis-adams-1694007-3990589.webp,/images/heroes/hero-measuring-tape-across-gravel-base.webp,
2026-07-29T23:06:53.436279,driveway-sealcoat-failure-common-causes-and-remedies,guides/driveway-sealcoat-failure-common-causes-and-remedies/index.html,swapped,0,/images/pexels-curtis-adams-1694007-3990589.webp,/images/heroes/hero-peeling-sealcoat-fine-cracks.webp,Driveway Sealcoat Failure: Common Causes and Remedies — Drivewayz USA,Worn peeling sealcoat with fine cracks across gray asphalt,string,https://drivewayzusa.co/images/hero-driveway-sealcoat-failure-common-causes-and-remedies.webp,https://drivewayzusa.co/images/heroes/hero-peeling-sealcoat-fine-cracks.webp,true,/images/pexels-curtis-adams-1694007-3990589.webp,/images/heroes/hero-peeling-sealcoat-fine-cracks.webp,
2026-07-29T23:06:53.436611,driveway-sealcoating-when-why-and-how-often,guides/driveway-sealcoating-when-why-and-how-often/index.html,swapped,0,/images/pexels-curtis-adams-1694007-3990589.webp,/images/heroes/hero-wet-sealcoat-gloss-closeup.webp,"Driveway Sealcoating: When, Why, and How Often — Drivewayz USA",Close view of glossy wet sealant spread over dark asphalt,string,https://drivewayzusa.co/images/hero-driveway-sealcoating-when-why-and-how-often.webp,https://drivewayzusa.co/images/heroes/hero-wet-sealcoat-gloss-closeup.webp,true,/images/pexels-curtis-adams-1694007-3990589.webp,/images/heroes/hero-wet-sealcoat-gloss-closeup.webp,
2026-07-29T23:06:53.436934,driveway-seasonal-checklist-printable-four-season-guide,guides/driveway-seasonal-checklist-printable-four-season-guide/index.html,swapped,0,/images/pexels-curtis-adams-1694007-3990589.webp,/images/heroes/hero-fallen-leaves-sealed-drive.webp,Driveway Seasonal Checklist Printable: Four-Season Guide — Drivewayz USA,Fallen autumn leaves scattered across a dark sealed drive,string,https://drivewayzusa.co/images/hero-driveway-seasonal-checklist-printable-four-season-guide.webp,https://drivewayzusa.co/images/heroes/hero-fallen-leaves-sealed-drive.webp,true,/images/pexels-curtis-adams-1694007-3990589.webp,/images/heroes/hero-fallen-leaves-sealed-drive.webp,
2026-07-29T23:06:53.437224,driveway-seasonal-material-sales-when-to-buy-for-savings,guides/driveway-seasonal-material-sales-when-to-buy-for-savings/index.html,swapped,0,/images/pexels-curtis-adams-1694007-3990589.webp,/images/heroes/hero-bulk-gravel-pile-ready-delivery.webp,Driveway Seasonal Material Sales: When to Buy for Savings — Drivewayz USA,Bulk pile of crushed gravel awaiting delivery at a job site,string,https://drivewayzusa.co/images/hero-driveway-seasonal-material-sales-when-to-buy-for-savings.webp,https://drivewayzusa.co/images/heroes/hero-bulk-gravel-pile-ready-delivery.webp,true,/images/pexels-curtis-adams-1694007-3990589.webp,/images/heroes/hero-bulk-gravel-pile-ready-delivery.webp,
2026-07-29T23:06:53.437521,driveway-sewer-line-access-maintaining-utility-access,guides/driveway-sewer-line-access-maintaining-utility-access/index.html,swapped,0,/images/pexels-curtis-adams-1694007-3990589.webp,/images/heroes/hero-flush-utility-cover-concrete-slab.webp,Driveway Sewer Line Access: Maintaining Utility Access — Drivewayz USA,Round metal access cover set flush into a concrete slab,string,https://drivewayzusa.co/images/hero-driveway-sewer-line-access-maintaining-utility-access.webp,https://drivewayzusa.co/images/heroes/hero-flush-utility-cover-concrete-slab.webp,true,/images/pexels-curtis-adams-1694007-3990589.webp,/images/heroes/hero-flush-utility-cover-concrete-slab.webp,
2026-07-29T23:06:53.437813,driveway-silica-dust-exposure-health-risks-and-prevention,guides/driveway-silica-dust-exposure-health-risks-and-prevention/index.html,swapped,0,/images/pexels-curtis-adams-1694007-3990589.webp,/images/heroes/hero-dusty-saw-cut-concrete-groove.webp,Driveway Silica Dust Exposure: Health Risks and Prevention — Drivewayz USA,Fine pale powder settling over a fresh saw cut in concrete,string,https://drivewayzusa.co/images/hero-driveway-silica-dust-exposure-health-risks-and-prevention.webp,https://drivewayzusa.co/images/heroes/hero-dusty-saw-cut-concrete-groove.webp,true,/images/pexels-curtis-adams-1694007-3990589.webp,/images/heroes/hero-dusty-saw-cut-concrete-groove.webp,
2026-07-29T23:06:53.438153,driveway-slope-and-drainage-minimum-codes-and-best-practice,guides/driveway-slope-and-drainage-minimum-codes-and-best-practice/index.html,swapped,0,/images/pexels-curtis-adams-1694007-3990589.webp,/images/heroes/hero-runoff-flowing-tilted-concrete.webp,Driveway Slope and Drainage: Minimum Codes and Best Practice — Drivewayz USA,Rainwater sheeting across a gently tilted sealed concrete drive,string,https://drivewayzusa.co/images/hero-driveway-slope-and-drainage-minimum-codes-and-best-practice.webp,https://drivewayzusa.co/images/heroes/hero-runoff-flowing-tilted-concrete.webp,true,/images/pexels-curtis-adams-1694007-3990589.webp,/images/heroes/hero-runoff-flowing-tilted-concrete.webp,
2026-07-29T23:06:53.438351,driveway-slope-drainage,guides/driveway-slope-drainage/index.html,skipped,0,,,,,,,,,,,hero_img_not_found
2026-07-29T23:06:53.438686,driveway-smart-city-connection-iot-sensors-in-pavement,guides/driveway-smart-city-connection-iot-sensors-in-pavement/index.html,swapped,0,/images/pexels-curtis-adams-1694007-3990589.webp,/images/heroes/hero-flush-sensor-puck-asphalt.webp,Driveway Smart City Connection: IoT Sensors in Pavement — Drivewayz USA,Small round sensor set flush into dark sealed asphalt,string,https://drivewayzusa.co/images/hero-driveway-smart-city-connection-iot-sensors-in-pavement.webp,https://drivewayzusa.co/images/heroes/hero-flush-sensor-puck-asphalt.webp,true,/images/pexels-curtis-adams-1694007-3990589.webp,/images/heroes/hero-flush-sensor-puck-asphalt.webp,
2026-07-29T23:06:53.438985,driveway-smart-irrigation-controller-protecting-pavement-edges,guides/driveway-smart-irrigation-controller-protecting-pavement-edges/index.html,swapped,0,/images/pexels-curtis-adams-1694007-3990589.webp,/images/heroes/hero-sprinkler-mist-concrete-drive-edge.webp,Driveway Smart Irrigation Controller: Protecting Pavement Edges — Drivewayz USA,Sprinkler mist drifting over the lawn edge beside a concrete drive,string,https://drivewayzusa.co/images/hero-driveway-smart-irrigation-controller-protecting-pavement-edges.webp,https://drivewayzusa.co/images/heroes/hero-sprinkler-mist-concrete-drive-edge.webp,true,/images/pexels-curtis-adams-1694007-3990589.webp,/images/heroes/hero-sprinkler-mist-concrete-drive-edge.webp,
2026-07-29T23:06:53.439323,driveway-smart-lock-gate-remote-access-control,guides/driveway-smart-lock-gate-remote-access-control/index.html,swapped,0,/images/pexels-curtis-adams-1694007-3990589.webp,/images/heroes/hero-metal-gate-gravel-drive-entry.webp,Driveway Smart Lock Gate: Remote Access Control — Drivewayz USA,Closed metal gate across a gravel drive in warm light,string,https://drivewayzusa.co/images/hero-driveway-smart-lock-gate-remote-access-control.webp,https://drivewayzusa.co/images/heroes/hero-metal-gate-gravel-drive-entry.webp,true,/images/pexels-curtis-adams-1694007-3990589.webp,/images/heroes/hero-metal-gate-gravel-drive-entry.webp,
2026-07-29T23:06:53.439560,driveway-snow-removal-equipment-blowers-plows-and-shovels-compared,guides/driveway-snow-removal-equipment-blowers-plows-and-shovels-compared/index.html,swapped,0,/images/pexels-sobeslavjan-13838908.webp,/images/heroes/hero-snow-blower-cleared-drive.webp,"Driveway Snow Removal Equipment: Blowers, Plows, and Shovels Compared — Drivewayz USA",Snow blower resting on a partly cleared asphalt drive,string,https://drivewayzusa.co/images/hero-driveway-snow-removal-equipment-blowers-plows-and-shovels-compared.webp,https://drivewayzusa.co/images/heroes/hero-snow-blower-cleared-drive.webp,true,/images/pexels-sobeslavjan-13838908.webp,/images/heroes/hero-snow-blower-cleared-drive.webp,
2026-07-29T23:06:53.439860,driveway-snow-stakes-and-edge-markers,guides/driveway-snow-stakes-and-edge-markers/index.html,swapped,0,/images/pexels-sobeslavjan-13838908.webp,/images/heroes/hero-marker-stakes-snowy-drive-edge.webp,Driveway Snow Stakes and Edge Markers — Drivewayz USA,Reflective posts lining a snow covered gravel lane under gray sky,string,https://drivewayzusa.co/images/hero-driveway-snow-stakes-and-edge-markers.webp,https://drivewayzusa.co/images/heroes/hero-marker-stakes-snowy-drive-edge.webp,true,/images/pexels-sobeslavjan-13838908.webp,/images/heroes/hero-marker-stakes-snowy-drive-edge.webp,
2026-07-29T23:06:53.440201,driveway-soil-testing-why-its-essential-before-construction,guides/driveway-soil-testing-why-its-essential-before-construction/index.html,swapped,0,/images/pexels-curtis-adams-1694007-3990589.webp,/images/heroes/hero-auger-soil-cores-test-hole.webp,Driveway Soil Testing: Why It&amp;#x27;s Essential Before Construction — Drivewayz USA,Hand auger and soil cores beside an open test hole,string,https://drivewayzusa.co/images/hero-driveway-soil-testing-why-its-essential-before-construction.webp,https://drivewayzusa.co/images/heroes/hero-auger-soil-cores-test-hole.webp,true,/images/pexels-curtis-adams-1694007-3990589.webp,/images/heroes/hero-auger-soil-cores-test-hole.webp,
2026-07-29T23:06:53.440410,driveway-specification-writing-describing-what-you-want,guides/driveway-specification-writing-describing-what-you-want/index.html,swapped,0,/images/pexels-curtis-adams-1694007-3990589.webp,/images/heroes/hero-paver-sample-boards-on-gravel.webp,Driveway Specification Writing: Describing What You Want — Drivewayz USA,Assorted paver finish samples arranged on a flat gravel bed,string,https://drivewayzusa.co/images/hero-driveway-specification-writing-describing-what-you-want.webp,https://drivewayzusa.co/images/heroes/hero-paver-sample-boards-on-gravel.webp,true,/images/pexels-curtis-adams-1694007-3990589.webp,/images/heroes/hero-paver-sample-boards-on-gravel.webp,
2026-07-29T23:06:53.440641,driveway-spray-applied-overlay-fast-installation-option,guides/driveway-spray-applied-overlay-fast-installation-option/index.html,swapped,0,/images/pexels-curtis-adams-1694007-3990589.webp,/images/heroes/hero-sprayed-thin-overlay-concrete.webp,Driveway Spray-Applied Overlay: Fast Installation Option — Drivewayz USA,Thin fresh overlay coat partway across an old concrete slab,string,https://drivewayzusa.co/images/hero-driveway-spray-applied-overlay-fast-installation-option.webp,https://drivewayzusa.co/images/heroes/hero-sprayed-thin-overlay-concrete.webp,true,/images/pexels-curtis-adams-1694007-3990589.webp,/images/heroes/hero-sprayed-thin-overlay-concrete.webp,
2026-07-29T23:06:53.440867,driveway-spring-assessment-post-winter-damage-check,guides/driveway-spring-assessment-post-winter-damage-check/index.html,swapped,0,/images/pexels-curtis-adams-1694007-3990589.webp,/images/heroes/hero-salt-stained-cracked-concrete.webp,Driveway Spring Assessment: Post-Winter Damage Check — Drivewayz USA,Salt stained cracks running across a concrete slab under gray sky,string,https://drivewayzusa.co/images/hero-driveway-spring-assessment-post-winter-damage-check.webp,https://drivewayzusa.co/images/heroes/hero-salt-stained-cracked-concrete.webp,true,/images/pexels-curtis-adams-1694007-3990589.webp,/images/heroes/hero-salt-stained-cracked-concrete.webp,
2026-07-29T23:06:53.441196,driveway-staged-construction-building-in-phases,guides/driveway-staged-construction-building-in-phases/index.html,swapped,0,/images/pexels-curtis-adams-1694007-3990589.webp,/images/heroes/hero-staged-pour-form-boards-slab.webp,Driveway Staged Construction: Building in Phases — Drivewayz USA,Partly poured concrete slab between wooden forms under an overcast sky,string,https://drivewayzusa.co/images/hero-driveway-staged-construction-building-in-phases.webp,https://drivewayzusa.co/images/heroes/hero-staged-pour-form-boards-slab.webp,true,/images/pexels-curtis-adams-1694007-3990589.webp,/images/heroes/hero-staged-pour-form-boards-slab.webp,
2026-07-29T23:06:53.441424,driveway-stamped-overlay-adding-decorative-patterns,guides/driveway-stamped-overlay-adding-decorative-patterns/index.html,swapped,0,/images/matt-jones-xpDHTc-pkog-unsplash.webp,/images/heroes/hero-stamped-overlay-fan-closeup.webp,Driveway Stamped Overlay: Adding Decorative Patterns — Drivewayz USA,Stamped concrete fan pattern glowing in warm golden hour light,string,https://drivewayzusa.co/images/hero-driveway-stamped-overlay-adding-decorative-patterns.webp,https://drivewayzusa.co/images/heroes/hero-stamped-overlay-fan-closeup.webp,true,/images/matt-jones-xpDHTc-pkog-unsplash.webp,/images/heroes/hero-stamped-overlay-fan-closeup.webp,
2026-07-29T23:06:53.441726,driveway-statute-of-limitations-time-to-file-a-claim,guides/driveway-statute-of-limitations-time-to-file-a-claim/index.html,swapped,0,/images/pexels-curtis-adams-1694007-3990589.webp,/images/heroes/hero-aging-concrete-drive-gray-sky.webp,Driveway Statute of Limitations: Time to File a Claim — Drivewayz USA,Weathered concrete driveway fronting a quiet home under gray skies,string,https://drivewayzusa.co/images/hero-driveway-statute-of-limitations-time-to-file-a-claim.webp,https://drivewayzusa.co/images/heroes/hero-aging-concrete-drive-gray-sky.webp,true,/images/pexels-curtis-adams-1694007-3990589.webp,/images/heroes/hero-aging-concrete-drive-gray-sky.webp,
2026-07-29T23:06:53.442070,driveway-statute-of-repose-ultimate-deadline-for-claims,guides/driveway-statute-of-repose-ultimate-deadline-for-claims/index.html,swapped,0,/images/pexels-curtis-adams-1694007-3990589.webp,/images/heroes/hero-weathered-concrete-rural-approach.webp,Driveway Statute of Repose: Ultimate Deadline for Claims — Drivewayz USA,Aging concrete rural driveway stretching ahead in bright midday sun,string,https://drivewayzusa.co/images/hero-driveway-statute-of-repose-ultimate-deadline-for-claims.webp,https://drivewayzusa.co/images/heroes/hero-weathered-concrete-rural-approach.webp,true,/images/pexels-curtis-adams-1694007-3990589.webp,/images/heroes/hero-weathered-concrete-rural-approach.webp,
2026-07-29T23:06:53.442304,driveway-stenciling-and-pattern-techniques,guides/driveway-stenciling-and-pattern-techniques/index.html,swapped,0,/images/pexels-curtis-adams-1694007-3990589.webp,/images/heroes/hero-stenciled-pattern-concrete-closeup.webp,Driveway Stenciling and Pattern Techniques — Drivewayz USA,Fresh stenciled geometric pattern pressed into a smooth concrete surface,string,https://drivewayzusa.co/images/hero-driveway-stenciling-and-pattern-techniques.webp,https://drivewayzusa.co/images/heroes/hero-stenciled-pattern-concrete-closeup.webp,true,/images/pexels-curtis-adams-1694007-3990589.webp,/images/heroes/hero-stenciled-pattern-concrete-closeup.webp,
2026-07-29T23:06:53.442537,driveway-stone-dust-uses-and-application-guide,guides/driveway-stone-dust-uses-and-application-guide/index.html,swapped,0,/images/pexels-curtis-adams-1694007-3990589.webp,/images/heroes/hero-fine-stone-dust-spread-closeup.webp,Driveway Stone Dust: Uses and Application Guide — Drivewayz USA,Fine stone dust spread in an even layer over a driveway base,string,https://drivewayzusa.co/images/hero-driveway-stone-dust-uses-and-application-guide.webp,https://drivewayzusa.co/images/heroes/hero-fine-stone-dust-spread-closeup.webp,true,/images/pexels-curtis-adams-1694007-3990589.webp,/images/heroes/hero-fine-stone-dust-spread-closeup.webp,
2026-07-29T23:06:53.442824,driveway-stop-notice-protecting-subcontractor-payments,guides/driveway-stop-notice-protecting-subcontractor-payments/index.html,swapped,0,/images/pexels-curtis-adams-1694007-3990589.webp,/images/heroes/hero-quiet-asphalt-lane-overcast-sky.webp,Driveway Stop Notice: Protecting Subcontractor Payments — Drivewayz USA,Quiet asphalt lane stretching toward open fields under gray skies,string,https://drivewayzusa.co/images/hero-driveway-stop-notice-protecting-subcontractor-payments.webp,https://drivewayzusa.co/images/heroes/hero-quiet-asphalt-lane-overcast-sky.webp,true,/images/pexels-curtis-adams-1694007-3990589.webp,/images/heroes/hero-quiet-asphalt-lane-overcast-sky.webp,
2026-07-29T23:06:53.443029,driveway-structural-evaluation-when-to-call-an-engineer,guides/driveway-structural-evaluation-when-to-call-an-engineer/index.html,swapped,0,/images/pexels-curtis-adams-1694007-3990589.webp,/images/heroes/hero-crack-gauge-concrete-slab-closeup.webp,Driveway Structural Evaluation: When to Call an Engineer — Drivewayz USA,Crack width gauge resting on a cracked concrete driveway slab,string,https://drivewayzusa.co/images/hero-driveway-structural-evaluation-when-to-call-an-engineer.webp,https://drivewayzusa.co/images/heroes/hero-crack-gauge-concrete-slab-closeup.webp,true,/images/pexels-curtis-adams-1694007-3990589.webp,/images/heroes/hero-crack-gauge-concrete-slab-closeup.webp,
2026-07-29T23:06:53.443241,driveway-sub-base-construction-best-practices,guides/driveway-sub-base-construction-best-practices/index.html,swapped,0,/images/pexels-curtis-adams-1694007-3990589.webp,/images/heroes/hero-vibratory-roller-gravel-base.webp,Driveway Sub-Base Construction Best Practices — Drivewayz USA,Vibratory roller compacting a gravel driveway base under flat skies,string,https://drivewayzusa.co/images/hero-driveway-sub-base-construction-best-practices.webp,https://drivewayzusa.co/images/heroes/hero-vibratory-roller-gravel-base.webp,true,/images/pexels-curtis-adams-1694007-3990589.webp,/images/heroes/hero-vibratory-roller-gravel-base.webp,
2026-07-29T23:06:53.443448,driveway-sub-base-materials-choosing-the-right-foundation,guides/driveway-sub-base-materials-choosing-the-right-foundation/index.html,swapped,0,/images/pexels-curtis-adams-1694007-3990589.webp,/images/heroes/hero-assorted-base-aggregate-piles.webp,Driveway Sub-Base Materials: Choosing the Right Foundation — Drivewayz USA,Piles of assorted gravel and crushed stone staged at a driveway site,string,https://drivewayzusa.co/images/hero-driveway-sub-base-materials-choosing-the-right-foundation.webp,https://drivewayzusa.co/images/heroes/hero-assorted-base-aggregate-piles.webp,true,/images/pexels-curtis-adams-1694007-3990589.webp,/images/heroes/hero-assorted-base-aggregate-piles.webp,
2026-07-29T23:06:53.445660,driveway-subcontractor-vs-general-contractor-who-to-hire,guides/driveway-subcontractor-vs-general-contractor-who-to-hire/index.html,swapped,2,/images/pexels-curtis-adams-1694007-3990589.webp,/images/heroes/hero-concrete-mixer-at-drive-site.webp,Driveway Subcontractor vs General Contractor: Who to Hire — Drivewayz USA,Concrete mixer beside wood forms in warm late afternoon light,string,https://drivewayzusa.co/images/hero-driveway-subcontractor-vs-general-contractor-who-to-hire.webp,https://drivewayzusa.co/images/heroes/hero-concrete-mixer-at-drive-site.webp,true,/images/pexels-curtis-adams-1694007-3990589.webp,/images/heroes/hero-concrete-mixer-at-drive-site.webp,
2026-07-29T23:06:53.445893,driveway-substantial-completion-when-the-project-is-usable,guides/driveway-substantial-completion-when-the-project-is-usable/index.html,swapped,0,/images/pexels-curtis-adams-1694007-3990589.webp,/images/heroes/hero-completed-concrete-drive-sunset.webp,Driveway Substantial Completion: When the Project Is Usable — Drivewayz USA,Finished concrete driveway with crisp edges in warm sunset light,string,https://drivewayzusa.co/images/hero-driveway-substantial-completion-when-the-project-is-usable.webp,https://drivewayzusa.co/images/heroes/hero-completed-concrete-drive-sunset.webp,true,/images/pexels-curtis-adams-1694007-3990589.webp,/images/heroes/hero-completed-concrete-drive-sunset.webp,
2026-07-29T23:06:53.446251,driveway-summer-protection-uv-and-heat-mitigation,guides/driveway-summer-protection-uv-and-heat-mitigation/index.html,swapped,0,/images/pexels-curtis-adams-1694007-3990589.webp,/images/heroes/hero-heat-haze-over-asphalt-drive.webp,Driveway Summer Protection: UV and Heat Mitigation — Drivewayz USA,Sun baked weathered asphalt driveway shimmering in harsh midday heat,string,https://drivewayzusa.co/images/hero-driveway-summer-protection-uv-and-heat-mitigation.webp,https://drivewayzusa.co/images/heroes/hero-heat-haze-over-asphalt-drive.webp,true,/images/pexels-curtis-adams-1694007-3990589.webp,/images/heroes/hero-heat-haze-over-asphalt-drive.webp,
2026-07-29T23:06:53.446659,driveway-surface-course-vs-base-course-understanding-layers,guides/driveway-surface-course-vs-base-course-understanding-layers/index.html,swapped,0,/images/pexels-curtis-adams-1694007-3990589.webp,/images/heroes/hero-two-course-asphalt-edge-profile.webp,Driveway Surface Course vs Base Course: Understanding Layers — Drivewayz USA,Exposed edge showing surface and base courses of an asphalt driveway,string,https://drivewayzusa.co/images/hero-driveway-surface-course-vs-base-course-understanding-layers.webp,https://drivewayzusa.co/images/heroes/hero-two-course-asphalt-edge-profile.webp,true,/images/pexels-curtis-adams-1694007-3990589.webp,/images/heroes/hero-two-course-asphalt-edge-profile.webp,
2026-07-29T23:06:53.447057,driveway-surface-drainage-rate-how-fast-water-clears,guides/driveway-surface-drainage-rate-how-fast-water-clears/index.html,swapped,0,/images/pexels-curtis-adams-1694007-3990589.webp,/images/heroes/hero-rain-runoff-sealed-concrete-drive.webp,Driveway Surface Drainage Rate: How Fast Water Clears — Drivewayz USA,Rainwater sheeting off a sealed concrete driveway after a shower,string,https://drivewayzusa.co/images/hero-driveway-surface-drainage-rate-how-fast-water-clears.webp,https://drivewayzusa.co/images/heroes/hero-rain-runoff-sealed-concrete-drive.webp,true,/images/pexels-curtis-adams-1694007-3990589.webp,/images/heroes/hero-rain-runoff-sealed-concrete-drive.webp,
2026-07-29T23:06:53.447458,driveway-sustainability-certifications-greenroads-and-envision,guides/driveway-sustainability-certifications-greenroads-and-envision/index.html,swapped,0,/images/pexels-curtis-adams-1694007-3990589.webp,/images/heroes/hero-permeable-paver-drive-planted-verge.webp,Driveway Sustainability Certifications: Greenroads and Envision — Drivewayz USA,Permeable paver driveway with planted borders glistening after rain,string,https://drivewayzusa.co/images/hero-driveway-sustainability-certifications-greenroads-and-envision.webp,https://drivewayzusa.co/images/heroes/hero-permeable-paver-drive-planted-verge.webp,true,/images/pexels-curtis-adams-1694007-3990589.webp,/images/heroes/hero-permeable-paver-drive-planted-verge.webp,
2026-07-29T23:06:53.447925,driveway-tack-coat-application-bonding-asphalt-layers,guides/driveway-tack-coat-application-bonding-asphalt-layers/index.html,swapped,0,/images/pexels-curtis-adams-1694007-3990589.webp,/images/heroes/hero-glossy-tack-coat-asphalt-closeup.webp,Driveway Tack Coat Application: Bonding Asphalt Layers — Drivewayz USA,Glossy black tack coat spread over an asphalt driveway surface,string,https://drivewayzusa.co/images/hero-driveway-tack-coat-application-bonding-asphalt-layers.webp,https://drivewayzusa.co/images/heroes/hero-glossy-tack-coat-asphalt-closeup.webp,true,/images/pexels-curtis-adams-1694007-3990589.webp,/images/heroes/hero-glossy-tack-coat-asphalt-closeup.webp,
2026-07-29T23:06:53.448285,driveway-temporary-surface-short-term-solutions,guides/driveway-temporary-surface-short-term-solutions/index.html,swapped,0,/images/pexels-curtis-adams-1694007-3990589.webp,/images/heroes/hero-temporary-gravel-track-bare-soil.webp,Driveway Temporary Surface: Short-Term Solutions — Drivewayz USA,Loose gravel track running over bare soil toward open fields,string,https://drivewayzusa.co/images/hero-driveway-temporary-surface-short-term-solutions.webp,https://drivewayzusa.co/images/heroes/hero-temporary-gravel-track-bare-soil.webp,true,/images/pexels-curtis-adams-1694007-3990589.webp,/images/heroes/hero-temporary-gravel-track-bare-soil.webp,
2026-07-29T23:06:53.448701,driveway-tensile-strength-how-concrete-resists-pulling-forces,guides/driveway-tensile-strength-how-concrete-resists-pulling-forces/index.html,swapped,0,/images/pexels-curtis-adams-1694007-3990589.webp,/images/heroes/hero-tension-crack-concrete-slab-closeup.webp,Driveway Tensile Strength: How Concrete Resists Pulling Forces — Drivewayz USA,Wide tension crack splitting a pale concrete slab in bright sun,string,https://drivewayzusa.co/images/hero-driveway-tensile-strength-how-concrete-resists-pulling-forces.webp,https://drivewayzusa.co/images/heroes/hero-tension-crack-concrete-slab-closeup.webp,true,/images/pexels-curtis-adams-1694007-3990589.webp,/images/heroes/hero-tension-crack-concrete-slab-closeup.webp,
2026-07-29T23:06:53.449525,driveway-thermal-expansion-why-joints-matter,guides/driveway-thermal-expansion-why-joints-matter/index.html,swapped,0,/images/pexels-curtis-adams-1694007-3990589.webp,/images/heroes/hero-fresh-expansion-joint-groove-closeup.webp,Driveway Thermal Expansion: Why Joints Matter — Drivewayz USA,Fresh expansion joint groove crossing smooth concrete in golden light,string,https://drivewayzusa.co/images/hero-driveway-thermal-expansion-why-joints-matter.webp,https://drivewayzusa.co/images/heroes/hero-fresh-expansion-joint-groove-closeup.webp,true,/images/pexels-curtis-adams-1694007-3990589.webp,/images/heroes/hero-fresh-expansion-joint-groove-closeup.webp,
2026-07-29T23:06:53.450197,driveway-thermal-shock-resistance-rapid-temperature-changes,guides/driveway-thermal-shock-resistance-rapid-temperature-changes/index.html,swapped,0,/images/pexels-curtis-adams-1694007-3990589.webp,/images/heroes/hero-frost-patch-sunny-concrete-slab.webp,Driveway Thermal Shock Resistance: Rapid Temperature Changes — Drivewayz USA,Melting frost patch on a weathered concrete slab in bright sun,string,https://drivewayzusa.co/images/hero-driveway-thermal-shock-resistance-rapid-temperature-changes.webp,https://drivewayzusa.co/images/heroes/hero-frost-patch-sunny-concrete-slab.webp,true,/images/pexels-curtis-adams-1694007-3990589.webp,/images/heroes/hero-frost-patch-sunny-concrete-slab.webp,
2026-07-29T23:06:53.450600,driveway-thickness-guide-for-cars-trucks-and-rvs,guides/driveway-thickness-guide-for-cars-trucks-and-rvs/index.html,swapped,0,/images/pexels-curtis-adams-1694007-3990589.webp,/images/heroes/hero-8-inch-thick-slab-edge.webp,"Driveway Thickness Guide for Cars, Trucks, and RVs — Drivewayz USA",Thick eight inch concrete slab edge resting on a gravel base,string,https://drivewayzusa.co/images/hero-driveway-thickness-guide-for-cars-trucks-and-rvs.webp,https://drivewayzusa.co/images/heroes/hero-8-inch-thick-slab-edge.webp,true,/images/pexels-curtis-adams-1694007-3990589.webp,/images/heroes/hero-8-inch-thick-slab-edge.webp,
2026-07-29T23:06:53.450887,driveway-thickness-guide,guides/driveway-thickness-guide/index.html,skipped,0,,,,,,,,,,,hero_img_not_found
2026-07-29T23:06:53.451360,driveway-time-and-materials-contract-flexible-pricing,guides/driveway-time-and-materials-contract-flexible-pricing/index.html,swapped,0,/images/hugo-sousa-BghGseQbAkA-unsplash.webp,/images/heroes/hero-shovel-spreading-wet-concrete.webp,Driveway Time and Materials Contract: Flexible Pricing — Drivewayz USA,Shovel spreading wet concrete between forms on a gray day,string,https://drivewayzusa.co/images/hero-driveway-time-and-materials-contract-flexible-pricing.webp,https://drivewayzusa.co/images/heroes/hero-shovel-spreading-wet-concrete.webp,true,/images/hugo-sousa-BghGseQbAkA-unsplash.webp,/images/heroes/hero-shovel-spreading-wet-concrete.webp,
2026-07-29T23:06:53.451700,driveway-time-lapse-camera-documenting-construction,guides/driveway-time-lapse-camera-documenting-construction/index.html,swapped,0,/images/pexels-curtis-adams-1694007-3990589.webp,/images/heroes/hero-tripod-camera-overlooking-drive-site.webp,Driveway Time-Lapse Camera: Documenting Construction — Drivewayz USA,Camera on a tripod overlooking a formed driveway bed at dusk,string,https://drivewayzusa.co/images/hero-driveway-time-lapse-camera-documenting-construction.webp,https://drivewayzusa.co/images/heroes/hero-tripod-camera-overlooking-drive-site.webp,true,/images/pexels-curtis-adams-1694007-3990589.webp,/images/heroes/hero-tripod-camera-overlooking-drive-site.webp,
2026-07-29T23:06:53.452174,driveway-tire-track-prevention-on-new-concrete,guides/driveway-tire-track-prevention-on-new-concrete/index.html,swapped,0,/images/pexels-curtis-adams-1694007-3990589.webp,/images/heroes/hero-unmarked-new-concrete-texture.webp,Driveway Tire Track Prevention on New Concrete — Drivewayz USA,Unmarked broom finish across a fresh concrete surface in bright sun,string,https://drivewayzusa.co/images/hero-driveway-tire-track-prevention-on-new-concrete.webp,https://drivewayzusa.co/images/heroes/hero-unmarked-new-concrete-texture.webp,true,/images/pexels-curtis-adams-1694007-3990589.webp,/images/heroes/hero-unmarked-new-concrete-texture.webp,
2026-07-29T23:06:53.452466,driveway-to-patio-transition-material-and-design-options,guides/driveway-to-patio-transition-material-and-design-options/index.html,swapped,0,/images/pexels-curtis-adams-1694007-3990589.webp,/images/heroes/hero-paver-patio-joins-concrete-slab.webp,Driveway to Patio Transition: Material and Design Options — Drivewayz USA,Paver patio edge meeting a concrete drive in warm evening light,string,https://drivewayzusa.co/images/hero-driveway-to-patio-transition-material-and-design-options.webp,https://drivewayzusa.co/images/heroes/hero-paver-patio-joins-concrete-slab.webp,true,/images/pexels-curtis-adams-1694007-3990589.webp,/images/heroes/hero-paver-patio-joins-concrete-slab.webp,
2026-07-29T23:06:53.452764,driveway-to-walkway-connection-maintaining-visual-flow,guides/driveway-to-walkway-connection-maintaining-visual-flow/index.html,swapped,0,/images/pexels-curtis-adams-1694007-3990589.webp,/images/heroes/hero-concrete-walk-meets-asphalt-drive.webp,Driveway to Walkway Connection: Maintaining Visual Flow — Drivewayz USA,Concrete walkway joining an aged asphalt drive under gray sky,string,https://drivewayzusa.co/images/hero-driveway-to-walkway-connection-maintaining-visual-flow.webp,https://drivewayzusa.co/images/heroes/hero-concrete-walk-meets-asphalt-drive.webp,true,/images/pexels-curtis-adams-1694007-3990589.webp,/images/heroes/hero-concrete-walk-meets-asphalt-drive.webp,
2026-07-29T23:06:53.453079,driveway-topographic-survey-mapping-your-property-for-grading,guides/driveway-topographic-survey-mapping-your-property-for-grading/index.html,swapped,0,/images/pexels-curtis-adams-1694007-3990589.webp,/images/heroes/hero-contour-stakes-sloped-bare-ground.webp,Driveway Topographic Survey: Mapping Your Property for Grading — Drivewayz USA,Wooden stakes and string lines marking elevations on sloped ground,string,https://drivewayzusa.co/images/hero-driveway-topographic-survey-mapping-your-property-for-grading.webp,https://drivewayzusa.co/images/heroes/hero-contour-stakes-sloped-bare-ground.webp,true,/images/pexels-curtis-adams-1694007-3990589.webp,/images/heroes/hero-contour-stakes-sloped-bare-ground.webp,
2026-07-29T23:06:53.453308,driveway-trade-shows-and-conferences-industry-events,guides/driveway-trade-shows-and-conferences-industry-events/index.html,swapped,0,/images/pexels-curtis-adams-1694007-3990589.webp,/images/heroes/hero-paver-sample-boards-display-row.webp,Driveway Trade Shows and Conferences: Industry Events — Drivewayz USA,Rows of paver and aggregate sample boards in bright light,string,https://drivewayzusa.co/images/hero-driveway-trade-shows-and-conferences-industry-events.webp,https://drivewayzusa.co/images/heroes/hero-paver-sample-boards-display-row.webp,true,/images/pexels-curtis-adams-1694007-3990589.webp,/images/heroes/hero-paver-sample-boards-display-row.webp,
2026-07-29T23:06:53.453638,driveway-traffic-control-during-construction-flagging-and-cones,guides/driveway-traffic-control-during-construction-flagging-and-cones/index.html,swapped,0,/images/pexels-curtis-adams-1694007-3990589.webp,/images/heroes/hero-cones-lined-fresh-asphalt-edge.webp,Driveway Traffic Control During Construction: Flagging and Cones — Drivewayz USA,Orange cones lined along the edge of fresh asphalt,string,https://drivewayzusa.co/images/hero-driveway-traffic-control-during-construction-flagging-and-cones.webp,https://drivewayzusa.co/images/heroes/hero-cones-lined-fresh-asphalt-edge.webp,true,/images/pexels-curtis-adams-1694007-3990589.webp,/images/heroes/hero-cones-lined-fresh-asphalt-edge.webp,
2026-07-29T23:06:53.453932,driveway-traffic-study-required-for-commercial-properties,guides/driveway-traffic-study-required-for-commercial-properties/index.html,swapped,0,/images/pexels-curtis-adams-1694007-3990589.webp,/images/heroes/hero-broad-asphalt-apron-street-view.webp,Driveway Traffic Study: Required for Commercial Properties — Drivewayz USA,Wide asphalt entry apron seen from above in midday sun,string,https://drivewayzusa.co/images/hero-driveway-traffic-study-required-for-commercial-properties.webp,https://drivewayzusa.co/images/heroes/hero-broad-asphalt-apron-street-view.webp,true,/images/pexels-curtis-adams-1694007-3990589.webp,/images/heroes/hero-broad-asphalt-apron-street-view.webp,
2026-07-29T23:06:53.454244,driveway-transformation-stories-real-homeowner-case-studies,guides/driveway-transformation-stories-real-homeowner-case-studies/index.html,swapped,0,/images/pexels-curtis-adams-1694007-3990589.webp,/images/heroes/hero-weathered-half-renewed-slab-line.webp,Driveway Transformation Stories: Real Homeowner Case Studies — Drivewayz USA,Aged concrete half meeting a freshly resurfaced half at a straight seam,string,https://drivewayzusa.co/images/hero-driveway-transformation-stories-real-homeowner-case-studies.webp,https://drivewayzusa.co/images/heroes/hero-weathered-half-renewed-slab-line.webp,true,/images/pexels-curtis-adams-1694007-3990589.webp,/images/heroes/hero-weathered-half-renewed-slab-line.webp,
2026-07-29T23:06:53.454583,driveway-transition-strips-where-driveway-meets-garage,guides/driveway-transition-strips-where-driveway-meets-garage/index.html,swapped,0,/images/pexels-curtis-adams-1694007-3990589.webp,/images/heroes/hero-metal-strip-garage-slab-joint.webp,Driveway Transition Strips: Where Driveway Meets Garage — Drivewayz USA,Metal edge trim set into the seam at a damp garage floor,string,https://drivewayzusa.co/images/hero-driveway-transition-strips-where-driveway-meets-garage.webp,https://drivewayzusa.co/images/heroes/hero-metal-strip-garage-slab-joint.webp,true,/images/pexels-curtis-adams-1694007-3990589.webp,/images/heroes/hero-metal-strip-garage-slab-joint.webp,
2026-07-29T23:06:53.454887,driveway-tree-preservation-working-around-protected-trees,guides/driveway-tree-preservation-working-around-protected-trees/index.html,swapped,0,/images/pexels-curtis-adams-1694007-3990589.webp,/images/heroes/hero-curved-slab-around-tree-trunk.webp,Driveway Tree Preservation: Working Around Protected Trees — Drivewayz USA,Concrete drive curving past a mature trunk in warm light,string,https://drivewayzusa.co/images/hero-driveway-tree-preservation-working-around-protected-trees.webp,https://drivewayzusa.co/images/heroes/hero-curved-slab-around-tree-trunk.webp,true,/images/pexels-curtis-adams-1694007-3990589.webp,/images/heroes/hero-curved-slab-around-tree-trunk.webp,
2026-07-29T23:06:53.455191,driveway-trends-from-home-and-garden-shows,guides/driveway-trends-from-home-and-garden-shows/index.html,swapped,0,/images/pexels-curtis-adams-1694007-3990589.webp,/images/heroes/hero-two-tone-paver-frontage-design.webp,Driveway Trends From Home and Garden Shows — Drivewayz USA,Two tone paver drive with contrasting border in midday sun,string,https://drivewayzusa.co/images/hero-driveway-trends-from-home-and-garden-shows.webp,https://drivewayzusa.co/images/heroes/hero-two-tone-paver-frontage-design.webp,true,/images/pexels-curtis-adams-1694007-3990589.webp,/images/heroes/hero-two-tone-paver-frontage-design.webp,
2026-07-29T23:06:53.455579,driveway-turnarounds-design-and-dimensions,guides/driveway-turnarounds-design-and-dimensions/index.html,swapped,0,/images/pexels-curtis-adams-1694007-3990589.webp,/images/heroes/hero-circular-concrete-turnaround-court.webp,Driveway Turnarounds: Design and Dimensions — Drivewayz USA,Circular concrete court with turning space viewed from above,string,https://drivewayzusa.co/images/hero-driveway-turnarounds-design-and-dimensions.webp,https://drivewayzusa.co/images/heroes/hero-circular-concrete-turnaround-court.webp,true,/images/pexels-curtis-adams-1694007-3990589.webp,/images/heroes/hero-circular-concrete-turnaround-court.webp,
2026-07-29T23:06:53.455940,driveway-ultra-thin-whitetopping-minimal-depth-concrete-overlay,guides/driveway-ultra-thin-whitetopping-minimal-depth-concrete-overlay/index.html,swapped,0,/images/pexels-curtis-adams-1694007-3990589.webp,/images/heroes/hero-pale-overlay-over-dark-asphalt.webp,Driveway Ultra-Thin Whitetopping: Minimal Depth Concrete Overlay — Drivewayz USA,Pale thin coat spreading over dark asphalt under gray sky,string,https://drivewayzusa.co/images/hero-driveway-ultra-thin-whitetopping-minimal-depth-concrete-overlay.webp,https://drivewayzusa.co/images/heroes/hero-pale-overlay-over-dark-asphalt.webp,true,/images/pexels-curtis-adams-1694007-3990589.webp,/images/heroes/hero-pale-overlay-over-dark-asphalt.webp,
2026-07-29T23:06:53.456220,driveway-umbrella-policy-extra-liability-protection,guides/driveway-umbrella-policy-extra-liability-protection/index.html,swapped,0,/images/pexels-curtis-adams-1694007-3990589.webp,/images/heroes/hero-clean-sealed-drive-fenced-yard.webp,Driveway Umbrella Policy: Extra Liability Protection — Drivewayz USA,Clean sealed asphalt drive beside a fenced yard in warm light,string,https://drivewayzusa.co/images/hero-driveway-umbrella-policy-extra-liability-protection.webp,https://drivewayzusa.co/images/heroes/hero-clean-sealed-drive-fenced-yard.webp,true,/images/pexels-curtis-adams-1694007-3990589.webp,/images/heroes/hero-clean-sealed-drive-fenced-yard.webp,
2026-07-29T23:06:53.456698,driveway-unbonded-concrete-overlay-structural-restoration,guides/driveway-unbonded-concrete-overlay-structural-restoration/index.html,swapped,0,/images/pexels-curtis-adams-1694007-3990589.webp,/images/heroes/hero-new-overlay-poured-over-old.webp,Driveway Unbonded Concrete Overlay: Structural Restoration — Drivewayz USA,Fresh pour between forms covering an aged weathered slab,string,https://drivewayzusa.co/images/hero-driveway-unbonded-concrete-overlay-structural-restoration.webp,https://drivewayzusa.co/images/heroes/hero-new-overlay-poured-over-old.webp,true,/images/pexels-curtis-adams-1694007-3990589.webp,/images/heroes/hero-new-overlay-poured-over-old.webp,
2026-07-29T23:06:53.457188,driveway-unit-price-contract-pay-per-square-foot,guides/driveway-unit-price-contract-pay-per-square-foot/index.html,swapped,0,/images/pexels-curtis-adams-1694007-3990589.webp,/images/heroes/hero-chalk-grid-marked-cracked-slab.webp,Driveway Unit Price Contract: Pay Per Square Foot — Drivewayz USA,Chalk grid marked across a cracked concrete panel in bright sun,string,https://drivewayzusa.co/images/hero-driveway-unit-price-contract-pay-per-square-foot.webp,https://drivewayzusa.co/images/heroes/hero-chalk-grid-marked-cracked-slab.webp,true,/images/pexels-curtis-adams-1694007-3990589.webp,/images/heroes/hero-chalk-grid-marked-cracked-slab.webp,
2026-07-29T23:06:53.457447,driveway-upgrade-priority-when-to-invest-in-improvements,guides/driveway-upgrade-priority-when-to-invest-in-improvements/index.html,swapped,0,/images/pexels-curtis-adams-1694007-3990589.webp,/images/heroes/hero-aging-lane-minor-cracks-fields.webp,Driveway Upgrade Priority: When to Invest in Improvements — Drivewayz USA,Aging asphalt lane with small cracks running between open fields,string,https://drivewayzusa.co/images/hero-driveway-upgrade-priority-when-to-invest-in-improvements.webp,https://drivewayzusa.co/images/heroes/hero-aging-lane-minor-cracks-fields.webp,true,/images/pexels-curtis-adams-1694007-3990589.webp,/images/heroes/hero-aging-lane-minor-cracks-fields.webp,
2026-07-29T23:06:53.457764,driveway-urban-planning-role-impervious-surface-regulations,guides/driveway-urban-planning-role-impervious-surface-regulations/index.html,swapped,0,/images/pexels-curtis-adams-1694007-3990589.webp,/images/heroes/hero-rain-sheet-flowing-off-slab.webp,Driveway Urban Planning Role: Impervious Surface Regulations — Drivewayz USA,Rainwater sheeting off a sealed slab toward a drain grate,string,https://drivewayzusa.co/images/hero-driveway-urban-planning-role-impervious-surface-regulations.webp,https://drivewayzusa.co/images/heroes/hero-rain-sheet-flowing-off-slab.webp,true,/images/pexels-curtis-adams-1694007-3990589.webp,/images/heroes/hero-rain-sheet-flowing-off-slab.webp,
2026-07-29T23:06:53.458150,driveway-utility-locating-underground-line-detection,guides/driveway-utility-locating-underground-line-detection/index.html,swapped,0,/images/pexels-curtis-adams-1694007-3990589.webp,/images/heroes/hero-colored-flags-asphalt-drive-edge.webp,Driveway Utility Locating: Underground Line Detection — Drivewayz USA,Small colored marking flags along the edge of a rural asphalt lane,string,https://drivewayzusa.co/images/hero-driveway-utility-locating-underground-line-detection.webp,https://drivewayzusa.co/images/heroes/hero-colored-flags-asphalt-drive-edge.webp,true,/images/pexels-curtis-adams-1694007-3990589.webp,/images/heroes/hero-colored-flags-asphalt-drive-edge.webp,
2026-07-29T23:06:53.458388,driveway-uv-resistance-how-materials-handle-sunlight,guides/driveway-uv-resistance-how-materials-handle-sunlight/index.html,swapped,0,/images/pexels-curtis-adams-1694007-3990589.webp,/images/heroes/hero-sun-bleached-contrast-shaded-slab.webp,Driveway UV Resistance: How Materials Handle Sunlight — Drivewayz USA,Sun bleached concrete panel beside a shaded section in harsh light,string,https://drivewayzusa.co/images/hero-driveway-uv-resistance-how-materials-handle-sunlight.webp,https://drivewayzusa.co/images/heroes/hero-sun-bleached-contrast-shaded-slab.webp,true,/images/pexels-curtis-adams-1694007-3990589.webp,/images/heroes/hero-sun-bleached-contrast-shaded-slab.webp,
2026-07-29T23:06:53.458681,driveway-value-engineering-getting-more-for-your-money,guides/driveway-value-engineering-getting-more-for-your-money/index.html,swapped,0,/images/pexels-curtis-adams-1694007-3990589.webp,/images/heroes/hero-prepped-base-wood-forms-dawn.webp,Driveway Value Engineering: Getting More for Your Money — Drivewayz USA,Wooden forms staked along a compacted gravel base in early light,string,https://drivewayzusa.co/images/hero-driveway-value-engineering-getting-more-for-your-money.webp,https://drivewayzusa.co/images/heroes/hero-prepped-base-wood-forms-dawn.webp,true,/images/pexels-curtis-adams-1694007-3990589.webp,/images/heroes/hero-prepped-base-wood-forms-dawn.webp,
2026-07-29T23:06:53.458937,driveway-vapor-barrier-when-to-use-plastic-sheeting,guides/driveway-vapor-barrier-when-to-use-plastic-sheeting/index.html,swapped,0,/images/pexels-curtis-adams-1694007-3990589.webp,/images/heroes/hero-plastic-sheeting-over-gravel-base.webp,Driveway Vapor Barrier: When to Use Plastic Sheeting — Drivewayz USA,Clear polyethylene film spread across a compacted gravel base,string,https://drivewayzusa.co/images/hero-driveway-vapor-barrier-when-to-use-plastic-sheeting.webp,https://drivewayzusa.co/images/heroes/hero-plastic-sheeting-over-gravel-base.webp,true,/images/pexels-curtis-adams-1694007-3990589.webp,/images/heroes/hero-plastic-sheeting-over-gravel-base.webp,
2026-07-29T23:06:53.459312,driveway-vehicle-recognition-camera-whos-arriving,guides/driveway-vehicle-recognition-camera-whos-arriving/index.html,swapped,0,/images/pexels-curtis-adams-1694007-3990589.webp,/images/heroes/hero-entry-camera-post-asphalt-drive.webp,Driveway Vehicle Recognition Camera: Who&amp;#x27;s Arriving? — Drivewayz USA,Compact camera on a low post beside a rain wet asphalt entry,string,https://drivewayzusa.co/images/hero-driveway-vehicle-recognition-camera-whos-arriving.webp,https://drivewayzusa.co/images/heroes/hero-entry-camera-post-asphalt-drive.webp,true,/images/pexels-curtis-adams-1694007-3990589.webp,/images/heroes/hero-entry-camera-post-asphalt-drive.webp,
2026-07-29T23:06:53.459678,driveway-vehicle-to-infrastructure-communication-future-tech,guides/driveway-vehicle-to-infrastructure-communication-future-tech/index.html,swapped,0,/images/pexels-curtis-adams-1694007-3990589.webp,/images/heroes/hero-flush-lights-asphalt-drive-dusk.webp,Driveway Vehicle-to-Infrastructure Communication: Future Tech — Drivewayz USA,Flush ground lights glowing along a sealed asphalt drive at dusk,string,https://drivewayzusa.co/images/hero-driveway-vehicle-to-infrastructure-communication-future-tech.webp,https://drivewayzusa.co/images/heroes/hero-flush-lights-asphalt-drive-dusk.webp,true,/images/pexels-curtis-adams-1694007-3990589.webp,/images/heroes/hero-flush-lights-asphalt-drive-dusk.webp,
2026-07-29T23:06:53.460089,driveway-video-doorbell-integration-entry-monitoring,guides/driveway-video-doorbell-integration-entry-monitoring/index.html,swapped,0,/images/pexels-curtis-adams-1694007-3990589.webp,/images/heroes/hero-camera-pillar-paver-drive-entry.webp,Driveway Video Doorbell Integration: Entry Monitoring — Drivewayz USA,Weathered paver drive with a small camera on a gate pillar,string,https://drivewayzusa.co/images/hero-driveway-video-doorbell-integration-entry-monitoring.webp,https://drivewayzusa.co/images/heroes/hero-camera-pillar-paver-drive-entry.webp,true,/images/pexels-curtis-adams-1694007-3990589.webp,/images/heroes/hero-camera-pillar-paver-drive-entry.webp,
2026-07-29T23:06:53.460559,driveway-video-marketing-for-contractors-before-and-after-content,guides/driveway-video-marketing-for-contractors-before-and-after-content/index.html,swapped,0,/images/pexels-curtis-adams-1694007-3990589.webp,/images/heroes/hero-weathered-meets-sealcoated-asphalt-half.webp,Driveway Video Marketing for Contractors: Before and After Content — Drivewayz USA,Weathered asphalt driveway half coated with fresh dark sealant,string,https://drivewayzusa.co/images/hero-driveway-video-marketing-for-contractors-before-and-after-content.webp,https://drivewayzusa.co/images/heroes/hero-weathered-meets-sealcoated-asphalt-half.webp,true,/images/pexels-curtis-adams-1694007-3990589.webp,/images/heroes/hero-weathered-meets-sealcoated-asphalt-half.webp,
2026-07-29T23:06:53.460915,driveway-video-pipe-inspection-checking-underground-drains,guides/driveway-video-pipe-inspection-checking-underground-drains/index.html,swapped,0,/images/pexels-curtis-adams-1694007-3990589.webp,/images/heroes/hero-camera-cable-culvert-pipe.webp,Driveway Video Pipe Inspection: Checking Underground Drains — Drivewayz USA,Small camera cable feeding into a corrugated culvert under gravel,string,https://drivewayzusa.co/images/hero-driveway-video-pipe-inspection-checking-underground-drains.webp,https://drivewayzusa.co/images/heroes/hero-camera-cable-culvert-pipe.webp,true,/images/pexels-curtis-adams-1694007-3990589.webp,/images/heroes/hero-camera-cable-culvert-pipe.webp,
2026-07-29T23:06:53.461230,driveway-virtual-reality-walkthrough-pre-construction-preview,guides/driveway-virtual-reality-walkthrough-pre-construction-preview/index.html,swapped,0,/images/pexels-curtis-adams-1694007-3990589.webp,/images/heroes/hero-string-stakes-bare-drive-footprint.webp,Driveway Virtual Reality Walkthrough: Pre-Construction Preview — Drivewayz USA,Wooden stakes and bright string lines marking a bare driveway footprint,string,https://drivewayzusa.co/images/hero-driveway-virtual-reality-walkthrough-pre-construction-preview.webp,https://drivewayzusa.co/images/heroes/hero-string-stakes-bare-drive-footprint.webp,true,/images/pexels-curtis-adams-1694007-3990589.webp,/images/heroes/hero-string-stakes-bare-drive-footprint.webp,
2026-07-29T23:06:53.461627,driveway-warranty-claims-how-to-file-successfully,guides/driveway-warranty-claims-how-to-file-successfully/index.html,swapped,0,/images/pexels-curtis-adams-1694007-3990589.webp,/images/heroes/hero-cracked-asphalt-drive-gray-frontage.webp,Driveway Warranty Claims: How to File Successfully — Drivewayz USA,Cracked asphalt driveway in front of a garage under midday sun,string,https://drivewayzusa.co/images/hero-driveway-warranty-claims-how-to-file-successfully.webp,https://drivewayzusa.co/images/heroes/hero-cracked-asphalt-drive-gray-frontage.webp,true,/images/pexels-curtis-adams-1694007-3990589.webp,/images/heroes/hero-cracked-asphalt-drive-gray-frontage.webp,
2026-07-29T23:06:53.461953,driveway-warranty-period-start-date-when-coverage-begins,guides/driveway-warranty-period-start-date-when-coverage-begins/index.html,swapped,0,/images/pexels-curtis-adams-1694007-3990589.webp,/images/heroes/hero-just-finished-concrete-front-drive.webp,Driveway Warranty Period Start Date: When Coverage Begins — Drivewayz USA,Newly finished concrete driveway with clean sawn joints and neat lawn,string,https://drivewayzusa.co/images/hero-driveway-warranty-period-start-date-when-coverage-begins.webp,https://drivewayzusa.co/images/heroes/hero-just-finished-concrete-front-drive.webp,true,/images/pexels-curtis-adams-1694007-3990589.webp,/images/heroes/hero-just-finished-concrete-front-drive.webp,
2026-07-29T23:06:53.462310,driveway-warranty-tracking-digital-record-keeping,guides/driveway-warranty-tracking-digital-record-keeping/index.html,swapped,0,/images/pexels-curtis-adams-1694007-3990589.webp,/images/heroes/hero-tablet-on-sealed-concrete.webp,Driveway Warranty Tracking: Digital Record Keeping — Drivewayz USA,Tablet resting on a smooth sealed concrete driveway surface,string,https://drivewayzusa.co/images/hero-driveway-warranty-tracking-digital-record-keeping.webp,https://drivewayzusa.co/images/heroes/hero-tablet-on-sealed-concrete.webp,true,/images/pexels-curtis-adams-1694007-3990589.webp,/images/heroes/hero-tablet-on-sealed-concrete.webp,
2026-07-29T23:06:53.462675,driveway-water-main-location-protecting-underground-infrastructure,guides/driveway-water-main-location-protecting-underground-infrastructure/index.html,swapped,0,/images/pexels-curtis-adams-1694007-3990589.webp,/images/heroes/hero-utility-flags-asphalt-edge.webp,Driveway Water Main Location: Protecting Underground Infrastructure — Drivewayz USA,Colored utility marking flags along the edge of an asphalt driveway,string,https://drivewayzusa.co/images/hero-driveway-water-main-location-protecting-underground-infrastructure.webp,https://drivewayzusa.co/images/heroes/hero-utility-flags-asphalt-edge.webp,true,/images/pexels-curtis-adams-1694007-3990589.webp,/images/heroes/hero-utility-flags-asphalt-edge.webp,
2026-07-29T23:06:53.463056,driveway-water-quality-impact-reducing-pollution-from-runoff,guides/driveway-water-quality-impact-reducing-pollution-from-runoff/index.html,swapped,0,/images/pexels-curtis-adams-1694007-3990589.webp,/images/heroes/hero-runoff-sheeting-sealed-drive.webp,Driveway Water Quality Impact: Reducing Pollution From Runoff — Drivewayz USA,Rainwater sheeting off a sealed concrete driveway toward grass,string,https://drivewayzusa.co/images/hero-driveway-water-quality-impact-reducing-pollution-from-runoff.webp,https://drivewayzusa.co/images/heroes/hero-runoff-sheeting-sealed-drive.webp,true,/images/pexels-curtis-adams-1694007-3990589.webp,/images/heroes/hero-runoff-sheeting-sealed-drive.webp,
2026-07-29T23:06:53.463399,driveway-weather-day-policy-contract-terms-for-delays,guides/driveway-weather-day-policy-contract-terms-for-delays/index.html,swapped,0,/images/pexels-curtis-adams-1694007-3990589.webp,/images/heroes/hero-soaked-base-between-form-boards.webp,Driveway Weather Day Policy: Contract Terms for Delays — Drivewayz USA,Rain soaked gravel base between wooden form boards awaiting paving,string,https://drivewayzusa.co/images/hero-driveway-weather-day-policy-contract-terms-for-delays.webp,https://drivewayzusa.co/images/heroes/hero-soaked-base-between-form-boards.webp,true,/images/pexels-curtis-adams-1694007-3990589.webp,/images/heroes/hero-soaked-base-between-form-boards.webp,
2026-07-29T23:06:53.463735,driveway-weather-insurance-rain-delay-coverage,guides/driveway-weather-insurance-rain-delay-coverage/index.html,swapped,0,/images/pexels-curtis-adams-1694007-3990589.webp,/images/heroes/hero-plastic-sheeted-slab-drizzle.webp,Driveway Weather Insurance: Rain Delay Coverage — Drivewayz USA,Plastic sheeting weighted over a fresh concrete slab in drizzle,string,https://drivewayzusa.co/images/hero-driveway-weather-insurance-rain-delay-coverage.webp,https://drivewayzusa.co/images/heroes/hero-plastic-sheeted-slab-drizzle.webp,true,/images/pexels-curtis-adams-1694007-3990589.webp,/images/heroes/hero-plastic-sheeted-slab-drizzle.webp,
2026-07-29T23:06:53.463983,driveway-weed-control-preventing-growth-between-cracks-and-joints,guides/driveway-weed-control-preventing-growth-between-cracks-and-joints/index.html,swapped,0,/images/pexels-artbovich-8134848.webp,/images/heroes/hero-weeds-sprouting-paver-joints.webp,Driveway Weed Control: Preventing Growth Between Cracks and Joints — Drivewayz USA,Tall weeds sprouting from gaps in a weathered paver drive,string,https://drivewayzusa.co/images/hero-driveway-weed-control-preventing-growth-between-cracks-and-joints.webp,https://drivewayzusa.co/images/heroes/hero-weeds-sprouting-paver-joints.webp,true,/images/pexels-artbovich-8134848.webp,/images/heroes/hero-weeds-sprouting-paver-joints.webp,
2026-07-29T23:06:53.464204,driveway-weight-limits-and-heavy-vehicles,guides/driveway-weight-limits-and-heavy-vehicles/index.html,swapped,0,/images/pexels-curtis-adams-1694007-3990589.webp,/images/heroes/hero-crushed-corner-cracked-slab-closeup.webp,Driveway Weight Limits and Heavy Vehicles — Drivewayz USA,Crushed corner of a cracked concrete driveway slab close up,string,https://drivewayzusa.co/images/hero-driveway-weight-limits-and-heavy-vehicles.webp,https://drivewayzusa.co/images/heroes/hero-crushed-corner-cracked-slab-closeup.webp,true,/images/pexels-curtis-adams-1694007-3990589.webp,/images/heroes/hero-crushed-corner-cracked-slab-closeup.webp,
2026-07-29T23:06:53.464404,driveway-weight-limits,guides/driveway-weight-limits/index.html,skipped,0,,,,,,,,,,,hero_img_not_found
2026-07-29T23:06:53.464769,driveway-wetland-regulations-building-near-protected-areas,guides/driveway-wetland-regulations-building-near-protected-areas/index.html,swapped,0,/images/pexels-curtis-adams-1694007-3990589.webp,/images/heroes/hero-gravel-drive-beside-marsh-reeds.webp,Driveway Wetland Regulations: Building Near Protected Areas — Drivewayz USA,Gravel driveway running beside tall marsh reeds under gray sky,string,https://drivewayzusa.co/images/hero-driveway-wetland-regulations-building-near-protected-areas.webp,https://drivewayzusa.co/images/heroes/hero-gravel-drive-beside-marsh-reeds.webp,true,/images/pexels-curtis-adams-1694007-3990589.webp,/images/heroes/hero-gravel-drive-beside-marsh-reeds.webp,
2026-07-29T23:06:53.465134,driveway-whitetopping-concrete-over-existing-asphalt,guides/driveway-whitetopping-concrete-over-existing-asphalt/index.html,swapped,0,/images/pexels-curtis-adams-1694007-3990589.webp,/images/heroes/hero-fresh-concrete-layer-over-asphalt.webp,Driveway Whitetopping: Concrete Over Existing Asphalt — Drivewayz USA,Fresh pale slab tapering over a dark weathered blacktop strip,string,https://drivewayzusa.co/images/hero-driveway-whitetopping-concrete-over-existing-asphalt.webp,https://drivewayzusa.co/images/heroes/hero-fresh-concrete-layer-over-asphalt.webp,true,/images/pexels-curtis-adams-1694007-3990589.webp,/images/heroes/hero-fresh-concrete-layer-over-asphalt.webp,
2026-07-29T23:06:53.465438,driveway-width-requirements-by-municipality,guides/driveway-width-requirements-by-municipality/index.html,swapped,0,/images/pexels-curtis-adams-1694007-3990589.webp,/images/heroes/hero-tape-stretched-across-driveway-width.webp,Driveway Width Requirements by Municipality — Drivewayz USA,Tape measure stretched edge to edge across a concrete driveway,string,https://drivewayzusa.co/images/hero-driveway-width-requirements-by-municipality.webp,https://drivewayzusa.co/images/heroes/hero-tape-stretched-across-driveway-width.webp,true,/images/pexels-curtis-adams-1694007-3990589.webp,/images/heroes/hero-tape-stretched-across-driveway-width.webp,
2026-07-29T23:06:53.465735,driveway-winter-patch-cold-weather-emergency-repairs,guides/driveway-winter-patch-cold-weather-emergency-repairs/index.html,swapped,0,/images/pexels-artbovich-8134848.webp,/images/heroes/hero-fresh-patch-snow-rimmed-pothole.webp,Driveway Winter Patch: Cold Weather Emergency Repairs — Drivewayz USA,Fresh black patch filling a pothole rimmed with melting snow,string,https://drivewayzusa.co/images/hero-driveway-winter-patch-cold-weather-emergency-repairs.webp,https://drivewayzusa.co/images/heroes/hero-fresh-patch-snow-rimmed-pothole.webp,true,/images/pexels-artbovich-8134848.webp,/images/heroes/hero-fresh-patch-snow-rimmed-pothole.webp,
2026-07-29T23:06:53.466283,driveway-workers-compensation-protecting-against-liability,guides/driveway-workers-compensation-protecting-against-liability/index.html,swapped,0,/images/pexels-curtis-adams-1694007-3990589.webp,/images/heroes/hero-safety-cones-fresh-pour-zone.webp,Driveway Workers Compensation: Protecting Against Liability — Drivewayz USA,Safety cones set around a freshly poured concrete driveway section,string,https://drivewayzusa.co/images/hero-driveway-workers-compensation-protecting-against-liability.webp,https://drivewayzusa.co/images/heroes/hero-safety-cones-fresh-pour-zone.webp,true,/images/pexels-curtis-adams-1694007-3990589.webp,/images/heroes/hero-safety-cones-fresh-pour-zone.webp,
2026-07-29T23:06:53.466639,driveway-workmanship-warranty-standard-vs-extended,guides/driveway-workmanship-warranty-standard-vs-extended/index.html,swapped,0,/images/pexels-curtis-adams-1694007-3990589.webp,/images/heroes/hero-sealed-unsealed-concrete-seam.webp,Driveway Workmanship Warranty: Standard vs Extended — Drivewayz USA,Sealed glossy concrete meeting dull unsealed concrete along a seam,string,https://drivewayzusa.co/images/hero-driveway-workmanship-warranty-standard-vs-extended.webp,https://drivewayzusa.co/images/heroes/hero-sealed-unsealed-concrete-seam.webp,true,/images/pexels-curtis-adams-1694007-3990589.webp,/images/heroes/hero-sealed-unsealed-concrete-seam.webp,
2026-07-29T23:06:53.467133,driveway-written-estimate-requirements-what-should-be-included,guides/driveway-written-estimate-requirements-what-should-be-included/index.html,swapped,0,/images/pexels-curtis-adams-1694007-3990589.webp,/images/heroes/hero-measuring-wheel-paver-drive.webp,Driveway Written Estimate Requirements: What Should Be Included — Drivewayz USA,Measuring wheel standing on a weathered paver driveway surface,string,https://drivewayzusa.co/images/hero-driveway-written-estimate-requirements-what-should-be-included.webp,https://drivewayzusa.co/images/heroes/hero-measuring-wheel-paver-drive.webp,true,/images/pexels-curtis-adams-1694007-3990589.webp,/images/heroes/hero-measuring-wheel-paver-drive.webp,
2026-07-29T23:06:53.467527,easement-issues-affecting-driveways,guides/easement-issues-affecting-driveways/index.html,swapped,0,/images/pexels-pixabay-221540.webp,/images/heroes/hero-two-drives-shared-center-seam.webp,Easement Issues Affecting Driveways — Drivewayz USA,Two concrete driveways meeting along a shared center seam,string,https://drivewayzusa.co/images/hero-easement-issues-affecting-driveways.webp,https://drivewayzusa.co/images/heroes/hero-two-drives-shared-center-seam.webp,true,/images/pexels-pixabay-221540.webp,/images/heroes/hero-two-drives-shared-center-seam.webp,
2026-07-29T23:06:53.467859,eco-friendly-driveway-options-pros-cons-and-costs,guides/eco-friendly-driveway-options-pros-cons-and-costs/index.html,swapped,0,/images/pexels-pixabay-221540.webp,/images/heroes/hero-permeable-pavers-grass-joint-grid.webp,"Eco-Friendly Driveway Options: Pros, Cons, and Costs — Drivewayz USA",Permeable paver driveway with grass filled joints in warm light,string,https://drivewayzusa.co/images/hero-eco-friendly-driveway-options-pros-cons-and-costs.webp,https://drivewayzusa.co/images/heroes/hero-permeable-pavers-grass-joint-grid.webp,true,/images/pexels-pixabay-221540.webp,/images/heroes/hero-permeable-pavers-grass-joint-grid.webp,
2026-07-29T23:06:53.468204,emergency-vehicle-access-driveway-specifications,guides/emergency-vehicle-access-driveway-specifications/index.html,swapped,0,/images/pexels-pixabay-221540.webp,/images/heroes/hero-extra-wide-clear-concrete-approach.webp,Emergency Vehicle Access: Driveway Specifications — Drivewayz USA,Extra wide concrete driveway with an open unobstructed approach,string,https://drivewayzusa.co/images/hero-emergency-vehicle-access-driveway-specifications.webp,https://drivewayzusa.co/images/heroes/hero-extra-wide-clear-concrete-approach.webp,true,/images/pexels-pixabay-221540.webp,/images/heroes/hero-extra-wide-clear-concrete-approach.webp,
2026-07-29T23:06:53.468515,environmental-permits-for-driveway-projects,guides/environmental-permits-for-driveway-projects/index.html,swapped,0,/images/pexels-pixabay-221540.webp,/images/heroes/hero-silt-fence-along-graded-site.webp,Environmental Permits for Driveway Projects — Drivewayz USA,Black silt fence staked along a freshly graded driveway site,string,https://drivewayzusa.co/images/hero-environmental-permits-for-driveway-projects.webp,https://drivewayzusa.co/images/heroes/hero-silt-fence-along-graded-site.webp,true,/images/pexels-pixabay-221540.webp,/images/heroes/hero-silt-fence-along-graded-site.webp,
2026-07-29T23:06:53.468987,ev-charging-station-integration-in-driveways,guides/ev-charging-station-integration-in-driveways/index.html,swapped,0,/images/pexels-pixabay-221540.webp,/images/heroes/hero-charging-pedestal-paver-drive-edge.webp,EV Charging Station Integration in Driveways — Drivewayz USA,Charging pedestal mounted at the edge of a new paver drive,string,https://drivewayzusa.co/images/hero-ev-charging-station-integration-in-driveways.webp,https://drivewayzusa.co/images/heroes/hero-charging-pedestal-paver-drive-edge.webp,true,/images/pexels-pixabay-221540.webp,/images/heroes/hero-charging-pedestal-paver-drive-edge.webp,
2026-07-29T23:06:53.469459,excavation-cost-for-driveways-what-to-expect,guides/excavation-cost-for-driveways-what-to-expect/index.html,swapped,0,/images/pexels-pixabay-221540.webp,/images/heroes/hero-excavated-drive-bed-earth-walls.webp,Excavation Cost for Driveways: What to Expect — Drivewayz USA,Freshly dug earth bed with steep soil walls under gray skies,string,https://drivewayzusa.co/images/hero-excavation-cost-for-driveways-what-to-expect.webp,https://drivewayzusa.co/images/heroes/hero-excavated-drive-bed-earth-walls.webp,true,/images/pexels-pixabay-221540.webp,/images/heroes/hero-excavated-drive-bed-earth-walls.webp,
2026-07-29T23:06:53.469705,expansion-control-joints,guides/expansion-control-joints/index.html,skipped,0,,,,,,,,,,,hero_img_not_found
2026-07-29T23:06:53.470125,exposed-aggregate-concrete-driveway-guide,guides/exposed-aggregate-concrete-driveway-guide/index.html,swapped,0,/images/pexels-introspectivedsgn-7475608.webp,/images/heroes/hero-seeded-pebble-finish-warm-light.webp,Exposed Aggregate Concrete Driveway Guide — Drivewayz USA,Small pebbles revealed in washed concrete catching warm evening light,string,https://drivewayzusa.co/images/hero-exposed-aggregate-concrete-driveway-guide.webp,https://drivewayzusa.co/images/heroes/hero-seeded-pebble-finish-warm-light.webp,true,/images/pexels-introspectivedsgn-7475608.webp,/images/heroes/hero-seeded-pebble-finish-warm-light.webp,
2026-07-29T23:06:53.470430,extending-a-driveway-planning-and-costs,guides/extending-a-driveway-planning-and-costs/index.html,swapped,0,/images/pexels-pixabay-221540.webp,/images/heroes/hero-excavated-strip-beside-existing-slab.webp,Extending a Driveway: Planning and Costs — Drivewayz USA,Dug out extension strip running alongside an older concrete driveway,string,https://drivewayzusa.co/images/hero-extending-a-driveway-planning-and-costs.webp,https://drivewayzusa.co/images/heroes/hero-excavated-strip-beside-existing-slab.webp,true,/images/pexels-pixabay-221540.webp,/images/heroes/hero-excavated-strip-beside-existing-slab.webp,
2026-07-29T23:06:53.470759,fall-driveway-prep-getting-ready-for-winter,guides/fall-driveway-prep-getting-ready-for-winter/index.html,swapped,0,/images/pexels-pixabay-221540.webp,/images/heroes/hero-fallen-leaves-sealed-asphalt-drive.webp,Fall Driveway Prep: Getting Ready for Winter — Drivewayz USA,Autumn leaves scattered across a clean dark sealed driveway surface,string,https://drivewayzusa.co/images/hero-fall-driveway-prep-getting-ready-for-winter.webp,https://drivewayzusa.co/images/heroes/hero-fallen-leaves-sealed-asphalt-drive.webp,true,/images/pexels-pixabay-221540.webp,/images/heroes/hero-fallen-leaves-sealed-asphalt-drive.webp,
2026-07-29T23:06:53.470982,fall-driveway-preparation-guide,guides/fall-driveway-preparation-guide/index.html,swapped,0,/images/pexels-pixabay-221540.webp,/images/heroes/hero-wet-leaves-cracked-concrete-drive.webp,Fall Driveway Preparation Guide — Drivewayz USA,Wet autumn leaves settled into cracks across a concrete driveway,string,https://drivewayzusa.co/images/hero-fall-driveway-preparation-guide.webp,https://drivewayzusa.co/images/heroes/hero-wet-leaves-cracked-concrete-drive.webp,true,/images/pexels-pixabay-221540.webp,/images/heroes/hero-wet-leaves-cracked-concrete-drive.webp,
2026-07-29T23:06:53.471303,farmhouse-style-driveways-rustic-options,guides/farmhouse-style-driveways-rustic-options/index.html,swapped,0,/images/pexels-pixabay-221540.webp,/images/heroes/hero-rustic-gravel-lane-split-rail-fence.webp,Farmhouse Style Driveways: Rustic Options — Drivewayz USA,Gravel lane running beside a weathered split rail wooden fence,string,https://drivewayzusa.co/images/hero-farmhouse-style-driveways-rustic-options.webp,https://drivewayzusa.co/images/heroes/hero-rustic-gravel-lane-split-rail-fence.webp,true,/images/pexels-pixabay-221540.webp,/images/heroes/hero-rustic-gravel-lane-split-rail-fence.webp,
2026-07-29T23:06:53.471590,fiber-mesh-vs-rebar-in-concrete-driveways,guides/fiber-mesh-vs-rebar-in-concrete-driveways/index.html,swapped,0,/images/pexels-pixabay-221540.webp,/images/heroes/hero-steel-bars-grid-over-drive-base.webp,Fiber Mesh vs Rebar in Concrete Driveways — Drivewayz USA,Steel reinforcement bars arranged in a grid awaiting a concrete pour,string,https://drivewayzusa.co/images/hero-fiber-mesh-vs-rebar-in-concrete-driveways.webp,https://drivewayzusa.co/images/heroes/hero-steel-bars-grid-over-drive-base.webp,true,/images/pexels-pixabay-221540.webp,/images/heroes/hero-steel-bars-grid-over-drive-base.webp,
2026-07-29T23:06:53.471796,fire-access-requirements-for-driveways,guides/fire-access-requirements-for-driveways/index.html,swapped,0,/images/pexels-pixabay-221540.webp,/images/heroes/hero-extra-wide-concrete-drive-clear-sides.webp,Fire Access Requirements for Driveways — Drivewayz USA,Extra wide concrete driveway with clear open space on both sides,string,https://drivewayzusa.co/images/hero-fire-access-requirements-for-driveways.webp,https://drivewayzusa.co/images/heroes/hero-extra-wide-concrete-drive-clear-sides.webp,true,/images/pexels-pixabay-221540.webp,/images/heroes/hero-extra-wide-concrete-drive-clear-sides.webp,
2026-07-29T23:06:53.472051,first-impressions-driveway-design-for-curb-appeal,guides/first-impressions-driveway-design-for-curb-appeal/index.html,swapped,0,/images/matt-jones-xpDHTc-pkog-unsplash.webp,/images/heroes/hero-inviting-paver-drive-tidy-lawn.webp,First Impressions: Driveway Design for Curb Appeal — Drivewayz USA,Neatly sealed paver driveway framed by a tidy green front lawn,string,https://drivewayzusa.co/images/hero-first-impressions-driveway-design-for-curb-appeal.webp,https://drivewayzusa.co/images/heroes/hero-inviting-paver-drive-tidy-lawn.webp,true,/images/matt-jones-xpDHTc-pkog-unsplash.webp,/images/heroes/hero-inviting-paver-drive-tidy-lawn.webp,
2026-07-29T23:06:53.472418,first-impressions-why-your-driveway-matters-to-homebuyers,guides/first-impressions-why-your-driveway-matters-to-homebuyers/index.html,swapped,0,/images/pexels-pixabay-221540.webp,/images/heroes/hero-spotless-concrete-drive-entry-walk.webp,First Impressions: Why Your Driveway Matters to Homebuyers — Drivewayz USA,Spotless new concrete driveway leading toward a modest home entrance,string,https://drivewayzusa.co/images/hero-first-impressions-why-your-driveway-matters-to-homebuyers.webp,https://drivewayzusa.co/images/heroes/hero-spotless-concrete-drive-entry-walk.webp,true,/images/pexels-pixabay-221540.webp,/images/heroes/hero-spotless-concrete-drive-entry-walk.webp,
2026-07-29T23:06:53.472683,first-time-homeowner-driveway-guide-where-to-start,guides/first-time-homeowner-driveway-guide-where-to-start/index.html,swapped,0,/images/pexels-pixabay-221540.webp,/images/heroes/hero-worn-asphalt-drive-modest-entry.webp,First-Time Homeowner Driveway Guide: Where to Start — Drivewayz USA,Older faded driveway surface in front of a modest single story home,string,https://drivewayzusa.co/images/hero-first-time-homeowner-driveway-guide-where-to-start.webp,https://drivewayzusa.co/images/heroes/hero-worn-asphalt-drive-modest-entry.webp,true,/images/pexels-pixabay-221540.webp,/images/heroes/hero-worn-asphalt-drive-modest-entry.webp,
2026-07-29T23:06:53.473020,flagstone-driveway-natural-stone-options,guides/flagstone-driveway-natural-stone-options/index.html,swapped,0,/images/pexels-pixabay-221540.webp,/images/heroes/hero-flat-stone-slabs-warm-light.webp,Flagstone Driveway: Natural Stone Options — Drivewayz USA,Large flat stone pieces fitted tightly into a warm lit surface,string,https://drivewayzusa.co/images/hero-flagstone-driveway-natural-stone-options.webp,https://drivewayzusa.co/images/heroes/hero-flat-stone-slabs-warm-light.webp,true,/images/pexels-pixabay-221540.webp,/images/heroes/hero-flat-stone-slabs-warm-light.webp,
2026-07-29T23:06:53.473384,fly-ash-in-concrete-driveways-sustainable-additive,guides/fly-ash-in-concrete-driveways-sustainable-additive/index.html,swapped,0,/images/pexels-pixabay-221540.webp,/images/heroes/hero-uniform-gray-fresh-slab-texture.webp,Fly Ash in Concrete Driveways: Sustainable Additive — Drivewayz USA,Smooth even gray concrete surface with a fine uniform finish,string,https://drivewayzusa.co/images/hero-fly-ash-in-concrete-driveways-sustainable-additive.webp,https://drivewayzusa.co/images/heroes/hero-uniform-gray-fresh-slab-texture.webp,true,/images/pexels-pixabay-221540.webp,/images/heroes/hero-uniform-gray-fresh-slab-texture.webp,
2026-07-29T23:06:53.473695,french-drain-installation-along-a-driveway,guides/french-drain-installation-along-a-driveway/index.html,swapped,0,/images/pexels-pixabay-221540.webp,/images/heroes/hero-perforated-pipe-trench-drive-edge.webp,French Drain Installation Along a Driveway — Drivewayz USA,Perforated drain pipe laid in an open trench beside the pavement edge,string,https://drivewayzusa.co/images/hero-french-drain-installation-along-a-driveway.webp,https://drivewayzusa.co/images/heroes/hero-perforated-pipe-trench-drive-edge.webp,true,/images/pexels-pixabay-221540.webp,/images/heroes/hero-perforated-pipe-trench-drive-edge.webp,
2026-07-29T23:06:53.474003,french-drain-installation-for-driveways,guides/french-drain-installation-for-driveways/index.html,swapped,0,/images/pexels-pixabay-221540.webp,/images/heroes/hero-gravel-backfill-drain-trench-closeup.webp,French Drain Installation for Driveways — Drivewayz USA,Coarse gravel backfilled around a drain line in a narrow trench,string,https://drivewayzusa.co/images/hero-french-drain-installation-for-driveways.webp,https://drivewayzusa.co/images/heroes/hero-gravel-backfill-drain-trench-closeup.webp,true,/images/pexels-pixabay-221540.webp,/images/heroes/hero-gravel-backfill-drain-trench-closeup.webp,
2026-07-29T23:06:53.474247,front-yard-design-integrating-driveways,guides/front-yard-design-integrating-driveways/index.html,swapped,0,/images/pexels-pixabay-221540.webp,/images/heroes/hero-sealed-paver-drive-mulched-beds.webp,Front Yard Design: Integrating Driveways — Drivewayz USA,Sealed paver driveway bordered by mulched beds and trimmed shrubs,string,https://drivewayzusa.co/images/hero-front-yard-design-integrating-driveways.webp,https://drivewayzusa.co/images/heroes/hero-sealed-paver-drive-mulched-beds.webp,true,/images/pexels-pixabay-221540.webp,/images/heroes/hero-sealed-paver-drive-mulched-beds.webp,
2026-07-29T23:06:53.474547,garbage-truck-access-considerations,guides/garbage-truck-access-considerations/index.html,swapped,0,/images/pexels-pixabay-221540.webp,/images/heroes/hero-thick-apron-slab-heavy-duty.webp,Garbage Truck Access Considerations — Drivewayz USA,Thick edged concrete apron slab ready to handle heavy loads,string,https://drivewayzusa.co/images/hero-garbage-truck-access-considerations.webp,https://drivewayzusa.co/images/heroes/hero-thick-apron-slab-heavy-duty.webp,true,/images/pexels-pixabay-221540.webp,/images/heroes/hero-thick-apron-slab-heavy-duty.webp,
2026-07-29T23:06:53.474772,geotextile-fabric-in-driveway-construction,guides/geotextile-fabric-in-driveway-construction/index.html,swapped,0,/images/pexels-pixabay-221540.webp,/images/heroes/hero-black-fabric-over-graded-soil.webp,Geotextile Fabric in Driveway Construction — Drivewayz USA,Black woven fabric rolled out across a smoothed soil base,string,https://drivewayzusa.co/images/hero-geotextile-fabric-in-driveway-construction.webp,https://drivewayzusa.co/images/heroes/hero-black-fabric-over-graded-soil.webp,true,/images/pexels-pixabay-221540.webp,/images/heroes/hero-black-fabric-over-graded-soil.webp,
2026-07-29T23:06:53.475656,grass-pavers-vs-permeable-pavers-which-is-greener,guides/grass-pavers-vs-permeable-pavers-which-is-greener/index.html,swapped,0,/images/pexels-pixabay-221540.webp,/images/heroes/hero-grass-grid-meets-solid-pavers.webp,Grass Pavers vs Permeable Pavers: Which Is Greener? — Drivewayz USA,Turf filled grid blocks meeting solid interlocking stones at a seam,string,https://drivewayzusa.co/images/hero-grass-pavers-vs-permeable-pavers-which-is-greener.webp,https://drivewayzusa.co/images/heroes/hero-grass-grid-meets-solid-pavers.webp,true,/images/pexels-pixabay-221540.webp,/images/heroes/hero-grass-grid-meets-solid-pavers.webp,
2026-07-29T23:06:53.476038,gravel-driveway-cost-per-square-foot-guide,guides/gravel-driveway-cost-per-square-foot-guide/index.html,swapped,0,/images/pexels-pixabay-277667.webp,/images/heroes/hero-damp-compacted-gravel-texture.webp,Gravel Driveway Cost per Square Foot Guide — Drivewayz USA,Damp compacted gravel showing small angular stones after a rain shower,string,https://drivewayzusa.co/images/hero-gravel-driveway-cost-per-square-foot-guide.webp,https://drivewayzusa.co/images/heroes/hero-damp-compacted-gravel-texture.webp,true,/images/pexels-pixabay-277667.webp,/images/heroes/hero-damp-compacted-gravel-texture.webp,
2026-07-29T23:06:53.476294,gravel-driveway-installation-step-by-step-guide,guides/gravel-driveway-installation-step-by-step-guide/index.html,swapped,0,/images/pexels-pixabay-277667.webp,/images/heroes/hero-fresh-gravel-spread-between-forms.webp,Gravel Driveway Installation Step-by-Step Guide — Drivewayz USA,Freshly dumped gravel being spread into a smooth even layer,string,https://drivewayzusa.co/images/hero-gravel-driveway-installation-step-by-step-guide.webp,https://drivewayzusa.co/images/heroes/hero-fresh-gravel-spread-between-forms.webp,true,/images/pexels-pixabay-277667.webp,/images/heroes/hero-fresh-gravel-spread-between-forms.webp,
2026-07-29T23:06:53.476536,gravel-driveway-lifespan-how-long-before-you-need-to-refresh,guides/gravel-driveway-lifespan-how-long-before-you-need-to-refresh/index.html,swapped,0,/images/pexels-pixabay-277667.webp,/images/heroes/hero-thin-worn-gravel-bare-spots.webp,Gravel Driveway Lifespan: How Long Before You Need to Refresh? — Drivewayz USA,Worn gravel surface with thin bare patches and exposed soil underneath,string,https://drivewayzusa.co/images/hero-gravel-driveway-lifespan-how-long-before-you-need-to-refresh.webp,https://drivewayzusa.co/images/heroes/hero-thin-worn-gravel-bare-spots.webp,true,/images/pexels-pixabay-277667.webp,/images/heroes/hero-thin-worn-gravel-bare-spots.webp,
2026-07-29T23:06:53.476932,gravel-driveway-maintenance-raking-grading-and-refilling,guides/gravel-driveway-maintenance-raking-grading-and-refilling/index.html,swapped,0,/images/pexels-pixabay-277667.webp,/images/heroes/hero-fresh-rake-lines-groomed-gravel.webp,"Gravel Driveway Maintenance: Raking, Grading, and Refilling — Drivewayz USA",Long rake lines across freshly groomed gravel in warm evening light,string,https://drivewayzusa.co/images/hero-gravel-driveway-maintenance-raking-grading-and-refilling.webp,https://drivewayzusa.co/images/heroes/hero-fresh-rake-lines-groomed-gravel.webp,true,/images/pexels-pixabay-277667.webp,/images/heroes/hero-fresh-rake-lines-groomed-gravel.webp,
2026-07-29T23:06:53.477305,heaving-and-frost-damage-repair,guides/heaving-and-frost-damage-repair/index.html,swapped,0,/images/pexels-artbovich-8134848.webp,/images/heroes/hero-frost-lifted-slabs-jagged-gaps.webp,Heaving and Frost Damage Repair — Drivewayz USA,Frost lifted concrete slabs sitting uneven with jagged open gaps,string,https://drivewayzusa.co/images/hero-heaving-and-frost-damage-repair.webp,https://drivewayzusa.co/images/heroes/hero-frost-lifted-slabs-jagged-gaps.webp,true,/images/pexels-artbovich-8134848.webp,/images/heroes/hero-frost-lifted-slabs-jagged-gaps.webp,
2026-07-29T23:06:53.479560,hidden-costs-in-driveway-projects-you-should-know,guides/hidden-costs-in-driveway-projects-you-should-know/index.html,swapped,2,/images/pexels-pixabay-221540.webp,/images/heroes/hero-staked-forms-compacted-gravel-bed.webp,Hidden Costs in Driveway Projects You Should Know — Drivewayz USA,Compacted gravel driveway base framed by wooden form boards and grade stakes,string,https://drivewayzusa.co/images/hero-hidden-costs-in-driveway-projects-you-should-know.webp,https://drivewayzusa.co/images/heroes/hero-staked-forms-compacted-gravel-bed.webp,true,/images/pexels-pixabay-221540.webp,/images/heroes/hero-staked-forms-compacted-gravel-bed.webp,
2026-07-29T23:06:53.479942,hidden-costs-of-driveway-installation-you-should-know-about,guides/hidden-costs-of-driveway-installation-you-should-know-about/index.html,swapped,0,/images/pexels-pixabay-221540.webp,/images/heroes/hero-gravel-base-layer-depth-profile.webp,Hidden Costs of Driveway Installation You Should Know About — Drivewayz USA,Compacted gravel base layers exposed along a driveway edge profile,string,https://drivewayzusa.co/images/hero-hidden-costs-of-driveway-installation-you-should-know-about.webp,https://drivewayzusa.co/images/heroes/hero-gravel-base-layer-depth-profile.webp,true,/images/pexels-pixabay-221540.webp,/images/heroes/hero-gravel-base-layer-depth-profile.webp,
2026-07-29T23:06:53.480404,high-altitude-driveways-colorado-considerations,guides/high-altitude-driveways-colorado-considerations/index.html,swapped,0,/images/pexels-pixabay-221540.webp,/images/heroes/hero-frost-lined-concrete-pasture-lane.webp,High Altitude Driveways: Colorado Considerations — Drivewayz USA,Frost lining the joints of a weathered concrete lane through open pasture,string,https://drivewayzusa.co/images/hero-high-altitude-driveways-colorado-considerations.webp,https://drivewayzusa.co/images/heroes/hero-frost-lined-concrete-pasture-lane.webp,true,/images/pexels-pixabay-221540.webp,/images/heroes/hero-frost-lined-concrete-pasture-lane.webp,
2026-07-29T23:06:53.480727,historic-home-driveways-period-appropriate-materials,guides/historic-home-driveways-period-appropriate-materials/index.html,swapped,0,/images/pexels-pixabay-221540.webp,/images/heroes/hero-aged-cobblestone-brick-edged-frontage.webp,Historic Home Driveways: Period-Appropriate Materials — Drivewayz USA,Weathered cobblestone driveway with brick edging in warm evening light,string,https://drivewayzusa.co/images/hero-historic-home-driveways-period-appropriate-materials.webp,https://drivewayzusa.co/images/heroes/hero-aged-cobblestone-brick-edged-frontage.webp,true,/images/pexels-pixabay-221540.webp,/images/heroes/hero-aged-cobblestone-brick-edged-frontage.webp,
2026-07-29T23:06:53.481056,hoa-driveway-rules-and-approval-process,guides/hoa-driveway-rules-and-approval-process/index.html,swapped,0,/images/pexels-pixabay-221540.webp,/images/heroes/hero-uniform-sealed-drive-neat-verge.webp,HOA Driveway Rules and Approval Process — Drivewayz USA,Uniform sealed asphalt driveway with crisp edges seen from above,string,https://drivewayzusa.co/images/hero-hoa-driveway-rules-and-approval-process.webp,https://drivewayzusa.co/images/heroes/hero-uniform-sealed-drive-neat-verge.webp,true,/images/pexels-pixabay-221540.webp,/images/heroes/hero-uniform-sealed-drive-neat-verge.webp,
2026-07-29T23:06:53.481523,home-inspector-driveway-report-understanding-the-findings,guides/home-inspector-driveway-report-understanding-the-findings/index.html,swapped,0,/images/pexels-pixabay-221540.webp,/images/heroes/hero-chalk-circled-crack-concrete-panel.webp,Home Inspector Driveway Report: Understanding the Findings — Drivewayz USA,Chalk circle marking a hairline crack across a concrete driveway panel,string,https://drivewayzusa.co/images/hero-home-inspector-driveway-report-understanding-the-findings.webp,https://drivewayzusa.co/images/heroes/hero-chalk-circled-crack-concrete-panel.webp,true,/images/pexels-pixabay-221540.webp,/images/heroes/hero-chalk-circled-crack-concrete-panel.webp,
2026-07-29T23:06:53.481911,home-value-impact-driveway-condition-assessment,guides/home-value-impact-driveway-condition-assessment/index.html,swapped,0,/images/pexels-pixabay-221540.webp,/images/heroes/hero-worn-asphalt-drive-tidy-lawn.webp,Home Value Impact: Driveway Condition Assessment — Drivewayz USA,Weathered asphalt driveway beside a tidy lawn in warm evening light,string,https://drivewayzusa.co/images/hero-home-value-impact-driveway-condition-assessment.webp,https://drivewayzusa.co/images/heroes/hero-worn-asphalt-drive-tidy-lawn.webp,true,/images/pexels-pixabay-221540.webp,/images/heroes/hero-worn-asphalt-drive-tidy-lawn.webp,
2026-07-29T23:06:53.482291,hot-climates-best-driveway-materials-for-nevada,guides/hot-climates-best-driveway-materials-for-nevada/index.html,swapped,0,/images/pexels-sobeslavjan-13838908.webp,/images/heroes/hero-pale-pavers-glaring-midday-sun.webp,Hot Climates: Best Driveway Materials for Nevada — Drivewayz USA,Pale interlocking pavers glaring under harsh midday sunlight,string,https://drivewayzusa.co/images/hero-hot-climates-best-driveway-materials-for-nevada.webp,https://drivewayzusa.co/images/heroes/hero-pale-pavers-glaring-midday-sun.webp,true,/images/pexels-sobeslavjan-13838908.webp,/images/heroes/hero-pale-pavers-glaring-midday-sun.webp,
2026-07-29T23:06:53.483053,hot-climates-best-driveway-materials-for-texas,guides/hot-climates-best-driveway-materials-for-texas/index.html,swapped,0,/images/pexels-sobeslavjan-13838908.webp,/images/heroes/hero-light-broomed-drive-sun-glare.webp,Hot Climates: Best Driveway Materials for Texas — Drivewayz USA,Light broomed concrete driveway reflecting harsh midday glare,string,https://drivewayzusa.co/images/hero-hot-climates-best-driveway-materials-for-texas.webp,https://drivewayzusa.co/images/heroes/hero-light-broomed-drive-sun-glare.webp,true,/images/pexels-sobeslavjan-13838908.webp,/images/heroes/hero-light-broomed-drive-sun-glare.webp,
2026-07-29T23:06:53.483633,how-google-reviews-impact-driveway-contractor-business,guides/how-google-reviews-impact-driveway-contractor-business/index.html,swapped,0,/images/pexels-pixabay-221540.webp,/images/heroes/hero-freshly-sealed-drive-evening-garage.webp,How Google Reviews Impact Driveway Contractor Business — Drivewayz USA,Freshly sealed driveway glowing in evening light before a garage,string,https://drivewayzusa.co/images/hero-how-google-reviews-impact-driveway-contractor-business.webp,https://drivewayzusa.co/images/heroes/hero-freshly-sealed-drive-evening-garage.webp,true,/images/pexels-pixabay-221540.webp,/images/heroes/hero-freshly-sealed-drive-evening-garage.webp,
2026-07-29T23:06:53.484127,how-long-does-a-new-driveway-last-by-material,guides/how-long-does-a-new-driveway-last-by-material/index.html,swapped,0,/images/pexels-pixabay-221540.webp,/images/heroes/hero-asphalt-concrete-centerline-joint.webp,How Long Does a New Driveway Last by Material? — Drivewayz USA,Weathered asphalt meeting aged concrete along a straight centerline joint,string,https://drivewayzusa.co/images/hero-how-long-does-a-new-driveway-last-by-material.webp,https://drivewayzusa.co/images/heroes/hero-asphalt-concrete-centerline-joint.webp,true,/images/pexels-pixabay-221540.webp,/images/heroes/hero-asphalt-concrete-centerline-joint.webp,
2026-07-29T23:06:53.484408,how-long-driveway-last,guides/how-long-driveway-last/index.html,skipped,0,,,,,,,,,,,hero_img_not_found
2026-07-29T23:06:53.484771,how-many-pavers-do-you-need-for-a-driveway-sizing-guide,guides/how-many-pavers-do-you-need-for-a-driveway-sizing-guide/index.html,swapped,0,/images/pexels-pixabay-221540.webp,/images/heroes/hero-herringbone-paver-field-overhead.webp,How Many Pavers Do You Need for a Driveway? Sizing Guide — Drivewayz USA,Neat herringbone paver pattern stretching across a driveway viewed overhead,string,https://drivewayzusa.co/images/hero-how-many-pavers-do-you-need-for-a-driveway-sizing-guide.webp,https://drivewayzusa.co/images/heroes/hero-herringbone-paver-field-overhead.webp,true,/images/pexels-pixabay-221540.webp,/images/heroes/hero-herringbone-paver-field-overhead.webp,
2026-07-29T23:06:53.485054,how-much-concrete-do-you-need-for-a-driveway-calculator-and-tips,guides/how-much-concrete-do-you-need-for-a-driveway-calculator-and-tips/index.html,swapped,0,/images/pexels-pixabay-221540.webp,/images/heroes/hero-partly-filled-pour-footprint-forms.webp,How Much Concrete Do You Need for a Driveway? Calculator and Tips — Drivewayz USA,Formed driveway pour footprint partly filled with fresh concrete from above,string,https://drivewayzusa.co/images/hero-how-much-concrete-do-you-need-for-a-driveway-calculator-and-tips.webp,https://drivewayzusa.co/images/heroes/hero-partly-filled-pour-footprint-forms.webp,true,/images/pexels-pixabay-221540.webp,/images/heroes/hero-partly-filled-pour-footprint-forms.webp,
2026-07-29T23:06:53.485486,how-much-does-a-new-driveway-cost-in-2026,guides/how-much-does-a-new-driveway-cost-in-2026/index.html,swapped,0,/images/hugo-sousa-BghGseQbAkA-unsplash.webp,/images/heroes/hero-leveled-base-ready-for-pour.webp,How Much Does a New Driveway Cost in 2026? — Drivewayz USA,Leveled gravel base staked and strung awaiting its first pour,string,https://drivewayzusa.co/images/hero-how-much-does-a-new-driveway-cost-in-2026.webp,https://drivewayzusa.co/images/heroes/hero-leveled-base-ready-for-pour.webp,true,/images/hugo-sousa-BghGseQbAkA-unsplash.webp,/images/heroes/hero-leveled-base-ready-for-pour.webp,
2026-07-29T23:06:53.485808,how-often-should-you-seal-your-driveway,guides/how-often-should-you-seal-your-driveway/index.html,swapped,0,/images/pexels-pixabay-221540.webp,/images/heroes/hero-mirror-sheen-sealed-blacktop.webp,How Often Should You Seal Your Driveway? — Drivewayz USA,Glossy sealed asphalt beading rainwater and reflecting the sky,string,https://drivewayzusa.co/images/hero-how-often-should-you-seal-your-driveway.webp,https://drivewayzusa.co/images/heroes/hero-mirror-sheen-sealed-blacktop.webp,true,/images/pexels-pixabay-221540.webp,/images/heroes/hero-mirror-sheen-sealed-blacktop.webp,
2026-07-29T23:06:53.486246,how-realtors-evaluate-driveway-condition,guides/how-realtors-evaluate-driveway-condition/index.html,swapped,0,/images/pexels-pixabay-221540.webp,/images/heroes/hero-presentable-sealed-drive-trimmed-lawn.webp,How Realtors Evaluate Driveway Condition — Drivewayz USA,Presentable sealed concrete driveway with neatly trimmed lawn edges,string,https://drivewayzusa.co/images/hero-how-realtors-evaluate-driveway-condition.webp,https://drivewayzusa.co/images/heroes/hero-presentable-sealed-drive-trimmed-lawn.webp,true,/images/pexels-pixabay-221540.webp,/images/heroes/hero-presentable-sealed-drive-trimmed-lawn.webp,
2026-07-29T23:06:53.486602,how-to-calculate-driveway-material-needs,guides/how-to-calculate-driveway-material-needs/index.html,swapped,0,/images/pexels-pixabay-221540.webp,/images/heroes/hero-crushed-stone-delivery-pile.webp,How to Calculate Driveway Material Needs — Drivewayz USA,Fresh crushed stone pile delivered onto a graded driveway base,string,https://drivewayzusa.co/images/hero-how-to-calculate-driveway-material-needs.webp,https://drivewayzusa.co/images/heroes/hero-crushed-stone-delivery-pile.webp,true,/images/pexels-pixabay-221540.webp,/images/heroes/hero-crushed-stone-delivery-pile.webp,
2026-07-29T23:06:53.487082,how-to-choose-a-driveway-material-when-youre-overwhelmed,guides/how-to-choose-a-driveway-material-when-youre-overwhelmed/index.html,swapped,0,/images/pexels-pixabay-221540.webp,/images/heroes/hero-paver-strip-meets-smooth-concrete.webp,How to Choose a Driveway Material When You&amp;#x27;re Overwhelmed — Drivewayz USA,Paver strip meeting smooth broomed concrete along a clean joint,string,https://drivewayzusa.co/images/hero-how-to-choose-a-driveway-material-when-youre-overwhelmed.webp,https://drivewayzusa.co/images/heroes/hero-paver-strip-meets-smooth-concrete.webp,true,/images/pexels-pixabay-221540.webp,/images/heroes/hero-paver-strip-meets-smooth-concrete.webp,
2026-07-29T23:06:53.487428,how-to-file-a-complaint-against-a-driveway-contractor,guides/how-to-file-a-complaint-against-a-driveway-contractor/index.html,swapped,0,/images/pexels-pixabay-221540.webp,/images/heroes/hero-early-cracks-rough-trowel-slab.webp,How to File a Complaint Against a Driveway Contractor — Drivewayz USA,Early cracks and rough trowel patches marring a young concrete slab,string,https://drivewayzusa.co/images/hero-how-to-file-a-complaint-against-a-driveway-contractor.webp,https://drivewayzusa.co/images/heroes/hero-early-cracks-rough-trowel-slab.webp,true,/images/pexels-pixabay-221540.webp,/images/heroes/hero-early-cracks-rough-trowel-slab.webp,
2026-07-29T23:06:53.487720,how-to-fix-a-driveway-that-slopes-toward-your-house,guides/how-to-fix-a-driveway-that-slopes-toward-your-house/index.html,swapped,0,/images/pexels-pixabay-221540.webp,/images/heroes/hero-channel-drain-before-garage.webp,How to Fix a Driveway That Slopes Toward Your House — Drivewayz USA,Channel drain catching rain runoff where a driveway meets the garage,string,https://drivewayzusa.co/images/hero-how-to-fix-a-driveway-that-slopes-toward-your-house.webp,https://drivewayzusa.co/images/heroes/hero-channel-drain-before-garage.webp,true,/images/pexels-pixabay-221540.webp,/images/heroes/hero-channel-drain-before-garage.webp,
2026-07-29T23:06:53.488004,how-to-fix-a-sinking-driveway-mudjacking-vs-polyurethane-foam,guides/how-to-fix-a-sinking-driveway-mudjacking-vs-polyurethane-foam/index.html,swapped,0,/images/pexels-pixabay-221540.webp,/images/heroes/hero-sunken-slab-lifted-back-level.webp,How to Fix a Sinking Driveway: Mudjacking vs Polyurethane Foam — Drivewayz USA,Sunken concrete slab lifted back level beside small patched drill holes,string,https://drivewayzusa.co/images/hero-how-to-fix-a-sinking-driveway-mudjacking-vs-polyurethane-foam.webp,https://drivewayzusa.co/images/heroes/hero-sunken-slab-lifted-back-level.webp,true,/images/pexels-pixabay-221540.webp,/images/heroes/hero-sunken-slab-lifted-back-level.webp,
2026-07-29T23:06:53.488292,how-to-fix-driveway-cracks-concrete-asphalt-and-paver-repair,guides/how-to-fix-driveway-cracks-concrete-asphalt-and-paver-repair/index.html,swapped,0,/images/pexels-artbovich-8134848.webp,/images/heroes/hero-fresh-filler-winding-crack.webp,"How to Fix Driveway Cracks: Concrete, Asphalt, and Paver Repair — Drivewayz USA",Fresh dark filler following a winding crack through gray asphalt,string,https://drivewayzusa.co/images/hero-how-to-fix-driveway-cracks-concrete-asphalt-and-paver-repair.webp,https://drivewayzusa.co/images/heroes/hero-fresh-filler-winding-crack.webp,true,/images/pexels-artbovich-8134848.webp,/images/heroes/hero-fresh-filler-winding-crack.webp,
2026-07-29T23:06:53.488521,how-to-fix-paver-driveways-settling-and-shifting-issues,guides/how-to-fix-paver-driveways-settling-and-shifting-issues/index.html,swapped,0,/images/pexels-pixabay-221540.webp,/images/heroes/hero-settled-pavers-lifted-fresh-sand.webp,How to Fix Paver Driveways: Settling and Shifting Issues — Drivewayz USA,Settled pavers lifted in sections with fresh sand screeded below,string,https://drivewayzusa.co/images/hero-how-to-fix-paver-driveways-settling-and-shifting-issues.webp,https://drivewayzusa.co/images/heroes/hero-settled-pavers-lifted-fresh-sand.webp,true,/images/pexels-pixabay-221540.webp,/images/heroes/hero-settled-pavers-lifted-fresh-sand.webp,
2026-07-29T23:06:53.488960,how-to-level-sunken-paver-driveways,guides/how-to-level-sunken-paver-driveways/index.html,swapped,0,/images/pexels-pixabay-221540.webp,/images/heroes/hero-sunken-pavers-exposed-sand-bed.webp,How to Level Sunken Paver Driveways — Drivewayz USA,Sunken pavers lifted out exposing a rippled sand bedding layer,string,https://drivewayzusa.co/images/hero-how-to-level-sunken-paver-driveways.webp,https://drivewayzusa.co/images/heroes/hero-sunken-pavers-exposed-sand-bed.webp,true,/images/pexels-pixabay-221540.webp,/images/heroes/hero-sunken-pavers-exposed-sand-bed.webp,
2026-07-29T23:06:53.489795,how-to-negotiate-with-driveway-contractors,guides/how-to-negotiate-with-driveway-contractors/index.html,swapped,0,/images/pexels-pixabay-221540.webp,/images/heroes/hero-measuring-tape-broomed-slab-edge.webp,How to Negotiate With Driveway Contractors — Drivewayz USA,Measuring tape laid across a freshly broomed concrete driveway slab,string,https://drivewayzusa.co/images/hero-how-to-negotiate-with-driveway-contractors.webp,https://drivewayzusa.co/images/heroes/hero-measuring-tape-broomed-slab-edge.webp,true,/images/pexels-pixabay-221540.webp,/images/heroes/hero-measuring-tape-broomed-slab-edge.webp,
2026-07-29T23:06:53.490229,how-to-patch-and-repair-asphalt-driveways,guides/how-to-patch-and-repair-asphalt-driveways/index.html,swapped,0,/images/pexels-artbovich-8134848.webp,/images/heroes/hero-cold-patch-tamped-into-pothole.webp,How to Patch and Repair Asphalt Driveways — Drivewayz USA,Fresh cold asphalt compound tamped into a sawn pothole on a worn driveway,string,https://drivewayzusa.co/images/hero-how-to-patch-and-repair-asphalt-driveways.webp,https://drivewayzusa.co/images/heroes/hero-cold-patch-tamped-into-pothole.webp,true,/images/pexels-artbovich-8134848.webp,/images/heroes/hero-cold-patch-tamped-into-pothole.webp,
2026-07-29T23:06:53.490613,how-to-patch-and-repair-concrete-driveways,guides/how-to-patch-and-repair-concrete-driveways/index.html,swapped,0,/images/pexels-artbovich-8134848.webp,/images/heroes/hero-wet-patch-mortar-crack-fill.webp,How to Patch and Repair Concrete Driveways — Drivewayz USA,Wet gray mortar smoothed into a long crack across a concrete driveway,string,https://drivewayzusa.co/images/hero-how-to-patch-and-repair-concrete-driveways.webp,https://drivewayzusa.co/images/heroes/hero-wet-patch-mortar-crack-fill.webp,true,/images/pexels-artbovich-8134848.webp,/images/heroes/hero-wet-patch-mortar-crack-fill.webp,
2026-07-29T23:06:53.490985,how-to-prepare-your-property-for-driveway-installation,guides/how-to-prepare-your-property-for-driveway-installation/index.html,swapped,0,/images/pexels-pixabay-221540.webp,/images/heroes/hero-staked-string-bare-lawn-layout.webp,How to Prepare Your Property for Driveway Installation — Drivewayz USA,Stakes and string marking a driveway footprint across a bare front lawn,string,https://drivewayzusa.co/images/hero-how-to-prepare-your-property-for-driveway-installation.webp,https://drivewayzusa.co/images/heroes/hero-staked-string-bare-lawn-layout.webp,true,/images/pexels-pixabay-221540.webp,/images/heroes/hero-staked-string-bare-lawn-layout.webp,
2026-07-29T23:06:53.491290,how-to-protect-your-driveway-from-tree-roots,guides/how-to-protect-your-driveway-from-tree-roots/index.html,swapped,0,/images/pexels-pixabay-221540.webp,/images/heroes/hero-root-lifted-slab-edge-shadow.webp,How to Protect Your Driveway From Tree Roots — Drivewayz USA,Tree root lifting the edge of a cracked concrete driveway slab,string,https://drivewayzusa.co/images/hero-how-to-protect-your-driveway-from-tree-roots.webp,https://drivewayzusa.co/images/heroes/hero-root-lifted-slab-edge-shadow.webp,true,/images/pexels-pixabay-221540.webp,/images/heroes/hero-root-lifted-slab-edge-shadow.webp,
2026-07-29T23:06:53.491632,how-to-read-a-driveway-installation-contract,guides/how-to-read-a-driveway-installation-contract/index.html,swapped,0,/images/pexels-pixabay-221540.webp,/images/heroes/hero-wet-pour-flowing-into-forms.webp,How to Read a Driveway Installation Contract — Drivewayz USA,Wet concrete flowing into wooden forms at a driveway pour site,string,https://drivewayzusa.co/images/hero-how-to-read-a-driveway-installation-contract.webp,https://drivewayzusa.co/images/heroes/hero-wet-pour-flowing-into-forms.webp,true,/images/pexels-pixabay-221540.webp,/images/heroes/hero-wet-pour-flowing-into-forms.webp,
2026-07-29T23:06:53.491883,how-to-remove-an-old-driveway-before-installing-a-new-one,guides/how-to-remove-an-old-driveway-before-installing-a-new-one/index.html,swapped,0,/images/pexels-pixabay-221540.webp,/images/heroes/hero-broken-slab-chunks-beside-trench.webp,How to Remove an Old Driveway Before Installing a New One — Drivewayz USA,Broken concrete slab chunks piled beside an excavated driveway trench,string,https://drivewayzusa.co/images/hero-how-to-remove-an-old-driveway-before-installing-a-new-one.webp,https://drivewayzusa.co/images/heroes/hero-broken-slab-chunks-beside-trench.webp,true,/images/pexels-pixabay-221540.webp,/images/heroes/hero-broken-slab-chunks-beside-trench.webp,
2026-07-29T23:06:53.492233,how-to-remove-ice-from-your-driveway-safely,guides/how-to-remove-ice-from-your-driveway-safely/index.html,swapped,0,/images/pexels-pixabay-221540.webp,/images/heroes/hero-icy-sheet-over-concrete-drive.webp,How to Remove Ice From Your Driveway Safely — Drivewayz USA,Thin sheet of ice glazing a weathered concrete driveway in flat gray light,string,https://drivewayzusa.co/images/hero-how-to-remove-ice-from-your-driveway-safely.webp,https://drivewayzusa.co/images/heroes/hero-icy-sheet-over-concrete-drive.webp,true,/images/pexels-pixabay-221540.webp,/images/heroes/hero-icy-sheet-over-concrete-drive.webp,
2026-07-29T23:06:53.492605,how-to-remove-oil-stains-from-a-concrete-driveway,guides/how-to-remove-oil-stains-from-a-concrete-driveway/index.html,swapped,0,/images/pexels-pixabay-221540.webp,/images/heroes/hero-oil-stain-ring-gray-concrete.webp,How to Remove Oil Stains From a Concrete Driveway — Drivewayz USA,Dark oil ring soaking into a pale concrete driveway surface,string,https://drivewayzusa.co/images/hero-how-to-remove-oil-stains-from-a-concrete-driveway.webp,https://drivewayzusa.co/images/heroes/hero-oil-stain-ring-gray-concrete.webp,true,/images/pexels-pixabay-221540.webp,/images/heroes/hero-oil-stain-ring-gray-concrete.webp,
2026-07-29T23:06:53.492929,how-to-remove-oil-stains-from-an-asphalt-driveway,guides/how-to-remove-oil-stains-from-an-asphalt-driveway/index.html,swapped,0,/images/pexels-pixabay-221540.webp,/images/heroes/hero-dark-oil-blotch-faded-asphalt.webp,How to Remove Oil Stains From an Asphalt Driveway — Drivewayz USA,Dark oil blotches mottling a faded gray asphalt driveway closeup,string,https://drivewayzusa.co/images/hero-how-to-remove-oil-stains-from-an-asphalt-driveway.webp,https://drivewayzusa.co/images/heroes/hero-dark-oil-blotch-faded-asphalt.webp,true,/images/pexels-pixabay-221540.webp,/images/heroes/hero-dark-oil-blotch-faded-asphalt.webp,
2026-07-29T23:06:53.493266,how-to-remove-paint-from-a-driveway,guides/how-to-remove-paint-from-a-driveway/index.html,swapped,0,/images/pexels-pixabay-221540.webp,/images/heroes/hero-paint-drips-weathered-concrete.webp,How to Remove Paint From a Driveway — Drivewayz USA,Dried paint drips spattered across a weathered concrete driveway slab,string,https://drivewayzusa.co/images/hero-how-to-remove-paint-from-a-driveway.webp,https://drivewayzusa.co/images/heroes/hero-paint-drips-weathered-concrete.webp,true,/images/pexels-pixabay-221540.webp,/images/heroes/hero-paint-drips-weathered-concrete.webp,
2026-07-29T23:06:53.493631,how-to-resurface-an-asphalt-driveway-on-a-budget,guides/how-to-resurface-an-asphalt-driveway-on-a-budget/index.html,swapped,0,/images/pexels-artbovich-8134848.webp,/images/heroes/hero-black-overlay-meets-gray-blacktop.webp,How to Resurface an Asphalt Driveway on a Budget — Drivewayz USA,Fresh black overlay band meeting faded gray asphalt on a driveway,string,https://drivewayzusa.co/images/hero-how-to-resurface-an-asphalt-driveway-on-a-budget.webp,https://drivewayzusa.co/images/heroes/hero-black-overlay-meets-gray-blacktop.webp,true,/images/pexels-artbovich-8134848.webp,/images/heroes/hero-black-overlay-meets-gray-blacktop.webp,
2026-07-29T23:06:53.493959,how-to-stain-a-concrete-driveway-colors-and-techniques,guides/how-to-stain-a-concrete-driveway-colors-and-techniques/index.html,swapped,0,/images/pexels-pixabay-221540.webp,/images/heroes/hero-warm-brown-stain-half-slab.webp,How to Stain a Concrete Driveway: Colors and Techniques — Drivewayz USA,Warm brown stain freshly applied over half of a concrete driveway slab,string,https://drivewayzusa.co/images/hero-how-to-stain-a-concrete-driveway-colors-and-techniques.webp,https://drivewayzusa.co/images/heroes/hero-warm-brown-stain-half-slab.webp,true,/images/pexels-pixabay-221540.webp,/images/heroes/hero-warm-brown-stain-half-slab.webp,
2026-07-29T23:06:53.494385,how-to-vet-a-driveway-contractor-questions-to-ask,guides/how-to-vet-a-driveway-contractor-questions-to-ask/index.html,swapped,0,/images/pexels-pixabay-221540.webp,/images/heroes/hero-crisp-new-slab-elevated-view.webp,How to Vet a Driveway Contractor: Questions to Ask — Drivewayz USA,Elevated view of a crisp new concrete driveway beside a neat lawn,string,https://drivewayzusa.co/images/hero-how-to-vet-a-driveway-contractor-questions-to-ask.webp,https://drivewayzusa.co/images/heroes/hero-crisp-new-slab-elevated-view.webp,true,/images/pexels-pixabay-221540.webp,/images/heroes/hero-crisp-new-slab-elevated-view.webp,
2026-07-29T23:06:53.494729,how-to-widen-an-existing-driveway,guides/how-to-widen-an-existing-driveway/index.html,swapped,0,/images/pexels-pixabay-221540.webp,/images/heroes/hero-dug-strip-along-concrete-drive.webp,How to Widen an Existing Driveway — Drivewayz USA,Freshly dug gravel strip running alongside an existing concrete driveway,string,https://drivewayzusa.co/images/hero-how-to-widen-an-existing-driveway.webp,https://drivewayzusa.co/images/heroes/hero-dug-strip-along-concrete-drive.webp,true,/images/pexels-pixabay-221540.webp,/images/heroes/hero-dug-strip-along-concrete-drive.webp,
2026-07-29T23:06:53.494984,how-to-winterize-your-driveway-before-the-first-freeze,guides/how-to-winterize-your-driveway-before-the-first-freeze/index.html,swapped,0,/images/pexels-sobeslavjan-13838908.webp,/images/heroes/hero-frost-rimed-sealed-asphalt-lane.webp,How to Winterize Your Driveway Before the First Freeze — Drivewayz USA,Frost riming the edge of a sealed asphalt lane under cold morning light,string,https://drivewayzusa.co/images/hero-how-to-winterize-your-driveway-before-the-first-freeze.webp,https://drivewayzusa.co/images/heroes/hero-frost-rimed-sealed-asphalt-lane.webp,true,/images/pexels-sobeslavjan-13838908.webp,/images/heroes/hero-frost-rimed-sealed-asphalt-lane.webp,
2026-07-29T23:06:53.495347,how-your-soil-type-affects-driveway-material-choice,guides/how-your-soil-type-affects-driveway-material-choice/index.html,swapped,0,/images/pexels-pixabay-221540.webp,/images/heroes/hero-layered-soil-test-pit-edge.webp,How Your Soil Type Affects Driveway Material Choice — Drivewayz USA,Layered soil profile exposed in a square test pit beside a gravel base,string,https://drivewayzusa.co/images/hero-how-your-soil-type-affects-driveway-material-choice.webp,https://drivewayzusa.co/images/heroes/hero-layered-soil-test-pit-edge.webp,true,/images/pexels-pixabay-221540.webp,/images/heroes/hero-layered-soil-test-pit-edge.webp,
2026-07-29T23:06:53.495701,hurricane-zones-driveway-design-for-resilience,guides/hurricane-zones-driveway-design-for-resilience/index.html,swapped,0,/images/pexels-pixabay-221540.webp,/images/heroes/hero-rainwater-off-sealed-drive-drain.webp,Hurricane Zones: Driveway Design for Resilience — Drivewayz USA,Rainwater sheeting off a sealed concrete driveway toward a trench drain,string,https://drivewayzusa.co/images/hero-hurricane-zones-driveway-design-for-resilience.webp,https://drivewayzusa.co/images/heroes/hero-rainwater-off-sealed-drive-drain.webp,true,/images/pexels-pixabay-221540.webp,/images/heroes/hero-rainwater-off-sealed-drive-drain.webp,
2026-07-29T23:06:53.496064,impervious-surface-limits-and-driveways,guides/impervious-surface-limits-and-driveways/index.html,swapped,0,/images/pexels-pixabay-221540.webp,/images/heroes/hero-rain-soaking-wide-paver-joints.webp,Impervious Surface Limits and Driveways — Drivewayz USA,Rain soaking into the wide gravel joints between permeable pavers,string,https://drivewayzusa.co/images/hero-impervious-surface-limits-and-driveways.webp,https://drivewayzusa.co/images/heroes/hero-rain-soaking-wide-paver-joints.webp,true,/images/pexels-pixabay-221540.webp,/images/heroes/hero-rain-soaking-wide-paver-joints.webp,
2026-07-29T23:06:53.496394,insurance-considerations-for-driveway-projects,guides/insurance-considerations-for-driveway-projects/index.html,swapped,0,/images/pexels-pixabay-221540.webp,/images/heroes/hero-flawless-sealed-concrete-frontage.webp,Insurance Considerations for Driveway Projects — Drivewayz USA,Flawless sealed concrete driveway leading to a quiet residential frontage,string,https://drivewayzusa.co/images/hero-insurance-considerations-for-driveway-projects.webp,https://drivewayzusa.co/images/heroes/hero-flawless-sealed-concrete-frontage.webp,true,/images/pexels-pixabay-221540.webp,/images/heroes/hero-flawless-sealed-concrete-frontage.webp,
2026-07-29T23:06:53.496733,integral-color-vs-surface-applied-concrete-driveway-color,guides/integral-color-vs-surface-applied-concrete-driveway-color/index.html,swapped,0,/images/pexels-pixabay-221540.webp,/images/heroes/hero-two-tone-concrete-color-boundary.webp,Integral Color vs Surface-Applied Concrete Driveway Color — Drivewayz USA,Two tones of colored concrete meeting along a straight sawn line,string,https://drivewayzusa.co/images/hero-integral-color-vs-surface-applied-concrete-driveway-color.webp,https://drivewayzusa.co/images/heroes/hero-two-tone-concrete-color-boundary.webp,true,/images/pexels-pixabay-221540.webp,/images/heroes/hero-two-tone-concrete-color-boundary.webp,
2026-07-29T23:06:53.497250,investment-property-driveway-balancing-cost-and-quality,guides/investment-property-driveway-balancing-cost-and-quality/index.html,swapped,0,/images/pexels-pixabay-221540.webp,/images/heroes/hero-modest-broomed-lane-open-pasture.webp,Investment Property Driveway: Balancing Cost and Quality — Drivewayz USA,Modest broomed concrete lane running toward open pasture under a flat sky,string,https://drivewayzusa.co/images/hero-investment-property-driveway-balancing-cost-and-quality.webp,https://drivewayzusa.co/images/heroes/hero-modest-broomed-lane-open-pasture.webp,true,/images/pexels-pixabay-221540.webp,/images/heroes/hero-modest-broomed-lane-open-pasture.webp,
2026-07-29T23:06:53.497676,joint-sand-vs-polymeric-sand-for-pavers,guides/joint-sand-vs-polymeric-sand-for-pavers/index.html,swapped,0,/images/pexels-pixabay-221540.webp,/images/heroes/hero-dry-dark-joint-sand-boundary.webp,Joint Sand vs Polymeric Sand for Pavers — Drivewayz USA,Dry pale joint sand meeting darker settled sand across paver joints,string,https://drivewayzusa.co/images/hero-joint-sand-vs-polymeric-sand-for-pavers.webp,https://drivewayzusa.co/images/heroes/hero-dry-dark-joint-sand-boundary.webp,true,/images/pexels-pixabay-221540.webp,/images/heroes/hero-dry-dark-joint-sand-boundary.webp,
2026-07-29T23:06:53.498056,labor-shortage-impact-on-driveway-installation-costs,guides/labor-shortage-impact-on-driveway-installation-costs/index.html,swapped,0,/images/pexels-pixabay-221540.webp,/images/heroes/hero-empty-job-site-forms-waiting.webp,Labor Shortage Impact on Driveway Installation Costs — Drivewayz USA,Wooden forms and a graded base waiting at an empty driveway job site,string,https://drivewayzusa.co/images/hero-labor-shortage-impact-on-driveway-installation-costs.webp,https://drivewayzusa.co/images/heroes/hero-empty-job-site-forms-waiting.webp,true,/images/pexels-pixabay-221540.webp,/images/heroes/hero-empty-job-site-forms-waiting.webp,
2026-07-29T23:06:53.498380,large-driveway-cost-pricing-for-1000-square-feet,guides/large-driveway-cost-pricing-for-1000-square-feet/index.html,swapped,0,/images/hugo-sousa-BghGseQbAkA-unsplash.webp,/images/heroes/hero-sweeping-wide-concrete-drive-above.webp,Large Driveway Cost: Pricing for 1000+ Square Feet — Drivewayz USA,Elevated view of a sweeping wide concrete driveway beside open lawn,string,https://drivewayzusa.co/images/hero-large-driveway-cost-pricing-for-1000-square-feet.webp,https://drivewayzusa.co/images/heroes/hero-sweeping-wide-concrete-drive-above.webp,true,/images/hugo-sousa-BghGseQbAkA-unsplash.webp,/images/heroes/hero-sweeping-wide-concrete-drive-above.webp,
2026-07-29T23:06:53.498787,leaf-stain-prevention-and-removal,guides/leaf-stain-prevention-and-removal/index.html,swapped,0,/images/pexels-pixabay-221540.webp,/images/heroes/hero-tannin-stains-fallen-leaves.webp,Leaf Stain Prevention and Removal — Drivewayz USA,Fallen leaves pressing brown tannin marks into a wet concrete drive,string,https://drivewayzusa.co/images/hero-leaf-stain-prevention-and-removal.webp,https://drivewayzusa.co/images/heroes/hero-tannin-stains-fallen-leaves.webp,true,/images/pexels-pixabay-221540.webp,/images/heroes/hero-tannin-stains-fallen-leaves.webp,
2026-07-29T23:06:53.499144,liability-issues-driveway-injuries-and-accidents,guides/liability-issues-driveway-injuries-and-accidents/index.html,swapped,0,/images/pexels-pixabay-221540.webp,/images/heroes/hero-raised-slab-edge-trip-hazard.webp,Liability Issues: Driveway Injuries and Accidents — Drivewayz USA,Raised uneven slab joint forming a trip edge on concrete,string,https://drivewayzusa.co/images/hero-liability-issues-driveway-injuries-and-accidents.webp,https://drivewayzusa.co/images/heroes/hero-raised-slab-edge-trip-hazard.webp,true,/images/pexels-pixabay-221540.webp,/images/heroes/hero-raised-slab-edge-trip-hazard.webp,
2026-07-29T23:06:53.499800,low-maintenance-driveway-materials-ranked,guides/low-maintenance-driveway-materials-ranked/index.html,swapped,0,/images/pexels-artbovich-8134848.webp,/images/heroes/hero-even-sealed-drive-gray-skies.webp,Low-Maintenance Driveway Materials Ranked — Drivewayz USA,Even sealed concrete driveway with tidy edges under gray skies,string,https://drivewayzusa.co/images/hero-low-maintenance-driveway-materials-ranked.webp,https://drivewayzusa.co/images/heroes/hero-even-sealed-drive-gray-skies.webp,true,/images/pexels-artbovich-8134848.webp,/images/heroes/hero-even-sealed-drive-gray-skies.webp,
2026-07-29T23:06:53.500125,matching-your-driveway-to-home-architecture,guides/matching-your-driveway-to-home-architecture/index.html,swapped,0,/images/pexels-pixabay-221540.webp,/images/heroes/hero-warm-paver-drive-home-front.webp,Matching Your Driveway to Home Architecture — Drivewayz USA,Warm toned paver driveway complementing the home facade at golden hour,string,https://drivewayzusa.co/images/hero-matching-your-driveway-to-home-architecture.webp,https://drivewayzusa.co/images/heroes/hero-warm-paver-drive-home-front.webp,true,/images/pexels-pixabay-221540.webp,/images/heroes/hero-warm-paver-drive-home-front.webp,
2026-07-29T23:06:53.500728,mediterranean-home-driveways-tile-and-stone,guides/mediterranean-home-driveways-tile-and-stone/index.html,swapped,0,/images/pexels-pixabay-221540.webp,/images/heroes/hero-terracotta-stone-pavers-courtyard.webp,Mediterranean Home Driveways: Tile and Stone — Drivewayz USA,Terracotta toned stone pavers spread across a sunny front courtyard,string,https://drivewayzusa.co/images/hero-mediterranean-home-driveways-tile-and-stone.webp,https://drivewayzusa.co/images/heroes/hero-terracotta-stone-pavers-courtyard.webp,true,/images/pexels-pixabay-221540.webp,/images/heroes/hero-terracotta-stone-pavers-courtyard.webp,
2026-07-29T23:06:53.501191,microtopping-for-driveways-ultra-thin-concrete-overlay,guides/microtopping-for-driveways-ultra-thin-concrete-overlay/index.html,swapped,0,/images/pexels-pixabay-221540.webp,/images/heroes/hero-squeegee-thin-gray-coat-slab.webp,Microtopping for Driveways: Ultra-Thin Concrete Overlay — Drivewayz USA,Fresh gray coating skimmed over a weathered concrete slab,string,https://drivewayzusa.co/images/hero-microtopping-for-driveways-ultra-thin-concrete-overlay.webp,https://drivewayzusa.co/images/heroes/hero-squeegee-thin-gray-coat-slab.webp,true,/images/pexels-pixabay-221540.webp,/images/heroes/hero-squeegee-thin-gray-coat-slab.webp,
2026-07-29T23:06:53.501490,mid-budget-driveway-renovation-5000-to-10000,guides/mid-budget-driveway-renovation-5000-to-10000/index.html,swapped,0,/images/pexels-pixabay-221540.webp,/images/heroes/hero-half-resurfaced-drive-overcast.webp,Mid-Budget Driveway Renovation: $5000 to $10000 — Drivewayz USA,Half resurfaced concrete driveway showing fresh coat meeting aged slab,string,https://drivewayzusa.co/images/hero-mid-budget-driveway-renovation-5000-to-10000.webp,https://drivewayzusa.co/images/heroes/hero-half-resurfaced-drive-overcast.webp,true,/images/pexels-pixabay-221540.webp,/images/heroes/hero-half-resurfaced-drive-overcast.webp,
2026-07-29T23:06:53.501766,modern-home-driveways-contemporary-design-ideas,guides/modern-home-driveways-contemporary-design-ideas/index.html,swapped,0,/images/matt-jones-xpDHTc-pkog-unsplash.webp,/images/heroes/hero-sawn-grid-new-concrete-drive.webp,Modern Home Driveways: Contemporary Design Ideas — Drivewayz USA,Geometric saw cut grid across a clean new concrete driveway,string,https://drivewayzusa.co/images/hero-modern-home-driveways-contemporary-design-ideas.webp,https://drivewayzusa.co/images/heroes/hero-sawn-grid-new-concrete-drive.webp,true,/images/matt-jones-xpDHTc-pkog-unsplash.webp,/images/heroes/hero-sawn-grid-new-concrete-drive.webp,
2026-07-29T23:06:53.502011,mold-and-mildew-prevention-on-driveways,guides/mold-and-mildew-prevention-on-driveways/index.html,swapped,0,/images/pexels-pixabay-221540.webp,/images/heroes/hero-dark-mildew-blotches-damp-concrete.webp,Mold and Mildew Prevention on Driveways — Drivewayz USA,Dark mildew blotches spreading across a damp concrete surface,string,https://drivewayzusa.co/images/hero-mold-and-mildew-prevention-on-driveways.webp,https://drivewayzusa.co/images/heroes/hero-dark-mildew-blotches-damp-concrete.webp,true,/images/pexels-pixabay-221540.webp,/images/heroes/hero-dark-mildew-blotches-damp-concrete.webp,
2026-07-29T23:06:53.502265,moss-and-algae-on-driveways-removal-and-prevention,guides/moss-and-algae-on-driveways-removal-and-prevention/index.html,swapped,0,/images/pexels-pixabay-221540.webp,/images/heroes/hero-green-moss-patches-concrete-joints.webp,Moss and Algae on Driveways: Removal and Prevention — Drivewayz USA,Green moss patches creeping along damp concrete joints,string,https://drivewayzusa.co/images/hero-moss-and-algae-on-driveways-removal-and-prevention.webp,https://drivewayzusa.co/images/heroes/hero-green-moss-patches-concrete-joints.webp,true,/images/pexels-pixabay-221540.webp,/images/heroes/hero-green-moss-patches-concrete-joints.webp,
2026-07-29T23:06:53.502581,moss-and-algae-removal-from-driveways,guides/moss-and-algae-removal-from-driveways/index.html,swapped,0,/images/pexels-pixabay-221540.webp,/images/heroes/hero-cleaned-stripe-mossy-concrete.webp,Moss and Algae Removal from Driveways — Drivewayz USA,Freshly cleaned stripe beside a moss covered concrete surface,string,https://drivewayzusa.co/images/hero-moss-and-algae-removal-from-driveways.webp,https://drivewayzusa.co/images/heroes/hero-cleaned-stripe-mossy-concrete.webp,true,/images/pexels-pixabay-221540.webp,/images/heroes/hero-cleaned-stripe-mossy-concrete.webp,
2026-07-29T23:06:53.502869,neighbor-disputes-over-driveway-access,guides/neighbor-disputes-over-driveway-access/index.html,swapped,0,/images/pexels-pixabay-221540.webp,/images/heroes/hero-adjacent-drives-shared-seam.webp,Neighbor Disputes Over Driveway Access — Drivewayz USA,Two neighboring concrete driveways meeting along a shared center seam,string,https://drivewayzusa.co/images/hero-neighbor-disputes-over-driveway-access.webp,https://drivewayzusa.co/images/heroes/hero-adjacent-drives-shared-seam.webp,true,/images/pexels-pixabay-221540.webp,/images/heroes/hero-adjacent-drives-shared-seam.webp,
2026-07-29T23:06:53.503160,new-construction-when-to-install-your-driveway-in-the-build-process,guides/new-construction-when-to-install-your-driveway-in-the-build-process/index.html,swapped,0,/images/pexels-pixabay-221540.webp,/images/heroes/hero-formed-drive-base-beside-build.webp,New Construction: When to Install Your Driveway in the Build Process — Drivewayz USA,Formed gravel drive base beside a house under construction,string,https://drivewayzusa.co/images/hero-new-construction-when-to-install-your-driveway-in-the-build-process.webp,https://drivewayzusa.co/images/heroes/hero-formed-drive-base-beside-build.webp,true,/images/pexels-pixabay-221540.webp,/images/heroes/hero-formed-drive-base-beside-build.webp,
2026-07-29T23:06:53.503595,new-driveway-vs-driveway-overlay-which-saves-more-money,guides/new-driveway-vs-driveway-overlay-which-saves-more-money/index.html,swapped,0,/images/pexels-pixabay-221540.webp,/images/heroes/hero-fresh-overlay-edge-aged-slab.webp,New Driveway vs Driveway Overlay: Which Saves More Money? — Drivewayz USA,Fresh overlay edge meeting a worn older concrete slab,string,https://drivewayzusa.co/images/hero-new-driveway-vs-driveway-overlay-which-saves-more-money.webp,https://drivewayzusa.co/images/heroes/hero-fresh-overlay-edge-aged-slab.webp,true,/images/pexels-pixabay-221540.webp,/images/heroes/hero-fresh-overlay-edge-aged-slab.webp,
2026-07-29T23:06:53.503887,new-homeowner-driveway-assessment-what-to-check-first,guides/new-homeowner-driveway-assessment-what-to-check-first/index.html,swapped,0,/images/pexels-pixabay-221540.webp,/images/heroes/hero-hairline-cracks-stains-aged-slab.webp,New Homeowner Driveway Assessment: What to Check First — Drivewayz USA,Hairline cracks and stain spots across an aging concrete slab,string,https://drivewayzusa.co/images/hero-new-homeowner-driveway-assessment-what-to-check-first.webp,https://drivewayzusa.co/images/heroes/hero-hairline-cracks-stains-aged-slab.webp,true,/images/pexels-pixabay-221540.webp,/images/heroes/hero-hairline-cracks-stains-aged-slab.webp,
2026-07-29T23:06:53.504174,nighttime-driveway-safety-features,guides/nighttime-driveway-safety-features/index.html,swapped,0,/images/pexels-pixabay-221540.webp,/images/heroes/hero-low-edge-lights-dusk-drive.webp,Nighttime Driveway Safety Features — Drivewayz USA,Low edge lights glowing along a sealed driveway at dusk,string,https://drivewayzusa.co/images/hero-nighttime-driveway-safety-features.webp,https://drivewayzusa.co/images/heroes/hero-low-edge-lights-dusk-drive.webp,true,/images/pexels-pixabay-221540.webp,/images/heroes/hero-low-edge-lights-dusk-drive.webp,
2026-07-29T23:06:53.504497,non-slip-surfaces-for-wet-conditions,guides/non-slip-surfaces-for-wet-conditions/index.html,swapped,0,/images/pexels-pixabay-221540.webp,/images/heroes/hero-rain-darkened-broom-texture.webp,Non-Slip Surfaces for Wet Conditions — Drivewayz USA,Rain darkened broom textured concrete with grippy ridges,string,https://drivewayzusa.co/images/hero-non-slip-surfaces-for-wet-conditions.webp,https://drivewayzusa.co/images/heroes/hero-rain-darkened-broom-texture.webp,true,/images/pexels-pixabay-221540.webp,/images/heroes/hero-rain-darkened-broom-texture.webp,
2026-07-29T23:06:53.504761,off-season-driveway-installation-save-money-in-winter,guides/off-season-driveway-installation-save-money-in-winter/index.html,swapped,0,/images/pexels-pixabay-221540.webp,/images/heroes/hero-frost-dusted-forms-gravel-base.webp,Off-Season Driveway Installation: Save Money in Winter — Drivewayz USA,Frost dusted wooden forms set over a gravel drive base,string,https://drivewayzusa.co/images/hero-off-season-driveway-installation-save-money-in-winter.webp,https://drivewayzusa.co/images/heroes/hero-frost-dusted-forms-gravel-base.webp,true,/images/pexels-pixabay-221540.webp,/images/heroes/hero-frost-dusted-forms-gravel-base.webp,
2026-07-29T23:06:53.505003,oil-stain-removal-from-asphalt-driveways,guides/oil-stain-removal-from-asphalt-driveways/index.html,swapped,0,/images/pexels-pixabay-221540.webp,/images/heroes/hero-oil-soaked-patch-faded-asphalt.webp,Oil Stain Removal from Asphalt Driveways — Drivewayz USA,Dark petroleum soaked patch on a faded blacktop surface,string,https://drivewayzusa.co/images/hero-oil-stain-removal-from-asphalt-driveways.webp,https://drivewayzusa.co/images/heroes/hero-oil-soaked-patch-faded-asphalt.webp,true,/images/pexels-pixabay-221540.webp,/images/heroes/hero-oil-soaked-patch-faded-asphalt.webp,
2026-07-29T23:06:53.505339,oil-stain-removal-from-concrete-driveways,guides/oil-stain-removal-from-concrete-driveways/index.html,swapped,0,/images/pexels-pixabay-221540.webp,/images/heroes/hero-greasy-blotch-pale-concrete-slab.webp,Oil Stain Removal from Concrete Driveways — Drivewayz USA,Dark greasy blotch soaking into a pale concrete slab,string,https://drivewayzusa.co/images/hero-oil-stain-removal-from-concrete-driveways.webp,https://drivewayzusa.co/images/heroes/hero-greasy-blotch-pale-concrete-slab.webp,true,/images/pexels-pixabay-221540.webp,/images/heroes/hero-greasy-blotch-pale-concrete-slab.webp,
2026-07-29T23:06:53.505491,oyster-shell-driveway,guides/oyster-shell-driveway/index.html,skipped,0,,,,,,,,,,,hero_img_not_found
2026-07-29T23:06:53.505783,parking-pads-adding-extra-parking-space,guides/parking-pads-adding-extra-parking-space/index.html,swapped,0,/images/pexels-pixabay-221540.webp,/images/heroes/hero-gravel-pad-country-approach.webp,Parking Pads: Adding Extra Parking Space — Drivewayz USA,Fresh gravel pad widening a country driveway approach,string,https://drivewayzusa.co/images/hero-parking-pads-adding-extra-parking-space.webp,https://drivewayzusa.co/images/heroes/hero-gravel-pad-country-approach.webp,true,/images/pexels-pixabay-221540.webp,/images/heroes/hero-gravel-pad-country-approach.webp,
2026-07-29T23:06:53.506050,paver-base-material-selection-guide,guides/paver-base-material-selection-guide/index.html,swapped,0,/images/pexels-curtis-adams-1694007-3958961.webp,/images/heroes/hero-layered-stone-base-bed.webp,Paver Base Material Selection Guide — Drivewayz USA,Layered crushed stone bed graded and ready for surfacing,string,https://drivewayzusa.co/images/hero-paver-base-material-selection-guide.webp,https://drivewayzusa.co/images/heroes/hero-layered-stone-base-bed.webp,true,/images/pexels-curtis-adams-1694007-3958961.webp,/images/heroes/hero-layered-stone-base-bed.webp,
2026-07-29T23:06:53.506299,paver-driveway-cost-per-square-foot-guide,guides/paver-driveway-cost-per-square-foot-guide/index.html,swapped,0,/images/pexels-curtis-adams-1694007-3958961.webp,/images/heroes/hero-interlocked-pavers-midday-closeup.webp,Paver Driveway Cost per Square Foot Guide — Drivewayz USA,Tightly interlocked concrete pavers filling the frame in midday sun,string,https://drivewayzusa.co/images/hero-paver-driveway-cost-per-square-foot-guide.webp,https://drivewayzusa.co/images/heroes/hero-interlocked-pavers-midday-closeup.webp,true,/images/pexels-curtis-adams-1694007-3958961.webp,/images/heroes/hero-interlocked-pavers-midday-closeup.webp,
2026-07-29T23:06:53.506541,paver-driveway-installation-step-by-step-guide,guides/paver-driveway-installation-step-by-step-guide/index.html,swapped,0,/images/pexels-curtis-adams-1694007-3958961.webp,/images/heroes/hero-partly-set-pavers-screeded-bed.webp,Paver Driveway Installation Step-by-Step Guide — Drivewayz USA,Pavers half laid over a screeded sand bed in warm light,string,https://drivewayzusa.co/images/hero-paver-driveway-installation-step-by-step-guide.webp,https://drivewayzusa.co/images/heroes/hero-partly-set-pavers-screeded-bed.webp,true,/images/pexels-curtis-adams-1694007-3958961.webp,/images/heroes/hero-partly-set-pavers-screeded-bed.webp,
2026-07-29T23:06:53.507000,paver-driveway-lifespan-what-to-expect-over-30-years,guides/paver-driveway-lifespan-what-to-expect-over-30-years/index.html,swapped,0,/images/pexels-curtis-adams-1694007-3958961.webp,/images/heroes/hero-aged-pavers-low-angle-dusk.webp,Paver Driveway Lifespan: What to Expect Over 30+ Years — Drivewayz USA,Low view across weathered clay pavers in warm evening light,string,https://drivewayzusa.co/images/hero-paver-driveway-lifespan-what-to-expect-over-30-years.webp,https://drivewayzusa.co/images/heroes/hero-aged-pavers-low-angle-dusk.webp,true,/images/pexels-curtis-adams-1694007-3958961.webp,/images/heroes/hero-aged-pavers-low-angle-dusk.webp,
2026-07-29T23:06:53.507431,paver-sealing-pros-cons-and-best-practices,guides/paver-sealing-pros-cons-and-best-practices/index.html,swapped,0,/images/pexels-curtis-adams-1694007-3958961.webp,/images/heroes/hero-glossy-sealed-paver-sheen.webp,"Paver Sealing: Pros, Cons, and Best Practices — Drivewayz USA",Freshly sealed pavers with a glossy wet sheen after rain,string,https://drivewayzusa.co/images/hero-paver-sealing-pros-cons-and-best-practices.webp,https://drivewayzusa.co/images/heroes/hero-glossy-sealed-paver-sheen.webp,true,/images/pexels-curtis-adams-1694007-3958961.webp,/images/heroes/hero-glossy-sealed-paver-sheen.webp,
2026-07-29T23:06:53.507800,pavers-vs-concrete-driveway-cost-durability-and-aesthetics,guides/pavers-vs-concrete-driveway-cost-durability-and-aesthetics/index.html,swapped,0,/images/pexels-pixabay-221540.webp,/images/heroes/hero-pavers-meet-plain-concrete-joint.webp,"Pavers vs Concrete Driveway: Cost, Durability, and Aesthetics — Drivewayz USA",Clay pavers meeting a plain concrete slab along a straight joint,string,https://drivewayzusa.co/images/hero-pavers-vs-concrete-driveway-cost-durability-and-aesthetics.webp,https://drivewayzusa.co/images/heroes/hero-pavers-meet-plain-concrete-joint.webp,true,/images/pexels-pixabay-221540.webp,/images/heroes/hero-pavers-meet-plain-concrete-joint.webp,
2026-07-29T23:06:53.509628,permeable-vs-standard-driveways-environmental-impact,guides/permeable-vs-standard-driveways-environmental-impact/index.html,swapped,1,/images/pexels-introspectivedsgn-7475608.webp,/images/heroes/hero-permeable-pavers-beside-solid-slab.webp,Permeable vs Standard Driveways: Environmental Impact — Drivewayz USA,Open joint pavers beside a solid slab after rainfall,string,https://drivewayzusa.co/images/hero-permeable-vs-standard-driveways-environmental-impact.webp,https://drivewayzusa.co/images/heroes/hero-permeable-pavers-beside-solid-slab.webp,true,/images/pexels-introspectivedsgn-7475608.webp,/images/heroes/hero-permeable-pavers-beside-solid-slab.webp,
2026-07-29T23:06:53.510186,permeable-vs-traditional-driveways-pros-cons-and-costs,guides/permeable-vs-traditional-driveways-pros-cons-and-costs/index.html,swapped,0,/images/pexels-introspectivedsgn-7475608.webp,/images/heroes/hero-gravel-meets-asphalt-lane-boundary.webp,"Permeable vs Traditional Driveways: Pros, Cons, and Costs — Drivewayz USA",Loose gravel meeting a worn asphalt lane at a low view,string,https://drivewayzusa.co/images/hero-permeable-vs-traditional-driveways-pros-cons-and-costs.webp,https://drivewayzusa.co/images/heroes/hero-gravel-meets-asphalt-lane-boundary.webp,true,/images/pexels-introspectivedsgn-7475608.webp,/images/heroes/hero-gravel-meets-asphalt-lane-boundary.webp,
2026-07-29T23:06:53.510554,permeable-vs-traditional,guides/permeable-vs-traditional/index.html,skipped,0,,,,,,,,,,,hero_img_not_found
2026-07-29T23:06:53.510953,pet-safety-considerations-in-driveway-design,guides/pet-safety-considerations-in-driveway-design/index.html,swapped,0,/images/pexels-pixabay-221540.webp,/images/heroes/hero-light-gray-sealed-drive-shade.webp,Pet Safety Considerations in Driveway Design — Drivewayz USA,Light gray sealed drive partly shaded beside a quiet lawn,string,https://drivewayzusa.co/images/hero-pet-safety-considerations-in-driveway-design.webp,https://drivewayzusa.co/images/heroes/hero-light-gray-sealed-drive-shade.webp,true,/images/pexels-pixabay-221540.webp,/images/heroes/hero-light-gray-sealed-drive-shade.webp,
2026-07-29T23:06:53.511225,planning-a-driveway-for-heavy-vehicles-and-work-trucks,guides/planning-a-driveway-for-heavy-vehicles-and-work-trucks/index.html,swapped,0,/images/pexels-pixabay-221540.webp,/images/heroes/hero-deep-slab-edge-closeup.webp,Planning a Driveway for Heavy Vehicles and Work Trucks — Drivewayz USA,Thick concrete slab edge showing deep section over compacted gravel,string,https://drivewayzusa.co/images/hero-planning-a-driveway-for-heavy-vehicles-and-work-trucks.webp,https://drivewayzusa.co/images/heroes/hero-deep-slab-edge-closeup.webp,true,/images/pexels-pixabay-221540.webp,/images/heroes/hero-deep-slab-edge-closeup.webp,
2026-07-29T23:06:53.511555,polymer-concrete-overlay-for-driveway-repair,guides/polymer-concrete-overlay-for-driveway-repair/index.html,swapped,0,/images/pexels-artbovich-8134848.webp,/images/heroes/hero-smooth-overlay-spread-over-slab.webp,Polymer Concrete Overlay for Driveway Repair — Drivewayz USA,Smooth gray overlay being spread across an aged concrete slab,string,https://drivewayzusa.co/images/hero-polymer-concrete-overlay-for-driveway-repair.webp,https://drivewayzusa.co/images/heroes/hero-smooth-overlay-spread-over-slab.webp,true,/images/pexels-artbovich-8134848.webp,/images/heroes/hero-smooth-overlay-spread-over-slab.webp,
2026-07-29T23:06:53.511808,post-installation-driveway-care-the-first-30-days,guides/post-installation-driveway-care-the-first-30-days/index.html,swapped,0,/images/pexels-pixabay-221540.webp,/images/heroes/hero-new-slab-curing-under-sheeting.webp,Post-Installation Driveway Care: The First 30 Days — Drivewayz USA,New concrete slab curing under plastic sheeting in evening light,string,https://drivewayzusa.co/images/hero-post-installation-driveway-care-the-first-30-days.webp,https://drivewayzusa.co/images/heroes/hero-new-slab-curing-under-sheeting.webp,true,/images/pexels-pixabay-221540.webp,/images/heroes/hero-new-slab-curing-under-sheeting.webp,
2026-07-29T23:06:53.512129,pothole-repair-diy-vs-professional,guides/pothole-repair-diy-vs-professional/index.html,swapped,0,/images/pexels-artbovich-8134848.webp,/images/heroes/hero-open-pothole-broken-asphalt-edges.webp,Pothole Repair: DIY vs Professional — Drivewayz USA,Open pothole with broken edges in a weathered asphalt drive,string,https://drivewayzusa.co/images/hero-pothole-repair-diy-vs-professional.webp,https://drivewayzusa.co/images/heroes/hero-open-pothole-broken-asphalt-edges.webp,true,/images/pexels-artbovich-8134848.webp,/images/heroes/hero-open-pothole-broken-asphalt-edges.webp,
2026-07-29T23:06:53.512348,premium-driveway-renovation-15000-and-above,guides/premium-driveway-renovation-15000-and-above/index.html,swapped,0,/images/pexels-pixabay-221540.webp,/images/heroes/hero-stamped-border-inlaid-band-detail.webp,Premium Driveway Renovation: $15000 and Above — Drivewayz USA,Stamped border band with glossy sealer catching warm evening light,string,https://drivewayzusa.co/images/hero-premium-driveway-renovation-15000-and-above.webp,https://drivewayzusa.co/images/heroes/hero-stamped-border-inlaid-band-detail.webp,true,/images/pexels-pixabay-221540.webp,/images/heroes/hero-stamped-border-inlaid-band-detail.webp,
2026-07-29T23:06:53.514587,pressure-washing-your-driveway-best-practices,guides/pressure-washing-your-driveway-best-practices/index.html,swapped,2,/images/pexels-pixabay-221540.webp,/images/heroes/hero-clean-pass-across-dingy-concrete.webp,Pressure Washing Your Driveway: Best Practices — Drivewayz USA,Clean washed stripe cutting across a dingy concrete drive,string,https://drivewayzusa.co/images/hero-pressure-washing-your-driveway-best-practices.webp,https://drivewayzusa.co/images/heroes/hero-clean-pass-across-dingy-concrete.webp,true,/images/pexels-pixabay-221540.webp,/images/heroes/hero-clean-pass-across-dingy-concrete.webp,
2026-07-29T23:06:53.514997,property-line-disputes-and-driveways,guides/property-line-disputes-and-driveways/index.html,swapped,0,/images/pexels-pixabay-221540.webp,/images/heroes/hero-survey-stakes-drive-edge-string.webp,Property Line Disputes and Driveways — Drivewayz USA,Survey stakes and string marking a line beside a cracked drive,string,https://drivewayzusa.co/images/hero-property-line-disputes-and-driveways.webp,https://drivewayzusa.co/images/heroes/hero-survey-stakes-drive-edge-string.webp,true,/images/pexels-pixabay-221540.webp,/images/heroes/hero-survey-stakes-drive-edge-string.webp,
2026-07-29T23:06:53.515558,rainwater-harvesting-driveways-design-and-installation,guides/rainwater-harvesting-driveways-design-and-installation/index.html,swapped,0,/images/pexels-pixabay-221540.webp,/images/heroes/hero-rain-flowing-into-channel-drain.webp,Rainwater Harvesting Driveways: Design and Installation — Drivewayz USA,Rain runoff flowing toward a channel drain at the drive edge,string,https://drivewayzusa.co/images/hero-rainwater-harvesting-driveways-design-and-installation.webp,https://drivewayzusa.co/images/heroes/hero-rain-flowing-into-channel-drain.webp,true,/images/pexels-pixabay-221540.webp,/images/heroes/hero-rain-flowing-into-channel-drain.webp,
2026-07-29T23:06:53.515972,rainy-climates-best-driveway-materials-for-oregon,guides/rainy-climates-best-driveway-materials-for-oregon/index.html,swapped,0,/images/pexels-sobeslavjan-13838908.webp,/images/heroes/hero-rain-soaked-asphalt-drive-gray.webp,Rainy Climates: Best Driveway Materials for Oregon — Drivewayz USA,Rain darkened sealed asphalt drive under a gray wet sky,string,https://drivewayzusa.co/images/hero-rainy-climates-best-driveway-materials-for-oregon.webp,https://drivewayzusa.co/images/heroes/hero-rain-soaked-asphalt-drive-gray.webp,true,/images/pexels-sobeslavjan-13838908.webp,/images/heroes/hero-rain-soaked-asphalt-drive-gray.webp,
2026-07-29T23:06:53.516299,rainy-climates-best-driveway-materials-for-washington,guides/rainy-climates-best-driveway-materials-for-washington/index.html,swapped,0,/images/pexels-sobeslavjan-13838908.webp,/images/heroes/hero-broomed-drive-wet-rain-sheen.webp,Rainy Climates: Best Driveway Materials for Washington — Drivewayz USA,Weathered broom finished drive glistening with puddles after rain,string,https://drivewayzusa.co/images/hero-rainy-climates-best-driveway-materials-for-washington.webp,https://drivewayzusa.co/images/heroes/hero-broomed-drive-wet-rain-sheen.webp,true,/images/pexels-sobeslavjan-13838908.webp,/images/heroes/hero-broomed-drive-wet-rain-sheen.webp,
2026-07-29T23:06:53.516815,real-estate-agent-tips-how-driveways-impact-home-sales,guides/real-estate-agent-tips-how-driveways-impact-home-sales/index.html,swapped,0,/images/pexels-pixabay-221540.webp,/images/heroes/hero-neat-paver-drive-evening-lawn.webp,Real Estate Agent Tips: How Driveways Impact Home Sales — Drivewayz USA,Neat interlocking paver drive with trimmed lawn at dusk,string,https://drivewayzusa.co/images/hero-real-estate-agent-tips-how-driveways-impact-home-sales.webp,https://drivewayzusa.co/images/heroes/hero-neat-paver-drive-evening-lawn.webp,true,/images/pexels-pixabay-221540.webp,/images/heroes/hero-neat-paver-drive-evening-lawn.webp,
2026-07-29T23:06:53.517181,real-estate-staging-driveway-curb-appeal-tips,guides/real-estate-staging-driveway-curb-appeal-tips/index.html,swapped,0,/images/matt-jones-xpDHTc-pkog-unsplash.webp,/images/heroes/hero-sealed-drive-manicured-frontage.webp,Real Estate Staging: Driveway Curb Appeal Tips — Drivewayz USA,Clean sealed concrete drive with manicured lawn under bright sun,string,https://drivewayzusa.co/images/hero-real-estate-staging-driveway-curb-appeal-tips.webp,https://drivewayzusa.co/images/heroes/hero-sealed-drive-manicured-frontage.webp,true,/images/matt-jones-xpDHTc-pkog-unsplash.webp,/images/heroes/hero-sealed-drive-manicured-frontage.webp,
2026-07-29T23:06:53.517655,rebar-and-wire-mesh-for-concrete-driveways,guides/rebar-and-wire-mesh-for-concrete-driveways/index.html,swapped,0,/images/pexels-pixabay-221540.webp,/images/heroes/hero-rebar-cage-over-gravel-bed.webp,Rebar and Wire Mesh for Concrete Driveways — Drivewayz USA,Steel rebar grid laid over a compacted gravel drive bed,string,https://drivewayzusa.co/images/hero-rebar-and-wire-mesh-for-concrete-driveways.webp,https://drivewayzusa.co/images/heroes/hero-rebar-cage-over-gravel-bed.webp,true,/images/pexels-pixabay-221540.webp,/images/heroes/hero-rebar-cage-over-gravel-bed.webp,
2026-07-29T23:06:53.517950,recycled-concrete-aggregate-for-driveway-base,guides/recycled-concrete-aggregate-for-driveway-base/index.html,swapped,0,/images/pexels-pixabay-221540.webp,/images/heroes/hero-graded-recycled-aggregate-layer.webp,Recycled Concrete Aggregate for Driveway Base — Drivewayz USA,Crushed stone spread in an even layer awaiting paving,string,https://drivewayzusa.co/images/hero-recycled-concrete-aggregate-for-driveway-base.webp,https://drivewayzusa.co/images/heroes/hero-graded-recycled-aggregate-layer.webp,true,/images/pexels-pixabay-221540.webp,/images/heroes/hero-graded-recycled-aggregate-layer.webp,
2026-07-29T23:06:53.518080,recycled-glass-driveway,guides/recycled-glass-driveway/index.html,skipped,0,,,,,,,,,,,hero_img_not_found
2026-07-29T23:06:53.518335,recycled-material-driveways-types-and-benefits,guides/recycled-material-driveways-types-and-benefits/index.html,swapped,0,/images/pexels-pixabay-221540.webp,/images/heroes/hero-mixed-aggregate-lane-overcast.webp,Recycled Material Driveways: Types and Benefits — Drivewayz USA,Lane surfaced with mixed crushed aggregate under flat gray light,string,https://drivewayzusa.co/images/hero-recycled-material-driveways-types-and-benefits.webp,https://drivewayzusa.co/images/heroes/hero-mixed-aggregate-lane-overcast.webp,true,/images/pexels-pixabay-221540.webp,/images/heroes/hero-mixed-aggregate-lane-overcast.webp,
2026-07-29T23:06:53.518665,recycling-old-driveway-materials,guides/recycling-old-driveway-materials/index.html,swapped,0,/images/pexels-pixabay-221540.webp,/images/heroes/hero-rubble-pile-beside-excavated-drive.webp,Recycling Old Driveway Materials — Drivewayz USA,Broken concrete rubble piled beside an excavated drive footprint,string,https://drivewayzusa.co/images/hero-recycling-old-driveway-materials.webp,https://drivewayzusa.co/images/heroes/hero-rubble-pile-beside-excavated-drive.webp,true,/images/pexels-pixabay-221540.webp,/images/heroes/hero-rubble-pile-beside-excavated-drive.webp,
2026-07-29T23:06:53.518878,resurfacing-vs-replacement,guides/resurfacing-vs-replacement/index.html,skipped,0,,,,,,,,,,,hero_img_not_found
2026-07-29T23:06:53.519383,retaining-walls-and-driveways-design-integration,guides/retaining-walls-and-driveways-design-integration/index.html,swapped,0,/images/pexels-pixabay-221540.webp,/images/heroes/hero-rounded-stone-wall-paver-drive.webp,Retaining Walls and Driveways: Design Integration — Drivewayz USA,Low rounded stone retaining wall bordering a neat paver driveway at dusk,string,https://drivewayzusa.co/images/hero-retaining-walls-and-driveways-design-integration.webp,https://drivewayzusa.co/images/heroes/hero-rounded-stone-wall-paver-drive.webp,true,/images/pexels-pixabay-221540.webp,/images/heroes/hero-rounded-stone-wall-paver-drive.webp,
2026-07-29T23:06:53.519704,rubber-driveway-pavers-recycled-material-options,guides/rubber-driveway-pavers-recycled-material-options/index.html,swapped,0,/images/pexels-pixabay-221540.webp,/images/heroes/hero-interlocking-rubber-paver-grid.webp,Rubber Driveway Pavers: Recycled Material Options — Drivewayz USA,Interlocking rubber paver tiles with speckled recycled surface texture,string,https://drivewayzusa.co/images/hero-rubber-driveway-pavers-recycled-material-options.webp,https://drivewayzusa.co/images/heroes/hero-interlocking-rubber-paver-grid.webp,true,/images/pexels-pixabay-221540.webp,/images/heroes/hero-interlocking-rubber-paver-grid.webp,
2026-07-29T23:06:53.520177,rust-stain-removal-from-concrete-driveways,guides/rust-stain-removal-from-concrete-driveways/index.html,swapped,0,/images/pexels-pixabay-221540.webp,/images/heroes/hero-orange-rust-streaks-concrete.webp,Rust Stain Removal from Concrete Driveways — Drivewayz USA,Orange rust streaks bleeding across a gray concrete driveway surface,string,https://drivewayzusa.co/images/hero-rust-stain-removal-from-concrete-driveways.webp,https://drivewayzusa.co/images/heroes/hero-orange-rust-streaks-concrete.webp,true,/images/pexels-pixabay-221540.webp,/images/heroes/hero-orange-rust-streaks-concrete.webp,
2026-07-29T23:06:53.520655,rv-parking-pad-design-and-requirements,guides/rv-parking-pad-design-and-requirements/index.html,swapped,0,/images/pexels-pixabay-221540.webp,/images/heroes/hero-deep-concrete-parking-pad-lawn.webp,RV Parking Pad Design and Requirements — Drivewayz USA,Deep concrete parking pad with lawn border under bright sun,string,https://drivewayzusa.co/images/hero-rv-parking-pad-design-and-requirements.webp,https://drivewayzusa.co/images/heroes/hero-deep-concrete-parking-pad-lawn.webp,true,/images/pexels-pixabay-221540.webp,/images/heroes/hero-deep-concrete-parking-pad-lawn.webp,
2026-07-29T23:06:53.521006,salt-damage-repair-for-concrete-driveways,guides/salt-damage-repair-for-concrete-driveways/index.html,swapped,0,/images/pexels-artbovich-8134848.webp,/images/heroes/hero-salt-eaten-pits-concrete-panel.webp,Salt Damage Repair for Concrete Driveways — Drivewayz USA,Pitted salt damaged concrete surface with crumbling white patches,string,https://drivewayzusa.co/images/hero-salt-damage-repair-for-concrete-driveways.webp,https://drivewayzusa.co/images/heroes/hero-salt-eaten-pits-concrete-panel.webp,true,/images/pexels-artbovich-8134848.webp,/images/heroes/hero-salt-eaten-pits-concrete-panel.webp,
2026-07-29T23:06:53.521299,school-bus-turnaround-requirements,guides/school-bus-turnaround-requirements/index.html,swapped,0,/images/pexels-pixabay-221540.webp,/images/heroes/hero-wide-asphalt-turnaround-apron.webp,School Bus Turnaround Requirements — Drivewayz USA,Wide asphalt turnaround apron curving through open grassy ground,string,https://drivewayzusa.co/images/hero-school-bus-turnaround-requirements.webp,https://drivewayzusa.co/images/heroes/hero-wide-asphalt-turnaround-apron.webp,true,/images/pexels-pixabay-221540.webp,/images/heroes/hero-wide-asphalt-turnaround-apron.webp,
2026-07-29T23:06:53.521673,seasonal-driveway-problems-and-solutions,guides/seasonal-driveway-problems-and-solutions/index.html,swapped,0,/images/pexels-pixabay-221540.webp,/images/heroes/hero-thin-snow-cracked-concrete-drive.webp,Seasonal Driveway Problems and Solutions — Drivewayz USA,Thin snow settling over a cracked concrete driveway surface,string,https://drivewayzusa.co/images/hero-seasonal-driveway-problems-and-solutions.webp,https://drivewayzusa.co/images/heroes/hero-thin-snow-cracked-concrete-drive.webp,true,/images/pexels-pixabay-221540.webp,/images/heroes/hero-thin-snow-cracked-concrete-drive.webp,
2026-07-29T23:06:53.522079,seasonal-pricing-for-driveway-projects,guides/seasonal-pricing-for-driveway-projects/index.html,swapped,0,/images/hugo-sousa-BghGseQbAkA-unsplash.webp,/images/heroes/hero-wooden-stakes-string-bare-gravel-bed.webp,Seasonal Pricing for Driveway Projects — Drivewayz USA,Wooden stakes and string lines laid over a graded gravel bed,string,https://drivewayzusa.co/images/hero-seasonal-pricing-for-driveway-projects.webp,https://drivewayzusa.co/images/heroes/hero-wooden-stakes-string-bare-gravel-bed.webp,true,/images/hugo-sousa-BghGseQbAkA-unsplash.webp,/images/heroes/hero-wooden-stakes-string-bare-gravel-bed.webp,
2026-07-29T23:06:53.522490,septic-system-considerations-for-driveways,guides/septic-system-considerations-for-driveways/index.html,swapped,0,/images/pexels-pixabay-221540.webp,/images/heroes/hero-quiet-gravel-lane-open-turf.webp,Septic System Considerations for Driveways — Drivewayz USA,Quiet gravel lane crossing open turf toward a rural home,string,https://drivewayzusa.co/images/hero-septic-system-considerations-for-driveways.webp,https://drivewayzusa.co/images/heroes/hero-quiet-gravel-lane-open-turf.webp,true,/images/pexels-pixabay-221540.webp,/images/heroes/hero-quiet-gravel-lane-open-turf.webp,
2026-07-29T23:06:53.522866,setback-requirements-for-driveways,guides/setback-requirements-for-driveways/index.html,swapped,0,/images/pexels-pixabay-221540.webp,/images/heroes/hero-concrete-drive-wide-grass-margin.webp,Setback Requirements for Driveways — Drivewayz USA,Concrete driveway with a wide grass margin beside a fence line,string,https://drivewayzusa.co/images/hero-setback-requirements-for-driveways.webp,https://drivewayzusa.co/images/heroes/hero-concrete-drive-wide-grass-margin.webp,true,/images/pexels-pixabay-221540.webp,/images/heroes/hero-concrete-drive-wide-grass-margin.webp,
2026-07-29T23:06:53.523268,shared-driveway-agreements-legal-considerations,guides/shared-driveway-agreements-legal-considerations/index.html,swapped,0,/images/pexels-pixabay-221540.webp,/images/heroes/hero-matched-asphalt-drives-center-joint.webp,Shared Driveway Agreements: Legal Considerations — Drivewayz USA,Two matching asphalt driveways divided by a center joint line,string,https://drivewayzusa.co/images/hero-shared-driveway-agreements-legal-considerations.webp,https://drivewayzusa.co/images/heroes/hero-matched-asphalt-drives-center-joint.webp,true,/images/pexels-pixabay-221540.webp,/images/heroes/hero-matched-asphalt-drives-center-joint.webp,
2026-07-29T23:06:53.523560,shell-driveways-coastal-and-southern-options,guides/shell-driveways-coastal-and-southern-options/index.html,swapped,0,/images/pexels-pixabay-221540.webp,/images/heroes/hero-crushed-shell-drive-bright-sun.webp,Shell Driveways: Coastal and Southern Options — Drivewayz USA,Pale crushed shell driveway surface under glaring midday sun,string,https://drivewayzusa.co/images/hero-shell-driveways-coastal-and-southern-options.webp,https://drivewayzusa.co/images/heroes/hero-crushed-shell-drive-bright-sun.webp,true,/images/pexels-pixabay-221540.webp,/images/heroes/hero-crushed-shell-drive-bright-sun.webp,
2026-07-29T23:06:53.523830,signs-your-driveway-needs-replacing-a-visual-guide,guides/signs-your-driveway-needs-replacing-a-visual-guide/index.html,swapped,0,/images/pexels-pixabay-221540.webp,/images/heroes/hero-faded-cracked-blacktop-plain-entry.webp,Signs Your Driveway Needs Replacing: A Visual Guide — Drivewayz USA,Faded cracked blacktop with oil stains before a modest garage,string,https://drivewayzusa.co/images/hero-signs-your-driveway-needs-replacing-a-visual-guide.webp,https://drivewayzusa.co/images/heroes/hero-faded-cracked-blacktop-plain-entry.webp,true,/images/pexels-pixabay-221540.webp,/images/heroes/hero-faded-cracked-blacktop-plain-entry.webp,
2026-07-29T23:06:53.524184,silica-fume-concrete-for-driveways-ultra-high-strength,guides/silica-fume-concrete-for-driveways-ultra-high-strength/index.html,swapped,0,/images/pexels-pixabay-221540.webp,/images/heroes/hero-dense-fine-gray-concrete-macro.webp,Silica Fume Concrete for Driveways: Ultra-High Strength — Drivewayz USA,Dense fine grained gray concrete surface with tight uniform finish,string,https://drivewayzusa.co/images/hero-silica-fume-concrete-for-driveways-ultra-high-strength.webp,https://drivewayzusa.co/images/heroes/hero-dense-fine-gray-concrete-macro.webp,true,/images/pexels-pixabay-221540.webp,/images/heroes/hero-dense-fine-gray-concrete-macro.webp,
2026-07-29T23:06:53.524582,sinking-driveway-repair-options,guides/sinking-driveway-repair-options/index.html,swapped,0,/images/pexels-artbovich-8134848.webp,/images/heroes/hero-dipped-slab-mortar-leveling-repair.webp,Sinking Driveway Repair Options — Drivewayz USA,Dipped concrete slab beside a fresh mortar leveling repair,string,https://drivewayzusa.co/images/hero-sinking-driveway-repair-options.webp,https://drivewayzusa.co/images/heroes/hero-dipped-slab-mortar-leveling-repair.webp,true,/images/pexels-artbovich-8134848.webp,/images/heroes/hero-dipped-slab-mortar-leveling-repair.webp,
2026-07-29T23:06:53.524948,small-claims-court-for-driveway-disputes-a-guide,guides/small-claims-court-for-driveway-disputes-a-guide/index.html,swapped,0,/images/pexels-pixabay-221540.webp,/images/heroes/hero-chalk-arrows-cracked-blacktop.webp,Small Claims Court for Driveway Disputes: A Guide — Drivewayz USA,Chalk arrows marking cracks on a damp weathered blacktop surface,string,https://drivewayzusa.co/images/hero-small-claims-court-for-driveway-disputes-a-guide.webp,https://drivewayzusa.co/images/heroes/hero-chalk-arrows-cracked-blacktop.webp,true,/images/pexels-pixabay-221540.webp,/images/heroes/hero-chalk-arrows-cracked-blacktop.webp,
2026-07-29T23:06:53.525317,small-driveway-cost-budget-for-under-500-square-feet,guides/small-driveway-cost-budget-for-under-500-square-feet/index.html,swapped,0,/images/pexels-pixabay-221540.webp,/images/heroes/hero-compact-broomed-concrete-pad.webp,Small Driveway Cost: Budget for Under 500 Square Feet — Drivewayz USA,Compact broomed concrete pad with crisp sawn control joints,string,https://drivewayzusa.co/images/hero-small-driveway-cost-budget-for-under-500-square-feet.webp,https://drivewayzusa.co/images/heroes/hero-compact-broomed-concrete-pad.webp,true,/images/pexels-pixabay-221540.webp,/images/heroes/hero-compact-broomed-concrete-pad.webp,
2026-07-29T23:06:53.525599,smart-driveway-technology-sensors-and-automation,guides/smart-driveway-technology-sensors-and-automation/index.html,swapped,0,/images/pexels-pixabay-221540.webp,/images/heroes/hero-embedded-sensor-paver-drive-edge.webp,Smart Driveway Technology: Sensors and Automation — Drivewayz USA,Flush sensor puck and small lights along a sealed paver driveway,string,https://drivewayzusa.co/images/hero-smart-driveway-technology-sensors-and-automation.webp,https://drivewayzusa.co/images/heroes/hero-embedded-sensor-paver-drive-edge.webp,true,/images/pexels-pixabay-221540.webp,/images/heroes/hero-embedded-sensor-paver-drive-edge.webp,
2026-07-29T23:06:53.525873,snow-melting-driveway-systems-radiant-heat-options,guides/snow-melting-driveway-systems-radiant-heat-options/index.html,swapped,0,/images/pexels-sobeslavjan-13838908.webp,/images/heroes/hero-bare-wet-concrete-strip-snow.webp,Snow Melting Driveway Systems: Radiant Heat Options — Drivewayz USA,Bare wet concrete strip amid melting snow on a driveway,string,https://drivewayzusa.co/images/hero-snow-melting-driveway-systems-radiant-heat-options.webp,https://drivewayzusa.co/images/heroes/hero-bare-wet-concrete-strip-snow.webp,true,/images/pexels-sobeslavjan-13838908.webp,/images/heroes/hero-bare-wet-concrete-strip-snow.webp,
2026-07-29T23:06:53.526289,snow-plow-damage-to-driveways-prevention-and-repair,guides/snow-plow-damage-to-driveways-prevention-and-repair/index.html,swapped,0,/images/pexels-artbovich-8134848.webp,/images/heroes/hero-plow-gouges-chipped-asphalt-edge.webp,Snow Plow Damage to Driveways: Prevention and Repair — Drivewayz USA,Deep plow gouges and chipped edges on a gray asphalt drive,string,https://drivewayzusa.co/images/hero-snow-plow-damage-to-driveways-prevention-and-repair.webp,https://drivewayzusa.co/images/heroes/hero-plow-gouges-chipped-asphalt-edge.webp,true,/images/pexels-artbovich-8134848.webp,/images/heroes/hero-plow-gouges-chipped-asphalt-edge.webp,
2026-07-29T23:06:53.526561,solar-powered-driveway-features,guides/solar-powered-driveway-features/index.html,swapped,0,/images/pexels-pixabay-221540.webp,/images/heroes/hero-solar-capped-post-lights-drive.webp,Solar-Powered Driveway Features — Drivewayz USA,Solar capped post lights glowing along a gravel lane edge,string,https://drivewayzusa.co/images/hero-solar-powered-driveway-features.webp,https://drivewayzusa.co/images/heroes/hero-solar-capped-post-lights-drive.webp,true,/images/pexels-pixabay-221540.webp,/images/heroes/hero-solar-capped-post-lights-drive.webp,
2026-07-29T23:06:53.526865,solar-reflective-driveway-materials-to-reduce-heat,guides/solar-reflective-driveway-materials-to-reduce-heat/index.html,swapped,0,/images/pexels-pixabay-221540.webp,/images/heroes/hero-cool-light-gray-coating-closeup.webp,Solar Reflective Driveway Materials to Reduce Heat — Drivewayz USA,Light gray reflective coating on a concrete driveway in bright sun,string,https://drivewayzusa.co/images/hero-solar-reflective-driveway-materials-to-reduce-heat.webp,https://drivewayzusa.co/images/heroes/hero-cool-light-gray-coating-closeup.webp,true,/images/pexels-pixabay-221540.webp,/images/heroes/hero-cool-light-gray-coating-closeup.webp,
2026-07-29T23:06:53.527236,spring-driveway-inspection-checklist,guides/spring-driveway-inspection-checklist/index.html,swapped,0,/images/pexels-pixabay-221540.webp,/images/heroes/hero-post-winter-concrete-drive-scan.webp,Spring Driveway Inspection Checklist — Drivewayz USA,Weathered concrete driveway with faint cracks and leaf litter,string,https://drivewayzusa.co/images/hero-spring-driveway-inspection-checklist.webp,https://drivewayzusa.co/images/heroes/hero-post-winter-concrete-drive-scan.webp,true,/images/pexels-pixabay-221540.webp,/images/heroes/hero-post-winter-concrete-drive-scan.webp,
2026-07-29T23:06:53.527709,spring-driveway-maintenance-checklist-for-homeowners,guides/spring-driveway-maintenance-checklist-for-homeowners/index.html,swapped,0,/images/pexels-artbovich-8134848.webp,/images/heroes/hero-newly-sanded-paver-drive-frontage.webp,Spring Driveway Maintenance Checklist for Homeowners — Drivewayz USA,Paver driveway with freshly sanded joints beside trimmed lawn,string,https://drivewayzusa.co/images/hero-spring-driveway-maintenance-checklist-for-homeowners.webp,https://drivewayzusa.co/images/heroes/hero-newly-sanded-paver-drive-frontage.webp,true,/images/pexels-artbovich-8134848.webp,/images/heroes/hero-newly-sanded-paver-drive-frontage.webp,
2026-07-29T23:06:53.527936,stagging-your-driveway-for-open-house-events,guides/stagging-your-driveway-for-open-house-events/index.html,swapped,0,/images/pexels-pixabay-221540.webp,/images/heroes/hero-gleaming-sealed-drive-flower-pots.webp,Stagging Your Driveway for Open House Events — Drivewayz USA,Gleaming sealed asphalt drive framed by flower pots and lawn,string,https://drivewayzusa.co/images/hero-stagging-your-driveway-for-open-house-events.webp,https://drivewayzusa.co/images/heroes/hero-gleaming-sealed-drive-flower-pots.webp,true,/images/pexels-pixabay-221540.webp,/images/heroes/hero-gleaming-sealed-drive-flower-pots.webp,
2026-07-29T23:06:53.528439,stamped-concrete-driveways-patterns-and-costs,guides/stamped-concrete-driveways-patterns-and-costs/index.html,swapped,0,/images/pexels-goodcitizen-1315919.webp,/images/heroes/hero-stamped-fan-pattern-closeup.webp,Stamped Concrete Driveways: Patterns and Costs — Drivewayz USA,Glossy stamped fan pattern surface glowing in warm evening light,string,https://drivewayzusa.co/images/hero-stamped-concrete-driveways-patterns-and-costs.webp,https://drivewayzusa.co/images/heroes/hero-stamped-fan-pattern-closeup.webp,true,/images/pexels-goodcitizen-1315919.webp,/images/heroes/hero-stamped-fan-pattern-closeup.webp,
2026-07-29T23:06:53.528810,stamped-concrete-vs-natural-stone-driveway,guides/stamped-concrete-vs-natural-stone-driveway/index.html,swapped,0,/images/pexels-goodcitizen-1315919.webp,/images/heroes/hero-stamped-slab-meets-stone-flags.webp,Stamped Concrete vs Natural Stone Driveway — Drivewayz USA,Stamped concrete meets rough natural stone flags at a center joint,string,https://drivewayzusa.co/images/hero-stamped-concrete-vs-natural-stone-driveway.webp,https://drivewayzusa.co/images/heroes/hero-stamped-slab-meets-stone-flags.webp,true,/images/pexels-goodcitizen-1315919.webp,/images/heroes/hero-stamped-slab-meets-stone-flags.webp,
2026-07-29T23:06:53.529138,standard-driveway-dimensions-width-length-and-size-guide,guides/standard-driveway-dimensions-width-length-and-size-guide/index.html,swapped,0,/images/pexels-pixabay-221540.webp,/images/heroes/hero-measuring-wheel-gravel-lane-width.webp,"Standard Driveway Dimensions: Width, Length, and Size Guide — Drivewayz USA",Measuring wheel resting on a wide freshly graded gravel lane,string,https://drivewayzusa.co/images/hero-standard-driveway-dimensions-width-length-and-size-guide.webp,https://drivewayzusa.co/images/heroes/hero-measuring-wheel-gravel-lane-width.webp,true,/images/pexels-pixabay-221540.webp,/images/heroes/hero-measuring-wheel-gravel-lane-width.webp,
2026-07-29T23:06:53.529378,standard-driveway-dimensions,guides/standard-driveway-dimensions/index.html,skipped,0,,,,,,,,,,,hero_img_not_found
2026-07-29T23:06:53.529774,stormwater-regulations-affecting-driveways,guides/stormwater-regulations-affecting-driveways/index.html,swapped,0,/images/pexels-pixabay-221540.webp,/images/heroes/hero-runoff-streaming-off-slab-edge.webp,Stormwater Regulations Affecting Driveways — Drivewayz USA,Rainwater streaming off the edge of a sealed concrete slab,string,https://drivewayzusa.co/images/hero-stormwater-regulations-affecting-driveways.webp,https://drivewayzusa.co/images/heroes/hero-runoff-streaming-off-slab-edge.webp,true,/images/pexels-pixabay-221540.webp,/images/heroes/hero-runoff-streaming-off-slab-edge.webp,
2026-07-29T23:06:53.530128,summer-driveway-care-heat-protection-tips,guides/summer-driveway-care-heat-protection-tips/index.html,swapped,0,/images/pexels-pixabay-221540.webp,/images/heroes/hero-harsh-sun-sealed-blacktop-frontage.webp,Summer Driveway Care: Heat Protection Tips — Drivewayz USA,Sealed blacktop drive glaring under harsh midday sun,string,https://drivewayzusa.co/images/hero-summer-driveway-care-heat-protection-tips.webp,https://drivewayzusa.co/images/heroes/hero-harsh-sun-sealed-blacktop-frontage.webp,true,/images/pexels-pixabay-221540.webp,/images/heroes/hero-harsh-sun-sealed-blacktop-frontage.webp,
2026-07-29T23:06:53.530435,summer-driveway-care-protecting-against-uv-and-heat-damage,guides/summer-driveway-care-protecting-against-uv-and-heat-damage/index.html,swapped,0,/images/pexels-pixabay-221540.webp,/images/heroes/hero-bleached-asphalt-patches-closeup.webp,Summer Driveway Care: Protecting Against UV and Heat Damage — Drivewayz USA,Sun bleached pale patches across a faded asphalt surface,string,https://drivewayzusa.co/images/hero-summer-driveway-care-protecting-against-uv-and-heat-damage.webp,https://drivewayzusa.co/images/heroes/hero-bleached-asphalt-patches-closeup.webp,true,/images/pexels-pixabay-221540.webp,/images/heroes/hero-bleached-asphalt-patches-closeup.webp,
2026-07-29T23:06:53.530757,summer-driveway-maintenance-tasks,guides/summer-driveway-maintenance-tasks/index.html,swapped,0,/images/pexels-artbovich-8134848.webp,/images/heroes/hero-clean-swept-asphalt-morning-light.webp,Summer Driveway Maintenance Tasks — Drivewayz USA,Freshly swept asphalt drive in soft golden morning light,string,https://drivewayzusa.co/images/hero-summer-driveway-maintenance-tasks.webp,https://drivewayzusa.co/images/heroes/hero-clean-swept-asphalt-morning-light.webp,true,/images/pexels-artbovich-8134848.webp,/images/heroes/hero-clean-swept-asphalt-morning-light.webp,
2026-07-29T23:06:53.531096,supply-chain-issues-affecting-driveway-material-prices,guides/supply-chain-issues-affecting-driveway-material-prices/index.html,swapped,0,/images/pexels-pixabay-221540.webp,/images/heroes/hero-bulk-aggregate-piles-overcast-yard.webp,Supply Chain Issues Affecting Driveway Material Prices — Drivewayz USA,Mounds of bulk gravel aggregate waiting in a storage yard,string,https://drivewayzusa.co/images/hero-supply-chain-issues-affecting-driveway-material-prices.webp,https://drivewayzusa.co/images/heroes/hero-bulk-aggregate-piles-overcast-yard.webp,true,/images/pexels-pixabay-221540.webp,/images/heroes/hero-bulk-aggregate-piles-overcast-yard.webp,
2026-07-29T23:06:53.531441,tar-and-chip-vs-gravel-driveway-pros-and-cons,guides/tar-and-chip-vs-gravel-driveway-pros-and-cons/index.html,swapped,0,/images/pexels-pixabay-221540.webp,/images/heroes/hero-chip-seal-meets-loose-gravel.webp,Tar and Chip vs Gravel Driveway: Pros and Cons — Drivewayz USA,Chip sealed lane meeting loose gravel shoulder in warm light,string,https://drivewayzusa.co/images/hero-tar-and-chip-vs-gravel-driveway-pros-and-cons.webp,https://drivewayzusa.co/images/heroes/hero-chip-seal-meets-loose-gravel.webp,true,/images/pexels-pixabay-221540.webp,/images/heroes/hero-chip-seal-meets-loose-gravel.webp,
2026-07-29T23:06:53.532024,three-car-driveway-width-length-and-price-estimates,guides/three-car-driveway-width-length-and-price-estimates/index.html,swapped,0,/images/pexels-pixabay-221540.webp,/images/heroes/hero-three-bay-broomed-concrete-court.webp,"Three-Car Driveway: Width, Length, and Price Estimates — Drivewayz USA",Wide broomed concrete court with three open parking bays,string,https://drivewayzusa.co/images/hero-three-car-driveway-width-length-and-price-estimates.webp,https://drivewayzusa.co/images/heroes/hero-three-bay-broomed-concrete-court.webp,true,/images/pexels-pixabay-221540.webp,/images/heroes/hero-three-bay-broomed-concrete-court.webp,
2026-07-29T23:06:53.532395,tire-mark-removal-from-concrete,guides/tire-mark-removal-from-concrete/index.html,swapped,0,/images/pexels-pixabay-221540.webp,/images/heroes/hero-tire-scuff-marks-gray-concrete.webp,Tire Mark Removal from Concrete — Drivewayz USA,Black tire streaks scuffed across a pale concrete surface,string,https://drivewayzusa.co/images/hero-tire-mark-removal-from-concrete.webp,https://drivewayzusa.co/images/heroes/hero-tire-scuff-marks-gray-concrete.webp,true,/images/pexels-pixabay-221540.webp,/images/heroes/hero-tire-scuff-marks-gray-concrete.webp,
2026-07-29T23:06:53.532715,top-10-driveway-contractors-in-city-guide-template,guides/top-10-driveway-contractors-in-city-guide-template/index.html,swapped,0,/images/pexels-pixabay-221540.webp,/images/heroes/hero-idle-paving-machine-graded-base.webp,Top 10 Driveway Contractors in [City] Guide Template — Drivewayz USA,Paving machine parked on a freshly graded gravel base,string,https://drivewayzusa.co/images/hero-top-10-driveway-contractors-in-city-guide-template.webp,https://drivewayzusa.co/images/heroes/hero-idle-paving-machine-graded-base.webp,true,/images/pexels-pixabay-221540.webp,/images/heroes/hero-idle-paving-machine-graded-base.webp,
2026-07-29T23:06:53.533279,top-10-driveway-mistakes-new-homeowners-make,guides/top-10-driveway-mistakes-new-homeowners-make/index.html,swapped,0,/images/pexels-pixabay-221540.webp,/images/heroes/hero-weeds-cracks-neglected-asphalt-drive.webp,Top 10 Driveway Mistakes New Homeowners Make — Drivewayz USA,Weeds sprouting from cracks in a neglected asphalt drive,string,https://drivewayzusa.co/images/hero-top-10-driveway-mistakes-new-homeowners-make.webp,https://drivewayzusa.co/images/heroes/hero-weeds-cracks-neglected-asphalt-drive.webp,true,/images/pexels-pixabay-221540.webp,/images/heroes/hero-weeds-cracks-neglected-asphalt-drive.webp,
2026-07-29T23:06:53.533575,tree-removal-permits-for-driveway-projects,guides/tree-removal-permits-for-driveway-projects/index.html,swapped,0,/images/pexels-pixabay-221540.webp,/images/heroes/hero-mature-tree-staked-drive-footprint.webp,Tree Removal Permits for Driveway Projects — Drivewayz USA,Mature shade tree beside string stakes marking a planned drive,string,https://drivewayzusa.co/images/hero-tree-removal-permits-for-driveway-projects.webp,https://drivewayzusa.co/images/heroes/hero-mature-tree-staked-drive-footprint.webp,true,/images/pexels-pixabay-221540.webp,/images/heroes/hero-mature-tree-staked-drive-footprint.webp,
2026-07-29T23:06:53.533909,tree-root-damage-to-driveways-prevention-and-repair,guides/tree-root-damage-to-driveways-prevention-and-repair/index.html,swapped,0,/images/pexels-artbovich-8134848.webp,/images/heroes/hero-root-buckled-concrete-panel-crack.webp,Tree Root Damage to Driveways: Prevention and Repair — Drivewayz USA,Buckled concrete panel cracked by tree roots pushing upward,string,https://drivewayzusa.co/images/hero-tree-root-damage-to-driveways-prevention-and-repair.webp,https://drivewayzusa.co/images/heroes/hero-root-buckled-concrete-panel-crack.webp,true,/images/pexels-artbovich-8134848.webp,/images/heroes/hero-root-buckled-concrete-panel-crack.webp,
2026-07-29T23:06:53.534212,turf-block-driveways-green-alternative-guide,guides/turf-block-driveways-green-alternative-guide/index.html,swapped,0,/images/pexels-pixabay-221540.webp,/images/heroes/hero-grass-grid-drive-bright-sun.webp,Turf Block Driveways: Green Alternative Guide — Drivewayz USA,Grass growing through open grid pavers in bright sunlight,string,https://drivewayzusa.co/images/hero-turf-block-driveways-green-alternative-guide.webp,https://drivewayzusa.co/images/heroes/hero-grass-grid-drive-bright-sun.webp,true,/images/pexels-pixabay-221540.webp,/images/heroes/hero-grass-grid-drive-bright-sun.webp,
2026-07-29T23:06:53.534524,two-car-driveway-dimensions-and-cost-guide,guides/two-car-driveway-dimensions-and-cost-guide/index.html,swapped,0,/images/pexels-pixabay-221540.webp,/images/heroes/hero-double-wide-new-concrete-drive.webp,Two-Car Driveway Dimensions and Cost Guide — Drivewayz USA,New concrete drive with generous width and clean sawn joints,string,https://drivewayzusa.co/images/hero-two-car-driveway-dimensions-and-cost-guide.webp,https://drivewayzusa.co/images/heroes/hero-double-wide-new-concrete-drive.webp,true,/images/pexels-pixabay-221540.webp,/images/heroes/hero-double-wide-new-concrete-drive.webp,
2026-07-29T23:06:53.534839,ultimate-guide-to-driveways-everything-you-need-to-know-in-2026,guides/ultimate-guide-to-driveways-everything-you-need-to-know-in-2026/index.html,swapped,0,/images/pexels-pixabay-221540.webp,/images/heroes/hero-straight-concrete-drive-morning-glow.webp,Ultimate Guide to Driveways: Everything You Need to Know in 2026 — Drivewayz USA,Straight sealed concrete drive glowing in soft morning light,string,https://drivewayzusa.co/images/hero-ultimate-guide-to-driveways-everything-you-need-to-know-in-2026.webp,https://drivewayzusa.co/images/heroes/hero-straight-concrete-drive-morning-glow.webp,true,/images/pexels-pixabay-221540.webp,/images/heroes/hero-straight-concrete-drive-morning-glow.webp,
2026-07-29T23:06:53.535232,utility-line-locating-before-driveway-work,guides/utility-line-locating-before-driveway-work/index.html,swapped,0,/images/pexels-pixabay-221540.webp,/images/heroes/hero-utility-flags-bare-soil-strip.webp,Utility Line Locating Before Driveway Work — Drivewayz USA,Bright marking flags lining a bare strip of soil,string,https://drivewayzusa.co/images/hero-utility-line-locating-before-driveway-work.webp,https://drivewayzusa.co/images/heroes/hero-utility-flags-bare-soil-strip.webp,true,/images/pexels-pixabay-221540.webp,/images/heroes/hero-utility-flags-bare-soil-strip.webp,
2026-07-29T23:06:53.535572,visibility-and-sight-lines-at-driveway-entrances,guides/visibility-and-sight-lines-at-driveway-entrances/index.html,swapped,0,/images/pexels-pixabay-221540.webp,/images/heroes/hero-clear-view-drive-entry-street.webp,Visibility and Sight Lines at Driveway Entrances — Drivewayz USA,Unobstructed view from a driveway apron down a quiet street,string,https://drivewayzusa.co/images/hero-visibility-and-sight-lines-at-driveway-entrances.webp,https://drivewayzusa.co/images/heroes/hero-clear-view-drive-entry-street.webp,true,/images/pexels-pixabay-221540.webp,/images/heroes/hero-clear-view-drive-entry-street.webp,
2026-07-29T23:06:53.535897,weed-control-for-gravel-and-paver-driveways,guides/weed-control-for-gravel-and-paver-driveways/index.html,swapped,0,/images/pexels-pixabay-221540.webp,/images/heroes/hero-weeds-pushing-through-pale-gravel.webp,Weed Control for Gravel and Paver Driveways — Drivewayz USA,Green weeds pushing up through pale gravel stones,string,https://drivewayzusa.co/images/hero-weed-control-for-gravel-and-paver-driveways.webp,https://drivewayzusa.co/images/heroes/hero-weeds-pushing-through-pale-gravel.webp,true,/images/pexels-pixabay-221540.webp,/images/heroes/hero-weeds-pushing-through-pale-gravel.webp,
2026-07-29T23:06:53.536254,well-protection-when-installing-driveways,guides/well-protection-when-installing-driveways/index.html,swapped,0,/images/pexels-pixabay-221540.webp,/images/heroes/hero-well-head-beside-gravel-drive.webp,Well Protection When Installing Driveways — Drivewayz USA,Capped water well head beside a gravel drive in warm light,string,https://drivewayzusa.co/images/hero-well-protection-when-installing-driveways.webp,https://drivewayzusa.co/images/heroes/hero-well-head-beside-gravel-drive.webp,true,/images/pexels-pixabay-221540.webp,/images/heroes/hero-well-head-beside-gravel-drive.webp,
2026-07-29T23:06:53.536481,wetland-considerations-for-driveway-installation,guides/wetland-considerations-for-driveway-installation/index.html,swapped,0,/images/pexels-pixabay-221540.webp,/images/heroes/hero-raised-gravel-causeway-marsh-reeds.webp,Wetland Considerations for Driveway Installation — Drivewayz USA,Raised gravel causeway crossing marshy ground with tall reeds,string,https://drivewayzusa.co/images/hero-wetland-considerations-for-driveway-installation.webp,https://drivewayzusa.co/images/heroes/hero-raised-gravel-causeway-marsh-reeds.webp,true,/images/pexels-pixabay-221540.webp,/images/heroes/hero-raised-gravel-causeway-marsh-reeds.webp,
2026-07-29T23:06:53.536813,what-is-a-driveway-apron-and-why-does-it-matter,guides/what-is-a-driveway-apron-and-why-does-it-matter/index.html,swapped,0,/images/pexels-pixabay-221540.webp,/images/heroes/hero-broomed-apron-flush-with-street.webp,What Is a Driveway Apron and Why Does It Matter? — Drivewayz USA,Broomed concrete apron sloping smoothly into the street gutter,string,https://drivewayzusa.co/images/hero-what-is-a-driveway-apron-and-why-does-it-matter.webp,https://drivewayzusa.co/images/heroes/hero-broomed-apron-flush-with-street.webp,true,/images/pexels-pixabay-221540.webp,/images/heroes/hero-broomed-apron-flush-with-street.webp,
2026-07-29T23:06:53.537198,what-to-expect-during-driveway-construction-day-by-day,guides/what-to-expect-during-driveway-construction-day-by-day/index.html,swapped,0,/images/pexels-pixabay-221540.webp,/images/heroes/hero-leveling-wet-pour-late-light.webp,What to Expect During Driveway Construction: Day by Day — Drivewayz USA,Fresh concrete pour leveled between wooden forms in warm evening light,string,https://drivewayzusa.co/images/hero-what-to-expect-during-driveway-construction-day-by-day.webp,https://drivewayzusa.co/images/heroes/hero-leveling-wet-pour-late-light.webp,true,/images/pexels-pixabay-221540.webp,/images/heroes/hero-leveling-wet-pour-late-light.webp,
2026-07-29T23:06:53.537490,when-a-permit-is-required-for-driveway-work,guides/when-a-permit-is-required-for-driveway-work/index.html,swapped,0,/images/pexels-pixabay-221540.webp,/images/heroes/hero-orange-stakes-string-bare-lot.webp,When a Permit Is Required for Driveway Work — Drivewayz USA,Wooden stakes and bright string marking a planned driveway outline,string,https://drivewayzusa.co/images/hero-when-a-permit-is-required-for-driveway-work.webp,https://drivewayzusa.co/images/heroes/hero-orange-stakes-string-bare-lot.webp,true,/images/pexels-pixabay-221540.webp,/images/heroes/hero-orange-stakes-string-bare-lot.webp,
2026-07-29T23:06:53.537683,when-can-you-drive,guides/when-can-you-drive/index.html,skipped,0,,,,,,,,,,,hero_img_not_found
2026-07-29T23:06:53.538021,when-to-hire-a-professional-for-driveway-repairs,guides/when-to-hire-a-professional-for-driveway-repairs/index.html,swapped,0,/images/pexels-artbovich-8134848.webp,/images/heroes/hero-deep-crack-aging-asphalt-closeup.webp,When to Hire a Professional for Driveway Repairs — Drivewayz USA,Deep open crack running through aging gray asphalt after rain,string,https://drivewayzusa.co/images/hero-when-to-hire-a-professional-for-driveway-repairs.webp,https://drivewayzusa.co/images/heroes/hero-deep-crack-aging-asphalt-closeup.webp,true,/images/pexels-artbovich-8134848.webp,/images/heroes/hero-deep-crack-aging-asphalt-closeup.webp,
2026-07-29T23:06:53.538365,when-to-replace-vs-repair-your-driveway,guides/when-to-replace-vs-repair-your-driveway/index.html,swapped,0,/images/pexels-artbovich-8134848.webp,/images/heroes/hero-crumbling-slab-beside-fresh-pour.webp,When to Replace vs Repair Your Driveway — Drivewayz USA,Crumbling weathered slab edge meeting a smooth fresh concrete pour,string,https://drivewayzusa.co/images/hero-when-to-replace-vs-repair-your-driveway.webp,https://drivewayzusa.co/images/heroes/hero-crumbling-slab-beside-fresh-pour.webp,true,/images/pexels-artbovich-8134848.webp,/images/heroes/hero-crumbling-slab-beside-fresh-pour.webp,
2026-07-29T23:06:53.538672,why-driveway-quotes-vary-so-much-understanding-pricing-factors,guides/why-driveway-quotes-vary-so-much-understanding-pricing-factors/index.html,swapped,0,/images/hugo-sousa-BghGseQbAkA-unsplash.webp,/images/heroes/hero-staged-aggregate-piles-job-site.webp,Why Driveway Quotes Vary So Much: Understanding Pricing Factors — Drivewayz USA,Separate piles of crushed aggregate staged at a driveway site,string,https://drivewayzusa.co/images/hero-why-driveway-quotes-vary-so-much-understanding-pricing-factors.webp,https://drivewayzusa.co/images/heroes/hero-staged-aggregate-piles-job-site.webp,true,/images/hugo-sousa-BghGseQbAkA-unsplash.webp,/images/heroes/hero-staged-aggregate-piles-job-site.webp,
2026-07-29T23:06:53.538993,winter-driveway-maintenance-de-icing-snow-removal-and-damage-prevention,guides/winter-driveway-maintenance-de-icing-snow-removal-and-damage-prevention/index.html,swapped,0,/images/pexels-artbovich-8134848.webp,/images/heroes/hero-salt-granules-frosted-slab.webp,"Winter Driveway Maintenance: De-Icing, Snow Removal, and Damage Prevention — Drivewayz USA",Salt granules scattered across a frosted gray concrete slab,string,https://drivewayzusa.co/images/hero-winter-driveway-maintenance-de-icing-snow-removal-and-damage-prevention.webp,https://drivewayzusa.co/images/heroes/hero-salt-granules-frosted-slab.webp,true,/images/pexels-artbovich-8134848.webp,/images/heroes/hero-salt-granules-frosted-slab.webp,
2026-07-29T23:06:53.539346,winter-driveway-maintenance-salt-sand-and-snow-removal,guides/winter-driveway-maintenance-salt-sand-and-snow-removal/index.html,swapped,0,/images/pexels-artbovich-8134848.webp,/images/heroes/hero-sand-spread-icy-drive.webp,"Winter Driveway Maintenance: Salt, Sand, and Snow Removal — Drivewayz USA",Sand grit spread over an icy residential driveway for traction,string,https://drivewayzusa.co/images/hero-winter-driveway-maintenance-salt-sand-and-snow-removal.webp,https://drivewayzusa.co/images/heroes/hero-sand-spread-icy-drive.webp,true,/images/pexels-artbovich-8134848.webp,/images/heroes/hero-sand-spread-icy-drive.webp,
2026-07-29T23:06:53.539622,winter-driveway-survival-guide,guides/winter-driveway-survival-guide/index.html,swapped,0,/images/pexels-pixabay-221540.webp,/images/heroes/hero-plowed-snow-banks-sealed-lane.webp,Winter Driveway Survival Guide — Drivewayz USA,Plowed snow banks edging a sealed asphalt lane under gray skies,string,https://drivewayzusa.co/images/hero-winter-driveway-survival-guide.webp,https://drivewayzusa.co/images/heroes/hero-plowed-snow-banks-sealed-lane.webp,true,/images/pexels-pixabay-221540.webp,/images/heroes/hero-plowed-snow-banks-sealed-lane.webp,
