url,has_faq,faq_pair_count,notes,priority
https://drivewayzusa.co/guides/percolation-test-for-driveway-drainage-planning/,no,0,has_faq_section,P1
https://drivewayzusa.co/guides/asphalt-rejuvenator-products-review/,yes,4,1 FAQPage block(s),P1
https://drivewayzusa.co/guides/gravel-pothole-repair/,yes,6,1 FAQPage block(s),P1
https://drivewayzusa.co/guides/tar-and-chip-driveway-vs-asphalt-comparison/,yes,4,1 FAQPage block(s),P1
https://drivewayzusa.co/guides/asphalt-driveway-cost-in-louisiana-local-pricing/,no,0,,
https://drivewayzusa.co/guides/asphalt-driveway-cost-in-north-dakota-local-pricing/,no,0,,
https://drivewayzusa.co/guides/asphalt-driveway-cost-in-pennsylvania-local-pricing/,no,0,,
https://drivewayzusa.co/guides/asphalt-driveway-cost-in-utah-local-pricing/,no,0,,
https://drivewayzusa.co/guides/asphalt-driveway-cost-per-square-foot-guide/,no,0,,
https://drivewayzusa.co/guides/asphalt-oil-price-impact-on-driveway-costs/,no,0,,
https://drivewayzusa.co/guides/asphalt-vs-gravel-driveway-long-term-cost-analysis/,no,0,,
https://drivewayzusa.co/guides/best-de-icing-products-for-driveways-salt-vs-chemical-vs-natural/,no,0,,
https://drivewayzusa.co/guides/best-driveway-luxury-homes/,no,0,,
https://drivewayzusa.co/guides/best-driveway-material-for-alabama-homes/,no,0,,
https://drivewayzusa.co/guides/best-driveway-material-for-coastal-and-salt-air-environments/,no,0,,
https://drivewayzusa.co/guides/best-driveway-material-for-kansas-homes/,no,0,,
https://drivewayzusa.co/guides/best-driveway-material-for-missouri-homes/,no,0,,
https://drivewayzusa.co/guides/best-driveway-material-for-virginia-homes/,no,0,,
https://drivewayzusa.co/guides/best-material-long-rural-driveway/,no,0,,
https://drivewayzusa.co/guides/coastal-regions-best-driveway-materials-for-california/,no,0,,
https://drivewayzusa.co/guides/cobblestone-driveway/,no,0,,
https://drivewayzusa.co/guides/concrete-driveway-cost-in-maine-2026-price-guide/,no,0,,
https://drivewayzusa.co/guides/concrete-driveway-cost-in-mississippi-2026-price-guide/,no,0,,
https://drivewayzusa.co/guides/concrete-driveway-load-testing-structural-verification/,no,0,,
https://drivewayzusa.co/guides/concrete-vs-asphalt-driveway-the-ultimate-2026-comparison/,no,0,,
https://drivewayzusa.co/guides/concrete-vs-asphalt-vs-gravel/,no,0,,
https://drivewayzusa.co/guides/driveway-access-permit-municipal-street-connection/,no,0,,
https://drivewayzusa.co/guides/driveway-basics-types-costs-lifespan/,no,0,has_faq_section,
https://drivewayzusa.co/guides/driveway-drainage-problems-causes-and-fixes/,no,0,has_faq_section,
https://drivewayzusa.co/guides/driveway-pros-and-cons-by-material-complete-breakdown/,no,0,has_faq_section,
https://drivewayzusa.co/guides/french-drain-installation-for-driveways/,no,0,has_faq_section,
https://drivewayzusa.co/guides/driveway-material-sample-keeping-reference-for-future-repairs/,partial,1,1 FAQPage block(s),
https://drivewayzusa.co/guides/driveway-material-selection-for-extreme-weather-regions/,partial,2,1 FAQPage block(s),
https://drivewayzusa.co/guides/driveway-ppe-requirements-protective-equipment-for-workers/,partial,1,1 FAQPage block(s),
https://drivewayzusa.co/guides/driveway-water-main-location-protecting-underground-infrastructure/,partial,1,1 FAQPage block(s),
https://drivewayzusa.co/guides/rubber-driveway-pavers-recycled-material-options/,partial,1,1 FAQPage block(s),
https://drivewayzusa.co/guides/5-signs-your-driveway-needs-replacement/,yes,5,1 FAQPage block(s),
https://drivewayzusa.co/guides/accessible-driveway-design-ada-considerations/,yes,4,1 FAQPage block(s),
https://drivewayzusa.co/guides/acid-staining-a-concrete-driveway-unique-effects/,yes,4,1 FAQPage block(s),
https://drivewayzusa.co/guides/airbnb-driveway-requirements-parking-for-short-term-rentals/,yes,4,1 FAQPage block(s),
https://drivewayzusa.co/guides/annual-driveway-maintenance-costs-by-material-type/,yes,3,1 FAQPage block(s),
https://drivewayzusa.co/guides/ant-hill-prevention-in-paver-driveways/,yes,4,1 FAQPage block(s),
https://drivewayzusa.co/guides/anti-ice-coatings-for-driveways/,yes,4,1 FAQPage block(s),
https://drivewayzusa.co/guides/apartment-complex-driveway-design/,yes,4,1 FAQPage block(s),
https://drivewayzusa.co/guides/asphalt-compaction-tools-and-techniques/,yes,4,1 FAQPage block(s),
https://drivewayzusa.co/guides/asphalt-driveway-alligator-cracking-what-it-means-and-how-to-fix-it/,yes,3,1 FAQPage block(s),
https://drivewayzusa.co/guides/asphalt-driveway-cost-in-alabama-local-pricing/,yes,4,1 FAQPage block(s),
https://drivewayzusa.co/guides/asphalt-driveway-cost-in-alaska-local-pricing/,yes,4,1 FAQPage block(s),
https://drivewayzusa.co/guides/asphalt-driveway-cost-in-arizona-local-pricing/,yes,3,1 FAQPage block(s),
https://drivewayzusa.co/guides/asphalt-driveway-cost-in-arkansas-local-pricing/,yes,4,1 FAQPage block(s),
https://drivewayzusa.co/guides/asphalt-driveway-cost-in-california-local-pricing/,yes,4,1 FAQPage block(s),
https://drivewayzusa.co/guides/asphalt-driveway-cost-in-colorado-local-pricing/,yes,3,1 FAQPage block(s),
https://drivewayzusa.co/guides/asphalt-driveway-cost-in-connecticut-local-pricing/,yes,4,1 FAQPage block(s),
https://drivewayzusa.co/guides/asphalt-driveway-cost-in-delaware-local-pricing/,yes,4,1 FAQPage block(s),
https://drivewayzusa.co/guides/asphalt-driveway-cost-in-florida-local-pricing/,yes,3,1 FAQPage block(s),
https://drivewayzusa.co/guides/asphalt-driveway-cost-in-georgia-local-pricing/,yes,3,1 FAQPage block(s),
https://drivewayzusa.co/guides/asphalt-driveway-cost-in-idaho-local-pricing/,yes,3,1 FAQPage block(s),
https://drivewayzusa.co/guides/asphalt-driveway-cost-in-illinois-local-pricing/,yes,4,1 FAQPage block(s),
https://drivewayzusa.co/guides/asphalt-driveway-cost-in-indiana-local-pricing/,yes,4,1 FAQPage block(s),
https://drivewayzusa.co/guides/asphalt-driveway-cost-in-iowa-local-pricing/,yes,4,1 FAQPage block(s),
https://drivewayzusa.co/guides/asphalt-driveway-cost-in-kansas-local-pricing/,yes,4,1 FAQPage block(s),
https://drivewayzusa.co/guides/asphalt-driveway-cost-in-kentucky-local-pricing/,yes,4,1 FAQPage block(s),
https://drivewayzusa.co/guides/asphalt-driveway-cost-in-maine-local-pricing/,yes,4,1 FAQPage block(s),
https://drivewayzusa.co/guides/asphalt-driveway-cost-in-maryland-local-pricing/,yes,4,1 FAQPage block(s),
https://drivewayzusa.co/guides/asphalt-driveway-cost-in-massachusetts-local-pricing/,yes,4,1 FAQPage block(s),
https://drivewayzusa.co/guides/asphalt-driveway-cost-in-michigan-local-pricing/,yes,4,1 FAQPage block(s),
https://drivewayzusa.co/guides/asphalt-driveway-cost-in-minnesota-local-pricing/,yes,4,1 FAQPage block(s),
https://drivewayzusa.co/guides/asphalt-driveway-cost-in-mississippi-local-pricing/,yes,4,1 FAQPage block(s),
https://drivewayzusa.co/guides/asphalt-driveway-cost-in-missouri-local-pricing/,yes,4,1 FAQPage block(s),
https://drivewayzusa.co/guides/asphalt-driveway-cost-in-montana-local-pricing/,yes,4,1 FAQPage block(s),
https://drivewayzusa.co/guides/asphalt-driveway-cost-in-nebraska-local-pricing/,yes,4,1 FAQPage block(s),
https://drivewayzusa.co/guides/asphalt-driveway-cost-in-nevada-local-pricing/,yes,4,1 FAQPage block(s),
https://drivewayzusa.co/guides/asphalt-driveway-cost-in-new-hampshire-local-pricing/,yes,3,1 FAQPage block(s),
https://drivewayzusa.co/guides/asphalt-driveway-cost-in-new-jersey-local-pricing/,yes,4,1 FAQPage block(s),
https://drivewayzusa.co/guides/asphalt-driveway-cost-in-new-mexico-local-pricing/,yes,4,1 FAQPage block(s),
https://drivewayzusa.co/guides/asphalt-driveway-cost-in-new-york-local-pricing/,yes,3,1 FAQPage block(s),
https://drivewayzusa.co/guides/asphalt-driveway-cost-in-north-carolina-local-pricing/,yes,4,1 FAQPage block(s),
https://drivewayzusa.co/guides/asphalt-driveway-cost-in-oklahoma-local-pricing/,yes,4,1 FAQPage block(s),
https://drivewayzusa.co/guides/asphalt-driveway-cost-in-oregon-local-pricing/,yes,4,1 FAQPage block(s),
https://drivewayzusa.co/guides/asphalt-driveway-cost-in-rhode-island-local-pricing/,yes,4,1 FAQPage block(s),
https://drivewayzusa.co/guides/asphalt-driveway-cost-in-south-carolina-local-pricing/,yes,4,1 FAQPage block(s),
https://drivewayzusa.co/guides/asphalt-driveway-cost-in-south-dakota-local-pricing/,yes,4,1 FAQPage block(s),
https://drivewayzusa.co/guides/asphalt-driveway-cost-in-tennessee-local-pricing/,yes,4,1 FAQPage block(s),
https://drivewayzusa.co/guides/asphalt-driveway-cost-in-texas-local-pricing/,yes,4,1 FAQPage block(s),
https://drivewayzusa.co/guides/asphalt-driveway-cost-in-vermont-local-pricing/,yes,4,1 FAQPage block(s),
https://drivewayzusa.co/guides/asphalt-driveway-cost-in-virginia-local-pricing/,yes,4,1 FAQPage block(s),
https://drivewayzusa.co/guides/asphalt-driveway-cost-in-washington-local-pricing/,yes,4,1 FAQPage block(s),
https://drivewayzusa.co/guides/asphalt-driveway-cost-in-west-virginia-local-pricing/,yes,4,1 FAQPage block(s),
https://drivewayzusa.co/guides/asphalt-driveway-cost-in-wisconsin-local-pricing/,yes,3,1 FAQPage block(s),
https://drivewayzusa.co/guides/asphalt-driveway-cost-in-wyoming-local-pricing/,yes,4,1 FAQPage block(s),
https://drivewayzusa.co/guides/asphalt-driveway-crack-repair-diy-methods-that-work/,yes,4,1 FAQPage block(s),
https://drivewayzusa.co/guides/asphalt-driveway-installation-step-by-step-guide/,yes,4,1 FAQPage block(s),
https://drivewayzusa.co/guides/asphalt-driveway-lifespan-factors-that-affect-longevity/,yes,3,1 FAQPage block(s),
https://drivewayzusa.co/guides/asphalt-driveway-thickness-residential-vs-commercial/,yes,4,1 FAQPage block(s),
https://drivewayzusa.co/guides/asphalt-overlay-costs-and-considerations/,yes,4,1 FAQPage block(s),
https://drivewayzusa.co/guides/asphalt-overlay-on-concrete-driveway-can-it-be-done/,yes,4,1 FAQPage block(s),
https://drivewayzusa.co/guides/asphalt-sealing-best-products-and-application-tips/,yes,4,1 FAQPage block(s),
https://drivewayzusa.co/guides/asphalt-vs-concrete-in-hot-climates-heat-and-uv-resistance/,yes,4,1 FAQPage block(s),
https://drivewayzusa.co/guides/average-driveway-replacement-cost-by-material/,yes,4,1 FAQPage block(s),
https://drivewayzusa.co/guides/basalt-driveway/,yes,4,1 FAQPage block(s),
https://drivewayzusa.co/guides/before-and-after-driveway-renovation-photo-gallery-ideas/,yes,4,1 FAQPage block(s),
https://drivewayzusa.co/guides/best-asphalt-driveway-sealer-top-products-for-2026/,yes,4,1 FAQPage block(s),
https://drivewayzusa.co/guides/best-budget-driveway-for-clay-soil/,yes,4,1 FAQPage block(s),
https://drivewayzusa.co/guides/best-budget-driveway-for-coastal-homes/,yes,4,1 FAQPage block(s),
https://drivewayzusa.co/guides/best-budget-driveway-for-sandy-soil/,yes,4,1 FAQPage block(s),
https://drivewayzusa.co/guides/best-budget-driveway-for-steep-driveways/,yes,4,1 FAQPage block(s),
https://drivewayzusa.co/guides/best-budget-driveway-material-for-heavy-snow-regions/,yes,4,1 FAQPage block(s),
https://drivewayzusa.co/guides/best-budget-driveway-material-for-hot-climates/,yes,3,1 FAQPage block(s),
https://drivewayzusa.co/guides/best-concrete-driveway-sealer-penetrating-vs-film-forming/,yes,4,1 FAQPage block(s),
https://drivewayzusa.co/guides/best-driveway-designs-on-pinterest-inspiration-board/,yes,4,1 FAQPage block(s),
https://drivewayzusa.co/guides/best-driveway-for-desert-heat-and-sun-exposure/,yes,4,1 FAQPage block(s),
https://drivewayzusa.co/guides/best-driveway-for-florida-heat-and-humidity/,yes,4,1 FAQPage block(s),
https://drivewayzusa.co/guides/best-driveway-for-rainy-and-wet-climates/,yes,4,1 FAQPage block(s),
https://drivewayzusa.co/guides/best-driveway-for-texas-heat-and-expansive-clay-soil/,yes,4,1 FAQPage block(s),
https://drivewayzusa.co/guides/best-driveway-hoa-neighborhoods/,yes,5,1 FAQPage block(s),
https://drivewayzusa.co/guides/best-driveway-material-for-alaska-homes/,yes,4,1 FAQPage block(s),
https://drivewayzusa.co/guides/best-driveway-material-for-arizona-homes/,yes,4,1 FAQPage block(s),
https://drivewayzusa.co/guides/best-driveway-material-for-arkansas-homes/,yes,4,1 FAQPage block(s),
https://drivewayzusa.co/guides/best-driveway-material-for-california-homes/,yes,4,1 FAQPage block(s),
https://drivewayzusa.co/guides/best-driveway-material-for-clay-soil-longevity-focus/,yes,4,1 FAQPage block(s),
https://drivewayzusa.co/guides/best-driveway-material-for-colorado-homes/,yes,3,1 FAQPage block(s),
https://drivewayzusa.co/guides/best-driveway-material-for-connecticut-homes/,yes,4,1 FAQPage block(s),
https://drivewayzusa.co/guides/best-driveway-material-for-delaware-homes/,yes,4,1 FAQPage block(s),
https://drivewayzusa.co/guides/best-driveway-material-for-florida-homes/,yes,4,1 FAQPage block(s),
https://drivewayzusa.co/guides/best-driveway-material-for-georgia-homes/,yes,4,1 FAQPage block(s),
https://drivewayzusa.co/guides/best-driveway-material-for-hawaii-homes/,yes,4,1 FAQPage block(s),
https://drivewayzusa.co/guides/best-driveway-material-for-heavy-snow-regions-longevity-focus/,yes,4,1 FAQPage block(s),
https://drivewayzusa.co/guides/best-driveway-material-for-high-water-table-areas/,yes,4,1 FAQPage block(s),
https://drivewayzusa.co/guides/best-driveway-material-for-hot-climates-longevity-focus/,yes,4,1 FAQPage block(s),
https://drivewayzusa.co/guides/best-driveway-material-for-idaho-homes/,yes,4,1 FAQPage block(s),
https://drivewayzusa.co/guides/best-driveway-material-for-illinois-homes/,yes,4,1 FAQPage block(s),
https://drivewayzusa.co/guides/best-driveway-material-for-indiana-homes/,yes,4,1 FAQPage block(s),
https://drivewayzusa.co/guides/best-driveway-material-for-iowa-homes/,yes,4,1 FAQPage block(s),
https://drivewayzusa.co/guides/best-driveway-material-for-kentucky-homes/,yes,4,1 FAQPage block(s),
https://drivewayzusa.co/guides/best-driveway-material-for-louisiana-homes/,yes,4,1 FAQPage block(s),
https://drivewayzusa.co/guides/best-driveway-material-for-maine-homes/,yes,4,1 FAQPage block(s),
https://drivewayzusa.co/guides/best-driveway-material-for-maryland-homes/,yes,3,1 FAQPage block(s),
https://drivewayzusa.co/guides/best-driveway-material-for-massachusetts-homes/,yes,4,1 FAQPage block(s),
https://drivewayzusa.co/guides/best-driveway-material-for-michigan-homes/,yes,3,1 FAQPage block(s),
https://drivewayzusa.co/guides/best-driveway-material-for-minnesota-homes/,yes,3,1 FAQPage block(s),
https://drivewayzusa.co/guides/best-driveway-material-for-montana-homes/,yes,4,1 FAQPage block(s),
https://drivewayzusa.co/guides/best-driveway-material-for-nebraska-homes/,yes,3,1 FAQPage block(s),
https://drivewayzusa.co/guides/best-driveway-material-for-nevada-homes/,yes,4,1 FAQPage block(s),
https://drivewayzusa.co/guides/best-driveway-material-for-new-hampshire-homes/,yes,4,1 FAQPage block(s),
https://drivewayzusa.co/guides/best-driveway-material-for-new-jersey-homes/,yes,4,1 FAQPage block(s),
https://drivewayzusa.co/guides/best-driveway-material-for-new-mexico-homes/,yes,4,1 FAQPage block(s),
https://drivewayzusa.co/guides/best-driveway-material-for-new-york-homes/,yes,4,1 FAQPage block(s),
https://drivewayzusa.co/guides/best-driveway-material-for-north-carolina-homes/,yes,4,1 FAQPage block(s),
https://drivewayzusa.co/guides/best-driveway-material-for-north-dakota-homes/,yes,4,1 FAQPage block(s),
https://drivewayzusa.co/guides/best-driveway-material-for-ohio-homes/,yes,4,1 FAQPage block(s),
https://drivewayzusa.co/guides/best-driveway-material-for-oklahoma-homes/,yes,4,1 FAQPage block(s),
https://drivewayzusa.co/guides/best-driveway-material-for-oregon-homes/,yes,4,1 FAQPage block(s),
https://drivewayzusa.co/guides/best-driveway-material-for-pennsylvania-homes/,yes,4,1 FAQPage block(s),
https://drivewayzusa.co/guides/best-driveway-material-for-resale-value/,yes,4,1 FAQPage block(s),
https://drivewayzusa.co/guides/best-driveway-material-for-rhode-island-homes/,yes,4,1 FAQPage block(s),
https://drivewayzusa.co/guides/best-driveway-material-for-sandy-soil/,yes,4,1 FAQPage block(s),
https://drivewayzusa.co/guides/best-driveway-material-for-south-carolina-homes/,yes,3,1 FAQPage block(s),
https://drivewayzusa.co/guides/best-driveway-material-for-south-dakota-homes/,yes,4,1 FAQPage block(s),
https://drivewayzusa.co/guides/best-driveway-material-for-steep-slopes-and-hills/,yes,4,1 FAQPage block(s),
https://drivewayzusa.co/guides/best-driveway-material-for-tennessee-homes/,yes,4,1 FAQPage block(s),
https://drivewayzusa.co/guides/best-driveway-material-for-texas-homes/,yes,4,1 FAQPage block(s),
https://drivewayzusa.co/guides/best-driveway-material-for-utah-homes/,yes,4,1 FAQPage block(s),
https://drivewayzusa.co/guides/best-driveway-material-for-vermont-homes/,yes,4,1 FAQPage block(s),
https://drivewayzusa.co/guides/best-driveway-material-for-washington-homes/,yes,4,1 FAQPage block(s),
https://drivewayzusa.co/guides/best-driveway-material-for-west-virginia-homes/,yes,4,1 FAQPage block(s),
https://drivewayzusa.co/guides/best-driveway-material-for-wisconsin-homes/,yes,4,1 FAQPage block(s),
https://drivewayzusa.co/guides/best-driveway-material-for-wyoming-homes/,yes,4,1 FAQPage block(s),
https://drivewayzusa.co/guides/best-driveway-rental-property/,yes,5,1 FAQPage block(s),
https://drivewayzusa.co/guides/best-time-of-year-to-install-a-driveway-for-lower-costs/,yes,4,1 FAQPage block(s),
https://drivewayzusa.co/guides/better-business-bureau-for-driveway-complaints-how-it-works/,yes,4,1 FAQPage block(s),
https://drivewayzusa.co/guides/black-driveway-vs-light-driveway-heat-absorption-and-curb-appeal/,yes,4,1 FAQPage block(s),
https://drivewayzusa.co/guides/bluerock-driveway-installation-guide/,yes,3,1 FAQPage block(s),
https://drivewayzusa.co/guides/boat-ramp-driveway-modifications/,yes,4,1 FAQPage block(s),
https://drivewayzusa.co/guides/bonded-vs-unbonded-driveway-contractors-whats-the-difference/,yes,4,1 FAQPage block(s),
https://drivewayzusa.co/guides/brick-driveway-installation-and-maintenance/,yes,4,1 FAQPage block(s),
https://drivewayzusa.co/guides/budget-driveway-flood-prone/,yes,5,1 FAQPage block(s),
https://drivewayzusa.co/guides/budget-driveway-house-flippers/,yes,5,1 FAQPage block(s),
https://drivewayzusa.co/guides/budget-driveway-makeover-ideas-under-500/,yes,4,1 FAQPage block(s),
https://drivewayzusa.co/guides/budget-driveway-small-urban-lot/,yes,5,1 FAQPage block(s),
https://drivewayzusa.co/guides/budget-long-rural-driveway/,yes,5,1 FAQPage block(s),
https://drivewayzusa.co/guides/bulk-material-discounts-how-to-save-on-driveway-supplies/,yes,4,1 FAQPage block(s),
https://drivewayzusa.co/guides/carbon-footprint-of-different-driveway-materials/,yes,4,1 FAQPage block(s),
https://drivewayzusa.co/guides/channel-drain-options-for-driveways/,yes,4,1 FAQPage block(s),
https://drivewayzusa.co/guides/chip-seal-driveway/,yes,4,1 FAQPage block(s),
https://drivewayzusa.co/guides/chip-seal-driveways-costs-and-longevity/,yes,4,1 FAQPage block(s),
https://drivewayzusa.co/guides/circular-driveway-design-and-layout-guide/,yes,4,1 FAQPage block(s),
https://drivewayzusa.co/guides/coastal-regions-best-driveway-materials-for-north-carolina/,yes,4,1 FAQPage block(s),
https://drivewayzusa.co/guides/cobblestone-driveway-traditional-style-guide/,yes,4,1 FAQPage block(s),
https://drivewayzusa.co/guides/cold-climates-best-driveway-materials-for-michigan/,yes,3,1 FAQPage block(s),
https://drivewayzusa.co/guides/cold-climates-best-driveway-materials-for-minnesota/,yes,4,1 FAQPage block(s),
https://drivewayzusa.co/guides/cold-climates-best-driveway-materials-for-new-york/,yes,4,1 FAQPage block(s),
https://drivewayzusa.co/guides/cold-climates-best-driveway-materials-for-wisconsin/,yes,4,1 FAQPage block(s),
https://drivewayzusa.co/guides/colonial-home-driveways-traditional-materials/,yes,4,1 FAQPage block(s),
https://drivewayzusa.co/guides/colored-concrete-driveways-options-and-durability/,yes,4,1 FAQPage block(s),
https://drivewayzusa.co/guides/commercial-driveway-requirements/,yes,4,1 FAQPage block(s),
https://drivewayzusa.co/guides/common-driveway-project-mistakes-and-how-to-avoid-them/,yes,4,1 FAQPage block(s),
https://drivewayzusa.co/guides/complete-driveway-buying-guide-for-first-time-homeowners/,yes,4,1 FAQPage block(s),
https://drivewayzusa.co/guides/concrete-driveway-air-entrainment-freeze-thaw-protection/,yes,4,1 FAQPage block(s),
https://drivewayzusa.co/guides/concrete-driveway-color-hardener-application-and-benefits/,yes,4,1 FAQPage block(s),
https://drivewayzusa.co/guides/concrete-driveway-cost-in-alabama-2026-price-guide/,yes,4,1 FAQPage block(s),
https://drivewayzusa.co/guides/concrete-driveway-cost-in-alaska-2026-price-guide/,yes,3,1 FAQPage block(s),
https://drivewayzusa.co/guides/concrete-driveway-cost-in-arizona-2026-price-guide/,yes,4,1 FAQPage block(s),
https://drivewayzusa.co/guides/concrete-driveway-cost-in-arkansas-2026-price-guide/,yes,4,1 FAQPage block(s),
https://drivewayzusa.co/guides/concrete-driveway-cost-in-california-2026-price-guide/,yes,4,1 FAQPage block(s),
https://drivewayzusa.co/guides/concrete-driveway-cost-in-colorado-2026-price-guide/,yes,4,1 FAQPage block(s),
https://drivewayzusa.co/guides/concrete-driveway-cost-in-connecticut-2026-price-guide/,yes,3,1 FAQPage block(s),
https://drivewayzusa.co/guides/concrete-driveway-cost-in-delaware-2026-price-guide/,yes,4,1 FAQPage block(s),
https://drivewayzusa.co/guides/concrete-driveway-cost-in-florida-2026-price-guide/,yes,4,1 FAQPage block(s),
https://drivewayzusa.co/guides/concrete-driveway-cost-in-georgia-2026-price-guide/,yes,4,1 FAQPage block(s),
https://drivewayzusa.co/guides/concrete-driveway-cost-in-hawaii-2026-price-guide/,yes,4,1 FAQPage block(s),
https://drivewayzusa.co/guides/concrete-driveway-cost-in-idaho-2026-price-guide/,yes,4,1 FAQPage block(s),
https://drivewayzusa.co/guides/concrete-driveway-cost-in-illinois-2026-price-guide/,yes,4,1 FAQPage block(s),
https://drivewayzusa.co/guides/concrete-driveway-cost-in-iowa-2026-price-guide/,yes,4,1 FAQPage block(s),
https://drivewayzusa.co/guides/concrete-driveway-cost-in-kansas-2026-price-guide/,yes,4,1 FAQPage block(s),
https://drivewayzusa.co/guides/concrete-driveway-cost-in-kentucky-2026-price-guide/,yes,4,1 FAQPage block(s),
https://drivewayzusa.co/guides/concrete-driveway-cost-in-louisiana-2026-price-guide/,yes,3,1 FAQPage block(s),
https://drivewayzusa.co/guides/concrete-driveway-cost-in-maryland-2026-price-guide/,yes,4,1 FAQPage block(s),
https://drivewayzusa.co/guides/concrete-driveway-cost-in-massachusetts-2026-price-guide/,yes,3,1 FAQPage block(s),
https://drivewayzusa.co/guides/concrete-driveway-cost-in-michigan-2026-price-guide/,yes,4,1 FAQPage block(s),
https://drivewayzusa.co/guides/concrete-driveway-cost-in-minnesota-2026-price-guide/,yes,3,1 FAQPage block(s),
https://drivewayzusa.co/guides/concrete-driveway-cost-in-missouri-2026-price-guide/,yes,4,1 FAQPage block(s),
https://drivewayzusa.co/guides/concrete-driveway-cost-in-montana-2026-price-guide/,yes,4,1 FAQPage block(s),
https://drivewayzusa.co/guides/concrete-driveway-cost-in-nebraska-2026-price-guide/,yes,3,1 FAQPage block(s),
https://drivewayzusa.co/guides/concrete-driveway-cost-in-nevada-2026-price-guide/,yes,4,1 FAQPage block(s),
https://drivewayzusa.co/guides/concrete-driveway-cost-in-new-hampshire-2026-price-guide/,yes,4,1 FAQPage block(s),
https://drivewayzusa.co/guides/concrete-driveway-cost-in-new-jersey-2026-price-guide/,yes,3,1 FAQPage block(s),
https://drivewayzusa.co/guides/concrete-driveway-cost-in-new-mexico-2026-price-guide/,yes,4,1 FAQPage block(s),
https://drivewayzusa.co/guides/concrete-driveway-cost-in-new-york-2026-price-guide/,yes,4,1 FAQPage block(s),
https://drivewayzusa.co/guides/concrete-driveway-cost-in-north-carolina-2026-price-guide/,yes,4,1 FAQPage block(s),
https://drivewayzusa.co/guides/concrete-driveway-cost-in-north-dakota-2026-price-guide/,yes,4,1 FAQPage block(s),
https://drivewayzusa.co/guides/concrete-driveway-cost-in-ohio-2026-price-guide/,yes,4,1 FAQPage block(s),
https://drivewayzusa.co/guides/concrete-driveway-cost-in-oklahoma-2026-price-guide/,yes,4,1 FAQPage block(s),
https://drivewayzusa.co/guides/concrete-driveway-cost-in-oregon-2026-price-guide/,yes,4,1 FAQPage block(s),
https://drivewayzusa.co/guides/concrete-driveway-cost-in-pennsylvania-2026-price-guide/,yes,4,1 FAQPage block(s),
https://drivewayzusa.co/guides/concrete-driveway-cost-in-rhode-island-2026-price-guide/,yes,4,1 FAQPage block(s),
https://drivewayzusa.co/guides/concrete-driveway-cost-in-south-carolina-2026-price-guide/,yes,4,1 FAQPage block(s),
https://drivewayzusa.co/guides/concrete-driveway-cost-in-south-dakota-2026-price-guide/,yes,4,1 FAQPage block(s),
https://drivewayzusa.co/guides/concrete-driveway-cost-in-tennessee-2026-price-guide/,yes,4,1 FAQPage block(s),
https://drivewayzusa.co/guides/concrete-driveway-cost-in-texas-2026-price-guide/,yes,4,1 FAQPage block(s),
https://drivewayzusa.co/guides/concrete-driveway-cost-in-utah-2026-price-guide/,yes,4,1 FAQPage block(s),
https://drivewayzusa.co/guides/concrete-driveway-cost-in-vermont-2026-price-guide/,yes,4,1 FAQPage block(s),
https://drivewayzusa.co/guides/concrete-driveway-cost-in-virginia-2026-price-guide/,yes,4,1 FAQPage block(s),
https://drivewayzusa.co/guides/concrete-driveway-cost-in-washington-2026-price-guide/,yes,4,1 FAQPage block(s),
https://drivewayzusa.co/guides/concrete-driveway-cost-in-west-virginia-2026-price-guide/,yes,4,1 FAQPage block(s),
https://drivewayzusa.co/guides/concrete-driveway-cost-in-wisconsin-2026-price-guide/,yes,4,1 FAQPage block(s),
https://drivewayzusa.co/guides/concrete-driveway-cost-in-wyoming-2026-price-guide/,yes,4,1 FAQPage block(s),
https://drivewayzusa.co/guides/concrete-driveway-cost-per-square-foot-guide/,yes,4,1 FAQPage block(s),
https://drivewayzusa.co/guides/concrete-driveway-crack-repair-causes-and-solutions/,yes,4,1 FAQPage block(s),
https://drivewayzusa.co/guides/concrete-driveway-forms-and-framing-guide/,yes,4,1 FAQPage block(s),
https://drivewayzusa.co/guides/concrete-driveway-installation-step-by-step-guide/,yes,4,1 FAQPage block(s),
https://drivewayzusa.co/guides/concrete-driveway-lifespan-how-long-will-it-last/,yes,3,1 FAQPage block(s),
https://drivewayzusa.co/guides/concrete-driveway-overlays-thin-resurfacing-options/,yes,4,1 FAQPage block(s),
https://drivewayzusa.co/guides/concrete-driveway-resurfacing-overlay-options-and-costs/,yes,4,1 FAQPage block(s),
https://drivewayzusa.co/guides/concrete-driveway-spalling-causes-prevention-and-repair/,yes,4,1 FAQPage block(s),
https://drivewayzusa.co/guides/concrete-driveway-thickness-how-it-affects-cost-and-durability/,yes,4,1 FAQPage block(s),
https://drivewayzusa.co/guides/concrete-driveway-vs-asphalt-which-is-better-for-your-region/,yes,4,1 FAQPage block(s),
https://drivewayzusa.co/guides/concrete-driveway-wire-mesh-placement-proper-technique/,yes,4,1 FAQPage block(s),
https://drivewayzusa.co/guides/concrete-finishing-techniques-for-driveways/,yes,4,1 FAQPage block(s),
https://drivewayzusa.co/guides/concrete-mix-ratios-for-driveways/,yes,4,1 FAQPage block(s),
https://drivewayzusa.co/guides/concrete-over-asphalt-driveway-feasibility-and-process/,yes,4,1 FAQPage block(s),
https://drivewayzusa.co/guides/concrete-overlay-options-for-existing-driveways/,yes,4,1 FAQPage block(s),
https://drivewayzusa.co/guides/concrete-polishing-for-residential-driveways/,yes,4,1 FAQPage block(s),
https://drivewayzusa.co/guides/concrete-price-trends-how-material-costs-affect-your-project/,yes,4,1 FAQPage block(s),
https://drivewayzusa.co/guides/concrete-repair/,yes,8,1 FAQPage block(s),
https://drivewayzusa.co/guides/concrete-sealing-how-often-and-why-it-matters/,yes,4,1 FAQPage block(s),
https://drivewayzusa.co/guides/concrete-vs-asphalt-driveways/,yes,5,1 FAQPage block(s),
https://drivewayzusa.co/guides/concrete-vs-asphalt-vs-gravel-which-driveway-is-best-for-your-home/,yes,4,1 FAQPage block(s),
https://drivewayzusa.co/guides/concrete-vs-pavers-for-cold-climates-which-holds-up-better/,yes,4,1 FAQPage block(s),
https://drivewayzusa.co/guides/connecting-a-new-driveway-to-an-existing-one/,yes,4,1 FAQPage block(s),
https://drivewayzusa.co/guides/craftsman-home-driveways-arts-and-crafts-style/,yes,4,1 FAQPage block(s),
https://drivewayzusa.co/guides/crushed-concrete-driveways-budget-friendly-option/,yes,4,1 FAQPage block(s),
https://drivewayzusa.co/guides/crushed-granite-driveways-installation-and-care/,yes,4,1 FAQPage block(s),
https://drivewayzusa.co/guides/crushed-limestone-base-for-driveways-benefits-and-installation/,yes,4,1 FAQPage block(s),
https://drivewayzusa.co/guides/culvert-installation-for-driveway-entrances/,yes,4,1 FAQPage block(s),
https://drivewayzusa.co/guides/curb-cut-requirements-and-regulations/,yes,4,1 FAQPage block(s),
https://drivewayzusa.co/guides/curing-a-concrete-driveway-timing-methods-and-common-mistakes/,yes,4,1 FAQPage block(s),
https://drivewayzusa.co/guides/curing-concrete-driveway/,yes,8,1 FAQPage block(s),
https://drivewayzusa.co/guides/de-icer-damage-prevention-for-driveways/,yes,4,1 FAQPage block(s),
https://drivewayzusa.co/guides/decomposed-granite-vs-gravel-driveways/,yes,4,1 FAQPage block(s),
https://drivewayzusa.co/guides/decorative-concrete-driveway-ideas-and-costs/,yes,4,1 FAQPage block(s),
https://drivewayzusa.co/guides/delivery-truck-access-driveway-reinforcement/,yes,4,1 FAQPage block(s),
https://drivewayzusa.co/guides/desert-driveways-new-mexico-and-arizona-tips/,yes,4,1 FAQPage block(s),
https://drivewayzusa.co/guides/disposing-of-driveway-debris-properly/,yes,4,1 FAQPage block(s),
https://drivewayzusa.co/guides/dispute-resolution-with-driveway-contractors/,yes,4,1 FAQPage block(s),
https://drivewayzusa.co/guides/diy-driveway-projects-that-dont-require-a-contractor/,yes,4,1 FAQPage block(s),
https://drivewayzusa.co/guides/diy-vs-professional-driveway-installation-cost-comparison/,yes,3,1 FAQPage block(s),
https://drivewayzusa.co/guides/does-a-new-driveway-increase-home-appraisal-value/,yes,4,1 FAQPage block(s),
https://drivewayzusa.co/guides/does-rock-salt-damage-concrete-driveways-what-to-use-instead/,yes,4,1 FAQPage block(s),
https://drivewayzusa.co/guides/drainage-solutions-for-sloped-driveways/,yes,4,1 FAQPage block(s),
https://drivewayzusa.co/guides/driveway-30-year-total-cost-material-lifecycle-comparison/,yes,4,1 FAQPage block(s),
https://drivewayzusa.co/guides/driveway-3d-scanning-creating-digital-twin-of-your-surface/,yes,4,1 FAQPage block(s),
https://drivewayzusa.co/guides/driveway-abrasion-resistance-how-surfaces-wear-over-time/,yes,3,1 FAQPage block(s),
https://drivewayzusa.co/guides/driveway-acoustic-emission-testing-crack-detection/,yes,4,1 FAQPage block(s),
https://drivewayzusa.co/guides/driveway-acrylic-sealer-water-based-protection/,yes,4,1 FAQPage block(s),
https://drivewayzusa.co/guides/driveway-ada-transition-plan-municipal-accessibility-upgrades/,yes,4,1 FAQPage block(s),
https://drivewayzusa.co/guides/driveway-aggregate-color-options-regional-stone-varieties/,yes,4,1 FAQPage block(s),
https://drivewayzusa.co/guides/driveway-aggregate-size-guide-fine-medium-and-coarse/,yes,4,1 FAQPage block(s),
https://drivewayzusa.co/guides/driveway-airport-proximity-faa-height-restrictions/,yes,4,1 FAQPage block(s),
https://drivewayzusa.co/guides/driveway-alarm-systems-and-motion-sensors/,yes,4,1 FAQPage block(s),
https://drivewayzusa.co/guides/driveway-alexa-and-google-home-compatible-lights/,yes,4,1 FAQPage block(s),
https://drivewayzusa.co/guides/driveway-algae-prevention-treatments-and-surface-options/,yes,4,1 FAQPage block(s),
https://drivewayzusa.co/guides/driveway-and-garage-floor-connection-seamless-design/,yes,3,1 FAQPage block(s),
https://drivewayzusa.co/guides/driveway-and-landscaping-integration-cohesive-property-design/,yes,4,1 FAQPage block(s),
https://drivewayzusa.co/guides/driveway-and-power-line-clearance-overhead-utilities/,yes,4,1 FAQPage block(s),
https://drivewayzusa.co/guides/driveway-and-retaining-wall-integration-design-principles/,yes,4,1 FAQPage block(s),
https://drivewayzusa.co/guides/driveway-and-walkway-coordination/,yes,4,1 FAQPage block(s),
https://drivewayzusa.co/guides/driveway-annual-maintenance-cost-comparison-all-materials/,yes,3,1 FAQPage block(s),
https://drivewayzusa.co/guides/driveway-ant-killer-keeping-insects-out-of-paver-joints/,yes,4,1 FAQPage block(s),
https://drivewayzusa.co/guides/driveway-apron-design-street-to-property-transition/,yes,4,1 FAQPage block(s),
https://drivewayzusa.co/guides/driveway-archaeological-survey-historic-area-requirements/,yes,4,1 FAQPage block(s),
https://drivewayzusa.co/guides/driveway-as-built-documentation-app-recording-final-product/,yes,4,1 FAQPage block(s),
https://drivewayzusa.co/guides/driveway-as-built-survey-documenting-what-was-built/,yes,4,1 FAQPage block(s),
https://drivewayzusa.co/guides/driveway-asphalt-binder-grades-pg-system-explained/,yes,4,1 FAQPage block(s),
https://drivewayzusa.co/guides/driveway-asset-management-municipal-and-hoa-best-practices/,yes,4,1 FAQPage block(s),
https://drivewayzusa.co/guides/driveway-augmented-reality-overlay-seeing-design-in-real-space/,yes,3,1 FAQPage block(s),
https://drivewayzusa.co/guides/driveway-autonomous-vehicle-considerations-preparing-for-the-future/,yes,4,1 FAQPage block(s),
https://drivewayzusa.co/guides/driveway-award-winning-designs-recognizing-excellence/,yes,4,1 FAQPage block(s),
https://drivewayzusa.co/guides/driveway-base-and-subgrade-why-they-matter-more-than-the-surface/,yes,4,1 FAQPage block(s),
https://drivewayzusa.co/guides/driveway-base-depth-how-much-gravel-do-you-need/,yes,4,1 FAQPage block(s),
https://drivewayzusa.co/guides/driveway-base-subgrade/,yes,8,1 FAQPage block(s),
https://drivewayzusa.co/guides/driveway-basics-types-costs-and-lifespan-explained/,yes,3,1 FAQPage block(s),
https://drivewayzusa.co/guides/driveway-basketball-court-integration/,yes,4,1 FAQPage block(s),
https://drivewayzusa.co/guides/driveway-before-and-after-asphalt-renovation-examples/,yes,4,1 FAQPage block(s),
https://drivewayzusa.co/guides/driveway-before-and-after-concrete-transformation-gallery/,yes,4,1 FAQPage block(s),
https://drivewayzusa.co/guides/driveway-before-and-after-gravel-to-paved-upgrade/,yes,4,1 FAQPage block(s),
https://drivewayzusa.co/guides/driveway-before-and-after-paver-installation-showcase/,yes,4,1 FAQPage block(s),
https://drivewayzusa.co/guides/driveway-bid-comparison-spreadsheet-evaluating-offers/,yes,4,1 FAQPage block(s),
https://drivewayzusa.co/guides/driveway-blog-topics-for-contractors-content-marketing-ideas/,yes,3,1 FAQPage block(s),
https://drivewayzusa.co/guides/driveway-bonded-concrete-overlay-thin-layer-resurfacing/,yes,4,1 FAQPage block(s),
https://drivewayzusa.co/guides/driveway-border-ideas-edging-and-accents/,yes,4,1 FAQPage block(s),
https://drivewayzusa.co/guides/driveway-budget-forecasting-model-predicting-future-costs/,yes,4,1 FAQPage block(s),
https://drivewayzusa.co/guides/driveway-builders-risk-insurance-during-construction-coverage/,yes,4,1 FAQPage block(s),
https://drivewayzusa.co/guides/driveway-building-information-modeling-bim-for-paving/,yes,4,1 FAQPage block(s),
https://drivewayzusa.co/guides/driveway-cable-and-fiber-optic-protection-shallow-utility-concerns/,yes,4,1 FAQPage block(s),
https://drivewayzusa.co/guides/driveway-callback-repair-contractors-responsibility/,yes,4,1 FAQPage block(s),
https://drivewayzusa.co/guides/driveway-camera-and-security-integration/,yes,4,1 FAQPage block(s),
https://drivewayzusa.co/guides/driveway-cape-seal-combined-chip-and-slurry-treatment/,yes,4,1 FAQPage block(s),
https://drivewayzusa.co/guides/driveway-capital-improvement-planning-big-project-budgeting/,yes,4,1 FAQPage block(s),
https://drivewayzusa.co/guides/driveway-carbon-footprint-calculator-measuring-environmental-impact/,yes,4,1 FAQPage block(s),
https://drivewayzusa.co/guides/driveway-carbon-sequestration-how-some-materials-absorb-co2/,yes,4,1 FAQPage block(s),
https://drivewayzusa.co/guides/driveway-cement-types-portland-blended-and-specialty/,yes,3,1 FAQPage block(s),
https://drivewayzusa.co/guides/driveway-certificate-of-completion-municipal-approval/,yes,4,1 FAQPage block(s),
https://drivewayzusa.co/guides/driveway-certification-programs-becoming-a-qualified-installer/,yes,4,1 FAQPage block(s),
https://drivewayzusa.co/guides/driveway-change-order-template-documenting-modifications/,yes,4,1 FAQPage block(s),
https://drivewayzusa.co/guides/driveway-channel-drain-types-and-installation-guide/,yes,4,1 FAQPage block(s),
https://drivewayzusa.co/guides/driveway-chemical-resistance-oil-gas-and-de-icer-effects/,yes,3,1 FAQPage block(s),
https://drivewayzusa.co/guides/driveway-chip-seal-surface-treatment-process/,yes,4,1 FAQPage block(s),
https://drivewayzusa.co/guides/driveway-climate-adaptation-strategy-building-for-future-conditions/,yes,4,1 FAQPage block(s),
https://drivewayzusa.co/guides/driveway-coating-products-comparison/,yes,4,1 FAQPage block(s),
https://drivewayzusa.co/guides/driveway-coefficient-of-friction-measuring-slip-resistance/,yes,4,1 FAQPage block(s),
https://drivewayzusa.co/guides/driveway-cold-in-place-recycling-budget-friendly-rehabilitation/,yes,4,1 FAQPage block(s),
https://drivewayzusa.co/guides/driveway-cold-pour-crack-filler-diy-application-guide/,yes,4,1 FAQPage block(s),
https://drivewayzusa.co/guides/driveway-color-fading-how-to-restore-and-protect/,yes,3,1 FAQPage block(s),
https://drivewayzusa.co/guides/driveway-color-restoration-techniques/,yes,4,1 FAQPage block(s),
https://drivewayzusa.co/guides/driveway-community-design-standards-neighborhood-harmony/,yes,4,1 FAQPage block(s),
https://drivewayzusa.co/guides/driveway-compaction-testing-standards-and-methods/,yes,4,1 FAQPage block(s),
https://drivewayzusa.co/guides/driveway-compaction-testing-why-it-matters/,yes,4,1 FAQPage block(s),
https://drivewayzusa.co/guides/driveway-complete-streets-integration-multi-modal-access/,yes,4,1 FAQPage block(s),
https://drivewayzusa.co/guides/driveway-completed-operations-coverage-post-project-protection/,yes,4,1 FAQPage block(s),
https://drivewayzusa.co/guides/driveway-compressive-strength-test-concrete-quality-check/,yes,4,1 FAQPage block(s),
https://drivewayzusa.co/guides/driveway-concrete-burns-protecting-skin-during-installation/,yes,4,1 FAQPage block(s),
https://drivewayzusa.co/guides/driveway-concrete-pigment-adding-color-to-your-mix/,yes,4,1 FAQPage block(s),
https://drivewayzusa.co/guides/driveway-concrete-polishing-outdoors-is-it-practical/,yes,4,1 FAQPage block(s),
https://drivewayzusa.co/guides/driveway-concrete-reinforcement-methods-compared/,yes,4,1 FAQPage block(s),
https://drivewayzusa.co/guides/driveway-concrete-slump-test-what-it-tells-you/,yes,4,1 FAQPage block(s),
https://drivewayzusa.co/guides/driveway-concrete-vs-asphalt-in-your-climate-zone/,yes,4,1 FAQPage block(s),
https://drivewayzusa.co/guides/driveway-condition-and-home-inspection-what-buyers-look-for/,yes,4,1 FAQPage block(s),
https://drivewayzusa.co/guides/driveway-condition-assessment-protocol-standardized-evaluation/,yes,4,1 FAQPage block(s),
https://drivewayzusa.co/guides/driveway-condition-survey-form-annual-documentation/,yes,4,1 FAQPage block(s),
https://drivewayzusa.co/guides/driveway-connected-home-integration-linking-to-smart-systems/,yes,4,1 FAQPage block(s),
https://drivewayzusa.co/guides/driveway-construction-bond-financial-guarantee-requirements/,yes,4,1 FAQPage block(s),
https://drivewayzusa.co/guides/driveway-continuing-education-staying-current-with-technology/,yes,4,1 FAQPage block(s),
https://drivewayzusa.co/guides/driveway-contract-dispute-resolution-mediation-vs-arbitration/,yes,4,1 FAQPage block(s),
https://drivewayzusa.co/guides/driveway-contract-template-standard-terms-and-conditions/,yes,4,1 FAQPage block(s),
https://drivewayzusa.co/guides/driveway-contractor-arbitration-resolving-quality-disputes/,yes,4,1 FAQPage block(s),
https://drivewayzusa.co/guides/driveway-contractor-bond-verification-ensuring-protection/,yes,4,1 FAQPage block(s),
https://drivewayzusa.co/guides/driveway-contractor-business-insurance-coverage-you-need/,yes,4,1 FAQPage block(s),
https://drivewayzusa.co/guides/driveway-contractor-email-marketing-staying-in-touch/,yes,4,1 FAQPage block(s),
https://drivewayzusa.co/guides/driveway-contractor-insurance-what-homeowners-should-verify/,yes,4,1 FAQPage block(s),
https://drivewayzusa.co/guides/driveway-contractor-insurance-what-they-should-carry/,yes,4,1 FAQPage block(s),
https://drivewayzusa.co/guides/driveway-contractor-interview-questions-what-to-ask/,yes,4,1 FAQPage block(s),
https://drivewayzusa.co/guides/driveway-contractor-license-verification-how-to-check/,yes,4,1 FAQPage block(s),
https://drivewayzusa.co/guides/driveway-contractor-licensing-requirements-by-state/,yes,4,1 FAQPage block(s),
https://drivewayzusa.co/guides/driveway-contractor-red-flags-to-avoid/,yes,4,1 FAQPage block(s),
https://drivewayzusa.co/guides/driveway-contractor-scheduling-app-coordinating-crews/,yes,3,1 FAQPage block(s),
https://drivewayzusa.co/guides/driveway-contractor-seo-how-paving-companies-get-found-online/,yes,4,1 FAQPage block(s),
https://drivewayzusa.co/guides/driveway-contractor-social-media-building-trust-with-photos/,yes,4,1 FAQPage block(s),
https://drivewayzusa.co/guides/driveway-contractor-truck-setup-tools-and-organization/,yes,4,1 FAQPage block(s),
https://drivewayzusa.co/guides/driveway-contractor-website-must-haves-winning-online/,yes,4,1 FAQPage block(s),
https://drivewayzusa.co/guides/driveway-contractors-in-albuquerque-nm-how-to-choose/,yes,4,1 FAQPage block(s),
https://drivewayzusa.co/guides/driveway-contractors-in-anchorage-ak-how-to-choose/,yes,4,1 FAQPage block(s),
https://drivewayzusa.co/guides/driveway-contractors-in-atlanta-ga-how-to-choose/,yes,4,1 FAQPage block(s),
https://drivewayzusa.co/guides/driveway-contractors-in-austin-tx-how-to-choose/,yes,4,1 FAQPage block(s),
https://drivewayzusa.co/guides/driveway-contractors-in-baltimore-md-how-to-choose/,yes,4,1 FAQPage block(s),
https://drivewayzusa.co/guides/driveway-contractors-in-birmingham-al-how-to-choose/,yes,4,1 FAQPage block(s),
https://drivewayzusa.co/guides/driveway-contractors-in-boise-id-how-to-choose/,yes,4,1 FAQPage block(s),
https://drivewayzusa.co/guides/driveway-contractors-in-boston-ma-how-to-choose/,yes,4,1 FAQPage block(s),
https://drivewayzusa.co/guides/driveway-contractors-in-buffalo-ny-how-to-choose/,yes,4,1 FAQPage block(s),
https://drivewayzusa.co/guides/driveway-contractors-in-charleston-sc-how-to-choose/,yes,4,1 FAQPage block(s),
https://drivewayzusa.co/guides/driveway-contractors-in-charlotte-nc-how-to-choose/,yes,4,1 FAQPage block(s),
https://drivewayzusa.co/guides/driveway-contractors-in-chicago-il-how-to-choose/,yes,4,1 FAQPage block(s),
https://drivewayzusa.co/guides/driveway-contractors-in-cleveland-oh-how-to-choose/,yes,4,1 FAQPage block(s),
https://drivewayzusa.co/guides/driveway-contractors-in-columbus-oh-how-to-choose/,yes,4,1 FAQPage block(s),
https://drivewayzusa.co/guides/driveway-contractors-in-dallas-tx-how-to-choose/,yes,4,1 FAQPage block(s),
https://drivewayzusa.co/guides/driveway-contractors-in-denver-co-how-to-choose/,yes,4,1 FAQPage block(s),
https://drivewayzusa.co/guides/driveway-contractors-in-des-moines-ia-how-to-choose/,yes,4,1 FAQPage block(s),
https://drivewayzusa.co/guides/driveway-contractors-in-detroit-mi-how-to-choose/,yes,4,1 FAQPage block(s),
https://drivewayzusa.co/guides/driveway-contractors-in-hartford-ct-how-to-choose/,yes,4,1 FAQPage block(s),
https://drivewayzusa.co/guides/driveway-contractors-in-houston-tx-how-to-choose/,yes,4,1 FAQPage block(s),
https://drivewayzusa.co/guides/driveway-contractors-in-indianapolis-in-how-to-choose/,yes,4,1 FAQPage block(s),
https://drivewayzusa.co/guides/driveway-contractors-in-jacksonville-fl-how-to-choose/,yes,4,1 FAQPage block(s),
https://drivewayzusa.co/guides/driveway-contractors-in-kansas-city-ks-how-to-choose/,yes,4,1 FAQPage block(s),
https://drivewayzusa.co/guides/driveway-contractors-in-kansas-city-mo-how-to-choose/,yes,4,1 FAQPage block(s),
https://drivewayzusa.co/guides/driveway-contractors-in-las-vegas-nv-how-to-choose/,yes,4,1 FAQPage block(s),
https://drivewayzusa.co/guides/driveway-contractors-in-las-vegas-nv-local-guide/,yes,3,1 FAQPage block(s),
https://drivewayzusa.co/guides/driveway-contractors-in-little-rock-ar-how-to-choose/,yes,4,1 FAQPage block(s),
https://drivewayzusa.co/guides/driveway-contractors-in-los-angeles-ca-how-to-choose/,yes,4,1 FAQPage block(s),
https://drivewayzusa.co/guides/driveway-contractors-in-louisville-ky-how-to-choose/,yes,4,1 FAQPage block(s),
https://drivewayzusa.co/guides/driveway-contractors-in-madison-wi-how-to-choose/,yes,4,1 FAQPage block(s),
https://drivewayzusa.co/guides/driveway-contractors-in-memphis-tn-how-to-choose/,yes,4,1 FAQPage block(s),
https://drivewayzusa.co/guides/driveway-contractors-in-miami-fl-how-to-choose/,yes,4,1 FAQPage block(s),
https://drivewayzusa.co/guides/driveway-contractors-in-milwaukee-wi-how-to-choose/,yes,4,1 FAQPage block(s),
https://drivewayzusa.co/guides/driveway-contractors-in-minneapolis-mn-how-to-choose/,yes,4,1 FAQPage block(s),
https://drivewayzusa.co/guides/driveway-contractors-in-nashville-tn-how-to-choose/,yes,4,1 FAQPage block(s),
https://drivewayzusa.co/guides/driveway-contractors-in-new-orleans-la-how-to-choose/,yes,4,1 FAQPage block(s),
https://drivewayzusa.co/guides/driveway-contractors-in-new-york-city-ny-how-to-choose/,yes,3,1 FAQPage block(s),
https://drivewayzusa.co/guides/driveway-contractors-in-newark-nj-how-to-choose/,yes,3,1 FAQPage block(s),
https://drivewayzusa.co/guides/driveway-contractors-in-oklahoma-city-ok-how-to-choose/,yes,4,1 FAQPage block(s),
https://drivewayzusa.co/guides/driveway-contractors-in-omaha-ne-how-to-choose/,yes,4,1 FAQPage block(s),
https://drivewayzusa.co/guides/driveway-contractors-in-orlando-fl-how-to-choose/,yes,4,1 FAQPage block(s),
https://drivewayzusa.co/guides/driveway-contractors-in-philadelphia-pa-how-to-choose/,yes,4,1 FAQPage block(s),
https://drivewayzusa.co/guides/driveway-contractors-in-phoenix-az-how-to-choose/,yes,4,1 FAQPage block(s),
https://drivewayzusa.co/guides/driveway-contractors-in-pittsburgh-pa-how-to-choose/,yes,4,1 FAQPage block(s),
https://drivewayzusa.co/guides/driveway-contractors-in-portland-or-how-to-choose/,yes,4,1 FAQPage block(s),
https://drivewayzusa.co/guides/driveway-contractors-in-raleigh-nc-how-to-choose/,yes,4,1 FAQPage block(s),
https://drivewayzusa.co/guides/driveway-contractors-in-richmond-va-how-to-choose/,yes,4,1 FAQPage block(s),
https://drivewayzusa.co/guides/driveway-contractors-in-salt-lake-city-ut-how-to-choose/,yes,4,1 FAQPage block(s),
https://drivewayzusa.co/guides/driveway-contractors-in-san-antonio-tx-how-to-choose/,yes,4,1 FAQPage block(s),
https://drivewayzusa.co/guides/driveway-contractors-in-san-diego-ca-how-to-choose/,yes,4,1 FAQPage block(s),
https://drivewayzusa.co/guides/driveway-contractors-in-san-francisco-ca-how-to-choose/,yes,4,1 FAQPage block(s),
https://drivewayzusa.co/guides/driveway-contractors-in-san-jose-ca-how-to-choose/,yes,4,1 FAQPage block(s),
https://drivewayzusa.co/guides/driveway-contractors-in-savannah-ga-how-to-choose/,yes,4,1 FAQPage block(s),
https://drivewayzusa.co/guides/driveway-contractors-in-seattle-wa-how-to-choose/,yes,4,1 FAQPage block(s),
https://drivewayzusa.co/guides/driveway-contractors-in-spokane-wa-how-to-choose/,yes,4,1 FAQPage block(s),
https://drivewayzusa.co/guides/driveway-contractors-in-st-louis-mo-how-to-choose/,yes,4,1 FAQPage block(s),
https://drivewayzusa.co/guides/driveway-contractors-in-tampa-fl-how-to-choose/,yes,4,1 FAQPage block(s),
https://drivewayzusa.co/guides/driveway-contractors-in-tulsa-ok-how-to-choose/,yes,4,1 FAQPage block(s),
https://drivewayzusa.co/guides/driveway-contractors-in-virginia-beach-va-how-to-choose/,yes,4,1 FAQPage block(s),
https://drivewayzusa.co/guides/driveway-core-sample-testing-thickness-verification/,yes,4,1 FAQPage block(s),
https://drivewayzusa.co/guides/driveway-corrective-maintenance-planning-addressing-existing-issues/,yes,4,1 FAQPage block(s),
https://drivewayzusa.co/guides/driveway-cost-breakdown-labor-materials-and-equipment/,yes,4,1 FAQPage block(s),
https://drivewayzusa.co/guides/driveway-cost-calculator-estimate-your-project-in-minutes/,yes,4,1 FAQPage block(s),
https://drivewayzusa.co/guides/driveway-cost-comparison-worksheet-budget-planning-tool/,yes,4,1 FAQPage block(s),
https://drivewayzusa.co/guides/driveway-cost-estimator-breaking-down-material-and-labor/,yes,4,1 FAQPage block(s),
https://drivewayzusa.co/guides/driveway-cost-plus-contract-transparent-pricing-model/,yes,4,1 FAQPage block(s),
https://drivewayzusa.co/guides/driveway-covenant-compliance-meeting-hoa-design-guidelines/,yes,4,1 FAQPage block(s),
https://drivewayzusa.co/guides/driveway-crack-filler-best-products-reviewed-for-2026/,yes,4,1 FAQPage block(s),
https://drivewayzusa.co/guides/driveway-crack-filling-products-and-techniques/,yes,4,1 FAQPage block(s),
https://drivewayzusa.co/guides/driveway-crack-routing-preparing-for-sealant-application/,yes,4,1 FAQPage block(s),
https://drivewayzusa.co/guides/driveway-crack-sealing-vs-crack-filling-whats-different/,yes,4,1 FAQPage block(s),
https://drivewayzusa.co/guides/driveway-craftsmanship-what-separates-good-from-great/,yes,4,1 FAQPage block(s),
https://drivewayzusa.co/guides/driveway-crew-safety-osha-requirements-for-paving/,yes,4,1 FAQPage block(s),
https://drivewayzusa.co/guides/driveway-critical-path-method-project-scheduling-technique/,yes,4,1 FAQPage block(s),
https://drivewayzusa.co/guides/driveway-curb-appeal-for-selling-your-home/,yes,4,1 FAQPage block(s),
https://drivewayzusa.co/guides/driveway-customer-communication-setting-expectations/,yes,4,1 FAQPage block(s),
https://drivewayzusa.co/guides/driveway-damage-after-construction-getting-contractors-to-pay/,yes,4,1 FAQPage block(s),
https://drivewayzusa.co/guides/driveway-damage-from-garbage-trucks-filing-for-repairs/,yes,4,1 FAQPage block(s),
https://drivewayzusa.co/guides/driveway-defect-notification-reporting-problems-promptly/,yes,4,1 FAQPage block(s),
https://drivewayzusa.co/guides/driveway-deflection-testing-measuring-structural-capacity/,yes,3,1 FAQPage block(s),
https://drivewayzusa.co/guides/driveway-degreaser-best-products-for-stubborn-stains/,yes,4,1 FAQPage block(s),
https://drivewayzusa.co/guides/driveway-demolition-and-removal-cost-and-process/,yes,4,1 FAQPage block(s),
https://drivewayzusa.co/guides/driveway-demolition-and-removal-costs/,yes,4,1 FAQPage block(s),
https://drivewayzusa.co/guides/driveway-demolition-permit-removing-existing-pavement/,yes,4,1 FAQPage block(s),
https://drivewayzusa.co/guides/driveway-density-test-confirming-proper-compaction/,yes,4,1 FAQPage block(s),
https://drivewayzusa.co/guides/driveway-deposit-amount-how-much-is-too-much/,yes,4,1 FAQPage block(s),
https://drivewayzusa.co/guides/driveway-design-build-contract-one-stop-shop-approach/,yes,4,1 FAQPage block(s),
https://drivewayzusa.co/guides/driveway-design-ideas-from-hgtv-what-works-in-real-life/,yes,4,1 FAQPage block(s),
https://drivewayzusa.co/guides/driveway-design-mistakes-that-lower-your-home-value/,yes,4,1 FAQPage block(s),
https://drivewayzusa.co/guides/driveway-do-nothing-alternative-when-waiting-is-smart/,yes,4,1 FAQPage block(s),
https://drivewayzusa.co/guides/driveway-drone-photography-aerial-view-of-your-property/,yes,4,1 FAQPage block(s),
https://drivewayzusa.co/guides/driveway-edge-crumbling-causes-and-repair-solutions/,yes,4,1 FAQPage block(s),
https://drivewayzusa.co/guides/driveway-edging-options-and-installation-guide/,yes,4,1 FAQPage block(s),
https://drivewayzusa.co/guides/driveway-electric-scooter-and-bike-access-micro-mobility-design/,yes,4,1 FAQPage block(s),
https://drivewayzusa.co/guides/driveway-emergency-repair-contact-list-be-prepared/,yes,4,1 FAQPage block(s),
https://drivewayzusa.co/guides/driveway-emergency-vehicle-access-width-and-turn-requirements/,yes,4,1 FAQPage block(s),
https://drivewayzusa.co/guides/driveway-encroachment-permit-when-you-cross-property-lines/,yes,4,1 FAQPage block(s),
https://drivewayzusa.co/guides/driveway-encroachment-what-to-do/,yes,4,1 FAQPage block(s),
https://drivewayzusa.co/guides/driveway-engraved-concrete-custom-designs-after-installation/,yes,3,1 FAQPage block(s),
https://drivewayzusa.co/guides/driveway-environmental-assessment-contaminated-soil-check/,yes,4,1 FAQPage block(s),
https://drivewayzusa.co/guides/driveway-estimating-mistakes-contractors-make/,yes,4,1 FAQPage block(s),
https://drivewayzusa.co/guides/driveway-estimation-software-digital-bidding-tools/,yes,4,1 FAQPage block(s),
https://drivewayzusa.co/guides/driveway-excavation-and-site-preparation/,yes,4,1 FAQPage block(s),
https://drivewayzusa.co/guides/driveway-excavation-grading/,yes,8,1 FAQPage block(s),
https://drivewayzusa.co/guides/driveway-expansion-joint-repair-and-replacement/,yes,4,1 FAQPage block(s),
https://drivewayzusa.co/guides/driveway-expansion-joints-and-control-joints-explained/,yes,4,1 FAQPage block(s),
https://drivewayzusa.co/guides/driveway-expert-witness-when-disputes-need-professional-opinion/,yes,4,1 FAQPage block(s),
https://drivewayzusa.co/guides/driveway-exposed-aggregate-sealing-protecting-the-finish/,yes,4,1 FAQPage block(s),
https://drivewayzusa.co/guides/driveway-failure-analysis-root-cause-identification/,yes,4,1 FAQPage block(s),
https://drivewayzusa.co/guides/driveway-fall-preparation-leaf-removal-and-pre-winter-care/,yes,4,1 FAQPage block(s),
https://drivewayzusa.co/guides/driveway-faq-most-common-questions-answered/,yes,4,1 FAQPage block(s),
https://drivewayzusa.co/guides/driveway-fence-setback-at-entry-visibility-requirements/,yes,4,1 FAQPage block(s),
https://drivewayzusa.co/guides/driveway-fiber-reinforced-overlay-enhanced-crack-resistance/,yes,4,1 FAQPage block(s),
https://drivewayzusa.co/guides/driveway-final-completion-when-everything-is-done/,yes,4,1 FAQPage block(s),
https://drivewayzusa.co/guides/driveway-final-inspection-checklist-passing-municipal-review/,yes,4,1 FAQPage block(s),
https://drivewayzusa.co/guides/driveway-final-payment-when-to-release-the-last-check/,yes,4,1 FAQPage block(s),
https://drivewayzusa.co/guides/driveway-financing-options-for-homeowners/,yes,4,1 FAQPage block(s),
https://drivewayzusa.co/guides/driveway-fire-access-requirements-meeting-fire-code/,yes,4,1 FAQPage block(s),
https://drivewayzusa.co/guides/driveway-flexural-strength-bending-resistance-of-concrete/,yes,4,1 FAQPage block(s),
https://drivewayzusa.co/guides/driveway-fog-seal-light-application-asphalt-preservation/,yes,4,1 FAQPage block(s),
https://drivewayzusa.co/guides/driveway-for-climate-zone-1-extreme-cold-materials/,yes,4,1 FAQPage block(s),
https://drivewayzusa.co/guides/driveway-for-climate-zone-2-cold-winter-materials/,yes,4,1 FAQPage block(s),
https://drivewayzusa.co/guides/driveway-for-climate-zone-3-mixed-climate-materials/,yes,4,1 FAQPage block(s),
https://drivewayzusa.co/guides/driveway-for-climate-zone-4-mild-winter-materials/,yes,4,1 FAQPage block(s),
https://drivewayzusa.co/guides/driveway-for-climate-zone-5-hot-and-humid-materials/,yes,4,1 FAQPage block(s),
https://drivewayzusa.co/guides/driveway-for-climate-zone-6-hot-and-dry-materials/,yes,4,1 FAQPage block(s),
https://drivewayzusa.co/guides/driveway-for-rental-properties-best-materials-for-durability/,yes,4,1 FAQPage block(s),
https://drivewayzusa.co/guides/driveway-force-majeure-when-nature-stops-construction/,yes,3,1 FAQPage block(s),
https://drivewayzusa.co/guides/driveway-forensic-investigation-determining-cause-of-failure/,yes,4,1 FAQPage block(s),
https://drivewayzusa.co/guides/driveway-freeze-thaw-testing-astm-c666-method/,yes,4,1 FAQPage block(s),
https://drivewayzusa.co/guides/driveway-full-depth-reclamation-rebuilding-from-the-ground-up/,yes,4,1 FAQPage block(s),
https://drivewayzusa.co/guides/driveway-garage-sale-setup-protecting-surface-from-display-items/,yes,4,1 FAQPage block(s),
https://drivewayzusa.co/guides/driveway-garden-adjacent-design-protecting-both-zones/,yes,4,1 FAQPage block(s),
https://drivewayzusa.co/guides/driveway-gas-line-proximity-safety-setbacks/,yes,4,1 FAQPage block(s),
https://drivewayzusa.co/guides/driveway-gates-and-security-features/,yes,4,1 FAQPage block(s),
https://drivewayzusa.co/guides/driveway-general-liability-insurance-what-contractors-need/,yes,4,1 FAQPage block(s),
https://drivewayzusa.co/guides/driveway-geographic-information-system-gis-mapping-for-maintenance/,yes,4,1 FAQPage block(s),
https://drivewayzusa.co/guides/driveway-geotechnical-assessment-soil-conditions-matter/,yes,4,1 FAQPage block(s),
https://drivewayzusa.co/guides/driveway-geotechnical-report-when-you-need-professional-soil-analysis/,yes,4,1 FAQPage block(s),
https://drivewayzusa.co/guides/driveway-glossary-terms-every-homeowner-should-know/,yes,3,1 FAQPage block(s),
https://drivewayzusa.co/guides/driveway-gps-staking-precise-layout-from-digital-plans/,yes,4,1 FAQPage block(s),
https://drivewayzusa.co/guides/driveway-grade-and-slope-regulations/,yes,4,1 FAQPage block(s),
https://drivewayzusa.co/guides/driveway-grading-cost-leveling-before-installation/,yes,4,1 FAQPage block(s),
https://drivewayzusa.co/guides/driveway-grading-permit-when-earthwork-requires-approval/,yes,4,1 FAQPage block(s),
https://drivewayzusa.co/guides/driveway-graffiti-removal-protecting-your-property/,yes,4,1 FAQPage block(s),
https://drivewayzusa.co/guides/driveway-ground-penetrating-radar-subsurface-investigation/,yes,4,1 FAQPage block(s),
https://drivewayzusa.co/guides/driveway-guaranteed-maximum-price-budget-protection/,yes,4,1 FAQPage block(s),
https://drivewayzusa.co/guides/driveway-habitat-impact-environmental-review-requirements/,yes,4,1 FAQPage block(s),
https://drivewayzusa.co/guides/driveway-heaving-and-buckling-causes-and-repair-options/,yes,4,1 FAQPage block(s),
https://drivewayzusa.co/guides/driveway-heavy-equipment-safety-avoiding-accidents/,yes,4,1 FAQPage block(s),
https://drivewayzusa.co/guides/driveway-historic-preservation-standards-secretary-of-interior-guidelines/,yes,4,1 FAQPage block(s),
https://drivewayzusa.co/guides/driveway-holdback-protecting-against-incomplete-work/,yes,4,1 FAQPage block(s),
https://drivewayzusa.co/guides/driveway-holiday-decorating-tips-protecting-your-surface/,yes,4,1 FAQPage block(s),
https://drivewayzusa.co/guides/driveway-hot-asphalt-burns-worker-safety-protocols/,yes,4,1 FAQPage block(s),
https://drivewayzusa.co/guides/driveway-hot-in-place-recycling-repurposing-existing-asphalt/,yes,4,1 FAQPage block(s),
https://drivewayzusa.co/guides/driveway-hot-pour-crack-sealant-professional-application/,yes,3,1 FAQPage block(s),
https://drivewayzusa.co/guides/driveway-hot-tire-marks-on-sealcoated-asphalt/,yes,4,1 FAQPage block(s),
https://drivewayzusa.co/guides/driveway-ideas-for-selling-your-home-fast/,yes,4,1 FAQPage block(s),
https://drivewayzusa.co/guides/driveway-illumination-requirements-municipal-lighting-standards/,yes,4,1 FAQPage block(s),
https://drivewayzusa.co/guides/driveway-impact-resistance-handling-dropped-objects/,yes,4,1 FAQPage block(s),
https://drivewayzusa.co/guides/driveway-improvement-priorities-what-to-fix-first/,yes,4,1 FAQPage block(s),
https://drivewayzusa.co/guides/driveway-in-buffer-zone-environmental-setback-requirements/,yes,4,1 FAQPage block(s),
https://drivewayzusa.co/guides/driveway-industry-associations-napa-acpa-and-icpi/,yes,4,1 FAQPage block(s),
https://drivewayzusa.co/guides/driveway-infrared-thermography-detecting-subsurface-voids/,yes,4,1 FAQPage block(s),
https://drivewayzusa.co/guides/driveway-inland-marine-insurance-equipment-and-materials/,yes,4,1 FAQPage block(s),
https://drivewayzusa.co/guides/driveway-inspection-during-home-purchase-what-to-look-for/,yes,3,1 FAQPage block(s),
https://drivewayzusa.co/guides/driveway-inspection-fees-and-what-they-cover/,yes,4,1 FAQPage block(s),
https://drivewayzusa.co/guides/driveway-inspection-report-template-professional-assessment/,yes,4,1 FAQPage block(s),
https://drivewayzusa.co/guides/driveway-inspection-scheduling-municipal-review-process/,yes,4,1 FAQPage block(s),
https://drivewayzusa.co/guides/driveway-installation-checklist-dont-miss-these-steps/,yes,3,1 FAQPage block(s),
https://drivewayzusa.co/guides/driveway-installation-over-utility-easements/,yes,4,1 FAQPage block(s),
https://drivewayzusa.co/guides/driveway-insurance-claims-documenting-damage-for-coverage/,yes,4,1 FAQPage block(s),
https://drivewayzusa.co/guides/driveway-joint-sand-replacement-step-by-step/,yes,4,1 FAQPage block(s),
https://drivewayzusa.co/guides/driveway-landscaping-borders-and-plantings/,yes,4,1 FAQPage block(s),
https://drivewayzusa.co/guides/driveway-last-mile-delivery-design-e-commerce-era-access/,yes,4,1 FAQPage block(s),
https://drivewayzusa.co/guides/driveway-latent-defect-hidden-problems-that-appear-later/,yes,4,1 FAQPage block(s),
https://drivewayzusa.co/guides/driveway-latex-modified-overlay-flexible-resurfacing/,yes,4,1 FAQPage block(s),
https://drivewayzusa.co/guides/driveway-layouts-straight-l-shaped-circular-and-more/,yes,4,1 FAQPage block(s),
https://drivewayzusa.co/guides/driveway-lead-generation-for-contractors-getting-more-jobs/,yes,4,1 FAQPage block(s),
https://drivewayzusa.co/guides/driveway-letter-of-completion-formal-project-closeout/,yes,4,1 FAQPage block(s),
https://drivewayzusa.co/guides/driveway-leveling-when-and-how-to-fix-uneven-surfaces/,yes,3,1 FAQPage block(s),
https://drivewayzusa.co/guides/driveway-lien-rights-protecting-yourself-from-non-payment-claims/,yes,4,1 FAQPage block(s),
https://drivewayzusa.co/guides/driveway-lifecycle-extension-strategies-getting-more-years-from-your-surface/,yes,4,1 FAQPage block(s),
https://drivewayzusa.co/guides/driveway-lighting-types-installation-and-costs/,yes,4,1 FAQPage block(s),
https://drivewayzusa.co/guides/driveway-lump-sum-contract-fixed-price-agreements/,yes,4,1 FAQPage block(s),
https://drivewayzusa.co/guides/driveway-maintenance-agreement-template-service-contracts/,yes,4,1 FAQPage block(s),
https://drivewayzusa.co/guides/driveway-maintenance-binder-organizing-all-your-records/,yes,4,1 FAQPage block(s),
https://drivewayzusa.co/guides/driveway-maintenance-calendar-by-season/,yes,4,1 FAQPage block(s),
https://drivewayzusa.co/guides/driveway-maintenance-calendar-month-by-month-tasks/,yes,4,1 FAQPage block(s),
https://drivewayzusa.co/guides/driveway-maintenance-for-landlords-protecting-your-investment/,yes,4,1 FAQPage block(s),
https://drivewayzusa.co/guides/driveway-maintenance-log-tracking-work-over-time/,yes,4,1 FAQPage block(s),
https://drivewayzusa.co/guides/driveway-maintenance-schedule-year-by-year-guide/,yes,4,1 FAQPage block(s),
https://drivewayzusa.co/guides/driveway-material-comparison-aesthetic-rankings/,yes,4,1 FAQPage block(s),
https://drivewayzusa.co/guides/driveway-material-comparison-cost-rankings/,yes,4,1 FAQPage block(s),
https://drivewayzusa.co/guides/driveway-material-comparison-durability-rankings/,yes,4,1 FAQPage block(s),
https://drivewayzusa.co/guides/driveway-material-comparison-environmental-rankings/,yes,4,1 FAQPage block(s),
https://drivewayzusa.co/guides/driveway-material-comparison-maintenance-rankings/,yes,4,1 FAQPage block(s),
https://drivewayzusa.co/guides/driveway-material-identification-guide-what-do-i-have/,yes,4,1 FAQPage block(s),
https://drivewayzusa.co/guides/driveway-material-msds-safety-data-sheets-you-should-keep/,yes,4,1 FAQPage block(s),
https://drivewayzusa.co/guides/driveway-material-price-forecast-2026-and-beyond/,yes,4,1 FAQPage block(s),
https://drivewayzusa.co/guides/driveway-material-selection-flowchart-find-your-best-match/,yes,4,1 FAQPage block(s),
https://drivewayzusa.co/guides/driveway-material-substitution-when-alternatives-are-needed/,yes,4,1 FAQPage block(s),
https://drivewayzusa.co/guides/driveway-material-testing-app-smartphone-field-tools/,yes,4,1 FAQPage block(s),
https://drivewayzusa.co/guides/driveway-material-testing-labs-verifying-quality/,yes,4,1 FAQPage block(s),
https://drivewayzusa.co/guides/driveway-material-warranty-comparison-whats-covered/,yes,4,1 FAQPage block(s),
https://drivewayzusa.co/guides/driveway-mechanics-lien-what-homeowners-need-to-know/,yes,4,1 FAQPage block(s),
https://drivewayzusa.co/guides/driveway-metallic-epoxy-coating-high-gloss-options/,yes,4,1 FAQPage block(s),
https://drivewayzusa.co/guides/driveway-microsurfacing-advanced-preventive-maintenance/,yes,4,1 FAQPage block(s),
https://drivewayzusa.co/guides/driveway-moss-killer-products-and-natural-solutions/,yes,4,1 FAQPage block(s),
https://drivewayzusa.co/guides/driveway-moving-day-protection-heavy-load-precautions/,yes,4,1 FAQPage block(s),
https://drivewayzusa.co/guides/driveway-myths-debunked-common-misconceptions/,yes,3,1 FAQPage block(s),
https://drivewayzusa.co/guides/driveway-near-cell-tower-access-and-easement-issues/,yes,4,1 FAQPage block(s),
https://drivewayzusa.co/guides/driveway-near-railroad-crossing-sight-distance-requirements/,yes,4,1 FAQPage block(s),
https://drivewayzusa.co/guides/driveway-negotiation-points-in-home-sales/,yes,4,1 FAQPage block(s),
https://drivewayzusa.co/guides/driveway-neighbor-communication-telling-them-about-your-project/,yes,4,1 FAQPage block(s),
https://drivewayzusa.co/guides/driveway-net-zero-paving-achieving-carbon-neutrality/,yes,4,1 FAQPage block(s),
https://drivewayzusa.co/guides/driveway-noise-impact-study-traffic-and-construction-noise/,yes,4,1 FAQPage block(s),
https://drivewayzusa.co/guides/driveway-occupancy-requirement-when-driveway-affects-building-use/,yes,4,1 FAQPage block(s),
https://drivewayzusa.co/guides/driveway-oil-absorbent-products-kitty-litter-vs-commercial/,yes,4,1 FAQPage block(s),
https://drivewayzusa.co/guides/driveway-owner-builder-managing-your-own-project/,yes,4,1 FAQPage block(s),
https://drivewayzusa.co/guides/driveway-package-delivery-notification-smart-camera-alerts/,yes,4,1 FAQPage block(s),
https://drivewayzusa.co/guides/driveway-paint-remover-safe-options-for-different-surfaces/,yes,4,1 FAQPage block(s),
https://drivewayzusa.co/guides/driveway-party-and-event-setup-temporary-protection-ideas/,yes,3,1 FAQPage block(s),
https://drivewayzusa.co/guides/driveway-pavement-management-system-data-driven-decisions/,yes,4,1 FAQPage block(s),
https://drivewayzusa.co/guides/driveway-paver-lifting-and-resetting-repair-guide/,yes,4,1 FAQPage block(s),
https://drivewayzusa.co/guides/driveway-paver-replacement-matching-colors-and-sizes/,yes,4,1 FAQPage block(s),
https://drivewayzusa.co/guides/driveway-payment-application-template-tracking-costs/,yes,4,1 FAQPage block(s),
https://drivewayzusa.co/guides/driveway-payment-bond-protecting-against-non-payment/,yes,4,1 FAQPage block(s),
https://drivewayzusa.co/guides/driveway-performance-bond-ensuring-project-completion/,yes,4,1 FAQPage block(s),
https://drivewayzusa.co/guides/driveway-permits-and-regulations-in-alabama/,yes,4,1 FAQPage block(s),
https://drivewayzusa.co/guides/driveway-permits-and-regulations-in-alaska/,yes,4,1 FAQPage block(s),
https://drivewayzusa.co/guides/driveway-permits-and-regulations-in-arizona/,yes,4,1 FAQPage block(s),
https://drivewayzusa.co/guides/driveway-permits-and-regulations-in-arkansas/,yes,4,1 FAQPage block(s),
https://drivewayzusa.co/guides/driveway-permits-and-regulations-in-california/,yes,4,1 FAQPage block(s),
https://drivewayzusa.co/guides/driveway-permits-and-regulations-in-colorado/,yes,3,1 FAQPage block(s),
https://drivewayzusa.co/guides/driveway-permits-and-regulations-in-connecticut/,yes,4,1 FAQPage block(s),
https://drivewayzusa.co/guides/driveway-permits-and-regulations-in-delaware/,yes,4,1 FAQPage block(s),
https://drivewayzusa.co/guides/driveway-permits-and-regulations-in-florida/,yes,4,1 FAQPage block(s),
https://drivewayzusa.co/guides/driveway-permits-and-regulations-in-georgia/,yes,4,1 FAQPage block(s),
https://drivewayzusa.co/guides/driveway-permits-and-regulations-in-hawaii/,yes,4,1 FAQPage block(s),
https://drivewayzusa.co/guides/driveway-permits-and-regulations-in-idaho/,yes,4,1 FAQPage block(s),
https://drivewayzusa.co/guides/driveway-permits-and-regulations-in-iowa/,yes,4,1 FAQPage block(s),
https://drivewayzusa.co/guides/driveway-permits-and-regulations-in-kansas/,yes,4,1 FAQPage block(s),
https://drivewayzusa.co/guides/driveway-permits-and-regulations-in-kentucky/,yes,4,1 FAQPage block(s),
https://drivewayzusa.co/guides/driveway-permits-and-regulations-in-louisiana/,yes,4,1 FAQPage block(s),
https://drivewayzusa.co/guides/driveway-permits-and-regulations-in-maine/,yes,4,1 FAQPage block(s),
https://drivewayzusa.co/guides/driveway-permits-and-regulations-in-maryland/,yes,4,1 FAQPage block(s),
https://drivewayzusa.co/guides/driveway-permits-and-regulations-in-massachusetts/,yes,4,1 FAQPage block(s),
https://drivewayzusa.co/guides/driveway-permits-and-regulations-in-michigan/,yes,4,1 FAQPage block(s),
https://drivewayzusa.co/guides/driveway-permits-and-regulations-in-minnesota/,yes,4,1 FAQPage block(s),
https://drivewayzusa.co/guides/driveway-permits-and-regulations-in-mississippi/,yes,4,1 FAQPage block(s),
https://drivewayzusa.co/guides/driveway-permits-and-regulations-in-missouri/,yes,4,1 FAQPage block(s),
https://drivewayzusa.co/guides/driveway-permits-and-regulations-in-montana/,yes,4,1 FAQPage block(s),
https://drivewayzusa.co/guides/driveway-permits-and-regulations-in-nebraska/,yes,4,1 FAQPage block(s),
https://drivewayzusa.co/guides/driveway-permits-and-regulations-in-nevada/,yes,4,1 FAQPage block(s),
https://drivewayzusa.co/guides/driveway-permits-and-regulations-in-new-hampshire/,yes,4,1 FAQPage block(s),
https://drivewayzusa.co/guides/driveway-permits-and-regulations-in-new-jersey/,yes,4,1 FAQPage block(s),
https://drivewayzusa.co/guides/driveway-permits-and-regulations-in-new-mexico/,yes,4,1 FAQPage block(s),
https://drivewayzusa.co/guides/driveway-permits-and-regulations-in-new-york/,yes,4,1 FAQPage block(s),
https://drivewayzusa.co/guides/driveway-permits-and-regulations-in-north-carolina/,yes,4,1 FAQPage block(s),
https://drivewayzusa.co/guides/driveway-permits-and-regulations-in-north-dakota/,yes,3,1 FAQPage block(s),
https://drivewayzusa.co/guides/driveway-permits-and-regulations-in-ohio/,yes,4,1 FAQPage block(s),
https://drivewayzusa.co/guides/driveway-permits-and-regulations-in-oklahoma/,yes,4,1 FAQPage block(s),
https://drivewayzusa.co/guides/driveway-permits-and-regulations-in-oregon/,yes,4,1 FAQPage block(s),
https://drivewayzusa.co/guides/driveway-permits-and-regulations-in-pennsylvania/,yes,4,1 FAQPage block(s),
https://drivewayzusa.co/guides/driveway-permits-and-regulations-in-rhode-island/,yes,4,1 FAQPage block(s),
https://drivewayzusa.co/guides/driveway-permits-and-regulations-in-south-carolina/,yes,4,1 FAQPage block(s),
https://drivewayzusa.co/guides/driveway-permits-and-regulations-in-south-dakota/,yes,4,1 FAQPage block(s),
https://drivewayzusa.co/guides/driveway-permits-and-regulations-in-tennessee/,yes,4,1 FAQPage block(s),
https://drivewayzusa.co/guides/driveway-permits-and-regulations-in-texas/,yes,4,1 FAQPage block(s),
https://drivewayzusa.co/guides/driveway-permits-and-regulations-in-utah/,yes,4,1 FAQPage block(s),
https://drivewayzusa.co/guides/driveway-permits-and-regulations-in-vermont/,yes,4,1 FAQPage block(s),
https://drivewayzusa.co/guides/driveway-permits-and-regulations-in-virginia/,yes,4,1 FAQPage block(s),
https://drivewayzusa.co/guides/driveway-permits-and-regulations-in-washington/,yes,4,1 FAQPage block(s),
https://drivewayzusa.co/guides/driveway-permits-and-regulations-in-west-virginia/,yes,4,1 FAQPage block(s),
https://drivewayzusa.co/guides/driveway-permits-and-regulations-in-wisconsin/,yes,4,1 FAQPage block(s),
https://drivewayzusa.co/guides/driveway-permits-and-regulations-in-wyoming/,yes,4,1 FAQPage block(s),
https://drivewayzusa.co/guides/driveway-permits-how-much-do-they-cost/,yes,4,1 FAQPage block(s),
https://drivewayzusa.co/guides/driveway-permits-what-you-need-before-starting/,yes,4,1 FAQPage block(s),
https://drivewayzusa.co/guides/driveway-pet-area-design-creating-a-safe-space/,yes,4,1 FAQPage block(s),
https://drivewayzusa.co/guides/driveway-photo-documentation-before-during-and-after/,yes,4,1 FAQPage block(s),
https://drivewayzusa.co/guides/driveway-photo-history-documenting-changes-and-aging/,yes,4,1 FAQPage block(s),
https://drivewayzusa.co/guides/driveway-photography-tips-capturing-the-best-angles-for-listings/,yes,4,1 FAQPage block(s),
https://drivewayzusa.co/guides/driveway-planning-for-new-home-construction/,yes,4,1 FAQPage block(s),
https://drivewayzusa.co/guides/driveway-pollution-liability-environmental-coverage/,yes,4,1 FAQPage block(s),
https://drivewayzusa.co/guides/driveway-polyaspartic-coating-fast-cure-alternative/,yes,4,1 FAQPage block(s),
https://drivewayzusa.co/guides/driveway-polymer-overlay-decorative-and-protective/,yes,4,1 FAQPage block(s),
https://drivewayzusa.co/guides/driveway-pothole-repair-step-by-step-fix-guide/,yes,4,1 FAQPage block(s),
https://drivewayzusa.co/guides/driveway-power-washing-before-home-sale-worth-the-cost/,yes,4,1 FAQPage block(s),
https://drivewayzusa.co/guides/driveway-power-washing-frequency-guide/,yes,4,1 FAQPage block(s),
https://drivewayzusa.co/guides/driveway-power-washing-tips-for-a-clean-surface/,yes,4,1 FAQPage block(s),
https://drivewayzusa.co/guides/driveway-pressure-washing-mistakes-that-cause-damage/,yes,4,1 FAQPage block(s),
https://drivewayzusa.co/guides/driveway-preventive-maintenance-program-saving-money-long-term/,yes,4,1 FAQPage block(s),
https://drivewayzusa.co/guides/driveway-prime-coat-preparing-base-for-asphalt/,yes,4,1 FAQPage block(s),
https://drivewayzusa.co/guides/driveway-problem-diagnosis-guide-identifying-issues-by-symptom/,yes,4,1 FAQPage block(s),
https://drivewayzusa.co/guides/driveway-product-innovation-new-materials-and-methods/,yes,4,1 FAQPage block(s),
https://drivewayzusa.co/guides/driveway-professional-liability-design-error-protection/,yes,4,1 FAQPage block(s),
https://drivewayzusa.co/guides/driveway-progress-payment-paying-as-work-completes/,yes,4,1 FAQPage block(s),
https://drivewayzusa.co/guides/driveway-project-case-studies-before-and-after/,yes,3,1 FAQPage block(s),
https://drivewayzusa.co/guides/driveway-project-checklist-for-homeowners-free-pdf/,yes,4,1 FAQPage block(s),
https://drivewayzusa.co/guides/driveway-project-delay-causes-weather-permits-and-supply/,yes,4,1 FAQPage block(s),
https://drivewayzusa.co/guides/driveway-project-management-software-tracking-progress/,yes,4,1 FAQPage block(s),
https://drivewayzusa.co/guides/driveway-project-management-timeline-budget-and-quality-control/,yes,4,1 FAQPage block(s),
https://drivewayzusa.co/guides/driveway-project-management-working-with-your-contractor/,yes,4,1 FAQPage block(s),
https://drivewayzusa.co/guides/driveway-project-scope-creep-staying-on-budget/,yes,4,1 FAQPage block(s),
https://drivewayzusa.co/guides/driveway-project-timeline-from-planning-to-completion/,yes,4,1 FAQPage block(s),
https://drivewayzusa.co/guides/driveway-project-timeline-template-from-planning-to-completion/,yes,4,1 FAQPage block(s),
https://drivewayzusa.co/guides/driveway-property-survey-verifying-boundaries-before-building/,yes,4,1 FAQPage block(s),
https://drivewayzusa.co/guides/driveway-protective-coating-for-new-installations/,yes,4,1 FAQPage block(s),
https://drivewayzusa.co/guides/driveway-punch-list-template-final-inspection-form/,yes,4,1 FAQPage block(s),
https://drivewayzusa.co/guides/driveway-quality-control-ensuring-consistent-results/,yes,4,1 FAQPage block(s),
https://drivewayzusa.co/guides/driveway-quick-fixes-before-listing-your-home/,yes,4,1 FAQPage block(s),
https://drivewayzusa.co/guides/driveway-rain-sensor-automatic-irrigation-shutoff-near-pavement/,yes,4,1 FAQPage block(s),
https://drivewayzusa.co/guides/driveway-reconstruction-vs-rehabilitation-making-the-right-call/,yes,4,1 FAQPage block(s),
https://drivewayzusa.co/guides/driveway-reference-check-template-verifying-contractor-quality/,yes,4,1 FAQPage block(s),
https://drivewayzusa.co/guides/driveway-reflectors-and-markers/,yes,4,1 FAQPage block(s),
https://drivewayzusa.co/guides/driveway-refresh-ideas-under-2000/,yes,4,1 FAQPage block(s),
https://drivewayzusa.co/guides/driveway-reinforcement/,yes,8,1 FAQPage block(s),
https://drivewayzusa.co/guides/driveway-remediation-plan-steps-to-fix-major-problems/,yes,4,1 FAQPage block(s),
https://drivewayzusa.co/guides/driveway-renovation-before-selling-your-home/,yes,4,1 FAQPage block(s),
https://drivewayzusa.co/guides/driveway-repair-decision-tree-fix-it-or-replace-it/,yes,4,1 FAQPage block(s),
https://drivewayzusa.co/guides/driveway-replacement-after-home-purchase-planning-guide/,yes,4,1 FAQPage block(s),
https://drivewayzusa.co/guides/driveway-request-for-proposal-template-rfp-for-contractors/,yes,4,1 FAQPage block(s),
https://drivewayzusa.co/guides/driveway-research-and-development-university-studies/,yes,4,1 FAQPage block(s),
https://drivewayzusa.co/guides/driveway-resilience-planning-preparing-for-extreme-weather/,yes,4,1 FAQPage block(s),
https://drivewayzusa.co/guides/driveway-resurfacing-vs-replacement-when-to-choose-each/,yes,4,1 FAQPage block(s),
https://drivewayzusa.co/guides/driveway-retainage-holding-back-for-quality-assurance/,yes,4,1 FAQPage block(s),
https://drivewayzusa.co/guides/driveway-retaining-wall-height-limits-code-requirements/,yes,4,1 FAQPage block(s),
https://drivewayzusa.co/guides/driveway-return-on-investment-by-neighborhood-type/,yes,4,1 FAQPage block(s),
https://drivewayzusa.co/guides/driveway-right-of-way-and-easements-what-homeowners-need-to-know/,yes,4,1 FAQPage block(s),
https://drivewayzusa.co/guides/driveway-robotic-total-station-automated-survey-layout/,yes,4,1 FAQPage block(s),
https://drivewayzusa.co/guides/driveway-roi-calculator-how-much-value-does-it-add/,yes,4,1 FAQPage block(s),
https://drivewayzusa.co/guides/driveway-roi-how-much-does-a-new-driveway-add-to-home-value/,yes,4,1 FAQPage block(s),
https://drivewayzusa.co/guides/driveway-safety-for-children/,yes,4,1 FAQPage block(s),
https://drivewayzusa.co/guides/driveway-safety-slip-resistance-in-wet-and-icy-conditions/,yes,4,1 FAQPage block(s),
https://drivewayzusa.co/guides/driveway-sand-types-washed-mason-and-utility/,yes,3,1 FAQPage block(s),
https://drivewayzusa.co/guides/driveway-scaling-resistance-test-astm-c672-method/,yes,4,1 FAQPage block(s),
https://drivewayzusa.co/guides/driveway-schedule-of-values-breaking-down-project-cost/,yes,4,1 FAQPage block(s),
https://drivewayzusa.co/guides/driveway-school-zone-requirements-safety-near-schools/,yes,4,1 FAQPage block(s),
https://drivewayzusa.co/guides/driveway-scope-of-work-defining-the-project-clearly/,yes,4,1 FAQPage block(s),
https://drivewayzusa.co/guides/driveway-sealcoat-failure-common-causes-and-remedies/,yes,4,1 FAQPage block(s),
https://drivewayzusa.co/guides/driveway-sealcoating-when-why-and-how-often/,yes,4,1 FAQPage block(s),
https://drivewayzusa.co/guides/driveway-sealing-cost-diy-vs-professional/,yes,4,1 FAQPage block(s),
https://drivewayzusa.co/guides/driveway-sealing/,yes,8,1 FAQPage block(s),
https://drivewayzusa.co/guides/driveway-seasonal-checklist-printable-four-season-guide/,yes,4,1 FAQPage block(s),
https://drivewayzusa.co/guides/driveway-seasonal-material-sales-when-to-buy-for-savings/,yes,4,1 FAQPage block(s),
https://drivewayzusa.co/guides/driveway-sewer-line-access-maintaining-utility-access/,yes,4,1 FAQPage block(s),
https://drivewayzusa.co/guides/driveway-signage-stop-signs-speed-limits-and-address-markers/,yes,4,1 FAQPage block(s),
https://drivewayzusa.co/guides/driveway-silica-dust-exposure-health-risks-and-prevention/,yes,4,1 FAQPage block(s),
https://drivewayzusa.co/guides/driveway-slope-and-drainage-minimum-codes-and-best-practice/,yes,4,1 FAQPage block(s),
https://drivewayzusa.co/guides/driveway-slope-drainage/,yes,8,1 FAQPage block(s),
https://drivewayzusa.co/guides/driveway-slurry-seal-thin-protective-layer-application/,yes,4,1 FAQPage block(s),
https://drivewayzusa.co/guides/driveway-smart-city-connection-iot-sensors-in-pavement/,yes,4,1 FAQPage block(s),
https://drivewayzusa.co/guides/driveway-smart-irrigation-controller-protecting-pavement-edges/,yes,4,1 FAQPage block(s),
https://drivewayzusa.co/guides/driveway-smart-lock-gate-remote-access-control/,yes,4,1 FAQPage block(s),
https://drivewayzusa.co/guides/driveway-snow-removal-equipment-blowers-plows-and-shovels-compared/,yes,4,1 FAQPage block(s),
https://drivewayzusa.co/guides/driveway-snow-stakes-and-edge-markers/,yes,4,1 FAQPage block(s),
https://drivewayzusa.co/guides/driveway-soil-testing-why-its-essential-before-construction/,yes,4,1 FAQPage block(s),
https://drivewayzusa.co/guides/driveway-specification-writing-describing-what-you-want/,yes,4,1 FAQPage block(s),
https://drivewayzusa.co/guides/driveway-spray-applied-overlay-fast-installation-option/,yes,4,1 FAQPage block(s),
https://drivewayzusa.co/guides/driveway-spring-assessment-post-winter-damage-check/,yes,4,1 FAQPage block(s),
https://drivewayzusa.co/guides/driveway-staged-construction-building-in-phases/,yes,4,1 FAQPage block(s),
https://drivewayzusa.co/guides/driveway-stamped-overlay-adding-decorative-patterns/,yes,4,1 FAQPage block(s),
https://drivewayzusa.co/guides/driveway-statute-of-limitations-time-to-file-a-claim/,yes,4,1 FAQPage block(s),
https://drivewayzusa.co/guides/driveway-statute-of-repose-ultimate-deadline-for-claims/,yes,3,1 FAQPage block(s),
https://drivewayzusa.co/guides/driveway-stenciling-and-pattern-techniques/,yes,4,1 FAQPage block(s),
https://drivewayzusa.co/guides/driveway-stone-dust-uses-and-application-guide/,yes,4,1 FAQPage block(s),
https://drivewayzusa.co/guides/driveway-stop-notice-protecting-subcontractor-payments/,yes,4,1 FAQPage block(s),
https://drivewayzusa.co/guides/driveway-structural-evaluation-when-to-call-an-engineer/,yes,4,1 FAQPage block(s),
https://drivewayzusa.co/guides/driveway-sub-base-construction-best-practices/,yes,4,1 FAQPage block(s),
https://drivewayzusa.co/guides/driveway-sub-base-materials-choosing-the-right-foundation/,yes,4,1 FAQPage block(s),
https://drivewayzusa.co/guides/driveway-subcontractor-vs-general-contractor-who-to-hire/,yes,4,1 FAQPage block(s),
https://drivewayzusa.co/guides/driveway-substantial-completion-when-the-project-is-usable/,yes,4,1 FAQPage block(s),
https://drivewayzusa.co/guides/driveway-summer-protection-uv-and-heat-mitigation/,yes,4,1 FAQPage block(s),
https://drivewayzusa.co/guides/driveway-surface-course-vs-base-course-understanding-layers/,yes,4,1 FAQPage block(s),
https://drivewayzusa.co/guides/driveway-surface-drainage-rate-how-fast-water-clears/,yes,4,1 FAQPage block(s),
https://drivewayzusa.co/guides/driveway-sustainability-certifications-greenroads-and-envision/,yes,4,1 FAQPage block(s),
https://drivewayzusa.co/guides/driveway-tack-coat-application-bonding-asphalt-layers/,yes,4,1 FAQPage block(s),
https://drivewayzusa.co/guides/driveway-temporary-surface-short-term-solutions/,yes,4,1 FAQPage block(s),
https://drivewayzusa.co/guides/driveway-tensile-strength-how-concrete-resists-pulling-forces/,yes,4,1 FAQPage block(s),
https://drivewayzusa.co/guides/driveway-thermal-expansion-why-joints-matter/,yes,4,1 FAQPage block(s),
https://drivewayzusa.co/guides/driveway-thermal-shock-resistance-rapid-temperature-changes/,yes,4,1 FAQPage block(s),
https://drivewayzusa.co/guides/driveway-thickness-guide-for-cars-trucks-and-rvs/,yes,4,1 FAQPage block(s),
https://drivewayzusa.co/guides/driveway-thickness-guide/,yes,8,1 FAQPage block(s),
https://drivewayzusa.co/guides/driveway-time-and-materials-contract-flexible-pricing/,yes,4,1 FAQPage block(s),
https://drivewayzusa.co/guides/driveway-time-lapse-camera-documenting-construction/,yes,4,1 FAQPage block(s),
https://drivewayzusa.co/guides/driveway-tire-track-prevention-on-new-concrete/,yes,4,1 FAQPage block(s),
https://drivewayzusa.co/guides/driveway-to-patio-transition-material-and-design-options/,yes,4,1 FAQPage block(s),
https://drivewayzusa.co/guides/driveway-to-walkway-connection-maintaining-visual-flow/,yes,4,1 FAQPage block(s),
https://drivewayzusa.co/guides/driveway-topographic-survey-mapping-your-property-for-grading/,yes,4,1 FAQPage block(s),
https://drivewayzusa.co/guides/driveway-trade-shows-and-conferences-industry-events/,yes,4,1 FAQPage block(s),
https://drivewayzusa.co/guides/driveway-traffic-control-during-construction-flagging-and-cones/,yes,4,1 FAQPage block(s),
https://drivewayzusa.co/guides/driveway-traffic-study-required-for-commercial-properties/,yes,4,1 FAQPage block(s),
https://drivewayzusa.co/guides/driveway-transformation-stories-real-homeowner-case-studies/,yes,4,1 FAQPage block(s),
https://drivewayzusa.co/guides/driveway-transition-strips-where-driveway-meets-garage/,yes,4,1 FAQPage block(s),
https://drivewayzusa.co/guides/driveway-tree-preservation-working-around-protected-trees/,yes,4,1 FAQPage block(s),
https://drivewayzusa.co/guides/driveway-trends-from-home-and-garden-shows/,yes,4,1 FAQPage block(s),
https://drivewayzusa.co/guides/driveway-turnarounds-design-and-dimensions/,yes,4,1 FAQPage block(s),
https://drivewayzusa.co/guides/driveway-ultra-thin-whitetopping-minimal-depth-concrete-overlay/,yes,4,1 FAQPage block(s),
https://drivewayzusa.co/guides/driveway-umbrella-policy-extra-liability-protection/,yes,4,1 FAQPage block(s),
https://drivewayzusa.co/guides/driveway-unbonded-concrete-overlay-structural-restoration/,yes,4,1 FAQPage block(s),
https://drivewayzusa.co/guides/driveway-unit-price-contract-pay-per-square-foot/,yes,4,1 FAQPage block(s),
https://drivewayzusa.co/guides/driveway-upgrade-priority-when-to-invest-in-improvements/,yes,4,1 FAQPage block(s),
https://drivewayzusa.co/guides/driveway-urban-planning-role-impervious-surface-regulations/,yes,4,1 FAQPage block(s),
https://drivewayzusa.co/guides/driveway-utility-locating-underground-line-detection/,yes,4,1 FAQPage block(s),
https://drivewayzusa.co/guides/driveway-uv-resistance-how-materials-handle-sunlight/,yes,4,1 FAQPage block(s),
https://drivewayzusa.co/guides/driveway-value-engineering-getting-more-for-your-money/,yes,4,1 FAQPage block(s),
https://drivewayzusa.co/guides/driveway-vapor-barrier-when-to-use-plastic-sheeting/,yes,3,1 FAQPage block(s),
https://drivewayzusa.co/guides/driveway-vehicle-recognition-camera-whos-arriving/,yes,4,1 FAQPage block(s),
https://drivewayzusa.co/guides/driveway-vehicle-to-infrastructure-communication-future-tech/,yes,4,1 FAQPage block(s),
https://drivewayzusa.co/guides/driveway-video-doorbell-integration-entry-monitoring/,yes,4,1 FAQPage block(s),
https://drivewayzusa.co/guides/driveway-video-marketing-for-contractors-before-and-after-content/,yes,4,1 FAQPage block(s),
https://drivewayzusa.co/guides/driveway-video-pipe-inspection-checking-underground-drains/,yes,4,1 FAQPage block(s),
https://drivewayzusa.co/guides/driveway-virtual-reality-walkthrough-pre-construction-preview/,yes,4,1 FAQPage block(s),
https://drivewayzusa.co/guides/driveway-warranty-claims-how-to-file-successfully/,yes,4,1 FAQPage block(s),
https://drivewayzusa.co/guides/driveway-warranty-period-start-date-when-coverage-begins/,yes,4,1 FAQPage block(s),
https://drivewayzusa.co/guides/driveway-warranty-tracking-digital-record-keeping/,yes,4,1 FAQPage block(s),
https://drivewayzusa.co/guides/driveway-water-absorption-rate-material-porosity-comparison/,yes,4,1 FAQPage block(s),
https://drivewayzusa.co/guides/driveway-water-quality-impact-reducing-pollution-from-runoff/,yes,4,1 FAQPage block(s),
https://drivewayzusa.co/guides/driveway-weather-day-policy-contract-terms-for-delays/,yes,4,1 FAQPage block(s),
https://drivewayzusa.co/guides/driveway-weather-insurance-rain-delay-coverage/,yes,4,1 FAQPage block(s),
https://drivewayzusa.co/guides/driveway-weed-barrier-installation-under-pavers-and-gravel/,yes,4,1 FAQPage block(s),
https://drivewayzusa.co/guides/driveway-weed-control-preventing-growth-between-cracks-and-joints/,yes,4,1 FAQPage block(s),
https://drivewayzusa.co/guides/driveway-weight-limits-and-heavy-vehicles/,yes,4,1 FAQPage block(s),
https://drivewayzusa.co/guides/driveway-weight-limits/,yes,8,1 FAQPage block(s),
https://drivewayzusa.co/guides/driveway-wetland-regulations-building-near-protected-areas/,yes,4,1 FAQPage block(s),
https://drivewayzusa.co/guides/driveway-whitetopping-concrete-over-existing-asphalt/,yes,3,1 FAQPage block(s),
https://drivewayzusa.co/guides/driveway-width-requirements-by-municipality/,yes,4,1 FAQPage block(s),
https://drivewayzusa.co/guides/driveway-winter-patch-cold-weather-emergency-repairs/,yes,4,1 FAQPage block(s),
https://drivewayzusa.co/guides/driveway-workers-compensation-protecting-against-liability/,yes,4,1 FAQPage block(s),
https://drivewayzusa.co/guides/driveway-workmanship-warranty-standard-vs-extended/,yes,4,1 FAQPage block(s),
https://drivewayzusa.co/guides/driveway-written-estimate-requirements-what-should-be-included/,yes,4,1 FAQPage block(s),
https://drivewayzusa.co/guides/driveway-xylene-based-sealer-solvent-protection-options/,yes,4,1 FAQPage block(s),
https://drivewayzusa.co/guides/easement-issues-affecting-driveways/,yes,4,1 FAQPage block(s),
https://drivewayzusa.co/guides/eco-friendly-driveway-options-pros-cons-and-costs/,yes,4,1 FAQPage block(s),
https://drivewayzusa.co/guides/emergency-vehicle-access-driveway-specifications/,yes,4,1 FAQPage block(s),
https://drivewayzusa.co/guides/environmental-permits-for-driveway-projects/,yes,4,1 FAQPage block(s),
https://drivewayzusa.co/guides/ev-charging-station-integration-in-driveways/,yes,4,1 FAQPage block(s),
https://drivewayzusa.co/guides/excavation-cost-for-driveways-what-to-expect/,yes,4,1 FAQPage block(s),
https://drivewayzusa.co/guides/expansion-control-joints/,yes,8,1 FAQPage block(s),
https://drivewayzusa.co/guides/exposed-aggregate-concrete-driveway-guide/,yes,4,1 FAQPage block(s),
https://drivewayzusa.co/guides/extending-a-driveway-planning-and-costs/,yes,4,1 FAQPage block(s),
https://drivewayzusa.co/guides/fall-driveway-prep-getting-ready-for-winter/,yes,4,1 FAQPage block(s),
https://drivewayzusa.co/guides/fall-driveway-preparation-guide/,yes,4,1 FAQPage block(s),
https://drivewayzusa.co/guides/farmhouse-style-driveways-rustic-options/,yes,4,1 FAQPage block(s),
https://drivewayzusa.co/guides/fiber-mesh-vs-rebar-in-concrete-driveways/,yes,4,1 FAQPage block(s),
https://drivewayzusa.co/guides/fire-access-requirements-for-driveways/,yes,4,1 FAQPage block(s),
https://drivewayzusa.co/guides/first-impressions-driveway-design-for-curb-appeal/,yes,4,1 FAQPage block(s),
https://drivewayzusa.co/guides/first-impressions-why-your-driveway-matters-to-homebuyers/,yes,4,1 FAQPage block(s),
https://drivewayzusa.co/guides/first-time-homeowner-driveway-guide-where-to-start/,yes,4,1 FAQPage block(s),
https://drivewayzusa.co/guides/flagstone-driveway-natural-stone-options/,yes,4,1 FAQPage block(s),
https://drivewayzusa.co/guides/fly-ash-in-concrete-driveways-sustainable-additive/,yes,4,1 FAQPage block(s),
https://drivewayzusa.co/guides/french-drain-installation-along-a-driveway/,yes,4,1 FAQPage block(s),
https://drivewayzusa.co/guides/front-yard-design-integrating-driveways/,yes,4,1 FAQPage block(s),
https://drivewayzusa.co/guides/garbage-truck-access-considerations/,yes,4,1 FAQPage block(s),
https://drivewayzusa.co/guides/geotextile-fabric-in-driveway-construction/,yes,4,1 FAQPage block(s),
https://drivewayzusa.co/guides/grass-pavers-vs-permeable-pavers-which-is-greener/,yes,4,1 FAQPage block(s),
https://drivewayzusa.co/guides/gravel-driveway-cost-per-square-foot-guide/,yes,4,1 FAQPage block(s),
https://drivewayzusa.co/guides/gravel-driveway-installation-step-by-step-guide/,yes,4,1 FAQPage block(s),
https://drivewayzusa.co/guides/gravel-driveway-lifespan-how-long-before-you-need-to-refresh/,yes,4,1 FAQPage block(s),
https://drivewayzusa.co/guides/gravel-driveway-maintenance-raking-grading-and-refilling/,yes,4,1 FAQPage block(s),
https://drivewayzusa.co/guides/gravel-vs-paved-driveway-which-is-right-for-you/,yes,4,1 FAQPage block(s),
https://drivewayzusa.co/guides/heated-driveway-systems-cost-vs-benefit-analysis/,yes,4,1 FAQPage block(s),
https://drivewayzusa.co/guides/heaving-and-frost-damage-repair/,yes,4,1 FAQPage block(s),
https://drivewayzusa.co/guides/hidden-costs-in-driveway-projects-you-should-know/,yes,4,1 FAQPage block(s),
https://drivewayzusa.co/guides/hidden-costs-of-driveway-installation-you-should-know-about/,yes,4,1 FAQPage block(s),
https://drivewayzusa.co/guides/high-altitude-driveways-colorado-considerations/,yes,4,1 FAQPage block(s),
https://drivewayzusa.co/guides/historic-home-driveways-period-appropriate-materials/,yes,4,1 FAQPage block(s),
https://drivewayzusa.co/guides/hoa-driveway-rules-and-approval-process/,yes,4,1 FAQPage block(s),
https://drivewayzusa.co/guides/home-inspector-driveway-report-understanding-the-findings/,yes,4,1 FAQPage block(s),
https://drivewayzusa.co/guides/home-value-impact-driveway-condition-assessment/,yes,4,1 FAQPage block(s),
https://drivewayzusa.co/guides/hot-climates-best-driveway-materials-for-arizona/,yes,4,1 FAQPage block(s),
https://drivewayzusa.co/guides/hot-climates-best-driveway-materials-for-florida/,yes,4,1 FAQPage block(s),
https://drivewayzusa.co/guides/hot-climates-best-driveway-materials-for-nevada/,yes,4,1 FAQPage block(s),
https://drivewayzusa.co/guides/hot-climates-best-driveway-materials-for-texas/,yes,4,1 FAQPage block(s),
https://drivewayzusa.co/guides/how-google-reviews-impact-driveway-contractor-business/,yes,4,1 FAQPage block(s),
https://drivewayzusa.co/guides/how-long-does-a-new-driveway-last-by-material/,yes,4,1 FAQPage block(s),
https://drivewayzusa.co/guides/how-long-driveway-last/,yes,8,1 FAQPage block(s),
https://drivewayzusa.co/guides/how-many-pavers-do-you-need-for-a-driveway-sizing-guide/,yes,4,1 FAQPage block(s),
https://drivewayzusa.co/guides/how-much-concrete-do-you-need-for-a-driveway-calculator-and-tips/,yes,4,1 FAQPage block(s),
https://drivewayzusa.co/guides/how-much-does-a-driveway-cost-2026/,yes,5,1 FAQPage block(s),
https://drivewayzusa.co/guides/how-much-does-a-new-driveway-cost-in-2026/,yes,4,1 FAQPage block(s),
https://drivewayzusa.co/guides/how-often-should-you-seal-your-driveway/,yes,3,1 FAQPage block(s),
https://drivewayzusa.co/guides/how-realtors-evaluate-driveway-condition/,yes,4,1 FAQPage block(s),
https://drivewayzusa.co/guides/how-to-calculate-driveway-material-needs/,yes,4,1 FAQPage block(s),
https://drivewayzusa.co/guides/how-to-choose-a-driveway-material-when-youre-overwhelmed/,yes,4,1 FAQPage block(s),
https://drivewayzusa.co/guides/how-to-file-a-complaint-against-a-driveway-contractor/,yes,4,1 FAQPage block(s),
https://drivewayzusa.co/guides/how-to-fix-a-driveway-that-slopes-toward-your-house/,yes,4,1 FAQPage block(s),
https://drivewayzusa.co/guides/how-to-fix-a-sinking-driveway-mudjacking-vs-polyurethane-foam/,yes,4,1 FAQPage block(s),
https://drivewayzusa.co/guides/how-to-fix-driveway-cracks-concrete-asphalt-and-paver-repair/,yes,4,1 FAQPage block(s),
https://drivewayzusa.co/guides/how-to-fix-paver-driveways-settling-and-shifting-issues/,yes,4,1 FAQPage block(s),
https://drivewayzusa.co/guides/how-to-get-accurate-driveway-quotes-from-contractors/,yes,4,1 FAQPage block(s),
https://drivewayzusa.co/guides/how-to-level-sunken-paver-driveways/,yes,4,1 FAQPage block(s),
https://drivewayzusa.co/guides/how-to-negotiate-with-driveway-contractors/,yes,4,1 FAQPage block(s),
https://drivewayzusa.co/guides/how-to-patch-and-repair-asphalt-driveways/,yes,4,1 FAQPage block(s),
https://drivewayzusa.co/guides/how-to-patch-and-repair-concrete-driveways/,yes,4,1 FAQPage block(s),
https://drivewayzusa.co/guides/how-to-prepare-your-property-for-driveway-installation/,yes,4,1 FAQPage block(s),
https://drivewayzusa.co/guides/how-to-protect-your-driveway-from-tree-roots/,yes,4,1 FAQPage block(s),
https://drivewayzusa.co/guides/how-to-read-a-driveway-installation-contract/,yes,4,1 FAQPage block(s),
https://drivewayzusa.co/guides/how-to-remove-an-old-driveway-before-installing-a-new-one/,yes,4,1 FAQPage block(s),
https://drivewayzusa.co/guides/how-to-remove-ice-from-your-driveway-safely/,yes,4,1 FAQPage block(s),
https://drivewayzusa.co/guides/how-to-remove-oil-stains-from-a-concrete-driveway/,yes,4,1 FAQPage block(s),
https://drivewayzusa.co/guides/how-to-remove-oil-stains-from-an-asphalt-driveway/,yes,4,1 FAQPage block(s),
https://drivewayzusa.co/guides/how-to-remove-paint-from-a-driveway/,yes,4,1 FAQPage block(s),
https://drivewayzusa.co/guides/how-to-resurface-an-asphalt-driveway-on-a-budget/,yes,4,1 FAQPage block(s),
https://drivewayzusa.co/guides/how-to-stain-a-concrete-driveway-colors-and-techniques/,yes,4,1 FAQPage block(s),
https://drivewayzusa.co/guides/how-to-vet-a-driveway-contractor-questions-to-ask/,yes,4,1 FAQPage block(s),
https://drivewayzusa.co/guides/how-to-widen-an-existing-driveway/,yes,3,1 FAQPage block(s),
https://drivewayzusa.co/guides/how-to-winterize-your-driveway-before-the-first-freeze/,yes,4,1 FAQPage block(s),
https://drivewayzusa.co/guides/how-your-soil-type-affects-driveway-material-choice/,yes,4,1 FAQPage block(s),
https://drivewayzusa.co/guides/hurricane-zones-driveway-design-for-resilience/,yes,4,1 FAQPage block(s),
https://drivewayzusa.co/guides/impervious-surface-limits-and-driveways/,yes,4,1 FAQPage block(s),
https://drivewayzusa.co/guides/insurance-considerations-for-driveway-projects/,yes,4,1 FAQPage block(s),
https://drivewayzusa.co/guides/integral-color-vs-surface-applied-concrete-driveway-color/,yes,4,1 FAQPage block(s),
https://drivewayzusa.co/guides/investment-property-driveway-balancing-cost-and-quality/,yes,4,1 FAQPage block(s),
https://drivewayzusa.co/guides/joint-sand-vs-polymeric-sand-for-pavers/,yes,4,1 FAQPage block(s),
https://drivewayzusa.co/guides/labor-shortage-impact-on-driveway-installation-costs/,yes,4,1 FAQPage block(s),
https://drivewayzusa.co/guides/large-driveway-cost-pricing-for-1000-square-feet/,yes,4,1 FAQPage block(s),
https://drivewayzusa.co/guides/leaf-stain-prevention-and-removal/,yes,4,1 FAQPage block(s),
https://drivewayzusa.co/guides/liability-issues-driveway-injuries-and-accidents/,yes,4,1 FAQPage block(s),
https://drivewayzusa.co/guides/low-maintenance-driveway-materials-ranked/,yes,4,1 FAQPage block(s),
https://drivewayzusa.co/guides/matching-your-driveway-to-home-architecture/,yes,4,1 FAQPage block(s),
https://drivewayzusa.co/guides/mediterranean-home-driveways-tile-and-stone/,yes,4,1 FAQPage block(s),
https://drivewayzusa.co/guides/microtopping-for-driveways-ultra-thin-concrete-overlay/,yes,4,1 FAQPage block(s),
https://drivewayzusa.co/guides/mid-budget-driveway-renovation-5000-to-10000/,yes,4,1 FAQPage block(s),
https://drivewayzusa.co/guides/modern-home-driveways-contemporary-design-ideas/,yes,3,1 FAQPage block(s),
https://drivewayzusa.co/guides/mold-and-mildew-prevention-on-driveways/,yes,4,1 FAQPage block(s),
https://drivewayzusa.co/guides/moss-and-algae-on-driveways-removal-and-prevention/,yes,4,1 FAQPage block(s),
https://drivewayzusa.co/guides/moss-and-algae-removal-from-driveways/,yes,4,1 FAQPage block(s),
https://drivewayzusa.co/guides/neighbor-disputes-over-driveway-access/,yes,4,1 FAQPage block(s),
https://drivewayzusa.co/guides/new-construction-when-to-install-your-driveway-in-the-build-process/,yes,4,1 FAQPage block(s),
https://drivewayzusa.co/guides/new-driveway-vs-driveway-overlay-which-saves-more-money/,yes,4,1 FAQPage block(s),
https://drivewayzusa.co/guides/new-homeowner-driveway-assessment-what-to-check-first/,yes,4,1 FAQPage block(s),
https://drivewayzusa.co/guides/nighttime-driveway-safety-features/,yes,4,1 FAQPage block(s),
https://drivewayzusa.co/guides/non-slip-surfaces-for-wet-conditions/,yes,4,1 FAQPage block(s),
https://drivewayzusa.co/guides/off-season-driveway-installation-save-money-in-winter/,yes,4,1 FAQPage block(s),
https://drivewayzusa.co/guides/oil-stain-removal-from-asphalt-driveways/,yes,4,1 FAQPage block(s),
https://drivewayzusa.co/guides/oil-stain-removal-from-concrete-driveways/,yes,4,1 FAQPage block(s),
https://drivewayzusa.co/guides/oyster-shell-driveway/,yes,8,1 FAQPage block(s),
https://drivewayzusa.co/guides/parking-pads-adding-extra-parking-space/,yes,4,1 FAQPage block(s),
https://drivewayzusa.co/guides/paver-base-material-selection-guide/,yes,4,1 FAQPage block(s),
https://drivewayzusa.co/guides/paver-driveway-cost-per-square-foot-guide/,yes,4,1 FAQPage block(s),
https://drivewayzusa.co/guides/paver-driveway-installation-step-by-step-guide/,yes,4,1 FAQPage block(s),
https://drivewayzusa.co/guides/paver-driveway-lifespan-what-to-expect-over-30-years/,yes,4,1 FAQPage block(s),
https://drivewayzusa.co/guides/paver-sealing-pros-cons-and-best-practices/,yes,4,1 FAQPage block(s),
https://drivewayzusa.co/guides/pavers-vs-concrete-driveway-cost-durability-and-aesthetics/,yes,4,1 FAQPage block(s),
https://drivewayzusa.co/guides/permeable-vs-standard-driveways-environmental-impact/,yes,4,1 FAQPage block(s),
https://drivewayzusa.co/guides/permeable-vs-traditional-driveways-pros-cons-and-costs/,yes,4,1 FAQPage block(s),
https://drivewayzusa.co/guides/permeable-vs-traditional/,yes,8,1 FAQPage block(s),
https://drivewayzusa.co/guides/pet-safety-considerations-in-driveway-design/,yes,4,1 FAQPage block(s),
https://drivewayzusa.co/guides/planning-a-driveway-for-heavy-vehicles-and-work-trucks/,yes,4,1 FAQPage block(s),
https://drivewayzusa.co/guides/polymer-concrete-overlay-for-driveway-repair/,yes,4,1 FAQPage block(s),
https://drivewayzusa.co/guides/post-installation-driveway-care-the-first-30-days/,yes,4,1 FAQPage block(s),
https://drivewayzusa.co/guides/pothole-repair-diy-vs-professional/,yes,4,1 FAQPage block(s),
https://drivewayzusa.co/guides/premium-driveway-renovation-15000-and-above/,yes,4,1 FAQPage block(s),
https://drivewayzusa.co/guides/pressure-washing-your-driveway-best-practices/,yes,4,1 FAQPage block(s),
https://drivewayzusa.co/guides/property-line-disputes-and-driveways/,yes,4,1 FAQPage block(s),
https://drivewayzusa.co/guides/property-tax-impact-of-driveway-improvements/,yes,4,1 FAQPage block(s),
https://drivewayzusa.co/guides/rainwater-harvesting-driveways-design-and-installation/,yes,4,1 FAQPage block(s),
https://drivewayzusa.co/guides/rainy-climates-best-driveway-materials-for-oregon/,yes,4,1 FAQPage block(s),
https://drivewayzusa.co/guides/rainy-climates-best-driveway-materials-for-washington/,yes,4,1 FAQPage block(s),
https://drivewayzusa.co/guides/real-estate-agent-tips-how-driveways-impact-home-sales/,yes,4,1 FAQPage block(s),
https://drivewayzusa.co/guides/real-estate-staging-driveway-curb-appeal-tips/,yes,4,1 FAQPage block(s),
https://drivewayzusa.co/guides/rebar-and-wire-mesh-for-concrete-driveways/,yes,4,1 FAQPage block(s),
https://drivewayzusa.co/guides/recycled-concrete-aggregate-for-driveway-base/,yes,4,1 FAQPage block(s),
https://drivewayzusa.co/guides/recycled-glass-driveway/,yes,8,1 FAQPage block(s),
https://drivewayzusa.co/guides/recycled-material-driveways-types-and-benefits/,yes,4,1 FAQPage block(s),
https://drivewayzusa.co/guides/recycling-old-driveway-materials/,yes,4,1 FAQPage block(s),
https://drivewayzusa.co/guides/resin-bound-driveway-cost-per-square-foot-guide/,yes,4,1 FAQPage block(s),
https://drivewayzusa.co/guides/resin-bound-driveway-installation-guide/,yes,4,1 FAQPage block(s),
https://drivewayzusa.co/guides/resin-vs-block-paving-driveway-a-full-comparison/,yes,4,1 FAQPage block(s),
https://drivewayzusa.co/guides/resurfacing-vs-replacement/,yes,8,1 FAQPage block(s),
https://drivewayzusa.co/guides/retaining-walls-and-driveways-design-integration/,yes,4,1 FAQPage block(s),
https://drivewayzusa.co/guides/rust-stain-removal-from-concrete-driveways/,yes,4,1 FAQPage block(s),
https://drivewayzusa.co/guides/rv-parking-pad-design-and-requirements/,yes,4,1 FAQPage block(s),
https://drivewayzusa.co/guides/salt-damage-repair-for-concrete-driveways/,yes,4,1 FAQPage block(s),
https://drivewayzusa.co/guides/school-bus-turnaround-requirements/,yes,4,1 FAQPage block(s),
https://drivewayzusa.co/guides/seasonal-driveway-problems-and-solutions/,yes,4,1 FAQPage block(s),
https://drivewayzusa.co/guides/seasonal-pricing-for-driveway-projects/,yes,4,1 FAQPage block(s),
https://drivewayzusa.co/guides/septic-system-considerations-for-driveways/,yes,4,1 FAQPage block(s),
https://drivewayzusa.co/guides/setback-requirements-for-driveways/,yes,4,1 FAQPage block(s),
https://drivewayzusa.co/guides/shared-driveway-agreements-legal-considerations/,yes,4,1 FAQPage block(s),
https://drivewayzusa.co/guides/shell-driveways-coastal-and-southern-options/,yes,4,1 FAQPage block(s),
https://drivewayzusa.co/guides/signs-your-driveway-needs-replacing-a-visual-guide/,yes,4,1 FAQPage block(s),
https://drivewayzusa.co/guides/silica-fume-concrete-for-driveways-ultra-high-strength/,yes,4,1 FAQPage block(s),
https://drivewayzusa.co/guides/sinking-driveway-repair-options/,yes,3,1 FAQPage block(s),
https://drivewayzusa.co/guides/small-claims-court-for-driveway-disputes-a-guide/,yes,4,1 FAQPage block(s),
https://drivewayzusa.co/guides/small-driveway-cost-budget-for-under-500-square-feet/,yes,4,1 FAQPage block(s),
https://drivewayzusa.co/guides/smart-driveway-technology-sensors-and-automation/,yes,4,1 FAQPage block(s),
https://drivewayzusa.co/guides/snow-melting-driveway-systems-radiant-heat-options/,yes,4,1 FAQPage block(s),
https://drivewayzusa.co/guides/snow-plow-damage-to-driveways-prevention-and-repair/,yes,4,1 FAQPage block(s),
https://drivewayzusa.co/guides/solar-powered-driveway-features/,yes,4,1 FAQPage block(s),
https://drivewayzusa.co/guides/solar-reflective-driveway-materials-to-reduce-heat/,yes,4,1 FAQPage block(s),
https://drivewayzusa.co/guides/spring-driveway-inspection-checklist/,yes,4,1 FAQPage block(s),
https://drivewayzusa.co/guides/spring-driveway-maintenance-checklist-for-homeowners/,yes,4,1 FAQPage block(s),
https://drivewayzusa.co/guides/stagging-your-driveway-for-open-house-events/,yes,4,1 FAQPage block(s),
https://drivewayzusa.co/guides/stamped-concrete-driveways-patterns-and-costs/,yes,4,1 FAQPage block(s),
https://drivewayzusa.co/guides/stamped-concrete-vs-natural-stone-driveway/,yes,3,1 FAQPage block(s),
https://drivewayzusa.co/guides/standard-driveway-dimensions-width-length-and-size-guide/,yes,4,1 FAQPage block(s),
https://drivewayzusa.co/guides/standard-driveway-dimensions/,yes,8,1 FAQPage block(s),
https://drivewayzusa.co/guides/stormwater-regulations-affecting-driveways/,yes,4,1 FAQPage block(s),
https://drivewayzusa.co/guides/summer-driveway-care-heat-protection-tips/,yes,4,1 FAQPage block(s),
https://drivewayzusa.co/guides/summer-driveway-care-protecting-against-uv-and-heat-damage/,yes,3,1 FAQPage block(s),
https://drivewayzusa.co/guides/summer-driveway-maintenance-tasks/,yes,4,1 FAQPage block(s),
https://drivewayzusa.co/guides/supply-chain-issues-affecting-driveway-material-prices/,yes,3,1 FAQPage block(s),
https://drivewayzusa.co/guides/tar-and-chip-vs-gravel-driveway-pros-and-cons/,yes,4,1 FAQPage block(s),
https://drivewayzusa.co/guides/three-car-driveway-width-length-and-price-estimates/,yes,4,1 FAQPage block(s),
https://drivewayzusa.co/guides/tire-mark-removal-from-concrete/,yes,4,1 FAQPage block(s),
https://drivewayzusa.co/guides/top-10-driveway-contractors-in-city-guide-template/,yes,4,1 FAQPage block(s),
https://drivewayzusa.co/guides/top-10-driveway-mistakes-new-homeowners-make/,yes,4,1 FAQPage block(s),
https://drivewayzusa.co/guides/tree-removal-permits-for-driveway-projects/,yes,4,1 FAQPage block(s),
https://drivewayzusa.co/guides/tree-root-damage-to-driveways-prevention-and-repair/,yes,4,1 FAQPage block(s),
https://drivewayzusa.co/guides/turf-block-driveways-green-alternative-guide/,yes,4,1 FAQPage block(s),
https://drivewayzusa.co/guides/two-car-driveway-dimensions-and-cost-guide/,yes,4,1 FAQPage block(s),
https://drivewayzusa.co/guides/ultimate-guide-to-driveways-everything-you-need-to-know-in-2026/,yes,4,1 FAQPage block(s),
https://drivewayzusa.co/guides/understanding-driveway-warranties-whats-covered/,yes,4,1 FAQPage block(s),
https://drivewayzusa.co/guides/utility-line-locating-before-driveway-work/,yes,4,1 FAQPage block(s),
https://drivewayzusa.co/guides/visibility-and-sight-lines-at-driveway-entrances/,yes,4,1 FAQPage block(s),
https://drivewayzusa.co/guides/weed-control-for-gravel-and-paver-driveways/,yes,4,1 FAQPage block(s),
https://drivewayzusa.co/guides/well-protection-when-installing-driveways/,yes,4,1 FAQPage block(s),
https://drivewayzusa.co/guides/wetland-considerations-for-driveway-installation/,yes,4,1 FAQPage block(s),
https://drivewayzusa.co/guides/what-is-a-driveway-apron-and-why-does-it-matter/,yes,4,1 FAQPage block(s),
https://drivewayzusa.co/guides/what-to-expect-during-driveway-construction-day-by-day/,yes,4,1 FAQPage block(s),
https://drivewayzusa.co/guides/when-a-permit-is-required-for-driveway-work/,yes,4,1 FAQPage block(s),
https://drivewayzusa.co/guides/when-can-you-drive-and-park-on-a-new-driveway/,yes,4,1 FAQPage block(s),
https://drivewayzusa.co/guides/when-can-you-drive/,yes,8,1 FAQPage block(s),
https://drivewayzusa.co/guides/when-to-hire-a-professional-for-driveway-repairs/,yes,4,1 FAQPage block(s),
https://drivewayzusa.co/guides/when-to-replace-vs-repair-your-driveway/,yes,4,1 FAQPage block(s),
https://drivewayzusa.co/guides/why-driveway-quotes-vary-so-much-understanding-pricing-factors/,yes,4,1 FAQPage block(s),
https://drivewayzusa.co/guides/winter-driveway-maintenance-de-icing-snow-removal-and-damage-prevention/,yes,4,1 FAQPage block(s),
https://drivewayzusa.co/guides/winter-driveway-maintenance-salt-sand-and-snow-removal/,yes,4,1 FAQPage block(s),
https://drivewayzusa.co/guides/winter-driveway-survival-guide/,yes,4,1 FAQPage block(s),
